/*******************************************************************************
 * Size: 14 px
 * Bpp: 4
 * Opts: --size 14 --bpp 4 --format lvgl --no-compress --font ./Roboto-Regular.ttf -r 0x20-0x7F -r 0xA0-0x17F -r 0x2013-0x2014 -r 0x2018-0x2019 -r 0x201C-0x201D -r 0x2022 -r 0x2026 --font ./DejaVuSans.ttf -r 0x2122 -r 0x2190-0x2193 -r 0x2605-0x2606 -r 0x2660-0x2667 -r 0x2669-0x266C -r 0x2713 -r 0x2717 -r 0x2032-0x2033 -o mmk_text_14.c --lv-font-name mmk_text_14
 ******************************************************************************/

#ifdef LV_LVGL_H_INCLUDE_SIMPLE
#include "lvgl.h"
#else
#include "lvgl/lvgl.h"
#endif

#ifndef MMK_TEXT_14
#define MMK_TEXT_14 1
#endif

#if MMK_TEXT_14

/*-----------------
 *    BITMAPS
 *----------------*/

/*Store the image of the glyphs*/
static LV_ATTRIBUTE_LARGE_CONST const uint8_t glyph_bitmap[] = {
    /* U+0020 " " */

    /* U+0021 "!" */
    0xd7, 0xd7, 0xd6, 0xd6, 0xc6, 0xc6, 0xc6, 0x73,
    0x0, 0x52, 0xb6,

    /* U+0022 "\"" */
    0x1e, 0x3b, 0x1d, 0x3b, 0x1c, 0x39, 0x6, 0x25,

    /* U+0023 "#" */
    0x0, 0x4, 0xb0, 0x78, 0x0, 0x0, 0x78, 0xa,
    0x50, 0x0, 0xa, 0x50, 0xd2, 0x0, 0xaf, 0xff,
    0xff, 0xf7, 0x0, 0xf, 0x3, 0xc0, 0x0, 0x2,
    0xd0, 0x5a, 0x0, 0x0, 0x4b, 0x8, 0x70, 0x2,
    0xff, 0xff, 0xff, 0xe0, 0x0, 0xa5, 0xd, 0x10,
    0x0, 0xd, 0x20, 0xe0, 0x0, 0x0, 0xe0, 0x3c,
    0x0, 0x0,

    /* U+0024 "$" */
    0x0, 0x4, 0x60, 0x0, 0x0, 0x7, 0x90, 0x0,
    0x1, 0xbf, 0xfc, 0x10, 0x9, 0xc1, 0x1c, 0xa0,
    0xd, 0x70, 0x5, 0xf0, 0xb, 0xa0, 0x0, 0x30,
    0x4, 0xfb, 0x40, 0x0, 0x0, 0x2a, 0xfd, 0x20,
    0x0, 0x0, 0x1c, 0xd0, 0x29, 0x0, 0x3, 0xf1,
    0x1f, 0x40, 0x5, 0xf0, 0x9, 0xf9, 0xaf, 0x80,
    0x0, 0x5c, 0xc4, 0x0, 0x0, 0x8, 0x70, 0x0,

    /* U+0025 "%" */
    0x7, 0xec, 0x20, 0x0, 0x0, 0x2d, 0x5, 0xa0,
    0x8, 0x0, 0x4a, 0x2, 0xc0, 0x87, 0x0, 0x2d,
    0x6, 0xa2, 0xd0, 0x0, 0x7, 0xdc, 0x2b, 0x40,
    0x0, 0x0, 0x0, 0x4b, 0x0, 0x0, 0x0, 0x0,
    0xd2, 0x9d, 0xa0, 0x0, 0x7, 0x84, 0xb0, 0x87,
    0x0, 0x1d, 0x6, 0x80, 0x4a, 0x0, 0x66, 0x4,
    0xb0, 0x78, 0x0, 0x0, 0x0, 0x9e, 0xb1,

    /* U+0026 "&" */
    0x0, 0x7e, 0xe6, 0x0, 0x0, 0x4f, 0x44, 0xf2,
    0x0, 0x7, 0xc0, 0xd, 0x50, 0x0, 0x5f, 0x14,
    0xf1, 0x0, 0x0, 0xdc, 0xf4, 0x0, 0x0, 0xb,
    0xf7, 0x0, 0x0, 0xb, 0xd7, 0xf2, 0x1d, 0x3,
    0xf2, 0x9, 0xd5, 0xe0, 0x3f, 0x0, 0xc, 0xf8,
    0x0, 0xd8, 0x1, 0xaf, 0x80, 0x2, 0xbe, 0xea,
    0x6f, 0x40,

    /* U+0027 "'" */
    0x4b, 0x4b, 0x4a, 0x24,

    /* U+0028 "(" */
    0x0, 0x5, 0x50, 0x3, 0xe2, 0x0, 0xd5, 0x0,
    0x4d, 0x0, 0xa, 0x90, 0x0, 0xe5, 0x0, 0xf,
    0x40, 0x1, 0xf2, 0x0, 0xf, 0x30, 0x0, 0xf5,
    0x0, 0xc, 0x70, 0x0, 0x7c, 0x0, 0x1, 0xf1,
    0x0, 0x8, 0xa0, 0x0, 0xb, 0x50, 0x0, 0x1,

    /* U+0029 ")" */
    0x72, 0x0, 0x3d, 0x10, 0x9, 0x90, 0x1, 0xf1,
    0x0, 0xc6, 0x0, 0x9a, 0x0, 0x7c, 0x0, 0x6d,
    0x0, 0x7d, 0x0, 0x8b, 0x0, 0xa8, 0x0, 0xe4,
    0x5, 0xd0, 0xc, 0x40, 0x88, 0x0, 0x20, 0x0,

    /* U+002A "*" */
    0x0, 0x78, 0x0, 0x10, 0x78, 0x1, 0xae, 0xcc,
    0xdb, 0x3, 0xff, 0x40, 0x7, 0xbc, 0x60, 0xc,
    0x22, 0xd0, 0x0, 0x0, 0x0,

    /* U+002B "+" */
    0x0, 0x7, 0x60, 0x0, 0x0, 0xb, 0x90, 0x0,
    0x0, 0xb, 0x90, 0x0, 0x7f, 0xff, 0xff, 0xf5,
    0x13, 0x3c, 0xa3, 0x31, 0x0, 0xb, 0x90, 0x0,
    0x0, 0xb, 0x90, 0x0, 0x0, 0xb, 0x90, 0x0,

    /* U+002C "," */
    0x2f, 0x12, 0xf0, 0x7b, 0x5, 0x20,

    /* U+002D "-" */
    0xbf, 0xf9, 0x12, 0x21,

    /* U+002E "." */
    0x6, 0x20, 0xd6,

    /* U+002F "/" */
    0x0, 0x0, 0xe2, 0x0, 0x4, 0xd0, 0x0, 0xa,
    0x70, 0x0, 0xe, 0x10, 0x0, 0x5b, 0x0, 0x0,
    0xb5, 0x0, 0x1, 0xf0, 0x0, 0x6, 0xa0, 0x0,
    0xc, 0x40, 0x0, 0x2e, 0x0, 0x0, 0x89, 0x0,
    0x0, 0x62, 0x0, 0x0,

    /* U+0030 "0" */
    0x1, 0xaf, 0xe9, 0x0, 0xa, 0xd3, 0x4e, 0x70,
    0xf, 0x40, 0x7, 0xd0, 0x2f, 0x10, 0x4, 0xf0,
    0x3f, 0x0, 0x3, 0xf0, 0x3f, 0x0, 0x3, 0xf1,
    0x3f, 0x0, 0x3, 0xf0, 0x2f, 0x10, 0x4, 0xf0,
    0xf, 0x50, 0x7, 0xd0, 0x9, 0xd3, 0x4e, 0x70,
    0x0, 0xaf, 0xe9, 0x0,

    /* U+0031 "1" */
    0x1, 0x7d, 0x9f, 0xef, 0x83, 0x4f, 0x0, 0x4f,
    0x0, 0x4f, 0x0, 0x4f, 0x0, 0x4f, 0x0, 0x4f,
    0x0, 0x4f, 0x0, 0x4f, 0x0, 0x4f,

    /* U+0032 "2" */
    0x1, 0xae, 0xe9, 0x0, 0xd, 0xa2, 0x4e, 0x80,
    0x3f, 0x10, 0x7, 0xd0, 0x15, 0x0, 0x7, 0xc0,
    0x0, 0x0, 0xc, 0x70, 0x0, 0x0, 0x7e, 0x0,
    0x0, 0x4, 0xf3, 0x0, 0x0, 0x2f, 0x60, 0x0,
    0x1, 0xd8, 0x0, 0x0, 0xb, 0xc1, 0x11, 0x10,
    0x2f, 0xff, 0xff, 0xf5,

    /* U+0033 "3" */
    0x1, 0xaf, 0xe7, 0x0, 0xca, 0x24, 0xe6, 0x2f,
    0x10, 0x8, 0xb0, 0x10, 0x0, 0x8b, 0x0, 0x0,
    0x2e, 0x50, 0x5, 0xff, 0xa0, 0x0, 0x2, 0x5e,
    0x70, 0x0, 0x0, 0x6e, 0x3d, 0x0, 0x6, 0xd1,
    0xe9, 0x23, 0xd8, 0x3, 0xbf, 0xe8, 0x0,

    /* U+0034 "4" */
    0x0, 0x0, 0x7f, 0x20, 0x0, 0x2, 0xff, 0x20,
    0x0, 0xb, 0xaf, 0x20, 0x0, 0x4e, 0x2f, 0x20,
    0x0, 0xe5, 0x1f, 0x20, 0x8, 0xb0, 0x1f, 0x20,
    0x2f, 0x20, 0x1f, 0x20, 0x9f, 0xff, 0xff, 0xf8,
    0x12, 0x22, 0x3f, 0x41, 0x0, 0x0, 0x1f, 0x20,
    0x0, 0x0, 0x1f, 0x20,

    /* U+0035 "5" */
    0x2f, 0xff, 0xff, 0x3, 0xf4, 0x44, 0x40, 0x4d,
    0x0, 0x0, 0x6, 0xc0, 0x0, 0x0, 0x7e, 0xdf,
    0xb1, 0x6, 0xb4, 0x4c, 0xc0, 0x0, 0x0, 0x2f,
    0x20, 0x0, 0x0, 0xf4, 0xc5, 0x0, 0x1f, 0x27,
    0xd3, 0x2b, 0xc0, 0x8, 0xee, 0xb1, 0x0,

    /* U+0036 "6" */
    0x0, 0x8, 0xdc, 0x0, 0x0, 0xcd, 0x52, 0x0,
    0x6, 0xe1, 0x0, 0x0, 0xc, 0x80, 0x0, 0x0,
    0xf, 0x8c, 0xea, 0x10, 0xf, 0xd4, 0x3d, 0xa0,
    0x1f, 0x40, 0x4, 0xf0, 0xf, 0x30, 0x1, 0xf2,
    0xc, 0x70, 0x3, 0xf0, 0x5, 0xe4, 0x3c, 0xa0,
    0x0, 0x7e, 0xea, 0x0,

    /* U+0037 "7" */
    0x7f, 0xff, 0xff, 0xf3, 0x1, 0x11, 0x15, 0xe0,
    0x0, 0x0, 0xa, 0x80, 0x0, 0x0, 0x1f, 0x20,
    0x0, 0x0, 0x8b, 0x0, 0x0, 0x0, 0xe5, 0x0,
    0x0, 0x5, 0xe0, 0x0, 0x0, 0xb, 0x80, 0x0,
    0x0, 0x2f, 0x20, 0x0, 0x0, 0x9b, 0x0, 0x0,
    0x0, 0xf5, 0x0, 0x0,

    /* U+0038 "8" */
    0x0, 0x9e, 0xe8, 0x0, 0x9, 0xd3, 0x4e, 0x70,
    0xe, 0x50, 0x8, 0xc0, 0xf, 0x50, 0x7, 0xc0,
    0x9, 0xc1, 0x1d, 0x70, 0x1, 0xef, 0xfc, 0x0,
    0xa, 0xb3, 0x4d, 0x80, 0x2f, 0x20, 0x4, 0xf0,
    0x2f, 0x10, 0x4, 0xf0, 0xd, 0xa2, 0x3c, 0xb0,
    0x2, 0xbe, 0xea, 0x10,

    /* U+0039 "9" */
    0x1, 0xbf, 0xe6, 0x0, 0xcb, 0x36, 0xf3, 0x2f,
    0x10, 0x9, 0xa4, 0xf0, 0x0, 0x6d, 0x3f, 0x10,
    0x5, 0xf0, 0xe9, 0x2, 0xde, 0x3, 0xef, 0xe9,
    0xd0, 0x0, 0x10, 0x8a, 0x0, 0x0, 0xe, 0x50,
    0x2, 0x5d, 0xc0, 0x0, 0xed, 0x80, 0x0,

    /* U+003A ":" */
    0xd, 0x50, 0x72, 0x0, 0x0, 0x0, 0x0, 0x0,
    0x0, 0x7, 0x20, 0xe5,

    /* U+003B ";" */
    0x1e, 0x30, 0x81, 0x0, 0x0, 0x0, 0x0, 0x0,
    0x0, 0xe, 0x21, 0xf2, 0x5d, 0x5, 0x40,

    /* U+003C "<" */
    0x0, 0x0, 0x3a, 0x10, 0x3, 0xbf, 0xb0, 0x2b,
    0xf9, 0x20, 0x7, 0xf7, 0x0, 0x0, 0x5, 0xce,
    0x81, 0x0, 0x0, 0x4c, 0xf1, 0x0, 0x0, 0x4,
    0x0,

    /* U+003D "=" */
    0xff, 0xff, 0xfb, 0x22, 0x22, 0x22, 0x0, 0x0,
    0x0, 0xff, 0xff, 0xfb, 0x22, 0x22, 0x22,

    /* U+003E ">" */
    0x1b, 0x30, 0x0, 0x0, 0xaf, 0xc4, 0x0, 0x0,
    0x17, 0xed, 0x40, 0x0, 0x5, 0xeb, 0x1, 0x7e,
    0xd6, 0x1, 0xfd, 0x50, 0x0, 0x4, 0x0, 0x0,
    0x0,

    /* U+003F "?" */
    0x5, 0xdf, 0xb2, 0x3, 0xf6, 0x3b, 0xc0, 0x48,
    0x0, 0x4f, 0x0, 0x0, 0x5, 0xf0, 0x0, 0x1,
    0xd9, 0x0, 0x0, 0xbc, 0x0, 0x0, 0x5f, 0x10,
    0x0, 0x7, 0xb0, 0x0, 0x0, 0x0, 0x0, 0x0,
    0x2, 0x40, 0x0, 0x0, 0x7b, 0x0, 0x0,

    /* U+0040 "@" */
    0x0, 0x0, 0x7d, 0xfe, 0xa2, 0x0, 0x0, 0x1d,
    0x82, 0x0, 0x5d, 0x40, 0x0, 0xc5, 0x0, 0x0,
    0x1, 0xd0, 0x5, 0xb0, 0x6, 0xed, 0x40, 0x76,
    0xb, 0x40, 0x4d, 0x17, 0xa0, 0x3a, 0xf, 0x0,
    0xc5, 0x7, 0x90, 0xd, 0x1d, 0x0, 0xf0, 0x8,
    0x70, 0xd, 0x2c, 0x3, 0xe0, 0x9, 0x60, 0xc,
    0x2d, 0x3, 0xd0, 0xb, 0x50, 0x3a, 0xf, 0x0,
    0xf1, 0x3f, 0x70, 0xb4, 0xb, 0x50, 0x7e, 0xa3,
    0xde, 0x70, 0x4, 0xd0, 0x0, 0x0, 0x0, 0x0,
    0x0, 0x8c, 0x40, 0x2, 0x20, 0x0, 0x0, 0x5,
    0xbe, 0xec, 0x50, 0x0,

    /* U+0041 "A" */
    0x0, 0x2, 0xf4, 0x0, 0x0, 0x0, 0x8f, 0xa0,
    0x0, 0x0, 0xd, 0x8f, 0x0, 0x0, 0x3, 0xf0,
    0xe5, 0x0, 0x0, 0x8b, 0x9, 0xb0, 0x0, 0xe,
    0x50, 0x3f, 0x10, 0x4, 0xf1, 0x0, 0xe6, 0x0,
    0x9f, 0xff, 0xff, 0xb0, 0xe, 0x72, 0x22, 0x5f,
    0x14, 0xf1, 0x0, 0x0, 0xe6, 0xab, 0x0, 0x0,
    0x8, 0xc0,

    /* U+0042 "B" */
    0xdf, 0xff, 0xd6, 0xd, 0x82, 0x26, 0xf4, 0xd7,
    0x0, 0xb, 0x9d, 0x70, 0x0, 0xb9, 0xd7, 0x0,
    0x4f, 0x4d, 0xff, 0xff, 0x90, 0xd8, 0x22, 0x5e,
    0x7d, 0x70, 0x0, 0x7d, 0xd7, 0x0, 0x7, 0xdd,
    0x82, 0x25, 0xe8, 0xdf, 0xff, 0xe8, 0x0,

    /* U+0043 "C" */
    0x0, 0x3b, 0xfe, 0x90, 0x0, 0x2f, 0x82, 0x4c,
    0xb0, 0xb, 0xb0, 0x0, 0x2f, 0x30, 0xf5, 0x0,
    0x0, 0x83, 0x2f, 0x30, 0x0, 0x0, 0x3, 0xf2,
    0x0, 0x0, 0x0, 0x2f, 0x30, 0x0, 0x0, 0x0,
    0xf5, 0x0, 0x0, 0x73, 0xb, 0xa0, 0x0, 0x2f,
    0x30, 0x3f, 0x82, 0x4c, 0xb0, 0x0, 0x4c, 0xfe,
    0x90, 0x0,

    /* U+0044 "D" */
    0xdf, 0xfe, 0xb2, 0x0, 0xd8, 0x23, 0x9f, 0x30,
    0xd7, 0x0, 0x9, 0xc0, 0xd7, 0x0, 0x2, 0xf2,
    0xd7, 0x0, 0x0, 0xf4, 0xd7, 0x0, 0x0, 0xf5,
    0xd7, 0x0, 0x0, 0xf4, 0xd7, 0x0, 0x3, 0xf2,
    0xd7, 0x0, 0xa, 0xc0, 0xd8, 0x23, 0x9f, 0x30,
    0xdf, 0xfe, 0xb3, 0x0,

    /* U+0045 "E" */
    0xdf, 0xff, 0xff, 0x6d, 0x82, 0x22, 0x21, 0xd7,
    0x0, 0x0, 0xd, 0x70, 0x0, 0x0, 0xd7, 0x0,
    0x0, 0xd, 0xff, 0xff, 0xc0, 0xd8, 0x22, 0x21,
    0xd, 0x70, 0x0, 0x0, 0xd7, 0x0, 0x0, 0xd,
    0x82, 0x22, 0x21, 0xdf, 0xff, 0xff, 0x70,

    /* U+0046 "F" */
    0xdf, 0xff, 0xff, 0x5d, 0x82, 0x22, 0x20, 0xd7,
    0x0, 0x0, 0xd, 0x70, 0x0, 0x0, 0xd7, 0x0,
    0x0, 0xd, 0xff, 0xff, 0x90, 0xd8, 0x22, 0x21,
    0xd, 0x70, 0x0, 0x0, 0xd7, 0x0, 0x0, 0xd,
    0x70, 0x0, 0x0, 0xd7, 0x0, 0x0, 0x0,

    /* U+0047 "G" */
    0x0, 0x4c, 0xfe, 0x91, 0x0, 0x3f, 0x93, 0x4c,
    0xb0, 0xb, 0xa0, 0x0, 0x2f, 0x30, 0xf5, 0x0,
    0x0, 0x73, 0x2f, 0x30, 0x0, 0x0, 0x2, 0xf2,
    0x0, 0x0, 0x0, 0x1f, 0x30, 0x1f, 0xff, 0x70,
    0xf6, 0x0, 0x22, 0xd8, 0xa, 0xc0, 0x0, 0xc,
    0x80, 0x2f, 0xa3, 0x36, 0xf6, 0x0, 0x2b, 0xef,
    0xc6, 0x0,

    /* U+0048 "H" */
    0xd7, 0x0, 0x0, 0x8d, 0xd7, 0x0, 0x0, 0x8d,
    0xd7, 0x0, 0x0, 0x8d, 0xd7, 0x0, 0x0, 0x8d,
    0xd7, 0x0, 0x0, 0x8d, 0xdf, 0xff, 0xff, 0xfd,
    0xd8, 0x22, 0x22, 0x9d, 0xd7, 0x0, 0x0, 0x8d,
    0xd7, 0x0, 0x0, 0x8d, 0xd7, 0x0, 0x0, 0x8d,
    0xd7, 0x0, 0x0, 0x8d,

    /* U+0049 "I" */
    0xc9, 0xc9, 0xc9, 0xc9, 0xc9, 0xc9, 0xc9, 0xc9,
    0xc9, 0xc9, 0xc9,

    /* U+004A "J" */
    0x0, 0x0, 0xa, 0xa0, 0x0, 0x0, 0xaa, 0x0,
    0x0, 0xa, 0xa0, 0x0, 0x0, 0xaa, 0x0, 0x0,
    0xa, 0xa0, 0x0, 0x0, 0xaa, 0x0, 0x0, 0xa,
    0xa1, 0x10, 0x0, 0xaa, 0x8c, 0x0, 0xd, 0x83,
    0xf7, 0x27, 0xf2, 0x5, 0xdf, 0xd4, 0x0,

    /* U+004B "K" */
    0xd7, 0x0, 0x8, 0xe2, 0xd7, 0x0, 0x5f, 0x40,
    0xd7, 0x2, 0xf7, 0x0, 0xd7, 0x1e, 0xa0, 0x0,
    0xd7, 0xcd, 0x0, 0x0, 0xde, 0xfe, 0x10, 0x0,
    0xdf, 0x4d, 0xa0, 0x0, 0xd8, 0x3, 0xf6, 0x0,
    0xd7, 0x0, 0x8f, 0x10, 0xd7, 0x0, 0xc, 0xb0,
    0xd7, 0x0, 0x2, 0xf7,

    /* U+004C "L" */
    0xd7, 0x0, 0x0, 0xd, 0x70, 0x0, 0x0, 0xd7,
    0x0, 0x0, 0xd, 0x70, 0x0, 0x0, 0xd7, 0x0,
    0x0, 0xd, 0x70, 0x0, 0x0, 0xd7, 0x0, 0x0,
    0xd, 0x70, 0x0, 0x0, 0xd7, 0x0, 0x0, 0xd,
    0x82, 0x22, 0x20, 0xdf, 0xff, 0xff, 0x30,

    /* U+004D "M" */
    0xdf, 0x0, 0x0, 0x0, 0xdf, 0x1d, 0xf6, 0x0,
    0x0, 0x2f, 0xf1, 0xdd, 0xc0, 0x0, 0x8, 0xdf,
    0x1d, 0x8f, 0x10, 0x0, 0xe8, 0xf1, 0xd6, 0xc7,
    0x0, 0x4f, 0x3f, 0x1d, 0x66, 0xd0, 0xa, 0xa3,
    0xf1, 0xd7, 0x1f, 0x30, 0xf4, 0x3f, 0x1d, 0x70,
    0xb9, 0x5e, 0x4, 0xf1, 0xd7, 0x5, 0xeb, 0x80,
    0x4f, 0x1d, 0x70, 0xe, 0xf2, 0x4, 0xf1, 0xd7,
    0x0, 0x9c, 0x0, 0x4f, 0x10,

    /* U+004E "N" */
    0xdc, 0x0, 0x0, 0x8d, 0xdf, 0x50, 0x0, 0x8d,
    0xde, 0xe0, 0x0, 0x8d, 0xd8, 0xe8, 0x0, 0x8d,
    0xd7, 0x5f, 0x20, 0x8d, 0xd7, 0xc, 0xb0, 0x8d,
    0xd7, 0x3, 0xf4, 0x8d, 0xd7, 0x0, 0x9d, 0x8d,
    0xd7, 0x0, 0x1e, 0xed, 0xd7, 0x0, 0x6, 0xfd,
    0xd7, 0x0, 0x0, 0xcd,

    /* U+004F "O" */
    0x0, 0x3b, 0xfe, 0x90, 0x0, 0x2f, 0x93, 0x5d,
    0xb0, 0xa, 0xb0, 0x0, 0x1f, 0x40, 0xf5, 0x0,
    0x0, 0xb9, 0x2f, 0x20, 0x0, 0x9, 0xc2, 0xf1,
    0x0, 0x0, 0x8c, 0x2f, 0x20, 0x0, 0x9, 0xc0,
    0xf5, 0x0, 0x0, 0xb9, 0xa, 0xb0, 0x0, 0x1f,
    0x50, 0x2f, 0x93, 0x5d, 0xc0, 0x0, 0x3b, 0xfe,
    0x90, 0x0,

    /* U+0050 "P" */
    0xdf, 0xff, 0xe9, 0x0, 0xd8, 0x22, 0x4d, 0xa0,
    0xd7, 0x0, 0x3, 0xf2, 0xd7, 0x0, 0x0, 0xf4,
    0xd7, 0x0, 0x2, 0xf2, 0xd7, 0x0, 0x1b, 0xd0,
    0xdf, 0xff, 0xfc, 0x20, 0xd8, 0x22, 0x0, 0x0,
    0xd7, 0x0, 0x0, 0x0, 0xd7, 0x0, 0x0, 0x0,
    0xd7, 0x0, 0x0, 0x0,

    /* U+0051 "Q" */
    0x0, 0x3c, 0xfe, 0x80, 0x0, 0x3f, 0x93, 0x5d,
    0xb0, 0xb, 0xa0, 0x0, 0x2f, 0x31, 0xf4, 0x0,
    0x0, 0xc8, 0x3f, 0x20, 0x0, 0xa, 0xb3, 0xf1,
    0x0, 0x0, 0x9b, 0x3f, 0x20, 0x0, 0xa, 0xb1,
    0xf4, 0x0, 0x0, 0xc9, 0xb, 0xa0, 0x0, 0x2f,
    0x40, 0x3f, 0x83, 0x5e, 0xb0, 0x0, 0x3c, 0xfe,
    0xf5, 0x0, 0x0, 0x0, 0x7, 0xf6, 0x0, 0x0,
    0x0, 0x4, 0x20,

    /* U+0052 "R" */
    0xdf, 0xff, 0xd6, 0x0, 0xd8, 0x22, 0x6f, 0x50,
    0xd7, 0x0, 0x9, 0xc0, 0xd7, 0x0, 0x6, 0xe0,
    0xd7, 0x0, 0x8, 0xd0, 0xd7, 0x0, 0x4f, 0x70,
    0xdf, 0xff, 0xf8, 0x0, 0xd8, 0x23, 0xe6, 0x0,
    0xd7, 0x0, 0x6e, 0x0, 0xd7, 0x0, 0xd, 0x80,
    0xd7, 0x0, 0x5, 0xf1,

    /* U+0053 "S" */
    0x0, 0x9e, 0xfc, 0x40, 0xa, 0xd4, 0x37, 0xf3,
    0xf, 0x40, 0x0, 0xba, 0xf, 0x60, 0x0, 0x22,
    0x9, 0xf8, 0x20, 0x0, 0x0, 0x6d, 0xfc, 0x40,
    0x0, 0x0, 0x3b, 0xf4, 0x13, 0x0, 0x0, 0xbb,
    0x5f, 0x10, 0x0, 0x9b, 0xd, 0xc4, 0x26, 0xf5,
    0x1, 0x9e, 0xfd, 0x60,

    /* U+0054 "T" */
    0xaf, 0xff, 0xff, 0xff, 0x1, 0x22, 0x8d, 0x22,
    0x20, 0x0, 0x7, 0xd0, 0x0, 0x0, 0x0, 0x7d,
    0x0, 0x0, 0x0, 0x7, 0xd0, 0x0, 0x0, 0x0,
    0x7d, 0x0, 0x0, 0x0, 0x7, 0xd0, 0x0, 0x0,
    0x0, 0x7d, 0x0, 0x0, 0x0, 0x7, 0xd0, 0x0,
    0x0, 0x0, 0x7d, 0x0, 0x0, 0x0, 0x7, 0xd0,
    0x0, 0x0,

    /* U+0055 "U" */
    0xf, 0x40, 0x0, 0x2f, 0x20, 0xf4, 0x0, 0x2,
    0xf2, 0xf, 0x40, 0x0, 0x2f, 0x20, 0xf4, 0x0,
    0x2, 0xf2, 0xf, 0x40, 0x0, 0x2f, 0x20, 0xf4,
    0x0, 0x2, 0xf2, 0xf, 0x40, 0x0, 0x2f, 0x20,
    0xf4, 0x0, 0x2, 0xf2, 0xd, 0x70, 0x0, 0x6f,
    0x0, 0x6f, 0x62, 0x5e, 0x80, 0x0, 0x6d, 0xfd,
    0x70, 0x0,

    /* U+0056 "V" */
    0xac, 0x0, 0x0, 0xd, 0x95, 0xf1, 0x0, 0x3,
    0xf3, 0xf, 0x60, 0x0, 0x8e, 0x0, 0xac, 0x0,
    0xd, 0x80, 0x4, 0xf1, 0x2, 0xf3, 0x0, 0xf,
    0x60, 0x7e, 0x0, 0x0, 0xab, 0xd, 0x80, 0x0,
    0x4, 0xf3, 0xf3, 0x0, 0x0, 0xf, 0xdd, 0x0,
    0x0, 0x0, 0xaf, 0x80, 0x0, 0x0, 0x4, 0xf3,
    0x0, 0x0,

    /* U+0057 "W" */
    0x7d, 0x0, 0x6, 0xf0, 0x0, 0x4f, 0x4, 0xf0,
    0x0, 0xaf, 0x30, 0x8, 0xc0, 0xf, 0x40, 0xe,
    0xd7, 0x0, 0xb9, 0x0, 0xd7, 0x2, 0xf7, 0xb0,
    0xe, 0x50, 0x9, 0xa0, 0x6b, 0x2f, 0x2, 0xf2,
    0x0, 0x6d, 0xa, 0x70, 0xe3, 0x5e, 0x0, 0x2,
    0xf1, 0xe3, 0xa, 0x78, 0xb0, 0x0, 0xe, 0x7e,
    0x0, 0x6b, 0xb7, 0x0, 0x0, 0xbd, 0xa0, 0x2,
    0xee, 0x40, 0x0, 0x8, 0xf6, 0x0, 0xd, 0xf0,
    0x0, 0x0, 0x4f, 0x20, 0x0, 0x9d, 0x0, 0x0,

    /* U+0058 "X" */
    0x3f, 0x40, 0x0, 0x8f, 0x10, 0xad, 0x0, 0x2f,
    0x70, 0x2, 0xf7, 0xa, 0xd0, 0x0, 0x8, 0xf6,
    0xf4, 0x0, 0x0, 0xe, 0xfb, 0x0, 0x0, 0x0,
    0x8f, 0x50, 0x0, 0x0, 0x1e, 0xfc, 0x0, 0x0,
    0x9, 0xe3, 0xf5, 0x0, 0x2, 0xf5, 0x9, 0xe0,
    0x0, 0xbc, 0x0, 0x1e, 0x80, 0x5f, 0x30, 0x0,
    0x7f, 0x20,

    /* U+0059 "Y" */
    0xad, 0x0, 0x0, 0x7f, 0x12, 0xf5, 0x0, 0xe,
    0x80, 0xa, 0xd0, 0x7, 0xf1, 0x0, 0x2f, 0x40,
    0xe8, 0x0, 0x0, 0xac, 0x6f, 0x10, 0x0, 0x2,
    0xff, 0x80, 0x0, 0x0, 0xa, 0xf1, 0x0, 0x0,
    0x0, 0x7d, 0x0, 0x0, 0x0, 0x7, 0xd0, 0x0,
    0x0, 0x0, 0x7d, 0x0, 0x0, 0x0, 0x7, 0xd0,
    0x0, 0x0,

    /* U+005A "Z" */
    0x5f, 0xff, 0xff, 0xf9, 0x2, 0x22, 0x25, 0xf5,
    0x0, 0x0, 0xc, 0xb0, 0x0, 0x0, 0x6f, 0x10,
    0x0, 0x1, 0xe7, 0x0, 0x0, 0xa, 0xd0, 0x0,
    0x0, 0x4f, 0x30, 0x0, 0x0, 0xd9, 0x0, 0x0,
    0x8, 0xe1, 0x0, 0x0, 0x2f, 0x72, 0x22, 0x21,
    0x6f, 0xff, 0xff, 0xfd,

    /* U+005B "[" */
    0xff, 0x8f, 0x51, 0xf4, 0xf, 0x40, 0xf4, 0xf,
    0x40, 0xf4, 0xf, 0x40, 0xf4, 0xf, 0x40, 0xf4,
    0xf, 0x40, 0xf4, 0xf, 0xf8, 0x22, 0x10,

    /* U+005C "\\" */
    0x8a, 0x0, 0x0, 0x2f, 0x0, 0x0, 0xd, 0x60,
    0x0, 0x7, 0xb0, 0x0, 0x1, 0xf1, 0x0, 0x0,
    0xb7, 0x0, 0x0, 0x5d, 0x0, 0x0, 0xf, 0x30,
    0x0, 0xa, 0x80, 0x0, 0x4, 0xe0, 0x0, 0x0,
    0xe4, 0x0, 0x0, 0x54,

    /* U+005D "]" */
    0xef, 0x92, 0xaa, 0xa, 0xa0, 0xaa, 0xa, 0xa0,
    0xaa, 0xa, 0xa0, 0xaa, 0xa, 0xa0, 0xaa, 0xa,
    0xa0, 0xaa, 0xa, 0xae, 0xfa, 0x22, 0x10,

    /* U+005E "^" */
    0x0, 0x43, 0x0, 0x0, 0xeb, 0x0, 0x4, 0xef,
    0x10, 0xa, 0x8b, 0x70, 0xf, 0x25, 0xd0, 0x6c,
    0x0, 0xe3,

    /* U+005F "_" */
    0xef, 0xff, 0xff, 0x42, 0x22, 0x22, 0x20,

    /* U+0060 "`" */
    0x3f, 0x40, 0x4, 0xd0,

    /* U+0061 "a" */
    0x2, 0xbf, 0xe8, 0x0, 0xe9, 0x14, 0xf5, 0x3,
    0x0, 0xb, 0x90, 0x2b, 0xef, 0xf9, 0xe, 0x80,
    0xa, 0x93, 0xf0, 0x0, 0xb9, 0x1f, 0x83, 0x8f,
    0x90, 0x5d, 0xea, 0x8a,

    /* U+0062 "b" */
    0xf, 0x30, 0x0, 0x0, 0xf, 0x30, 0x0, 0x0,
    0xf, 0x30, 0x0, 0x0, 0xf, 0x8d, 0xfb, 0x10,
    0xf, 0xc3, 0x4d, 0xa0, 0xf, 0x40, 0x4, 0xf0,
    0xf, 0x30, 0x1, 0xf2, 0xf, 0x30, 0x1, 0xf2,
    0xf, 0x40, 0x4, 0xf0, 0xf, 0xc3, 0x4d, 0xa0,
    0xf, 0x7d, 0xfb, 0x10,

    /* U+0063 "c" */
    0x1, 0xaf, 0xe8, 0x0, 0xcc, 0x23, 0xe7, 0x2f,
    0x20, 0x5, 0x95, 0xe0, 0x0, 0x0, 0x5e, 0x0,
    0x0, 0x2, 0xf2, 0x0, 0x37, 0xb, 0xb2, 0x3d,
    0x70, 0x1a, 0xfe, 0x80,

    /* U+0064 "d" */
    0x0, 0x0, 0x6, 0xe0, 0x0, 0x0, 0x6e, 0x0,
    0x0, 0x6, 0xe0, 0x1b, 0xfc, 0x9e, 0xb, 0xc3,
    0x4d, 0xe2, 0xf3, 0x0, 0x6e, 0x4f, 0x0, 0x6,
    0xe4, 0xf0, 0x0, 0x6e, 0x2f, 0x20, 0x6, 0xe0,
    0xbb, 0x12, 0xce, 0x1, 0xbf, 0xd9, 0xe0,

    /* U+0065 "e" */
    0x0, 0x9f, 0xe8, 0x0, 0xab, 0x24, 0xe6, 0x2f,
    0x10, 0x7, 0xc5, 0xff, 0xff, 0xfe, 0x5f, 0x22,
    0x22, 0x22, 0xf3, 0x0, 0x0, 0xb, 0xd3, 0x2a,
    0x90, 0x1a, 0xff, 0xa1,

    /* U+0066 "f" */
    0x0, 0x8e, 0xc0, 0x4f, 0x52, 0x6, 0xd0, 0x9,
    0xff, 0xf6, 0x7, 0xd0, 0x0, 0x6d, 0x0, 0x6,
    0xd0, 0x0, 0x6d, 0x0, 0x6, 0xd0, 0x0, 0x6d,
    0x0, 0x6, 0xd0, 0x0,

    /* U+0067 "g" */
    0x1, 0xbf, 0xd8, 0xe0, 0xbc, 0x34, 0xde, 0x2f,
    0x20, 0x6, 0xe4, 0xf0, 0x0, 0x5e, 0x4f, 0x0,
    0x5, 0xe2, 0xf2, 0x0, 0x6e, 0xb, 0xc3, 0x4d,
    0xe0, 0x1b, 0xfc, 0x9e, 0x0, 0x0, 0x7, 0xc0,
    0xb7, 0x24, 0xe6, 0x3, 0xbf, 0xe7, 0x0,

    /* U+0068 "h" */
    0xf, 0x30, 0x0, 0x0, 0xf3, 0x0, 0x0, 0xf,
    0x30, 0x0, 0x0, 0xf7, 0xdf, 0xb1, 0xf, 0xd4,
    0x3e, 0x80, 0xf4, 0x0, 0x8b, 0xf, 0x30, 0x7,
    0xc0, 0xf3, 0x0, 0x7c, 0xf, 0x30, 0x7, 0xc0,
    0xf3, 0x0, 0x7c, 0xf, 0x30, 0x7, 0xc0,

    /* U+0069 "i" */
    0xd, 0x40, 0x61, 0x0, 0x0, 0xf5, 0xf, 0x50,
    0xf5, 0xf, 0x50, 0xf5, 0xf, 0x50, 0xf5, 0xf,
    0x50,

    /* U+006A "j" */
    0x0, 0xe3, 0x0, 0x71, 0x0, 0x0, 0x0, 0xf4,
    0x0, 0xf4, 0x0, 0xf4, 0x0, 0xf4, 0x0, 0xf4,
    0x0, 0xf4, 0x0, 0xf4, 0x0, 0xf4, 0x0, 0xf4,
    0x15, 0xf2, 0x6f, 0x90,

    /* U+006B "k" */
    0xf, 0x30, 0x0, 0x0, 0xf, 0x30, 0x0, 0x0,
    0xf, 0x30, 0x0, 0x0, 0xf, 0x30, 0x4f, 0x50,
    0xf, 0x32, 0xe7, 0x0, 0xf, 0x5e, 0x90, 0x0,
    0xf, 0xef, 0x10, 0x0, 0xf, 0xcd, 0xa0, 0x0,
    0xf, 0x32, 0xf5, 0x0, 0xf, 0x30, 0x7e, 0x10,
    0xf, 0x30, 0xb, 0xb0,

    /* U+006C "l" */
    0xf5, 0xf5, 0xf5, 0xf5, 0xf5, 0xf5, 0xf5, 0xf5,
    0xf5, 0xf5, 0xf5,

    /* U+006D "m" */
    0xf, 0x7d, 0xfb, 0x19, 0xfe, 0x60, 0xf, 0xc3,
    0x4e, 0xf8, 0x28, 0xf1, 0xf, 0x30, 0x8, 0xd0,
    0x0, 0xf4, 0xf, 0x30, 0x8, 0xc0, 0x0, 0xf5,
    0xf, 0x30, 0x8, 0xc0, 0x0, 0xf5, 0xf, 0x30,
    0x8, 0xc0, 0x0, 0xf5, 0xf, 0x30, 0x8, 0xc0,
    0x0, 0xf5, 0xf, 0x30, 0x8, 0xc0, 0x0, 0xf5,

    /* U+006E "n" */
    0xf, 0x6d, 0xfb, 0x10, 0xfd, 0x43, 0xe8, 0xf,
    0x40, 0x8, 0xb0, 0xf3, 0x0, 0x7c, 0xf, 0x30,
    0x7, 0xc0, 0xf3, 0x0, 0x7c, 0xf, 0x30, 0x7,
    0xc0, 0xf3, 0x0, 0x7c,

    /* U+006F "o" */
    0x0, 0x9e, 0xf9, 0x0, 0xb, 0xc3, 0x3d, 0xa0,
    0x2f, 0x20, 0x3, 0xf1, 0x5f, 0x0, 0x0, 0xf4,
    0x4f, 0x0, 0x0, 0xf5, 0x2f, 0x20, 0x3, 0xf2,
    0xa, 0xc3, 0x3d, 0xa0, 0x0, 0xaf, 0xe9, 0x0,

    /* U+0070 "p" */
    0xf, 0x7d, 0xfb, 0x10, 0xf, 0xa1, 0x2d, 0xa0,
    0xf, 0x30, 0x4, 0xf0, 0xf, 0x30, 0x1, 0xf2,
    0xf, 0x30, 0x2, 0xf2, 0xf, 0x30, 0x5, 0xf0,
    0xf, 0xb2, 0x3d, 0x90, 0xf, 0x8d, 0xfb, 0x10,
    0xf, 0x30, 0x0, 0x0, 0xf, 0x30, 0x0, 0x0,
    0xf, 0x30, 0x0, 0x0,

    /* U+0071 "q" */
    0x2, 0xcf, 0xc8, 0xe0, 0xcc, 0x33, 0xde, 0x2f,
    0x20, 0x6, 0xe4, 0xf0, 0x0, 0x6e, 0x4f, 0x0,
    0x6, 0xe2, 0xf2, 0x0, 0x6e, 0xb, 0xc3, 0x3d,
    0xe0, 0x1c, 0xfc, 0x9e, 0x0, 0x0, 0x6, 0xe0,
    0x0, 0x0, 0x6e, 0x0, 0x0, 0x6, 0xe0,

    /* U+0072 "r" */
    0x0, 0x0, 0x0, 0xf8, 0xe8, 0xf, 0xc3, 0x10,
    0xf3, 0x0, 0xf, 0x30, 0x0, 0xf3, 0x0, 0xf,
    0x30, 0x0, 0xf3, 0x0, 0xf, 0x30, 0x0,

    /* U+0073 "s" */
    0x3, 0xcf, 0xd6, 0x0, 0xe9, 0x26, 0xf3, 0xf,
    0x40, 0x5, 0x20, 0x8f, 0xa6, 0x0, 0x0, 0x27,
    0xce, 0x22, 0x80, 0x0, 0xd7, 0x1f, 0x82, 0x4f,
    0x50, 0x4c, 0xfe, 0x70,

    /* U+0074 "t" */
    0x9, 0xa0, 0x0, 0x9a, 0x0, 0xff, 0xff, 0x0,
    0x9a, 0x0, 0x9, 0xa0, 0x0, 0x9a, 0x0, 0x9,
    0xa0, 0x0, 0x9a, 0x0, 0x8, 0xd3, 0x0, 0x2d,
    0xf1,

    /* U+0075 "u" */
    0x1f, 0x30, 0x8, 0xc1, 0xf3, 0x0, 0x8c, 0x1f,
    0x30, 0x8, 0xc1, 0xf3, 0x0, 0x8c, 0x1f, 0x30,
    0x8, 0xc0, 0xf3, 0x0, 0x8c, 0xd, 0xa2, 0x5e,
    0xc0, 0x3d, 0xfb, 0x9c,

    /* U+0076 "v" */
    0x9a, 0x0, 0xe, 0x54, 0xf0, 0x3, 0xf0, 0xe,
    0x40, 0x8b, 0x0, 0x99, 0xd, 0x50, 0x4, 0xe2,
    0xf0, 0x0, 0xe, 0xab, 0x0, 0x0, 0x9f, 0x50,
    0x0, 0x4, 0xf1, 0x0,

    /* U+0077 "w" */
    0x9a, 0x0, 0x6e, 0x0, 0x3f, 0x14, 0xe0, 0xb,
    0xf2, 0x6, 0xc0, 0xf, 0x20, 0xfa, 0x70, 0xa8,
    0x0, 0xc6, 0x4c, 0x5c, 0xe, 0x30, 0x8, 0xa8,
    0x70, 0xf3, 0xf0, 0x0, 0x3e, 0xd3, 0xb, 0xbb,
    0x0, 0x0, 0xfe, 0x0, 0x6f, 0x70, 0x0, 0xb,
    0x90, 0x2, 0xf2, 0x0,

    /* U+0078 "x" */
    0x5f, 0x20, 0x3f, 0x40, 0xba, 0xc, 0xa0, 0x2,
    0xf9, 0xf1, 0x0, 0x7, 0xf6, 0x0, 0x0, 0x8f,
    0x70, 0x0, 0x3f, 0x7f, 0x20, 0xc, 0x90, 0xbb,
    0x6, 0xf1, 0x2, 0xf5,

    /* U+0079 "y" */
    0xaa, 0x0, 0x1f, 0x45, 0xf0, 0x5, 0xe0, 0xf,
    0x50, 0xaa, 0x0, 0xaa, 0xe, 0x40, 0x5, 0xe3,
    0xf0, 0x0, 0xf, 0xca, 0x0, 0x0, 0xaf, 0x50,
    0x0, 0x4, 0xf0, 0x0, 0x0, 0x7a, 0x0, 0x1,
    0x4e, 0x40, 0x0, 0x6f, 0x80, 0x0, 0x0,

    /* U+007A "z" */
    0x5f, 0xff, 0xff, 0x40, 0x11, 0x1a, 0xd0, 0x0,
    0x4, 0xf3, 0x0, 0x1, 0xe7, 0x0, 0x0, 0xac,
    0x0, 0x0, 0x5f, 0x20, 0x0, 0x1e, 0x81, 0x11,
    0x6, 0xff, 0xff, 0xf7,

    /* U+007B "{" */
    0x0, 0x2, 0x30, 0x5, 0xe3, 0x0, 0xd6, 0x0,
    0x1f, 0x20, 0x1, 0xf2, 0x0, 0x2f, 0x20, 0x7,
    0xe0, 0x8, 0xf5, 0x0, 0x1a, 0xd0, 0x0, 0x2f,
    0x10, 0x1, 0xf2, 0x0, 0x1f, 0x20, 0x0, 0xe5,
    0x0, 0x7, 0xd2, 0x0, 0x5, 0x40,

    /* U+007C "|" */
    0xc3, 0xc3, 0xc3, 0xc3, 0xc3, 0xc3, 0xc3, 0xc3,
    0xc3, 0xc3, 0xc3, 0xc3, 0x61,

    /* U+007D "}" */
    0x41, 0x0, 0x7, 0xe2, 0x0, 0xa, 0x90, 0x0,
    0x7c, 0x0, 0x7, 0xd0, 0x0, 0x6d, 0x0, 0x3,
    0xf3, 0x0, 0x9, 0xf4, 0x2, 0xf6, 0x0, 0x6e,
    0x0, 0x7, 0xd0, 0x0, 0x7c, 0x0, 0x9, 0xa0,
    0x5, 0xe3, 0x0, 0x73, 0x0, 0x0,

    /* U+007E "~" */
    0x3, 0xde, 0x60, 0x7, 0x90, 0xc8, 0x5f, 0x71,
    0xc5, 0xe, 0x0, 0x3e, 0xfb, 0x0, 0x0, 0x0,
    0x1, 0x0,

    /* U+00A0 " " */

    /* U+00A1 "¡" */
    0xd, 0x40, 0x61, 0x0, 0x0, 0xd5, 0xd, 0x50,
    0xd5, 0xe, 0x50, 0xe5, 0xe, 0x60, 0xe6, 0x8,
    0x30,

    /* U+00A2 "¢" */
    0x0, 0x7, 0x60, 0x0, 0x0, 0xb9, 0x0, 0x0,
    0xaf, 0xfa, 0x0, 0xac, 0x12, 0xc9, 0x1f, 0x30,
    0x4, 0xb3, 0xf0, 0x0, 0x0, 0x3f, 0x0, 0x0,
    0x2, 0xf2, 0x0, 0x14, 0xc, 0x90, 0x9, 0xb0,
    0x2e, 0xdd, 0xe2, 0x0, 0xc, 0xa0, 0x0, 0x0,
    0xb9, 0x0,

    /* U+00A3 "£" */
    0x0, 0x2b, 0xfd, 0x50, 0x0, 0xda, 0x37, 0xf3,
    0x3, 0xf1, 0x0, 0xb5, 0x5, 0xf0, 0x0, 0x0,
    0x4, 0xf0, 0x0, 0x0, 0x5f, 0xff, 0xf3, 0x0,
    0x5, 0xf3, 0x20, 0x0, 0x3, 0xf1, 0x0, 0x0,
    0x4, 0xf1, 0x0, 0x0, 0x8, 0xe2, 0x22, 0x21,
    0x5f, 0xff, 0xff, 0xfb,

    /* U+00A4 "¤" */
    0x0, 0x0, 0x0, 0x0, 0x0, 0x1e, 0x6a, 0xee,
    0xa5, 0xe2, 0x9, 0xfb, 0x44, 0xbf, 0xa0, 0x9,
    0xb0, 0x0, 0xb, 0xa0, 0xe, 0x40, 0x0, 0x4,
    0xf0, 0xf, 0x20, 0x0, 0x1, 0xf0, 0xe, 0x40,
    0x0, 0x4, 0xf0, 0x9, 0xc0, 0x0, 0xb, 0x90,
    0xb, 0xfc, 0x55, 0xbf, 0xc0, 0xc, 0x4a, 0xee,
    0xa4, 0xc1, 0x0, 0x0, 0x0, 0x0, 0x0,

    /* U+00A5 "¥" */
    0x8e, 0x0, 0x0, 0x9e, 0x1, 0xf7, 0x0, 0x1f,
    0x70, 0x9, 0xe0, 0x9, 0xf0, 0x0, 0x2f, 0x71,
    0xf8, 0x0, 0x0, 0xae, 0xaf, 0x10, 0x0, 0x3,
    0xff, 0x90, 0x0, 0xe, 0xef, 0xfe, 0xe6, 0x0,
    0x0, 0x7d, 0x0, 0x0, 0xe, 0xee, 0xfe, 0xe6,
    0x0, 0x0, 0x7d, 0x0, 0x0, 0x0, 0x7, 0xd0,
    0x0, 0x0,

    /* U+00A6 "¦" */
    0xf4, 0xf4, 0xf4, 0xf4, 0xf4, 0x82, 0x0, 0xf4,
    0xf4, 0xf4, 0xf4, 0xf4, 0xb3,

    /* U+00A7 "§" */
    0x1, 0x9e, 0xfc, 0x50, 0xb, 0xc3, 0x27, 0xf3,
    0xf, 0x40, 0x0, 0xb9, 0xd, 0x90, 0x0, 0x0,
    0x5, 0xfe, 0x83, 0x0, 0x1e, 0x87, 0xcf, 0xb1,
    0x4f, 0x0, 0x3, 0xd9, 0x3f, 0x40, 0x0, 0x7c,
    0x9, 0xfc, 0x63, 0xd9, 0x0, 0x39, 0xef, 0xd0,
    0x0, 0x0, 0x6, 0xf4, 0x4e, 0x0, 0x0, 0xc7,
    0x1e, 0x90, 0x5, 0xf4, 0x3, 0xcf, 0xfe, 0x70,
    0x0, 0x0, 0x10, 0x0,

    /* U+00A8 "¨" */
    0x6, 0x1, 0x60, 0x2e, 0x13, 0xe0,

    /* U+00A9 "©" */
    0x0, 0x6, 0xcd, 0xc6, 0x0, 0x0, 0xb, 0x81,
    0x1, 0x9b, 0x0, 0x8, 0x61, 0xbe, 0xa0, 0x87,
    0x0, 0xc0, 0xa7, 0x9, 0x70, 0xd0, 0x48, 0xe,
    0x10, 0x24, 0x9, 0x35, 0x60, 0xf0, 0x0, 0x0,
    0x74, 0x48, 0xe, 0x0, 0x24, 0x9, 0x30, 0xc0,
    0xa7, 0x9, 0x70, 0xd0, 0x8, 0x71, 0xbe, 0xa0,
    0x87, 0x0, 0xb, 0x81, 0x1, 0x9b, 0x0, 0x0,
    0x6, 0xcd, 0xc6, 0x0, 0x0,

    /* U+00AA "ª" */
    0x5e, 0xf8, 0x7, 0x31, 0xf1, 0x5c, 0xcf, 0x2f,
    0x41, 0xf2, 0x8f, 0xce, 0x40,

    /* U+00AB "«" */
    0x0, 0x75, 0x38, 0x3, 0xd1, 0xd2, 0xd, 0x4a,
    0x80, 0x1e, 0x2c, 0x60, 0x5, 0xc2, 0xe1, 0x0,
    0xa5, 0x6a,

    /* U+00AC "¬" */
    0x2f, 0xff, 0xff, 0x80, 0x22, 0x22, 0xc8, 0x0,
    0x0, 0xb, 0x80, 0x0, 0x0, 0x11,

    /* U+00AD "­" */
    0xbf, 0xf9, 0x12, 0x21,

    /* U+00AE "®" */
    0x0, 0x6, 0xcd, 0xc6, 0x0, 0x0, 0xb, 0x81,
    0x1, 0x9a, 0x0, 0x8, 0x67, 0xee, 0xb1, 0x87,
    0x0, 0xc0, 0x87, 0x8, 0x70, 0xd0, 0x48, 0x8,
    0x70, 0x97, 0x9, 0x35, 0x60, 0x8f, 0xfe, 0x10,
    0x74, 0x48, 0x8, 0x70, 0x97, 0x9, 0x30, 0xc0,
    0x87, 0x6, 0x80, 0xc0, 0x8, 0x73, 0x30, 0x24,
    0x87, 0x0, 0xb, 0x81, 0x1, 0x9a, 0x0, 0x0,
    0x6, 0xcd, 0xc6, 0x0, 0x0,

    /* U+00AF "¯" */
    0x2f, 0xff, 0xfa, 0x1, 0x11, 0x11,

    /* U+00B0 "°" */
    0x6, 0xe9, 0x0, 0xe0, 0xb3, 0xe, 0xb, 0x40,
    0x6e, 0xa0,

    /* U+00B1 "±" */
    0x0, 0x1, 0x0, 0x0, 0x0, 0xb7, 0x0, 0x0,
    0xb, 0x70, 0x0, 0x0, 0xb7, 0x0, 0x5f, 0xff,
    0xff, 0xe0, 0x22, 0xb8, 0x22, 0x0, 0xb, 0x70,
    0x0, 0x0, 0xb7, 0x0, 0x1, 0x11, 0x11, 0x11,
    0xff, 0xff, 0xfa,

    /* U+00B2 "²" */
    0x1c, 0xec, 0x15, 0x70, 0xb6, 0x0, 0x5d, 0x10,
    0x7b, 0x10, 0x6f, 0xee, 0x90,

    /* U+00B3 "³" */
    0x2c, 0xec, 0x12, 0x40, 0xb6, 0x2, 0xde, 0x13,
    0x40, 0xa7, 0x2d, 0xec, 0x20,

    /* U+00B4 "´" */
    0x3, 0xf4, 0xc, 0x50,

    /* U+00B5 "µ" */
    0xf5, 0x0, 0x6e, 0xf5, 0x0, 0x6e, 0xf5, 0x0,
    0x6e, 0xf5, 0x0, 0x6e, 0xf5, 0x0, 0x6e, 0xf6,
    0x0, 0x6e, 0xfb, 0x1, 0xce, 0xfd, 0xfd, 0x9e,
    0xf5, 0x0, 0x0, 0xf5, 0x0, 0x0, 0xf5, 0x0,
    0x0,

    /* U+00B6 "¶" */
    0x2, 0xbf, 0xfb, 0x1e, 0xff, 0xfb, 0x6f, 0xff,
    0xfb, 0x8f, 0xff, 0xfb, 0x5f, 0xff, 0xfb, 0xd,
    0xff, 0xfb, 0x1, 0x8b, 0xeb, 0x0, 0x0, 0x9b,
    0x0, 0x0, 0x9b, 0x0, 0x0, 0x9b, 0x0, 0x0,
    0x9b,

    /* U+00B7 "·" */
    0x73, 0xd6,

    /* U+00B8 "¸" */
    0x1, 0x1, 0xe6, 0x3, 0xd2, 0xc5,

    /* U+00B9 "¹" */
    0x0, 0x22, 0x1c, 0xf6, 0x1, 0xb6, 0x0, 0xb6,
    0x0, 0xb6, 0x0, 0xb6,

    /* U+00BA "º" */
    0x5, 0xee, 0x90, 0xf, 0x30, 0xd5, 0x2f, 0x0,
    0x98, 0xf, 0x30, 0xd5, 0x5, 0xee, 0x90,

    /* U+00BB "»" */
    0x1a, 0x8, 0x40, 0x0, 0x89, 0x2d, 0x10, 0x0,
    0xd4, 0x8a, 0x0, 0xc, 0x76, 0xd0, 0x6, 0xb1,
    0xe2, 0x1, 0xd1, 0x96, 0x0,

    /* U+00BC "¼" */
    0x0, 0x51, 0x0, 0x0, 0x0, 0x5e, 0xf2, 0x0,
    0x5, 0x0, 0x10, 0xf2, 0x0, 0x78, 0x0, 0x0,
    0xf2, 0x1, 0xd0, 0x0, 0x0, 0xf2, 0x9, 0x60,
    0x0, 0x0, 0xf2, 0x3c, 0x3, 0xb0, 0x0, 0x30,
    0xc3, 0xd, 0xf0, 0x0, 0x5, 0xa0, 0x88, 0xf0,
    0x0, 0xd, 0x13, 0xc1, 0xf0, 0x0, 0x78, 0x9,
    0xff, 0xfb, 0x0, 0x10, 0x0, 0x1, 0xf0,

    /* U+00BD "½" */
    0x3, 0x81, 0x0, 0x0, 0x0, 0x6, 0xcf, 0x10,
    0x4, 0x40, 0x0, 0x0, 0xf1, 0x0, 0xd2, 0x0,
    0x0, 0xf, 0x10, 0x78, 0x0, 0x0, 0x0, 0xf1,
    0x1d, 0x0, 0x0, 0x0, 0xf, 0x19, 0x66, 0xee,
    0x50, 0x0, 0x3, 0xc0, 0xe2, 0x5d, 0x0, 0x0,
    0xc3, 0x0, 0x7, 0xb0, 0x0, 0x5a, 0x0, 0x5,
    0xe1, 0x0, 0xb, 0x10, 0x5, 0xd2, 0x0, 0x0,
    0x0, 0x0, 0xee, 0xee, 0x10,

    /* U+00BE "¾" */
    0x7, 0xed, 0x30, 0x0, 0x0, 0x1, 0xe1, 0x7b,
    0x0, 0x26, 0x0, 0x0, 0x7, 0xa0, 0xb, 0x50,
    0x0, 0xb, 0xf4, 0x4, 0xc0, 0x0, 0x17, 0x5,
    0xd0, 0xd3, 0x0, 0x0, 0xaf, 0xe6, 0x6a, 0xc,
    0xa0, 0x0, 0x0, 0xd, 0x15, 0xfa, 0x0, 0x0,
    0x8, 0x81, 0xd8, 0xa0, 0x0, 0x1, 0xd0, 0x96,
    0x7a, 0x0, 0x0, 0x95, 0xf, 0xff, 0xf5, 0x0,
    0x1, 0x0, 0x0, 0x7a, 0x0,

    /* U+00BF "¿" */
    0x0, 0x4e, 0x0, 0x0, 0x1, 0x60, 0x0, 0x0,
    0x0, 0x0, 0x0, 0x4, 0xe0, 0x0, 0x0, 0x9c,
    0x0, 0x0, 0x5f, 0x30, 0x0, 0x1f, 0x60, 0x0,
    0x6, 0xd0, 0x0, 0x0, 0x7c, 0x0, 0x2a, 0x3,
    0xf6, 0x3b, 0xc0, 0x7, 0xef, 0xb1, 0x0,

    /* U+00C0 "À" */
    0x0, 0x28, 0x10, 0x0, 0x0, 0x0, 0xaa, 0x0,
    0x0, 0x0, 0x0, 0x71, 0x0, 0x0, 0x0, 0x2f,
    0x40, 0x0, 0x0, 0x8, 0xfa, 0x0, 0x0, 0x0,
    0xd8, 0xf0, 0x0, 0x0, 0x3f, 0xe, 0x50, 0x0,
    0x8, 0xb0, 0x9b, 0x0, 0x0, 0xe5, 0x3, 0xf1,
    0x0, 0x4f, 0x10, 0xe, 0x60, 0x9, 0xff, 0xff,
    0xfb, 0x0, 0xe7, 0x22, 0x25, 0xf1, 0x4f, 0x10,
    0x0, 0xe, 0x6a, 0xb0, 0x0, 0x0, 0x8c,

    /* U+00C1 "Á" */
    0x0, 0x0, 0x7, 0x40, 0x0, 0x0, 0x7, 0xc0,
    0x0, 0x0, 0x0, 0x71, 0x0, 0x0, 0x0, 0x2f,
    0x40, 0x0, 0x0, 0x8, 0xfa, 0x0, 0x0, 0x0,
    0xd8, 0xf0, 0x0, 0x0, 0x3f, 0xe, 0x50, 0x0,
    0x8, 0xb0, 0x9b, 0x0, 0x0, 0xe5, 0x3, 0xf1,
    0x0, 0x4f, 0x10, 0xe, 0x60, 0x9, 0xff, 0xff,
    0xfb, 0x0, 0xe7, 0x22, 0x25, 0xf1, 0x4f, 0x10,
    0x0, 0xe, 0x6a, 0xb0, 0x0, 0x0, 0x8c,

    /* U+00C2 "Â" */
    0x0, 0x0, 0x71, 0x0, 0x0, 0x0, 0xa9, 0xc0,
    0x0, 0x0, 0x26, 0x4, 0x30, 0x0, 0x0, 0x2f,
    0x40, 0x0, 0x0, 0x8, 0xfa, 0x0, 0x0, 0x0,
    0xd8, 0xf0, 0x0, 0x0, 0x3f, 0xe, 0x50, 0x0,
    0x8, 0xb0, 0x9b, 0x0, 0x0, 0xe5, 0x3, 0xf1,
    0x0, 0x4f, 0x10, 0xe, 0x60, 0x9, 0xff, 0xff,
    0xfb, 0x0, 0xe7, 0x22, 0x25, 0xf1, 0x4f, 0x10,
    0x0, 0xe, 0x6a, 0xb0, 0x0, 0x0, 0x8c,

    /* U+00C3 "Ã" */
    0x0, 0x0, 0x0, 0x0, 0x0, 0x7, 0xee, 0xec,
    0x0, 0x0, 0x11, 0x11, 0x0, 0x0, 0x0, 0x2f,
    0x40, 0x0, 0x0, 0x8, 0xfa, 0x0, 0x0, 0x0,
    0xd8, 0xf0, 0x0, 0x0, 0x3f, 0xe, 0x50, 0x0,
    0x8, 0xb0, 0x9b, 0x0, 0x0, 0xe5, 0x3, 0xf1,
    0x0, 0x4f, 0x10, 0xe, 0x60, 0x9, 0xff, 0xff,
    0xfb, 0x0, 0xe7, 0x22, 0x25, 0xf1, 0x4f, 0x10,
    0x0, 0xe, 0x6a, 0xb0, 0x0, 0x0, 0x8c,

    /* U+00C4 "Ä" */
    0x0, 0x6b, 0x7, 0xa0, 0x0, 0x2, 0x50, 0x34,
    0x0, 0x0, 0x2, 0xf4, 0x0, 0x0, 0x0, 0x8f,
    0xa0, 0x0, 0x0, 0xd, 0x8f, 0x0, 0x0, 0x3,
    0xf0, 0xe5, 0x0, 0x0, 0x8b, 0x9, 0xb0, 0x0,
    0xe, 0x50, 0x3f, 0x10, 0x4, 0xf1, 0x0, 0xe6,
    0x0, 0x9f, 0xff, 0xff, 0xb0, 0xe, 0x72, 0x22,
    0x5f, 0x14, 0xf1, 0x0, 0x0, 0xe6, 0xab, 0x0,
    0x0, 0x8, 0xc0,

    /* U+00C5 "Å" */
    0x0, 0x5, 0xb7, 0x0, 0x0, 0x0, 0xb0, 0xb0,
    0x0, 0x0, 0x5, 0xa7, 0x0, 0x0, 0x0, 0x2f,
    0x40, 0x0, 0x0, 0x8, 0xfa, 0x0, 0x0, 0x0,
    0xd8, 0xf0, 0x0, 0x0, 0x3f, 0xe, 0x50, 0x0,
    0x8, 0xb0, 0x9b, 0x0, 0x0, 0xe5, 0x3, 0xf1,
    0x0, 0x4f, 0x10, 0xe, 0x60, 0x9, 0xff, 0xff,
    0xfb, 0x0, 0xe7, 0x22, 0x25, 0xf1, 0x4f, 0x10,
    0x0, 0xe, 0x6a, 0xb0, 0x0, 0x0, 0x8c,

    /* U+00C6 "Æ" */
    0x0, 0x0, 0x0, 0x5f, 0xff, 0xff, 0xf6, 0x0,
    0x0, 0x0, 0xde, 0xb1, 0x11, 0x10, 0x0, 0x0,
    0x7, 0xe8, 0xb0, 0x0, 0x0, 0x0, 0x0, 0x1e,
    0x67, 0xc0, 0x0, 0x0, 0x0, 0x0, 0x8d, 0x7,
    0xc0, 0x0, 0x0, 0x0, 0x1, 0xf5, 0x6, 0xff,
    0xff, 0xd0, 0x0, 0xa, 0xc0, 0x6, 0xe2, 0x22,
    0x10, 0x0, 0x3f, 0xff, 0xff, 0xe0, 0x0, 0x0,
    0x0, 0xbb, 0x33, 0x37, 0xf0, 0x0, 0x0, 0x4,
    0xf3, 0x0, 0x4, 0xf1, 0x11, 0x11, 0xd, 0xb0,
    0x0, 0x3, 0xff, 0xff, 0xfd,

    /* U+00C7 "Ç" */
    0x0, 0x3b, 0xfe, 0x90, 0x0, 0x2f, 0x82, 0x4c,
    0xb0, 0xb, 0xb0, 0x0, 0x2f, 0x30, 0xf5, 0x0,
    0x0, 0x83, 0x2f, 0x30, 0x0, 0x0, 0x3, 0xf2,
    0x0, 0x0, 0x0, 0x2f, 0x30, 0x0, 0x0, 0x0,
    0xf5, 0x0, 0x0, 0x73, 0xb, 0xa0, 0x0, 0x2f,
    0x30, 0x3f, 0x82, 0x4c, 0xb0, 0x0, 0x4c, 0xfe,
    0x90, 0x0, 0x0, 0xd, 0x80, 0x0, 0x0, 0x0,
    0xf, 0x0, 0x0, 0x0, 0xd, 0x80, 0x0,

    /* U+00C8 "È" */
    0x5, 0x60, 0x0, 0x0, 0x1e, 0x40, 0x0, 0x0,
    0x26, 0x0, 0xd, 0xff, 0xff, 0xf6, 0xd8, 0x22,
    0x22, 0x1d, 0x70, 0x0, 0x0, 0xd7, 0x0, 0x0,
    0xd, 0x70, 0x0, 0x0, 0xdf, 0xff, 0xfc, 0xd,
    0x82, 0x22, 0x10, 0xd7, 0x0, 0x0, 0xd, 0x70,
    0x0, 0x0, 0xd8, 0x22, 0x22, 0x1d, 0xff, 0xff,
    0xf7,

    /* U+00C9 "É" */
    0x0, 0x2, 0x71, 0x0, 0x0, 0xc7, 0x0, 0x0,
    0x26, 0x0, 0xd, 0xff, 0xff, 0xf6, 0xd8, 0x22,
    0x22, 0x1d, 0x70, 0x0, 0x0, 0xd7, 0x0, 0x0,
    0xd, 0x70, 0x0, 0x0, 0xdf, 0xff, 0xfc, 0xd,
    0x82, 0x22, 0x10, 0xd7, 0x0, 0x0, 0xd, 0x70,
    0x0, 0x0, 0xd8, 0x22, 0x22, 0x1d, 0xff, 0xff,
    0xf7,

    /* U+00CA "Ê" */
    0x0, 0x36, 0x0, 0x0, 0x2d, 0xa7, 0x0, 0x5,
    0x30, 0x70, 0xd, 0xff, 0xff, 0xf6, 0xd8, 0x22,
    0x22, 0x1d, 0x70, 0x0, 0x0, 0xd7, 0x0, 0x0,
    0xd, 0x70, 0x0, 0x0, 0xdf, 0xff, 0xfc, 0xd,
    0x82, 0x22, 0x10, 0xd7, 0x0, 0x0, 0xd, 0x70,
    0x0, 0x0, 0xd8, 0x22, 0x22, 0x1d, 0xff, 0xff,
    0xf7,

    /* U+00CB "Ë" */
    0xc, 0x60, 0xd5, 0x0, 0x52, 0x6, 0x10, 0xdf,
    0xff, 0xff, 0x6d, 0x82, 0x22, 0x21, 0xd7, 0x0,
    0x0, 0xd, 0x70, 0x0, 0x0, 0xd7, 0x0, 0x0,
    0xd, 0xff, 0xff, 0xc0, 0xd8, 0x22, 0x21, 0xd,
    0x70, 0x0, 0x0, 0xd7, 0x0, 0x0, 0xd, 0x82,
    0x22, 0x21, 0xdf, 0xff, 0xff, 0x70,

    /* U+00CC "Ì" */
    0x7, 0x30, 0x5, 0xe1, 0x0, 0x53, 0x0, 0xc9,
    0x0, 0xc9, 0x0, 0xc9, 0x0, 0xc9, 0x0, 0xc9,
    0x0, 0xc9, 0x0, 0xc9, 0x0, 0xc9, 0x0, 0xc9,
    0x0, 0xc9, 0x0, 0xc9,

    /* U+00CD "Í" */
    0x5, 0x60, 0x2e, 0x30, 0x53, 0x0, 0xc9, 0x0,
    0xc9, 0x0, 0xc9, 0x0, 0xc9, 0x0, 0xc9, 0x0,
    0xc9, 0x0, 0xc9, 0x0, 0xc9, 0x0, 0xc9, 0x0,
    0xc9, 0x0, 0xc9, 0x0,

    /* U+00CE "Î" */
    0x0, 0x54, 0x0, 0x5b, 0xc2, 0x7, 0x2, 0x60,
    0xc, 0x90, 0x0, 0xc9, 0x0, 0xc, 0x90, 0x0,
    0xc9, 0x0, 0xc, 0x90, 0x0, 0xc9, 0x0, 0xc,
    0x90, 0x0, 0xc9, 0x0, 0xc, 0x90, 0x0, 0xc9,
    0x0, 0xc, 0x90,

    /* U+00CF "Ï" */
    0x2e, 0x13, 0xe0, 0x6, 0x1, 0x60, 0x0, 0xc9,
    0x0, 0x0, 0xc9, 0x0, 0x0, 0xc9, 0x0, 0x0,
    0xc9, 0x0, 0x0, 0xc9, 0x0, 0x0, 0xc9, 0x0,
    0x0, 0xc9, 0x0, 0x0, 0xc9, 0x0, 0x0, 0xc9,
    0x0, 0x0, 0xc9, 0x0, 0x0, 0xc9, 0x0,

    /* U+00D0 "Ð" */
    0xa, 0xff, 0xfc, 0x40, 0x0, 0xab, 0x23, 0x7f,
    0x50, 0xa, 0xa0, 0x0, 0x6f, 0x0, 0xaa, 0x0,
    0x0, 0xf5, 0xa, 0xa0, 0x0, 0xd, 0x7b, 0xff,
    0xf9, 0x0, 0xb8, 0x1b, 0xb2, 0x10, 0xd, 0x80,
    0xaa, 0x0, 0x0, 0xf5, 0xa, 0xa0, 0x0, 0x7f,
    0x0, 0xab, 0x22, 0x7f, 0x60, 0xa, 0xff, 0xfc,
    0x40, 0x0,

    /* U+00D1 "Ñ" */
    0x0, 0x0, 0x0, 0x0, 0x2, 0xde, 0xee, 0x30,
    0x0, 0x11, 0x10, 0x0, 0xdc, 0x0, 0x0, 0x8d,
    0xdf, 0x50, 0x0, 0x8d, 0xde, 0xe0, 0x0, 0x8d,
    0xd8, 0xe8, 0x0, 0x8d, 0xd7, 0x5f, 0x20, 0x8d,
    0xd7, 0xc, 0xb0, 0x8d, 0xd7, 0x3, 0xf4, 0x8d,
    0xd7, 0x0, 0x9d, 0x8d, 0xd7, 0x0, 0x1e, 0xed,
    0xd7, 0x0, 0x6, 0xfd, 0xd7, 0x0, 0x0, 0xcd,

    /* U+00D2 "Ò" */
    0x0, 0x7, 0x30, 0x0, 0x0, 0x0, 0x6d, 0x0,
    0x0, 0x0, 0x0, 0x63, 0x0, 0x0, 0x3, 0xbf,
    0xe9, 0x0, 0x2, 0xf9, 0x35, 0xdb, 0x0, 0xab,
    0x0, 0x1, 0xf4, 0xf, 0x50, 0x0, 0xb, 0x92,
    0xf2, 0x0, 0x0, 0x9c, 0x2f, 0x10, 0x0, 0x8,
    0xc2, 0xf2, 0x0, 0x0, 0x9c, 0xf, 0x50, 0x0,
    0xb, 0x90, 0xab, 0x0, 0x1, 0xf5, 0x2, 0xf9,
    0x35, 0xdc, 0x0, 0x3, 0xbf, 0xe9, 0x0,

    /* U+00D3 "Ó" */
    0x0, 0x0, 0x5, 0x60, 0x0, 0x0, 0x3, 0xe2,
    0x0, 0x0, 0x0, 0x52, 0x0, 0x0, 0x3, 0xbf,
    0xe9, 0x0, 0x2, 0xf9, 0x35, 0xdb, 0x0, 0xab,
    0x0, 0x1, 0xf4, 0xf, 0x50, 0x0, 0xb, 0x92,
    0xf2, 0x0, 0x0, 0x9c, 0x2f, 0x10, 0x0, 0x8,
    0xc2, 0xf2, 0x0, 0x0, 0x9c, 0xf, 0x50, 0x0,
    0xb, 0x90, 0xab, 0x0, 0x1, 0xf5, 0x2, 0xf9,
    0x35, 0xdc, 0x0, 0x3, 0xbf, 0xe9, 0x0,

    /* U+00D4 "Ô" */
    0x0, 0x0, 0x63, 0x0, 0x0, 0x0, 0x6b, 0xd2,
    0x0, 0x0, 0x7, 0x2, 0x50, 0x0, 0x3, 0xbf,
    0xe9, 0x0, 0x2, 0xf9, 0x35, 0xdb, 0x0, 0xab,
    0x0, 0x1, 0xf4, 0xf, 0x50, 0x0, 0xb, 0x92,
    0xf2, 0x0, 0x0, 0x9c, 0x2f, 0x10, 0x0, 0x8,
    0xc2, 0xf2, 0x0, 0x0, 0x9c, 0xf, 0x50, 0x0,
    0xb, 0x90, 0xab, 0x0, 0x1, 0xf5, 0x2, 0xf9,
    0x35, 0xdc, 0x0, 0x3, 0xbf, 0xe9, 0x0,

    /* U+00D5 "Õ" */
    0x0, 0x0, 0x0, 0x0, 0x0, 0x4, 0xde, 0xee,
    0x10, 0x0, 0x1, 0x11, 0x0, 0x0, 0x3, 0xbf,
    0xe9, 0x0, 0x2, 0xf9, 0x35, 0xdb, 0x0, 0xab,
    0x0, 0x1, 0xf4, 0xf, 0x50, 0x0, 0xb, 0x92,
    0xf2, 0x0, 0x0, 0x9c, 0x2f, 0x10, 0x0, 0x8,
    0xc2, 0xf2, 0x0, 0x0, 0x9c, 0xf, 0x50, 0x0,
    0xb, 0x90, 0xab, 0x0, 0x1, 0xf5, 0x2, 0xf9,
    0x35, 0xdc, 0x0, 0x3, 0xbf, 0xe9, 0x0,

    /* U+00D6 "Ö" */
    0x0, 0x3e, 0x4, 0xd0, 0x0, 0x1, 0x60, 0x16,
    0x0, 0x0, 0x3b, 0xfe, 0x90, 0x0, 0x2f, 0x93,
    0x5d, 0xb0, 0xa, 0xb0, 0x0, 0x1f, 0x40, 0xf5,
    0x0, 0x0, 0xb9, 0x2f, 0x20, 0x0, 0x9, 0xc2,
    0xf1, 0x0, 0x0, 0x8c, 0x2f, 0x20, 0x0, 0x9,
    0xc0, 0xf5, 0x0, 0x0, 0xb9, 0xa, 0xb0, 0x0,
    0x1f, 0x50, 0x2f, 0x93, 0x5d, 0xc0, 0x0, 0x3b,
    0xfe, 0x90, 0x0,

    /* U+00D7 "×" */
    0x0, 0x0, 0x0, 0x2, 0xd2, 0x0, 0xa7, 0xa,
    0xd1, 0x9e, 0x20, 0xb, 0xee, 0x20, 0x0, 0x7f,
    0xc0, 0x0, 0x5f, 0x5d, 0xb0, 0x2f, 0x50, 0x1d,
    0x80, 0x30, 0x0, 0x21,

    /* U+00D8 "Ø" */
    0x0, 0x3b, 0xfe, 0x87, 0x90, 0x2f, 0x94, 0x5d,
    0xf0, 0xa, 0xb0, 0x0, 0xaf, 0x40, 0xf5, 0x0,
    0x3b, 0xb9, 0x2f, 0x20, 0xc, 0x28, 0xb2, 0xf1,
    0x5, 0x90, 0x8c, 0x2f, 0x20, 0xd1, 0x9, 0xc0,
    0xf5, 0x87, 0x0, 0xb9, 0xb, 0xcd, 0x0, 0x1f,
    0x50, 0x2f, 0xb3, 0x5d, 0xc0, 0x4, 0xcb, 0xfe,
    0x90, 0x0, 0x51, 0x0, 0x0, 0x0,

    /* U+00D9 "Ù" */
    0x0, 0x27, 0x0, 0x0, 0x0, 0x0, 0xa9, 0x0,
    0x0, 0x0, 0x0, 0x70, 0x0, 0x0, 0xf4, 0x0,
    0x2, 0xf2, 0xf, 0x40, 0x0, 0x2f, 0x20, 0xf4,
    0x0, 0x2, 0xf2, 0xf, 0x40, 0x0, 0x2f, 0x20,
    0xf4, 0x0, 0x2, 0xf2, 0xf, 0x40, 0x0, 0x2f,
    0x20, 0xf4, 0x0, 0x2, 0xf2, 0xf, 0x40, 0x0,
    0x2f, 0x20, 0xd7, 0x0, 0x6, 0xf0, 0x6, 0xf6,
    0x25, 0xe8, 0x0, 0x6, 0xdf, 0xd7, 0x0,

    /* U+00DA "Ú" */
    0x0, 0x0, 0x7, 0x30, 0x0, 0x0, 0x7, 0xc0,
    0x0, 0x0, 0x0, 0x70, 0x0, 0x0, 0xf4, 0x0,
    0x2, 0xf2, 0xf, 0x40, 0x0, 0x2f, 0x20, 0xf4,
    0x0, 0x2, 0xf2, 0xf, 0x40, 0x0, 0x2f, 0x20,
    0xf4, 0x0, 0x2, 0xf2, 0xf, 0x40, 0x0, 0x2f,
    0x20, 0xf4, 0x0, 0x2, 0xf2, 0xf, 0x40, 0x0,
    0x2f, 0x20, 0xd7, 0x0, 0x6, 0xf0, 0x6, 0xf6,
    0x25, 0xe8, 0x0, 0x6, 0xdf, 0xd7, 0x0,

    /* U+00DB "Û" */
    0x0, 0x0, 0x71, 0x0, 0x0, 0x0, 0xb9, 0xb0,
    0x0, 0x0, 0x26, 0x5, 0x30, 0x0, 0xf4, 0x0,
    0x2, 0xf2, 0xf, 0x40, 0x0, 0x2f, 0x20, 0xf4,
    0x0, 0x2, 0xf2, 0xf, 0x40, 0x0, 0x2f, 0x20,
    0xf4, 0x0, 0x2, 0xf2, 0xf, 0x40, 0x0, 0x2f,
    0x20, 0xf4, 0x0, 0x2, 0xf2, 0xf, 0x40, 0x0,
    0x2f, 0x20, 0xd7, 0x0, 0x6, 0xf0, 0x6, 0xf6,
    0x25, 0xe8, 0x0, 0x6, 0xdf, 0xd7, 0x0,

    /* U+00DC "Ü" */
    0x0, 0x7b, 0x8, 0xa0, 0x0, 0x3, 0x40, 0x34,
    0x0, 0xf, 0x40, 0x0, 0x2f, 0x20, 0xf4, 0x0,
    0x2, 0xf2, 0xf, 0x40, 0x0, 0x2f, 0x20, 0xf4,
    0x0, 0x2, 0xf2, 0xf, 0x40, 0x0, 0x2f, 0x20,
    0xf4, 0x0, 0x2, 0xf2, 0xf, 0x40, 0x0, 0x2f,
    0x20, 0xf4, 0x0, 0x2, 0xf2, 0xd, 0x70, 0x0,
    0x6f, 0x0, 0x6f, 0x62, 0x5e, 0x80, 0x0, 0x6d,
    0xfd, 0x70, 0x0,

    /* U+00DD "Ý" */
    0x0, 0x0, 0x27, 0x10, 0x0, 0x0, 0xc, 0x70,
    0x0, 0x0, 0x2, 0x60, 0x0, 0xa, 0xd0, 0x0,
    0x7, 0xf1, 0x2f, 0x50, 0x0, 0xe8, 0x0, 0xad,
    0x0, 0x7f, 0x10, 0x2, 0xf4, 0xe, 0x80, 0x0,
    0xa, 0xc6, 0xf1, 0x0, 0x0, 0x2f, 0xf8, 0x0,
    0x0, 0x0, 0xaf, 0x10, 0x0, 0x0, 0x7, 0xd0,
    0x0, 0x0, 0x0, 0x7d, 0x0, 0x0, 0x0, 0x7,
    0xd0, 0x0, 0x0, 0x0, 0x7d, 0x0, 0x0,

    /* U+00DE "Þ" */
    0xd6, 0x0, 0x0, 0xd, 0x60, 0x0, 0x0, 0xd6,
    0x0, 0x0, 0xd, 0xff, 0xec, 0x40, 0xd7, 0x22,
    0x8f, 0x3d, 0x60, 0x0, 0xc8, 0xd6, 0x0, 0xb,
    0x9d, 0x60, 0x5, 0xf4, 0xdf, 0xff, 0xe6, 0xd,
    0x72, 0x10, 0x0, 0xd6, 0x0, 0x0, 0x0,

    /* U+00DF "ß" */
    0x1, 0xbf, 0xd5, 0x0, 0xb, 0xb2, 0x6f, 0x10,
    0xf, 0x40, 0xf, 0x20, 0xf, 0x30, 0x4e, 0x0,
    0xf, 0x30, 0xc8, 0x0, 0xf, 0x30, 0xe7, 0x0,
    0xf, 0x30, 0x6f, 0x50, 0xf, 0x30, 0x6, 0xf4,
    0xf, 0x30, 0x0, 0xaa, 0xf, 0x33, 0x0, 0xc8,
    0xf, 0x3b, 0xef, 0xa1,

    /* U+00E0 "à" */
    0x0, 0xbb, 0x0, 0x0, 0x0, 0xd5, 0x0, 0x0,
    0x0, 0x0, 0x0, 0x2b, 0xfe, 0x80, 0xe, 0x91,
    0x4f, 0x50, 0x30, 0x0, 0xb9, 0x2, 0xbe, 0xff,
    0x90, 0xe8, 0x0, 0xa9, 0x3f, 0x0, 0xb, 0x91,
    0xf8, 0x38, 0xf9, 0x5, 0xde, 0xa8, 0xa0,

    /* U+00E1 "á" */
    0x0, 0x0, 0xba, 0x0, 0x0, 0x5c, 0x0, 0x0,
    0x0, 0x0, 0x0, 0x2b, 0xfe, 0x80, 0xe, 0x91,
    0x4f, 0x50, 0x30, 0x0, 0xb9, 0x2, 0xbe, 0xff,
    0x90, 0xe8, 0x0, 0xa9, 0x3f, 0x0, 0xb, 0x91,
    0xf8, 0x38, 0xf9, 0x5, 0xde, 0xa8, 0xa0,

    /* U+00E2 "â" */
    0x0, 0xc, 0xb0, 0x0, 0xa, 0x56, 0x90, 0x0,
    0x0, 0x0, 0x0, 0x2b, 0xfe, 0x80, 0xe, 0x91,
    0x4f, 0x50, 0x30, 0x0, 0xb9, 0x2, 0xbe, 0xff,
    0x90, 0xe8, 0x0, 0xa9, 0x3f, 0x0, 0xb, 0x91,
    0xf8, 0x38, 0xf9, 0x5, 0xde, 0xa8, 0xa0,

    /* U+00E3 "ã" */
    0x0, 0x0, 0x0, 0x0, 0xc, 0xc1, 0xa5, 0x5,
    0x93, 0xed, 0x0, 0x0, 0x0, 0x0, 0x2, 0xbf,
    0xe8, 0x0, 0xe9, 0x14, 0xf5, 0x3, 0x0, 0xb,
    0x90, 0x2b, 0xef, 0xf9, 0xe, 0x80, 0xa, 0x93,
    0xf0, 0x0, 0xb9, 0x1f, 0x83, 0x8f, 0x90, 0x5d,
    0xea, 0x8a,

    /* U+00E4 "ä" */
    0x1, 0xe2, 0x2e, 0x10, 0x6, 0x0, 0x60, 0x0,
    0x0, 0x0, 0x0, 0x2b, 0xfe, 0x80, 0xe, 0x91,
    0x4f, 0x50, 0x30, 0x0, 0xb9, 0x2, 0xbe, 0xff,
    0x90, 0xe8, 0x0, 0xa9, 0x3f, 0x0, 0xb, 0x91,
    0xf8, 0x38, 0xf9, 0x5, 0xde, 0xa8, 0xa0,

    /* U+00E5 "å" */
    0x0, 0x1a, 0xa1, 0x0, 0x7, 0x45, 0x60, 0x0,
    0x1a, 0xa1, 0x0, 0x0, 0x0, 0x0, 0x2, 0xbf,
    0xe8, 0x0, 0xe9, 0x14, 0xf5, 0x3, 0x0, 0xb,
    0x90, 0x2b, 0xef, 0xf9, 0xe, 0x80, 0xa, 0x93,
    0xf0, 0x0, 0xb9, 0x1f, 0x83, 0x8f, 0x90, 0x5d,
    0xea, 0x8a,

    /* U+00E6 "æ" */
    0x4, 0xcf, 0xd5, 0x5d, 0xfc, 0x30, 0x1f, 0x72,
    0x5f, 0xf5, 0x28, 0xe0, 0x3, 0x0, 0xe, 0x80,
    0x0, 0xf3, 0x6, 0xdf, 0xff, 0xff, 0xff, 0xf5,
    0x3f, 0x50, 0xe, 0x70, 0x0, 0x0, 0x6d, 0x0,
    0xe, 0xb0, 0x0, 0x0, 0x4f, 0x42, 0x9e, 0xf7,
    0x23, 0xa0, 0x8, 0xef, 0xb2, 0x4d, 0xfd, 0x80,

    /* U+00E7 "ç" */
    0x1, 0xaf, 0xe8, 0x0, 0xcc, 0x23, 0xe7, 0x2f,
    0x20, 0x5, 0x95, 0xe0, 0x0, 0x0, 0x5e, 0x0,
    0x0, 0x2, 0xf2, 0x0, 0x37, 0xb, 0xb2, 0x3d,
    0x70, 0x1a, 0xfe, 0x80, 0x0, 0xd, 0x80, 0x0,
    0x0, 0xf, 0x0, 0x0, 0xd, 0x80, 0x0,

    /* U+00E8 "è" */
    0x0, 0xc9, 0x0, 0x0, 0x1, 0xd3, 0x0, 0x0,
    0x0, 0x0, 0x0, 0x9, 0xfe, 0x80, 0xa, 0xb2,
    0x4e, 0x62, 0xf1, 0x0, 0x7c, 0x5f, 0xff, 0xff,
    0xe5, 0xf2, 0x22, 0x22, 0x2f, 0x30, 0x0, 0x0,
    0xbd, 0x32, 0xa9, 0x1, 0xaf, 0xfa, 0x10,

    /* U+00E9 "é" */
    0x0, 0x0, 0xd9, 0x0, 0x0, 0x7a, 0x0, 0x0,
    0x0, 0x0, 0x0, 0x9, 0xfe, 0x80, 0xa, 0xb2,
    0x4e, 0x62, 0xf1, 0x0, 0x7c, 0x5f, 0xff, 0xff,
    0xe5, 0xf2, 0x22, 0x22, 0x2f, 0x30, 0x0, 0x0,
    0xbd, 0x32, 0xa9, 0x1, 0xaf, 0xfa, 0x10,

    /* U+00EA "ê" */
    0x0, 0x1d, 0xa0, 0x0, 0xb, 0x47, 0x70, 0x0,
    0x0, 0x0, 0x0, 0x9, 0xfe, 0x80, 0xa, 0xb2,
    0x4e, 0x62, 0xf1, 0x0, 0x7c, 0x5f, 0xff, 0xff,
    0xe5, 0xf2, 0x22, 0x22, 0x2f, 0x30, 0x0, 0x0,
    0xbd, 0x32, 0xa9, 0x1, 0xaf, 0xfa, 0x10,

    /* U+00EB "ë" */
    0x3, 0xe1, 0x3d, 0x0, 0x16, 0x1, 0x60, 0x0,
    0x0, 0x0, 0x0, 0x9, 0xfe, 0x80, 0xa, 0xb2,
    0x4e, 0x62, 0xf1, 0x0, 0x7c, 0x5f, 0xff, 0xff,
    0xe5, 0xf2, 0x22, 0x22, 0x2f, 0x30, 0x0, 0x0,
    0xbd, 0x32, 0xa9, 0x1, 0xaf, 0xfa, 0x10,

    /* U+00EC "ì" */
    0x1d, 0x70, 0x2, 0xd2, 0x0, 0x0, 0x0, 0xf5,
    0x0, 0xf5, 0x0, 0xf5, 0x0, 0xf5, 0x0, 0xf5,
    0x0, 0xf5, 0x0, 0xf5, 0x0, 0xf5,

    /* U+00ED "í" */
    0x1e, 0x69, 0x70, 0x0, 0xf, 0x50, 0xf5, 0xf,
    0x50, 0xf5, 0xf, 0x50, 0xf5, 0xf, 0x50, 0xf5,
    0x0,

    /* U+00EE "î" */
    0x3, 0xe9, 0x1, 0xb2, 0x85, 0x0, 0x0, 0x0,
    0xf, 0x50, 0x0, 0xf5, 0x0, 0xf, 0x50, 0x0,
    0xf5, 0x0, 0xf, 0x50, 0x0, 0xf5, 0x0, 0xf,
    0x50, 0x0, 0xf5, 0x0,

    /* U+00EF "ï" */
    0x5d, 0x6, 0xc1, 0x60, 0x25, 0x0, 0x0, 0x0,
    0xf, 0x50, 0x0, 0xf5, 0x0, 0xf, 0x50, 0x0,
    0xf5, 0x0, 0xf, 0x50, 0x0, 0xf5, 0x0, 0xf,
    0x50, 0x0, 0xf5, 0x0,

    /* U+00F0 "ð" */
    0x0, 0x20, 0x0, 0x0, 0x1, 0xfd, 0x35, 0x60,
    0x0, 0x1a, 0xfd, 0x10, 0x0, 0x2d, 0xaf, 0x30,
    0x0, 0x3, 0xb, 0xb0, 0x0, 0x8e, 0xda, 0xf1,
    0x9, 0xe4, 0x39, 0xf3, 0xf, 0x50, 0x0, 0xf4,
    0x1f, 0x20, 0x0, 0xf4, 0xf, 0x50, 0x3, 0xf1,
    0x9, 0xd4, 0x3c, 0xa0, 0x0, 0x8e, 0xf9, 0x0,

    /* U+00F1 "ñ" */
    0x0, 0x0, 0x0, 0x0, 0x1d, 0xb1, 0xb4, 0x6,
    0x84, 0xed, 0x0, 0x0, 0x0, 0x0, 0xf, 0x6d,
    0xfb, 0x10, 0xfd, 0x43, 0xe8, 0xf, 0x40, 0x8,
    0xb0, 0xf3, 0x0, 0x7c, 0xf, 0x30, 0x7, 0xc0,
    0xf3, 0x0, 0x7c, 0xf, 0x30, 0x7, 0xc0, 0xf3,
    0x0, 0x7c,

    /* U+00F2 "ò" */
    0x0, 0xba, 0x0, 0x0, 0x0, 0x1d, 0x40, 0x0,
    0x0, 0x0, 0x0, 0x0, 0x0, 0x9e, 0xf9, 0x0,
    0xb, 0xc3, 0x3d, 0xa0, 0x2f, 0x20, 0x3, 0xf1,
    0x5f, 0x0, 0x0, 0xf4, 0x4f, 0x0, 0x0, 0xf5,
    0x2f, 0x20, 0x3, 0xf2, 0xa, 0xc3, 0x3d, 0xa0,
    0x0, 0xaf, 0xe9, 0x0,

    /* U+00F3 "ó" */
    0x0, 0x0, 0xca, 0x0, 0x0, 0x6, 0xb0, 0x0,
    0x0, 0x0, 0x0, 0x0, 0x0, 0x9e, 0xf9, 0x0,
    0xb, 0xc3, 0x3d, 0xa0, 0x2f, 0x20, 0x3, 0xf1,
    0x5f, 0x0, 0x0, 0xf4, 0x4f, 0x0, 0x0, 0xf5,
    0x2f, 0x20, 0x3, 0xf2, 0xa, 0xc3, 0x3d, 0xa0,
    0x0, 0xaf, 0xe9, 0x0,

    /* U+00F4 "ô" */
    0x0, 0x1c, 0xb0, 0x0, 0x0, 0xb5, 0x68, 0x0,
    0x0, 0x0, 0x0, 0x0, 0x0, 0x9e, 0xf9, 0x0,
    0xb, 0xc3, 0x3d, 0xa0, 0x2f, 0x20, 0x3, 0xf1,
    0x5f, 0x0, 0x0, 0xf4, 0x4f, 0x0, 0x0, 0xf5,
    0x2f, 0x20, 0x3, 0xf2, 0xa, 0xc3, 0x3d, 0xa0,
    0x0, 0xaf, 0xe9, 0x0,

    /* U+00F5 "õ" */
    0x0, 0x0, 0x0, 0x0, 0x1, 0xdc, 0x1a, 0x40,
    0x6, 0x94, 0xed, 0x0, 0x0, 0x0, 0x0, 0x0,
    0x0, 0x9e, 0xf9, 0x0, 0xb, 0xc3, 0x3d, 0xa0,
    0x2f, 0x20, 0x3, 0xf1, 0x5f, 0x0, 0x0, 0xf4,
    0x4f, 0x0, 0x0, 0xf5, 0x2f, 0x20, 0x3, 0xf2,
    0xa, 0xc3, 0x3d, 0xa0, 0x0, 0xaf, 0xe9, 0x0,

    /* U+00F6 "ö" */
    0x2, 0xe1, 0x3e, 0x10, 0x0, 0x60, 0x16, 0x0,
    0x0, 0x0, 0x0, 0x0, 0x0, 0x9e, 0xf9, 0x0,
    0xb, 0xc3, 0x3d, 0xa0, 0x2f, 0x20, 0x3, 0xf1,
    0x5f, 0x0, 0x0, 0xf4, 0x4f, 0x0, 0x0, 0xf5,
    0x2f, 0x20, 0x3, 0xf2, 0xa, 0xc3, 0x3d, 0xa0,
    0x0, 0xaf, 0xe9, 0x0,

    /* U+00F7 "÷" */
    0x0, 0x5, 0x40, 0x0, 0x0, 0xa, 0x80, 0x0,
    0x0, 0x0, 0x0, 0x0, 0x1, 0x11, 0x11, 0x10,
    0x8f, 0xff, 0xff, 0xf5, 0x24, 0x44, 0x44, 0x41,
    0x0, 0x5, 0x40, 0x0, 0x0, 0xa, 0x80, 0x0,

    /* U+00F8 "ø" */
    0x0, 0x0, 0x5, 0x80, 0x0, 0x9e, 0xee, 0x20,
    0xb, 0xc3, 0x6f, 0xa0, 0x2f, 0x20, 0xa6, 0xf2,
    0x5f, 0x2, 0xb0, 0xf4, 0x5f, 0x9, 0x30, 0xf5,
    0x2f, 0x4b, 0x3, 0xf2, 0xb, 0xf7, 0x3d, 0xb0,
    0x1, 0xee, 0xe9, 0x0, 0x7, 0x60, 0x0, 0x0,

    /* U+00F9 "ù" */
    0x0, 0xc9, 0x0, 0x0, 0x1, 0xc4, 0x0, 0x0,
    0x0, 0x0, 0x1, 0xf3, 0x0, 0x8c, 0x1f, 0x30,
    0x8, 0xc1, 0xf3, 0x0, 0x8c, 0x1f, 0x30, 0x8,
    0xc1, 0xf3, 0x0, 0x8c, 0xf, 0x30, 0x8, 0xc0,
    0xda, 0x25, 0xec, 0x3, 0xdf, 0xb9, 0xc0,

    /* U+00FA "ú" */
    0x0, 0x0, 0xd9, 0x0, 0x0, 0x79, 0x0, 0x0,
    0x0, 0x0, 0x1, 0xf3, 0x0, 0x8c, 0x1f, 0x30,
    0x8, 0xc1, 0xf3, 0x0, 0x8c, 0x1f, 0x30, 0x8,
    0xc1, 0xf3, 0x0, 0x8c, 0xf, 0x30, 0x8, 0xc0,
    0xda, 0x25, 0xec, 0x3, 0xdf, 0xb9, 0xc0,

    /* U+00FB "û" */
    0x0, 0x1d, 0xb0, 0x0, 0xa, 0x36, 0x70, 0x0,
    0x0, 0x0, 0x1, 0xf3, 0x0, 0x8c, 0x1f, 0x30,
    0x8, 0xc1, 0xf3, 0x0, 0x8c, 0x1f, 0x30, 0x8,
    0xc1, 0xf3, 0x0, 0x8c, 0xf, 0x30, 0x8, 0xc0,
    0xda, 0x25, 0xec, 0x3, 0xdf, 0xb9, 0xc0,

    /* U+00FC "ü" */
    0x2, 0xe1, 0x3e, 0x0, 0x6, 0x1, 0x60, 0x0,
    0x0, 0x0, 0x1, 0xf3, 0x0, 0x8c, 0x1f, 0x30,
    0x8, 0xc1, 0xf3, 0x0, 0x8c, 0x1f, 0x30, 0x8,
    0xc1, 0xf3, 0x0, 0x8c, 0xf, 0x30, 0x8, 0xc0,
    0xda, 0x25, 0xec, 0x3, 0xdf, 0xb9, 0xc0,

    /* U+00FD "ý" */
    0x0, 0x4, 0xf3, 0x0, 0x0, 0xc4, 0x0, 0x0,
    0x0, 0x0, 0xa, 0xa0, 0x1, 0xf4, 0x5f, 0x0,
    0x5e, 0x0, 0xf5, 0xa, 0xa0, 0xa, 0xa0, 0xe4,
    0x0, 0x5e, 0x3f, 0x0, 0x0, 0xfc, 0xa0, 0x0,
    0xa, 0xf5, 0x0, 0x0, 0x4f, 0x0, 0x0, 0x7,
    0xa0, 0x0, 0x14, 0xe4, 0x0, 0x6, 0xf8, 0x0,
    0x0,

    /* U+00FE "þ" */
    0xf4, 0x0, 0x0, 0xf, 0x40, 0x0, 0x0, 0xf4,
    0x0, 0x0, 0xf, 0x8c, 0xfb, 0x10, 0xfc, 0x34,
    0xdb, 0xf, 0x40, 0x4, 0xf1, 0xf4, 0x0, 0xf,
    0x3f, 0x40, 0x0, 0xf3, 0xf4, 0x0, 0x4f, 0x1f,
    0xc2, 0x3d, 0xa0, 0xf8, 0xdf, 0xb1, 0xf, 0x40,
    0x0, 0x0, 0xf4, 0x0, 0x0, 0xf, 0x40, 0x0,
    0x0,

    /* U+00FF "ÿ" */
    0x8, 0x90, 0x98, 0x0, 0x34, 0x4, 0x30, 0x0,
    0x0, 0x0, 0xa, 0xa0, 0x1, 0xf4, 0x5f, 0x0,
    0x5e, 0x0, 0xf5, 0xa, 0xa0, 0xa, 0xa0, 0xe4,
    0x0, 0x5e, 0x3f, 0x0, 0x0, 0xfc, 0xa0, 0x0,
    0xa, 0xf5, 0x0, 0x0, 0x4f, 0x0, 0x0, 0x7,
    0xa0, 0x0, 0x14, 0xe4, 0x0, 0x6, 0xf8, 0x0,
    0x0,

    /* U+0100 "Ā" */
    0x0, 0xbe, 0xee, 0xe0, 0x0, 0x1, 0x11, 0x11,
    0x0, 0x0, 0x2, 0xf4, 0x0, 0x0, 0x0, 0x8f,
    0xa0, 0x0, 0x0, 0xd, 0x8f, 0x0, 0x0, 0x3,
    0xf0, 0xe5, 0x0, 0x0, 0x8b, 0x9, 0xb0, 0x0,
    0xe, 0x50, 0x3f, 0x10, 0x4, 0xf1, 0x0, 0xe6,
    0x0, 0x9f, 0xff, 0xff, 0xb0, 0xe, 0x72, 0x22,
    0x5f, 0x14, 0xf1, 0x0, 0x0, 0xe6, 0xab, 0x0,
    0x0, 0x8, 0xc0,

    /* U+0101 "ā" */
    0x7, 0xff, 0xff, 0x70, 0x0, 0x0, 0x0, 0x0,
    0x0, 0x0, 0x0, 0x2b, 0xfe, 0x80, 0xe, 0x91,
    0x4f, 0x50, 0x30, 0x0, 0xb9, 0x2, 0xbe, 0xff,
    0x90, 0xe8, 0x0, 0xa9, 0x3f, 0x0, 0xb, 0x91,
    0xf8, 0x38, 0xf9, 0x5, 0xde, 0xa8, 0xa0,

    /* U+0102 "Ă" */
    0x0, 0x5b, 0x8, 0x80, 0x0, 0x0, 0x9d, 0xb1,
    0x0, 0x0, 0x2, 0xf4, 0x0, 0x0, 0x0, 0x8f,
    0xa0, 0x0, 0x0, 0xd, 0x8f, 0x0, 0x0, 0x3,
    0xf0, 0xe5, 0x0, 0x0, 0x8b, 0x9, 0xb0, 0x0,
    0xe, 0x50, 0x3f, 0x10, 0x4, 0xf1, 0x0, 0xe6,
    0x0, 0x9f, 0xff, 0xff, 0xb0, 0xe, 0x72, 0x22,
    0x5f, 0x14, 0xf1, 0x0, 0x0, 0xe6, 0xab, 0x0,
    0x0, 0x8, 0xc0,

    /* U+0103 "ă" */
    0x0, 0xf1, 0x2e, 0x0, 0x5, 0xdd, 0x40, 0x0,
    0x0, 0x0, 0x0, 0x2b, 0xfe, 0x80, 0xe, 0x91,
    0x4f, 0x50, 0x30, 0x0, 0xb9, 0x2, 0xbe, 0xff,
    0x90, 0xe8, 0x0, 0xa9, 0x3f, 0x0, 0xb, 0x91,
    0xf8, 0x38, 0xf9, 0x5, 0xde, 0xa8, 0xa0,

    /* U+0104 "Ą" */
    0x0, 0x2, 0xf4, 0x0, 0x0, 0x0, 0x8f, 0xa0,
    0x0, 0x0, 0xd, 0x8f, 0x0, 0x0, 0x3, 0xf0,
    0xe5, 0x0, 0x0, 0x8b, 0x9, 0xb0, 0x0, 0xe,
    0x50, 0x3f, 0x10, 0x4, 0xf1, 0x0, 0xe6, 0x0,
    0x9f, 0xff, 0xff, 0xb0, 0xe, 0x72, 0x22, 0x5f,
    0x14, 0xf1, 0x0, 0x0, 0xe6, 0xab, 0x0, 0x0,
    0x9, 0xc0, 0x0, 0x0, 0x2, 0xd3, 0x0, 0x0,
    0x0, 0x89, 0x0, 0x0, 0x0, 0x4, 0xfa,

    /* U+0105 "ą" */
    0x2, 0xbf, 0xe8, 0x0, 0xe9, 0x14, 0xf5, 0x3,
    0x0, 0xb, 0x90, 0x2b, 0xef, 0xf9, 0xe, 0x80,
    0xa, 0x93, 0xf0, 0x0, 0xb9, 0x1f, 0x83, 0x8f,
    0x90, 0x5d, 0xea, 0xab, 0x0, 0x0, 0x3d, 0x10,
    0x0, 0x9, 0x81, 0x0, 0x0, 0x5f, 0x90,

    /* U+0106 "Ć" */
    0x0, 0x0, 0x1e, 0x60, 0x0, 0x0, 0x8, 0xb0,
    0x0, 0x0, 0x0, 0x71, 0x0, 0x0, 0x3, 0xbf,
    0xe9, 0x0, 0x2, 0xf8, 0x24, 0xcb, 0x0, 0xbb,
    0x0, 0x2, 0xf3, 0xf, 0x50, 0x0, 0x8, 0x32,
    0xf3, 0x0, 0x0, 0x0, 0x3f, 0x20, 0x0, 0x0,
    0x2, 0xf3, 0x0, 0x0, 0x0, 0xf, 0x50, 0x0,
    0x7, 0x30, 0xba, 0x0, 0x2, 0xf3, 0x3, 0xf8,
    0x24, 0xcb, 0x0, 0x4, 0xcf, 0xe9, 0x0,

    /* U+0107 "ć" */
    0x0, 0x1, 0xf5, 0x0, 0x0, 0xb7, 0x0, 0x0,
    0x0, 0x0, 0x0, 0x1a, 0xfe, 0x80, 0xc, 0xc2,
    0x3e, 0x72, 0xf2, 0x0, 0x59, 0x5e, 0x0, 0x0,
    0x5, 0xe0, 0x0, 0x0, 0x2f, 0x20, 0x3, 0x70,
    0xbb, 0x23, 0xd7, 0x1, 0xaf, 0xe8, 0x0,

    /* U+0108 "Ĉ" */
    0x0, 0x3, 0xe7, 0x0, 0x0, 0x2, 0xd2, 0xb4,
    0x0, 0x0, 0x0, 0x0, 0x0, 0x0, 0x3, 0xbf,
    0xe9, 0x0, 0x2, 0xf8, 0x24, 0xcb, 0x0, 0xbb,
    0x0, 0x2, 0xf3, 0xf, 0x50, 0x0, 0x8, 0x32,
    0xf3, 0x0, 0x0, 0x0, 0x3f, 0x20, 0x0, 0x0,
    0x2, 0xf3, 0x0, 0x0, 0x0, 0xf, 0x50, 0x0,
    0x7, 0x30, 0xba, 0x0, 0x2, 0xf3, 0x3, 0xf8,
    0x24, 0xcb, 0x0, 0x4, 0xcf, 0xe9, 0x0,

    /* U+0109 "ĉ" */
    0x0, 0x3e, 0x70, 0x0, 0x2c, 0x2b, 0x40, 0x0,
    0x0, 0x0, 0x0, 0x1a, 0xfe, 0x80, 0xc, 0xc2,
    0x3e, 0x72, 0xf2, 0x0, 0x59, 0x5e, 0x0, 0x0,
    0x5, 0xe0, 0x0, 0x0, 0x2f, 0x20, 0x3, 0x70,
    0xbb, 0x23, 0xd7, 0x1, 0xaf, 0xe8, 0x0,

    /* U+010A "Ċ" */
    0x0, 0x0, 0x61, 0x0, 0x0, 0x0, 0xe, 0x40,
    0x0, 0x0, 0x0, 0x0, 0x0, 0x0, 0x3, 0xbf,
    0xe9, 0x0, 0x2, 0xf8, 0x24, 0xcb, 0x0, 0xbb,
    0x0, 0x2, 0xf3, 0xf, 0x50, 0x0, 0x8, 0x32,
    0xf3, 0x0, 0x0, 0x0, 0x3f, 0x20, 0x0, 0x0,
    0x2, 0xf3, 0x0, 0x0, 0x0, 0xf, 0x50, 0x0,
    0x7, 0x30, 0xba, 0x0, 0x2, 0xf3, 0x3, 0xf8,
    0x24, 0xcb, 0x0, 0x4, 0xcf, 0xe9, 0x0,

    /* U+010B "ċ" */
    0x0, 0xd, 0x30, 0x0, 0x0, 0x61, 0x0, 0x0,
    0x0, 0x0, 0x0, 0x1a, 0xfe, 0x80, 0xc, 0xc2,
    0x3e, 0x72, 0xf2, 0x0, 0x59, 0x5e, 0x0, 0x0,
    0x5, 0xe0, 0x0, 0x0, 0x2f, 0x20, 0x3, 0x70,
    0xbb, 0x23, 0xd7, 0x1, 0xaf, 0xe8, 0x0,

    /* U+010C "Č" */
    0x0, 0x2d, 0x2b, 0x70, 0x0, 0x0, 0x7f, 0xb0,
    0x0, 0x0, 0x0, 0x71, 0x0, 0x0, 0x3, 0xbf,
    0xe9, 0x0, 0x2, 0xf8, 0x24, 0xcb, 0x0, 0xbb,
    0x0, 0x2, 0xf3, 0xf, 0x50, 0x0, 0x8, 0x32,
    0xf3, 0x0, 0x0, 0x0, 0x3f, 0x20, 0x0, 0x0,
    0x2, 0xf3, 0x0, 0x0, 0x0, 0xf, 0x50, 0x0,
    0x7, 0x30, 0xba, 0x0, 0x2, 0xf3, 0x3, 0xf8,
    0x24, 0xcb, 0x0, 0x4, 0xcf, 0xe9, 0x0,

    /* U+010D "č" */
    0x2, 0xc2, 0xb5, 0x0, 0x3, 0xe6, 0x0, 0x0,
    0x0, 0x0, 0x0, 0x1a, 0xfe, 0x70, 0xc, 0xc2,
    0x4e, 0x62, 0xf2, 0x0, 0x7c, 0x5e, 0x0, 0x0,
    0x5, 0xe0, 0x0, 0x0, 0x2f, 0x20, 0x3, 0x60,
    0xbb, 0x23, 0xd8, 0x1, 0xaf, 0xe8, 0x0,

    /* U+010E "Ď" */
    0x5, 0x20, 0x70, 0x0, 0x2, 0xca, 0x60, 0x0,
    0x0, 0x36, 0x0, 0x0, 0xdf, 0xfe, 0xb2, 0x0,
    0xd8, 0x23, 0x9f, 0x30, 0xd7, 0x0, 0x9, 0xc0,
    0xd7, 0x0, 0x2, 0xf2, 0xd7, 0x0, 0x0, 0xf4,
    0xd7, 0x0, 0x0, 0xf5, 0xd7, 0x0, 0x0, 0xf4,
    0xd7, 0x0, 0x3, 0xf2, 0xd7, 0x0, 0xa, 0xc0,
    0xd8, 0x23, 0x9f, 0x30, 0xdf, 0xfe, 0xb3, 0x0,

    /* U+010F "ď" */
    0x0, 0x0, 0x6, 0xe2, 0xf0, 0x0, 0x0, 0x6,
    0xe5, 0xd0, 0x0, 0x0, 0x6, 0xe5, 0x30, 0x1,
    0xbf, 0xc9, 0xe0, 0x0, 0xb, 0xc3, 0x4d, 0xe0,
    0x0, 0x2f, 0x30, 0x6, 0xe0, 0x0, 0x4f, 0x0,
    0x6, 0xe0, 0x0, 0x4f, 0x0, 0x6, 0xe0, 0x0,
    0x2f, 0x20, 0x6, 0xe0, 0x0, 0xb, 0xb1, 0x2c,
    0xe0, 0x0, 0x1, 0xbf, 0xd9, 0xe0, 0x0,

    /* U+0110 "Đ" */
    0xa, 0xff, 0xfc, 0x40, 0x0, 0xab, 0x23, 0x7f,
    0x50, 0xa, 0xa0, 0x0, 0x6f, 0x0, 0xaa, 0x0,
    0x0, 0xf5, 0xa, 0xa0, 0x0, 0xd, 0x7b, 0xff,
    0xf9, 0x0, 0xb8, 0x1b, 0xb2, 0x10, 0xd, 0x80,
    0xaa, 0x0, 0x0, 0xf5, 0xa, 0xa0, 0x0, 0x7f,
    0x0, 0xab, 0x22, 0x7f, 0x60, 0xa, 0xff, 0xfc,
    0x40, 0x0,

    /* U+0111 "đ" */
    0x0, 0x0, 0x6, 0xe0, 0x0, 0x0, 0x2f, 0xff,
    0xf2, 0x0, 0x0, 0x27, 0xe2, 0x0, 0x1b, 0xfc,
    0x9e, 0x0, 0xb, 0xc3, 0x4d, 0xe0, 0x2, 0xf3,
    0x0, 0x6e, 0x0, 0x4f, 0x0, 0x6, 0xe0, 0x4,
    0xf0, 0x0, 0x6e, 0x0, 0x2f, 0x20, 0x6, 0xe0,
    0x0, 0xbb, 0x12, 0xce, 0x0, 0x1, 0xbf, 0xd9,
    0xe0, 0x0,

    /* U+0112 "Ē" */
    0x2e, 0xee, 0xea, 0x0, 0x11, 0x11, 0x10, 0xdf,
    0xff, 0xff, 0x6d, 0x82, 0x22, 0x21, 0xd7, 0x0,
    0x0, 0xd, 0x70, 0x0, 0x0, 0xd7, 0x0, 0x0,
    0xd, 0xff, 0xff, 0xc0, 0xd8, 0x22, 0x21, 0xd,
    0x70, 0x0, 0x0, 0xd7, 0x0, 0x0, 0xd, 0x82,
    0x22, 0x21, 0xdf, 0xff, 0xff, 0x70,

    /* U+0113 "ē" */
    0x8, 0xff, 0xff, 0x50, 0x0, 0x0, 0x0, 0x0,
    0x0, 0x0, 0x0, 0x9, 0xfe, 0x80, 0xa, 0xb2,
    0x4e, 0x62, 0xf1, 0x0, 0x7c, 0x5f, 0xff, 0xff,
    0xe5, 0xf2, 0x22, 0x22, 0x2f, 0x30, 0x0, 0x0,
    0xbd, 0x32, 0xa9, 0x1, 0xaf, 0xfa, 0x10,

    /* U+0114 "Ĕ" */
    0xb, 0x60, 0xd2, 0x0, 0x2c, 0xd8, 0x0, 0xdf,
    0xff, 0xff, 0x6d, 0x82, 0x22, 0x21, 0xd7, 0x0,
    0x0, 0xd, 0x70, 0x0, 0x0, 0xd7, 0x0, 0x0,
    0xd, 0xff, 0xff, 0xc0, 0xd8, 0x22, 0x21, 0xd,
    0x70, 0x0, 0x0, 0xd7, 0x0, 0x0, 0xd, 0x82,
    0x22, 0x21, 0xdf, 0xff, 0xff, 0x70,

    /* U+0115 "ĕ" */
    0x1, 0xe1, 0x4c, 0x0, 0x6, 0xdc, 0x30, 0x0,
    0x0, 0x0, 0x0, 0x9, 0xfe, 0x80, 0xa, 0xb2,
    0x4e, 0x62, 0xf1, 0x0, 0x7c, 0x5f, 0xff, 0xff,
    0xe5, 0xf2, 0x22, 0x22, 0x2f, 0x30, 0x0, 0x0,
    0xbd, 0x32, 0xa9, 0x1, 0xaf, 0xfa, 0x10,

    /* U+0116 "Ė" */
    0x0, 0x5c, 0x0, 0x0, 0x2, 0x60, 0x0, 0xdf,
    0xff, 0xff, 0x6d, 0x82, 0x22, 0x21, 0xd7, 0x0,
    0x0, 0xd, 0x70, 0x0, 0x0, 0xd7, 0x0, 0x0,
    0xd, 0xff, 0xff, 0xc0, 0xd8, 0x22, 0x21, 0xd,
    0x70, 0x0, 0x0, 0xd7, 0x0, 0x0, 0xd, 0x82,
    0x22, 0x21, 0xdf, 0xff, 0xff, 0x70,

    /* U+0117 "ė" */
    0x0, 0xb, 0x70, 0x0, 0x0, 0x53, 0x0, 0x0,
    0x0, 0x0, 0x0, 0x9, 0xfe, 0x80, 0xa, 0xb2,
    0x4e, 0x62, 0xf1, 0x0, 0x7c, 0x5f, 0xff, 0xff,
    0xe5, 0xf2, 0x22, 0x22, 0x2f, 0x30, 0x0, 0x0,
    0xbd, 0x32, 0xa9, 0x1, 0xaf, 0xfa, 0x10,

    /* U+0118 "Ę" */
    0xdf, 0xff, 0xff, 0x6d, 0x82, 0x22, 0x21, 0xd7,
    0x0, 0x0, 0xd, 0x70, 0x0, 0x0, 0xd7, 0x0,
    0x0, 0xd, 0xff, 0xff, 0xc0, 0xd8, 0x22, 0x21,
    0xd, 0x70, 0x0, 0x0, 0xd7, 0x0, 0x0, 0xd,
    0x82, 0x22, 0x21, 0xdf, 0xff, 0xff, 0x70, 0x0,
    0xb, 0x60, 0x0, 0x3, 0xe1, 0x0, 0x0, 0x1d,
    0xe0,

    /* U+0119 "ę" */
    0x0, 0x9f, 0xe8, 0x0, 0xab, 0x24, 0xe6, 0x1f,
    0x10, 0x7, 0xc5, 0xff, 0xff, 0xfe, 0x5f, 0x22,
    0x22, 0x22, 0xf3, 0x0, 0x0, 0xb, 0xd3, 0x2a,
    0x90, 0x1a, 0xff, 0xc1, 0x0, 0x5, 0xc0, 0x0,
    0x0, 0xa7, 0x10, 0x0, 0x5, 0xf8, 0x0,

    /* U+011A "Ě" */
    0x5, 0x30, 0x71, 0x0, 0x1c, 0xa8, 0x0, 0x0,
    0x36, 0x0, 0xd, 0xff, 0xff, 0xf6, 0xd8, 0x22,
    0x22, 0x1d, 0x70, 0x0, 0x0, 0xd7, 0x0, 0x0,
    0xd, 0x70, 0x0, 0x0, 0xdf, 0xff, 0xfc, 0xd,
    0x82, 0x22, 0x10, 0xd7, 0x0, 0x0, 0xd, 0x70,
    0x0, 0x0, 0xd8, 0x22, 0x22, 0x1d, 0xff, 0xff,
    0xf7,

    /* U+011B "ě" */
    0x0, 0xc4, 0x89, 0x0, 0x1, 0xca, 0x0, 0x0,
    0x0, 0x0, 0x0, 0x9, 0xfe, 0x80, 0xa, 0xb2,
    0x4e, 0x62, 0xf1, 0x0, 0x7c, 0x5f, 0xff, 0xff,
    0xe5, 0xf2, 0x22, 0x22, 0x2f, 0x30, 0x0, 0x0,
    0xbd, 0x32, 0xa9, 0x1, 0xaf, 0xfa, 0x10,

    /* U+011C "Ĝ" */
    0x0, 0x4, 0xf6, 0x0, 0x0, 0x2, 0xd2, 0xc4,
    0x0, 0x0, 0x0, 0x0, 0x0, 0x0, 0x4, 0xcf,
    0xe9, 0x10, 0x3, 0xf9, 0x34, 0xcb, 0x0, 0xba,
    0x0, 0x2, 0xf3, 0xf, 0x50, 0x0, 0x7, 0x32,
    0xf3, 0x0, 0x0, 0x0, 0x2f, 0x20, 0x0, 0x0,
    0x1, 0xf3, 0x1, 0xff, 0xf7, 0xf, 0x60, 0x2,
    0x2d, 0x80, 0xac, 0x0, 0x0, 0xc8, 0x2, 0xfa,
    0x33, 0x6f, 0x60, 0x2, 0xbe, 0xfc, 0x60,

    /* U+011D "ĝ" */
    0x0, 0x2d, 0x90, 0x0, 0xc, 0x38, 0x60, 0x0,
    0x0, 0x0, 0x0, 0x1b, 0xfd, 0x8e, 0xb, 0xc3,
    0x4d, 0xe2, 0xf2, 0x0, 0x6e, 0x4f, 0x0, 0x5,
    0xe4, 0xf0, 0x0, 0x5e, 0x2f, 0x20, 0x6, 0xe0,
    0xbc, 0x34, 0xde, 0x1, 0xbf, 0xc9, 0xe0, 0x0,
    0x0, 0x7c, 0xb, 0x72, 0x4e, 0x60, 0x3b, 0xfe,
    0x70,

    /* U+011E "Ğ" */
    0x0, 0x34, 0x3, 0x40, 0x0, 0x4, 0xc0, 0xa7,
    0x0, 0x0, 0x8, 0xda, 0x0, 0x0, 0x4, 0xcf,
    0xe9, 0x10, 0x3, 0xf9, 0x34, 0xcb, 0x0, 0xba,
    0x0, 0x2, 0xf3, 0xf, 0x50, 0x0, 0x7, 0x32,
    0xf3, 0x0, 0x0, 0x0, 0x2f, 0x20, 0x0, 0x0,
    0x1, 0xf3, 0x1, 0xff, 0xf7, 0xf, 0x60, 0x2,
    0x2d, 0x80, 0xac, 0x0, 0x0, 0xc8, 0x2, 0xfa,
    0x33, 0x6f, 0x60, 0x2, 0xbe, 0xfc, 0x60,

    /* U+011F "ğ" */
    0x2, 0xe0, 0x5c, 0x0, 0x7, 0xdc, 0x30, 0x0,
    0x0, 0x0, 0x0, 0x1b, 0xfd, 0x8e, 0xb, 0xc3,
    0x4d, 0xe2, 0xf2, 0x0, 0x6e, 0x4f, 0x0, 0x5,
    0xe4, 0xf0, 0x0, 0x5e, 0x2f, 0x20, 0x6, 0xe0,
    0xbc, 0x34, 0xde, 0x1, 0xbf, 0xc9, 0xe0, 0x0,
    0x0, 0x7c, 0xb, 0x72, 0x4e, 0x60, 0x3b, 0xfe,
    0x70,

    /* U+0120 "Ġ" */
    0x0, 0x0, 0x61, 0x0, 0x0, 0x0, 0x1e, 0x30,
    0x0, 0x0, 0x0, 0x0, 0x0, 0x0, 0x4, 0xcf,
    0xe9, 0x10, 0x3, 0xf9, 0x34, 0xcb, 0x0, 0xba,
    0x0, 0x2, 0xf3, 0xf, 0x50, 0x0, 0x7, 0x32,
    0xf3, 0x0, 0x0, 0x0, 0x2f, 0x20, 0x0, 0x0,
    0x1, 0xf3, 0x1, 0xff, 0xf7, 0xf, 0x60, 0x2,
    0x2d, 0x80, 0xac, 0x0, 0x0, 0xc8, 0x2, 0xfa,
    0x33, 0x6f, 0x60, 0x2, 0xbe, 0xfc, 0x60,

    /* U+0121 "ġ" */
    0x0, 0xc, 0x60, 0x0, 0x0, 0x52, 0x0, 0x0,
    0x0, 0x0, 0x0, 0x1b, 0xfd, 0x8e, 0xb, 0xc3,
    0x4d, 0xe2, 0xf2, 0x0, 0x6e, 0x4f, 0x0, 0x5,
    0xe4, 0xf0, 0x0, 0x5e, 0x2f, 0x20, 0x6, 0xe0,
    0xbc, 0x34, 0xde, 0x1, 0xbf, 0xc9, 0xe0, 0x0,
    0x0, 0x7c, 0xb, 0x72, 0x4e, 0x60, 0x3b, 0xfe,
    0x70,

    /* U+0122 "Ģ" */
    0x0, 0x4c, 0xfe, 0x91, 0x0, 0x3f, 0x93, 0x4c,
    0xb0, 0xb, 0xa0, 0x0, 0x2f, 0x30, 0xf5, 0x0,
    0x0, 0x73, 0x2f, 0x30, 0x0, 0x0, 0x2, 0xf2,
    0x0, 0x0, 0x0, 0x1f, 0x30, 0x1f, 0xff, 0x70,
    0xf6, 0x0, 0x22, 0xd8, 0xa, 0xc0, 0x0, 0xc,
    0x80, 0x2f, 0xa3, 0x36, 0xf6, 0x0, 0x2b, 0xef,
    0xc6, 0x0, 0x0, 0x8, 0x10, 0x0, 0x0, 0x0,
    0xf2, 0x0, 0x0, 0x0, 0x5c, 0x0, 0x0, 0x0,
    0x0, 0x10, 0x0, 0x0,

    /* U+0123 "ģ" */
    0x0, 0x0, 0x0, 0x0, 0x0, 0x59, 0x0, 0x0,
    0xc, 0x70, 0x0, 0x0, 0xd6, 0x0, 0x0, 0x0,
    0x0, 0x0, 0x1b, 0xfd, 0x8e, 0xb, 0xc3, 0x4d,
    0xe2, 0xf2, 0x0, 0x6e, 0x4f, 0x0, 0x5, 0xe4,
    0xf0, 0x0, 0x5e, 0x2f, 0x20, 0x6, 0xe0, 0xbc,
    0x34, 0xde, 0x1, 0xbf, 0xc9, 0xe0, 0x0, 0x0,
    0x7c, 0xb, 0x72, 0x4e, 0x60, 0x3b, 0xfe, 0x70,

    /* U+0124 "Ĥ" */
    0x0, 0x5, 0x30, 0x0, 0x0, 0x6b, 0xc2, 0x0,
    0x0, 0x70, 0x25, 0x0, 0xd7, 0x0, 0x0, 0x8d,
    0xd7, 0x0, 0x0, 0x8d, 0xd7, 0x0, 0x0, 0x8d,
    0xd7, 0x0, 0x0, 0x8d, 0xd7, 0x0, 0x0, 0x8d,
    0xdf, 0xff, 0xff, 0xfd, 0xd8, 0x22, 0x22, 0x9d,
    0xd7, 0x0, 0x0, 0x8d, 0xd7, 0x0, 0x0, 0x8d,
    0xd7, 0x0, 0x0, 0x8d, 0xd7, 0x0, 0x0, 0x8d,

    /* U+0125 "ĥ" */
    0x0, 0x17, 0x0, 0x0, 0xc, 0x9a, 0x0, 0x3,
    0x40, 0x62, 0x0, 0xf3, 0x0, 0x0, 0xf, 0x30,
    0x0, 0x0, 0xf3, 0x0, 0x0, 0xf, 0x7d, 0xfb,
    0x10, 0xfd, 0x43, 0xe8, 0xf, 0x40, 0x8, 0xb0,
    0xf3, 0x0, 0x7c, 0xf, 0x30, 0x7, 0xc0, 0xf3,
    0x0, 0x7c, 0xf, 0x30, 0x7, 0xc0, 0xf3, 0x0,
    0x7c,

    /* U+0126 "Ħ" */
    0xe, 0x70, 0x0, 0x9, 0xc0, 0xe, 0x70, 0x0,
    0x9, 0xc0, 0xbf, 0xfe, 0xee, 0xef, 0xfa, 0x1e,
    0x71, 0x11, 0x19, 0xc1, 0xe, 0x70, 0x0, 0x9,
    0xc0, 0xe, 0xff, 0xff, 0xff, 0xc0, 0xe, 0x82,
    0x22, 0x2a, 0xc0, 0xe, 0x70, 0x0, 0x9, 0xc0,
    0xe, 0x70, 0x0, 0x9, 0xc0, 0xe, 0x70, 0x0,
    0x9, 0xc0, 0xe, 0x70, 0x0, 0x9, 0xc0,

    /* U+0127 "ħ" */
    0xd, 0x60, 0x0, 0xf, 0xff, 0xf5, 0x0, 0x2d,
    0x82, 0x0, 0x0, 0xd8, 0xbf, 0xc2, 0xd, 0xf5,
    0x3c, 0xb0, 0xd7, 0x0, 0x5f, 0xd, 0x60, 0x4,
    0xf0, 0xd6, 0x0, 0x4f, 0xd, 0x60, 0x4, 0xf0,
    0xd6, 0x0, 0x4f, 0xd, 0x60, 0x4, 0xf0,

    /* U+0128 "Ĩ" */
    0x0, 0x0, 0x0, 0x3d, 0xee, 0xe2, 0x1, 0x11,
    0x0, 0x0, 0xc9, 0x0, 0x0, 0xc9, 0x0, 0x0,
    0xc9, 0x0, 0x0, 0xc9, 0x0, 0x0, 0xc9, 0x0,
    0x0, 0xc9, 0x0, 0x0, 0xc9, 0x0, 0x0, 0xc9,
    0x0, 0x0, 0xc9, 0x0, 0x0, 0xc9, 0x0, 0x0,
    0xc9, 0x0,

    /* U+0129 "ĩ" */
    0x0, 0x0, 0x0, 0x2e, 0x90, 0xd1, 0x96, 0x6f,
    0xa0, 0x10, 0x0, 0x0, 0x0, 0xf5, 0x0, 0x0,
    0xf5, 0x0, 0x0, 0xf5, 0x0, 0x0, 0xf5, 0x0,
    0x0, 0xf5, 0x0, 0x0, 0xf5, 0x0, 0x0, 0xf5,
    0x0, 0x0, 0xf5, 0x0,

    /* U+012A "Ī" */
    0x7e, 0xee, 0xe5, 0x1, 0x11, 0x10, 0x0, 0xc9,
    0x0, 0x0, 0xc9, 0x0, 0x0, 0xc9, 0x0, 0x0,
    0xc9, 0x0, 0x0, 0xc9, 0x0, 0x0, 0xc9, 0x0,
    0x0, 0xc9, 0x0, 0x0, 0xc9, 0x0, 0x0, 0xc9,
    0x0, 0x0, 0xc9, 0x0, 0x0, 0xc9, 0x0,

    /* U+012B "ī" */
    0xbf, 0xff, 0xf3, 0x0, 0x0, 0x0, 0x0, 0x0,
    0x0, 0x0, 0xf5, 0x0, 0x0, 0xf5, 0x0, 0x0,
    0xf5, 0x0, 0x0, 0xf5, 0x0, 0x0, 0xf5, 0x0,
    0x0, 0xf5, 0x0, 0x0, 0xf5, 0x0, 0x0, 0xf5,
    0x0,

    /* U+012C "Ĭ" */
    0xf, 0x13, 0xd0, 0x6d, 0xd4, 0x0, 0xc9, 0x0,
    0xc, 0x90, 0x0, 0xc9, 0x0, 0xc, 0x90, 0x0,
    0xc9, 0x0, 0xc, 0x90, 0x0, 0xc9, 0x0, 0xc,
    0x90, 0x0, 0xc9, 0x0, 0xc, 0x90, 0x0, 0xc9,
    0x0,

    /* U+012D "ĭ" */
    0x3d, 0x6, 0xa0, 0x8d, 0xc2, 0x0, 0x0, 0x0,
    0xf, 0x50, 0x0, 0xf5, 0x0, 0xf, 0x50, 0x0,
    0xf5, 0x0, 0xf, 0x50, 0x0, 0xf5, 0x0, 0xf,
    0x50, 0x0, 0xf5, 0x0,

    /* U+012E "Į" */
    0xc, 0x90, 0xc9, 0xc, 0x90, 0xc9, 0xc, 0x90,
    0xc9, 0xc, 0x90, 0xc9, 0xc, 0x90, 0xc9, 0xf,
    0xa5, 0xc0, 0xc6, 0x17, 0xf7,

    /* U+012F "į" */
    0x0, 0xd4, 0x0, 0x61, 0x0, 0x0, 0x0, 0xf5,
    0x0, 0xf5, 0x0, 0xf5, 0x0, 0xf5, 0x0, 0xf5,
    0x0, 0xf5, 0x0, 0xf5, 0x0, 0xf5, 0x7, 0xa0,
    0xf, 0x30, 0xb, 0xf4,

    /* U+0130 "İ" */
    0xa7, 0x53, 0xc9, 0xc9, 0xc9, 0xc9, 0xc9, 0xc9,
    0xc9, 0xc9, 0xc9, 0xc9, 0xc9,

    /* U+0131 "ı" */
    0xf5, 0xf5, 0xf5, 0xf5, 0xf5, 0xf5, 0xf5, 0xf5,

    /* U+0132 "Ĳ" */
    0xc9, 0x0, 0x0, 0x0, 0xd7, 0xc9, 0x0, 0x0,
    0x0, 0xd7, 0xc9, 0x0, 0x0, 0x0, 0xd7, 0xc9,
    0x0, 0x0, 0x0, 0xd7, 0xc9, 0x0, 0x0, 0x0,
    0xd7, 0xc9, 0x0, 0x0, 0x0, 0xd7, 0xc9, 0x0,
    0x0, 0x0, 0xd7, 0xc9, 0x0, 0x0, 0x0, 0xd7,
    0xc9, 0xc, 0x80, 0x0, 0xf5, 0xc9, 0x7, 0xe3,
    0x8, 0xe1, 0xc9, 0x0, 0x8e, 0xfc, 0x30,

    /* U+0133 "ĳ" */
    0xd, 0x40, 0x99, 0x6, 0x10, 0x44, 0x0, 0x0,
    0x0, 0xf, 0x50, 0x9a, 0xf, 0x50, 0x9a, 0xf,
    0x50, 0x9a, 0xf, 0x50, 0x9a, 0xf, 0x50, 0x9a,
    0xf, 0x50, 0x9a, 0xf, 0x50, 0x9a, 0xf, 0x50,
    0x9a, 0x0, 0x0, 0x9a, 0x0, 0x3, 0xc8, 0x0,
    0xf, 0xd2,

    /* U+0134 "Ĵ" */
    0x0, 0x0, 0x6, 0x30, 0x0, 0x0, 0x7b, 0xd2,
    0x0, 0x0, 0x70, 0x35, 0x0, 0x0, 0xa, 0xa0,
    0x0, 0x0, 0xa, 0xa0, 0x0, 0x0, 0xa, 0xa0,
    0x0, 0x0, 0xa, 0xa0, 0x0, 0x0, 0xa, 0xa0,
    0x0, 0x0, 0xa, 0xa0, 0x0, 0x0, 0xa, 0xa0,
    0x11, 0x0, 0xa, 0xa0, 0x8c, 0x0, 0xd, 0x80,
    0x3f, 0x72, 0x7f, 0x20, 0x5, 0xdf, 0xd4, 0x0,

    /* U+0135 "ĵ" */
    0x1, 0xd9, 0x0, 0xc4, 0x97, 0x0, 0x0, 0x0,
    0xd, 0x70, 0x0, 0xd7, 0x0, 0xd, 0x70, 0x0,
    0xd7, 0x0, 0xd, 0x70, 0x0, 0xd7, 0x0, 0xd,
    0x70, 0x0, 0xd7, 0x0, 0xd, 0x60, 0x13, 0xf4,
    0x7, 0xf9, 0x0,

    /* U+0136 "Ķ" */
    0xd7, 0x0, 0x8, 0xe2, 0xd7, 0x0, 0x5f, 0x40,
    0xd7, 0x2, 0xf7, 0x0, 0xd7, 0x1e, 0xa0, 0x0,
    0xd7, 0xcd, 0x0, 0x0, 0xde, 0xfe, 0x10, 0x0,
    0xdf, 0x4d, 0xa0, 0x0, 0xd8, 0x3, 0xf6, 0x0,
    0xd7, 0x0, 0x8f, 0x10, 0xd7, 0x0, 0xc, 0xb0,
    0xd7, 0x0, 0x2, 0xf7, 0x0, 0x0, 0x0, 0x0,
    0x0, 0x1f, 0x10, 0x0, 0x0, 0x4e, 0x0, 0x0,
    0x0, 0x55, 0x0, 0x0,

    /* U+0137 "ķ" */
    0xf, 0x30, 0x0, 0x0, 0xf, 0x30, 0x0, 0x0,
    0xf, 0x30, 0x0, 0x0, 0xf, 0x30, 0x4f, 0x50,
    0xf, 0x32, 0xe7, 0x0, 0xf, 0x5e, 0x90, 0x0,
    0xf, 0xef, 0x10, 0x0, 0xf, 0xcd, 0xa0, 0x0,
    0xf, 0x32, 0xf5, 0x0, 0xf, 0x30, 0x7e, 0x10,
    0xf, 0x30, 0xb, 0xb0, 0x0, 0x0, 0x0, 0x0,
    0x0, 0xf, 0x30, 0x0, 0x0, 0x2f, 0x10, 0x0,
    0x0, 0x37, 0x0, 0x0,

    /* U+0138 "ĸ" */
    0xf5, 0x0, 0xcb, 0xf, 0x50, 0xac, 0x0, 0xf5,
    0x9d, 0x10, 0xf, 0xff, 0x40, 0x0, 0xf7, 0xbd,
    0x0, 0xf, 0x51, 0xe9, 0x0, 0xf5, 0x4, 0xf5,
    0xf, 0x50, 0x8, 0xf2,

    /* U+0139 "Ĺ" */
    0x5, 0x60, 0x0, 0x2, 0xf3, 0x0, 0x0, 0xa7,
    0x0, 0x0, 0xd, 0x70, 0x0, 0x0, 0xd7, 0x0,
    0x0, 0xd, 0x70, 0x0, 0x0, 0xd7, 0x0, 0x0,
    0xd, 0x70, 0x0, 0x0, 0xd7, 0x0, 0x0, 0xd,
    0x70, 0x0, 0x0, 0xd7, 0x0, 0x0, 0xd, 0x70,
    0x0, 0x0, 0xd8, 0x22, 0x22, 0xd, 0xff, 0xff,
    0xf3,

    /* U+013A "ĺ" */
    0x1e, 0x6a, 0x70, 0x0, 0xf, 0x50, 0xf5, 0xf,
    0x50, 0xf5, 0xf, 0x50, 0xf5, 0xf, 0x50, 0xf5,
    0xf, 0x50, 0xf5, 0xf, 0x50,

    /* U+013B "Ļ" */
    0xd7, 0x0, 0x0, 0xd, 0x70, 0x0, 0x0, 0xd7,
    0x0, 0x0, 0xd, 0x70, 0x0, 0x0, 0xd7, 0x0,
    0x0, 0xd, 0x70, 0x0, 0x0, 0xd7, 0x0, 0x0,
    0xd, 0x70, 0x0, 0x0, 0xd7, 0x0, 0x0, 0xd,
    0x82, 0x22, 0x20, 0xdf, 0xff, 0xff, 0x30, 0x0,
    0x0, 0x0, 0x0, 0x6d, 0x0, 0x0, 0x8, 0xa0,
    0x0, 0x0, 0x82, 0x0, 0x0,

    /* U+013C "ļ" */
    0xf, 0x50, 0xf5, 0xf, 0x50, 0xf5, 0xf, 0x50,
    0xf5, 0xf, 0x50, 0xf5, 0xf, 0x50, 0xf5, 0xf,
    0x50, 0x0, 0xe, 0x41, 0xf2, 0x28, 0x0,

    /* U+013D "Ľ" */
    0xd7, 0xa, 0x80, 0xd, 0x70, 0xc6, 0x0, 0xd7,
    0xc, 0x0, 0xd, 0x70, 0x0, 0x0, 0xd7, 0x0,
    0x0, 0xd, 0x70, 0x0, 0x0, 0xd7, 0x0, 0x0,
    0xd, 0x70, 0x0, 0x0, 0xd7, 0x0, 0x0, 0xd,
    0x82, 0x22, 0x20, 0xdf, 0xff, 0xff, 0x30,

    /* U+013E "ľ" */
    0xf5, 0x8a, 0xf5, 0xb8, 0xf5, 0x90, 0xf5, 0x0,
    0xf5, 0x0, 0xf5, 0x0, 0xf5, 0x0, 0xf5, 0x0,
    0xf5, 0x0, 0xf5, 0x0, 0xf5, 0x0,

    /* U+013F "Ŀ" */
    0xd7, 0x0, 0x0, 0xd, 0x70, 0x0, 0x0, 0xd7,
    0x0, 0x0, 0xd, 0x70, 0x0, 0x0, 0xd7, 0x6,
    0x20, 0xd, 0x70, 0xd5, 0x0, 0xd7, 0x0, 0x0,
    0xd, 0x70, 0x0, 0x0, 0xd7, 0x0, 0x0, 0xd,
    0x82, 0x22, 0x20, 0xdf, 0xff, 0xff, 0x30,

    /* U+0140 "ŀ" */
    0xf5, 0x0, 0xf5, 0x0, 0xf5, 0x0, 0xf5, 0x0,
    0xf5, 0x52, 0xf5, 0xb6, 0xf5, 0x0, 0xf5, 0x0,
    0xf5, 0x0, 0xf5, 0x0, 0xf5, 0x0,

    /* U+0141 "Ł" */
    0xd, 0x70, 0x0, 0x0, 0xd, 0x70, 0x0, 0x0,
    0xd, 0x70, 0x0, 0x0, 0xd, 0x70, 0x0, 0x0,
    0xd, 0xbb, 0x30, 0x0, 0x8f, 0xb3, 0x0, 0x0,
    0x3d, 0x70, 0x0, 0x0, 0xd, 0x70, 0x0, 0x0,
    0xd, 0x70, 0x0, 0x0, 0xd, 0x82, 0x22, 0x20,
    0xd, 0xff, 0xff, 0xf3,

    /* U+0142 "ł" */
    0xc, 0x70, 0xc, 0x70, 0xc, 0x70, 0xc, 0x70,
    0xc, 0xa4, 0x5e, 0xc3, 0x5d, 0x70, 0xc, 0x70,
    0xc, 0x70, 0xc, 0x70, 0xc, 0x70,

    /* U+0143 "Ń" */
    0x0, 0x0, 0x46, 0x0, 0x0, 0x2, 0xe3, 0x0,
    0x0, 0x4, 0x40, 0x0, 0xdc, 0x0, 0x0, 0x8d,
    0xdf, 0x50, 0x0, 0x8d, 0xde, 0xe0, 0x0, 0x8d,
    0xd8, 0xe8, 0x0, 0x8d, 0xd7, 0x5f, 0x20, 0x8d,
    0xd7, 0xc, 0xb0, 0x8d, 0xd7, 0x3, 0xf4, 0x8d,
    0xd7, 0x0, 0x9d, 0x8d, 0xd7, 0x0, 0x1e, 0xed,
    0xd7, 0x0, 0x6, 0xfd, 0xd7, 0x0, 0x0, 0xcd,

    /* U+0144 "ń" */
    0x0, 0x0, 0xc9, 0x0, 0x0, 0x6b, 0x0, 0x0,
    0x0, 0x0, 0x0, 0xf6, 0xdf, 0xb1, 0xf, 0xd4,
    0x3e, 0x80, 0xf4, 0x0, 0x8b, 0xf, 0x30, 0x7,
    0xc0, 0xf3, 0x0, 0x7c, 0xf, 0x30, 0x7, 0xc0,
    0xf3, 0x0, 0x7c, 0xf, 0x30, 0x7, 0xc0,

    /* U+0145 "Ņ" */
    0xdc, 0x0, 0x0, 0x8d, 0xdf, 0x50, 0x0, 0x8d,
    0xde, 0xe0, 0x0, 0x8d, 0xd8, 0xe8, 0x0, 0x8d,
    0xd7, 0x5f, 0x20, 0x8d, 0xd7, 0xc, 0xb0, 0x8d,
    0xd7, 0x3, 0xf4, 0x8d, 0xd7, 0x0, 0x9d, 0x8d,
    0xd7, 0x0, 0x1e, 0xed, 0xd7, 0x0, 0x6, 0xfd,
    0xd7, 0x0, 0x0, 0xcd, 0x0, 0x0, 0x0, 0x0,
    0x0, 0xb, 0x80, 0x0, 0x0, 0xd, 0x50, 0x0,
    0x0, 0xa, 0x0, 0x0,

    /* U+0146 "ņ" */
    0xf, 0x6d, 0xfb, 0x10, 0xfd, 0x43, 0xe8, 0xf,
    0x40, 0x8, 0xb0, 0xf3, 0x0, 0x7c, 0xf, 0x30,
    0x7, 0xc0, 0xf3, 0x0, 0x7c, 0xf, 0x30, 0x7,
    0xc0, 0xf3, 0x0, 0x7c, 0x0, 0x0, 0x0, 0x0,
    0x0, 0xc6, 0x0, 0x0, 0xe, 0x40, 0x0, 0x1,
    0x90, 0x0,

    /* U+0147 "Ň" */
    0x0, 0x71, 0x17, 0x0, 0x0, 0x4b, 0xc4, 0x0,
    0x0, 0x5, 0x40, 0x0, 0xdc, 0x0, 0x0, 0x8d,
    0xdf, 0x50, 0x0, 0x8d, 0xde, 0xe0, 0x0, 0x8d,
    0xd8, 0xe8, 0x0, 0x8d, 0xd7, 0x5f, 0x20, 0x8d,
    0xd7, 0xc, 0xb0, 0x8d, 0xd7, 0x3, 0xf4, 0x8d,
    0xd7, 0x0, 0x9d, 0x8d, 0xd7, 0x0, 0x1e, 0xed,
    0xd7, 0x0, 0x6, 0xfd, 0xd7, 0x0, 0x0, 0xcd,

    /* U+0148 "ň" */
    0x0, 0xb4, 0x79, 0x0, 0x0, 0xca, 0x0, 0x0,
    0x0, 0x0, 0x0, 0xf6, 0xdf, 0xb1, 0xf, 0xd4,
    0x3e, 0x80, 0xf4, 0x0, 0x8b, 0xf, 0x30, 0x7,
    0xc0, 0xf3, 0x0, 0x7c, 0xf, 0x30, 0x7, 0xc0,
    0xf3, 0x0, 0x7c, 0xf, 0x30, 0x7, 0xc0,

    /* U+0149 "ŉ" */
    0xf, 0x30, 0x0, 0x0, 0x2f, 0x10, 0x0, 0x0,
    0x26, 0x0, 0x0, 0x0, 0x0, 0xf6, 0xdf, 0xb1,
    0x0, 0xfd, 0x43, 0xe8, 0x0, 0xf4, 0x0, 0x8b,
    0x0, 0xf3, 0x0, 0x7c, 0x0, 0xf3, 0x0, 0x7c,
    0x0, 0xf3, 0x0, 0x7c, 0x0, 0xf3, 0x0, 0x7c,
    0x0, 0xf3, 0x0, 0x7c,

    /* U+014A "Ŋ" */
    0xeb, 0x0, 0x0, 0xaa, 0xef, 0x40, 0x0, 0xaa,
    0xee, 0xd0, 0x0, 0xaa, 0xe7, 0xe6, 0x0, 0xaa,
    0xe6, 0x6e, 0x10, 0xaa, 0xe6, 0xd, 0x90, 0xaa,
    0xe6, 0x4, 0xf2, 0xaa, 0xe6, 0x0, 0xab, 0xaa,
    0xe6, 0x0, 0x2f, 0xea, 0xe6, 0x0, 0x8, 0xfa,
    0xe6, 0x0, 0x0, 0xea, 0x0, 0x0, 0x0, 0xa9,
    0x0, 0x0, 0x13, 0xe7, 0x0, 0x0, 0x4f, 0xb0,

    /* U+014B "ŋ" */
    0xf, 0x5c, 0xfb, 0x10, 0xfc, 0x43, 0xd9, 0xf,
    0x40, 0x7, 0xd0, 0xf4, 0x0, 0x6e, 0xf, 0x40,
    0x6, 0xe0, 0xf4, 0x0, 0x6e, 0xf, 0x40, 0x6,
    0xe0, 0xf4, 0x0, 0x6e, 0x0, 0x0, 0x6, 0xd0,
    0x0, 0x3, 0xbb, 0x0, 0x0, 0xfd, 0x20,

    /* U+014C "Ō" */
    0x0, 0x8e, 0xee, 0xe4, 0x0, 0x1, 0x11, 0x11,
    0x0, 0x0, 0x3b, 0xfe, 0x90, 0x0, 0x2f, 0x93,
    0x5d, 0xb0, 0xa, 0xb0, 0x0, 0x1f, 0x40, 0xf5,
    0x0, 0x0, 0xb9, 0x2f, 0x20, 0x0, 0x9, 0xc2,
    0xf1, 0x0, 0x0, 0x8c, 0x2f, 0x20, 0x0, 0x9,
    0xc0, 0xf5, 0x0, 0x0, 0xb9, 0xa, 0xb0, 0x0,
    0x1f, 0x50, 0x2f, 0x93, 0x5d, 0xc0, 0x0, 0x3b,
    0xfe, 0x90, 0x0,

    /* U+014D "ō" */
    0x7, 0xff, 0xff, 0x60, 0x0, 0x0, 0x0, 0x0,
    0x0, 0x0, 0x0, 0x0, 0x0, 0x9e, 0xf9, 0x0,
    0xb, 0xc3, 0x3d, 0xa0, 0x2f, 0x20, 0x3, 0xf1,
    0x5f, 0x0, 0x0, 0xf4, 0x4f, 0x0, 0x0, 0xf5,
    0x2f, 0x20, 0x3, 0xf2, 0xa, 0xc3, 0x3d, 0xa0,
    0x0, 0xaf, 0xe9, 0x0,

    /* U+014E "Ŏ" */
    0x0, 0x16, 0x1, 0x60, 0x0, 0x0, 0xe1, 0x6a,
    0x0, 0x0, 0x5, 0xdc, 0x20, 0x0, 0x3, 0xbf,
    0xe9, 0x0, 0x2, 0xf9, 0x35, 0xdb, 0x0, 0xab,
    0x0, 0x1, 0xf4, 0xf, 0x50, 0x0, 0xb, 0x92,
    0xf2, 0x0, 0x0, 0x9c, 0x2f, 0x10, 0x0, 0x8,
    0xc2, 0xf2, 0x0, 0x0, 0x9c, 0xf, 0x50, 0x0,
    0xb, 0x90, 0xab, 0x0, 0x1, 0xf5, 0x2, 0xf9,
    0x35, 0xdc, 0x0, 0x3, 0xbf, 0xe9, 0x0,

    /* U+014F "ŏ" */
    0x0, 0xf1, 0x3e, 0x0, 0x0, 0x5d, 0xc4, 0x0,
    0x0, 0x0, 0x0, 0x0, 0x0, 0x9e, 0xf9, 0x0,
    0xb, 0xc3, 0x3d, 0xa0, 0x2f, 0x20, 0x3, 0xf1,
    0x5f, 0x0, 0x0, 0xf4, 0x4f, 0x0, 0x0, 0xf5,
    0x2f, 0x20, 0x3, 0xf2, 0xa, 0xc3, 0x3d, 0xa0,
    0x0, 0xaf, 0xe9, 0x0,

    /* U+0150 "Ő" */
    0x0, 0x0, 0x21, 0x12, 0x0, 0x0, 0x1f, 0x3d,
    0x70, 0x0, 0x9, 0x79, 0x90, 0x0, 0x3, 0xbf,
    0xe9, 0x0, 0x2, 0xf9, 0x35, 0xdb, 0x0, 0xab,
    0x0, 0x1, 0xf4, 0xf, 0x50, 0x0, 0xb, 0x92,
    0xf2, 0x0, 0x0, 0x9c, 0x2f, 0x10, 0x0, 0x8,
    0xc2, 0xf2, 0x0, 0x0, 0x9c, 0xf, 0x50, 0x0,
    0xb, 0x90, 0xab, 0x0, 0x1, 0xf5, 0x2, 0xf9,
    0x35, 0xdc, 0x0, 0x3, 0xbf, 0xe9, 0x0,

    /* U+0151 "ő" */
    0x0, 0xd, 0x6a, 0xb0, 0x0, 0x6b, 0x5d, 0x0,
    0x0, 0x20, 0x21, 0x0, 0x0, 0x9e, 0xf9, 0x0,
    0xb, 0xc3, 0x3d, 0xa0, 0x2f, 0x20, 0x3, 0xf1,
    0x5f, 0x0, 0x0, 0xf4, 0x4f, 0x0, 0x0, 0xf5,
    0x2f, 0x20, 0x3, 0xf2, 0xa, 0xc3, 0x3d, 0xa0,
    0x0, 0xaf, 0xe9, 0x0,

    /* U+0152 "Œ" */
    0x0, 0x6d, 0xff, 0xff, 0xff, 0xff, 0x40, 0x6f,
    0x85, 0x3f, 0x84, 0x44, 0x41, 0xe, 0x70, 0x0,
    0xf4, 0x0, 0x0, 0x3, 0xf1, 0x0, 0xf, 0x40,
    0x0, 0x0, 0x4f, 0x0, 0x0, 0xf4, 0x0, 0x0,
    0x4, 0xf0, 0x0, 0xf, 0xff, 0xff, 0x90, 0x4f,
    0x0, 0x0, 0xf6, 0x22, 0x21, 0x3, 0xf1, 0x0,
    0xf, 0x40, 0x0, 0x0, 0xe, 0x60, 0x0, 0xf4,
    0x0, 0x0, 0x0, 0x6f, 0x62, 0x1f, 0x62, 0x22,
    0x20, 0x0, 0x6d, 0xff, 0xff, 0xff, 0xff, 0x50,

    /* U+0153 "œ" */
    0x0, 0x9f, 0xe9, 0x5, 0xdf, 0xb2, 0x0, 0xbc,
    0x33, 0xdc, 0xf5, 0x2a, 0xc0, 0x2f, 0x30, 0x4,
    0xf8, 0x0, 0x1f, 0x24, 0xf0, 0x0, 0xf, 0xff,
    0xff, 0xf3, 0x4f, 0x0, 0x1, 0xf7, 0x22, 0x22,
    0x1, 0xf2, 0x0, 0x4f, 0xa0, 0x0, 0x0, 0xa,
    0xc3, 0x3d, 0xcf, 0x62, 0x49, 0x0, 0xa, 0xfe,
    0x90, 0x5d, 0xfd, 0x60,

    /* U+0154 "Ŕ" */
    0x0, 0x3, 0x70, 0x0, 0x0, 0xd, 0x60, 0x0,
    0x0, 0x25, 0x0, 0x0, 0xdf, 0xff, 0xd6, 0x0,
    0xd8, 0x22, 0x6f, 0x50, 0xd7, 0x0, 0x9, 0xc0,
    0xd7, 0x0, 0x6, 0xe0, 0xd7, 0x0, 0x8, 0xd0,
    0xd7, 0x0, 0x4f, 0x70, 0xdf, 0xff, 0xf8, 0x0,
    0xd8, 0x23, 0xe6, 0x0, 0xd7, 0x0, 0x6e, 0x0,
    0xd7, 0x0, 0xd, 0x80, 0xd7, 0x0, 0x5, 0xf1,

    /* U+0155 "ŕ" */
    0x0, 0xe, 0x70, 0x9, 0x80, 0x0, 0x0, 0x0,
    0xf8, 0xe8, 0xf, 0xc3, 0x10, 0xf3, 0x0, 0xf,
    0x30, 0x0, 0xf3, 0x0, 0xf, 0x30, 0x0, 0xf3,
    0x0, 0xf, 0x30, 0x0,

    /* U+0156 "Ŗ" */
    0xdf, 0xff, 0xd6, 0x0, 0xd8, 0x22, 0x6f, 0x50,
    0xd7, 0x0, 0x9, 0xc0, 0xd7, 0x0, 0x6, 0xe0,
    0xd7, 0x0, 0x8, 0xd0, 0xd7, 0x0, 0x4f, 0x70,
    0xdf, 0xff, 0xf8, 0x0, 0xd8, 0x23, 0xe6, 0x0,
    0xd7, 0x0, 0x6e, 0x0, 0xd7, 0x0, 0xd, 0x80,
    0xd7, 0x0, 0x5, 0xf1, 0x0, 0x0, 0x0, 0x0,
    0x0, 0x7c, 0x0, 0x0, 0x0, 0x99, 0x0, 0x0,
    0x0, 0x91, 0x0, 0x0,

    /* U+0157 "ŗ" */
    0x0, 0x0, 0x0, 0xf8, 0xe8, 0xf, 0xc3, 0x10,
    0xf3, 0x0, 0xf, 0x30, 0x0, 0xf3, 0x0, 0xf,
    0x30, 0x0, 0xf3, 0x0, 0xf, 0x30, 0x0, 0x0,
    0x0, 0xe, 0x40, 0x1, 0xf1, 0x0, 0x38, 0x0,
    0x0,

    /* U+0158 "Ř" */
    0x5, 0x20, 0x71, 0x0, 0x2, 0xca, 0x70, 0x0,
    0x0, 0x36, 0x0, 0x0, 0xdf, 0xff, 0xd6, 0x0,
    0xd8, 0x22, 0x6f, 0x50, 0xd7, 0x0, 0x9, 0xc0,
    0xd7, 0x0, 0x6, 0xe0, 0xd7, 0x0, 0x8, 0xd0,
    0xd7, 0x0, 0x4f, 0x70, 0xdf, 0xff, 0xf8, 0x0,
    0xd8, 0x23, 0xe6, 0x0, 0xd7, 0x0, 0x6e, 0x0,
    0xd7, 0x0, 0xd, 0x80, 0xd7, 0x0, 0x5, 0xf1,

    /* U+0159 "ř" */
    0xc, 0x39, 0x70, 0x1b, 0x80, 0x0, 0x0, 0x0,
    0xf8, 0xe8, 0xf, 0xc3, 0x10, 0xf3, 0x0, 0xf,
    0x30, 0x0, 0xf3, 0x0, 0xf, 0x30, 0x0, 0xf3,
    0x0, 0xf, 0x30, 0x0,

    /* U+015A "Ś" */
    0x0, 0x0, 0x27, 0x10, 0x0, 0x0, 0xc7, 0x0,
    0x0, 0x2, 0x60, 0x0, 0x0, 0x9e, 0xfc, 0x40,
    0xa, 0xd4, 0x37, 0xf3, 0xf, 0x40, 0x0, 0xba,
    0xf, 0x60, 0x0, 0x22, 0x9, 0xf8, 0x20, 0x0,
    0x0, 0x6d, 0xfc, 0x40, 0x0, 0x0, 0x3b, 0xf4,
    0x13, 0x0, 0x0, 0xbb, 0x5f, 0x10, 0x0, 0x9b,
    0xd, 0xc4, 0x26, 0xf5, 0x1, 0x9e, 0xfd, 0x60,

    /* U+015B "ś" */
    0x0, 0x0, 0xd8, 0x0, 0x0, 0x8a, 0x0, 0x0,
    0x0, 0x0, 0x0, 0x3c, 0xfd, 0x50, 0xe, 0x92,
    0x6f, 0x20, 0xf4, 0x0, 0x83, 0x8, 0xfa, 0x60,
    0x0, 0x2, 0x7c, 0xe2, 0x27, 0x0, 0xd, 0x71,
    0xf7, 0x24, 0xf5, 0x4, 0xcf, 0xe7, 0x0,

    /* U+015C "Ŝ" */
    0x0, 0x2, 0x60, 0x0, 0x0, 0x1d, 0xa7, 0x0,
    0x0, 0x53, 0x7, 0x10, 0x0, 0x9e, 0xfc, 0x40,
    0xa, 0xd4, 0x37, 0xf3, 0xf, 0x40, 0x0, 0xba,
    0xf, 0x60, 0x0, 0x22, 0x9, 0xf8, 0x20, 0x0,
    0x0, 0x6d, 0xfc, 0x40, 0x0, 0x0, 0x3b, 0xf4,
    0x13, 0x0, 0x0, 0xbb, 0x5f, 0x10, 0x0, 0x9b,
    0xd, 0xc4, 0x26, 0xf5, 0x1, 0x9e, 0xfd, 0x60,

    /* U+015D "ŝ" */
    0x0, 0x1d, 0xa0, 0x0, 0xc, 0x38, 0x70, 0x0,
    0x0, 0x0, 0x0, 0x3c, 0xfd, 0x60, 0xe, 0x92,
    0x6f, 0x30, 0xf4, 0x0, 0x52, 0x8, 0xfa, 0x60,
    0x0, 0x2, 0x7c, 0xe2, 0x28, 0x0, 0xd, 0x71,
    0xf8, 0x24, 0xf5, 0x4, 0xcf, 0xe7, 0x0,

    /* U+015E "Ş" */
    0x0, 0x9e, 0xfc, 0x40, 0xa, 0xd4, 0x37, 0xf3,
    0xf, 0x40, 0x0, 0xba, 0xf, 0x60, 0x0, 0x22,
    0x9, 0xf8, 0x20, 0x0, 0x0, 0x6d, 0xfc, 0x40,
    0x0, 0x0, 0x3b, 0xf4, 0x13, 0x0, 0x0, 0xbb,
    0x5f, 0x10, 0x0, 0x9b, 0xd, 0xc4, 0x26, 0xf5,
    0x1, 0x9e, 0xfd, 0x60, 0x0, 0x3, 0xe4, 0x0,
    0x0, 0x0, 0x5b, 0x0, 0x0, 0x4, 0xd4, 0x0,

    /* U+015F "ş" */
    0x3, 0xcf, 0xd6, 0x0, 0xe9, 0x26, 0xf3, 0xf,
    0x40, 0x5, 0x20, 0x8f, 0xa6, 0x0, 0x0, 0x27,
    0xce, 0x22, 0x80, 0x0, 0xd7, 0x1f, 0x82, 0x4f,
    0x50, 0x4c, 0xfe, 0x70, 0x0, 0xa, 0xa0, 0x0,
    0x0, 0xc, 0x40, 0x0, 0xa, 0xa0, 0x0,

    /* U+0160 "Š" */
    0x0, 0x53, 0x7, 0x10, 0x0, 0x1d, 0xa8, 0x0,
    0x0, 0x2, 0x60, 0x0, 0x0, 0x9e, 0xfc, 0x40,
    0xa, 0xd4, 0x37, 0xf3, 0xf, 0x40, 0x0, 0xba,
    0xf, 0x60, 0x0, 0x22, 0x9, 0xf8, 0x20, 0x0,
    0x0, 0x6d, 0xfc, 0x40, 0x0, 0x0, 0x3b, 0xf4,
    0x13, 0x0, 0x0, 0xbb, 0x5f, 0x10, 0x0, 0x9b,
    0xd, 0xc4, 0x26, 0xf5, 0x1, 0x9e, 0xfd, 0x60,

    /* U+0161 "š" */
    0x0, 0xc3, 0x88, 0x0, 0x1, 0xc9, 0x0, 0x0,
    0x0, 0x0, 0x0, 0x3c, 0xfd, 0x50, 0xe, 0x92,
    0x6f, 0x20, 0xf4, 0x0, 0x83, 0x8, 0xfa, 0x60,
    0x0, 0x2, 0x7c, 0xe2, 0x27, 0x0, 0xd, 0x71,
    0xf7, 0x24, 0xf5, 0x4, 0xcf, 0xe7, 0x0,

    /* U+0162 "Ţ" */
    0xaf, 0xff, 0xff, 0xff, 0x1, 0x22, 0x8d, 0x22,
    0x20, 0x0, 0x7, 0xd0, 0x0, 0x0, 0x0, 0x7d,
    0x0, 0x0, 0x0, 0x7, 0xd0, 0x0, 0x0, 0x0,
    0x7d, 0x0, 0x0, 0x0, 0x7, 0xd0, 0x0, 0x0,
    0x0, 0x7d, 0x0, 0x0, 0x0, 0x7, 0xd0, 0x0,
    0x0, 0x0, 0x7d, 0x0, 0x0, 0x0, 0x7, 0xd0,
    0x0, 0x0, 0x0, 0x5d, 0x20, 0x0, 0x0, 0x0,
    0x79, 0x0, 0x0, 0x0, 0x5d, 0x30, 0x0,

    /* U+0163 "ţ" */
    0x9, 0xa0, 0x0, 0x9a, 0x0, 0xff, 0xff, 0x0,
    0x9a, 0x0, 0x9, 0xa0, 0x0, 0x9a, 0x0, 0x9,
    0xa0, 0x0, 0x9a, 0x0, 0x8, 0xd3, 0x0, 0x2e,
    0xf1, 0x0, 0x6d, 0x20, 0x0, 0x88, 0x0, 0x7c,
    0x20,

    /* U+0164 "Ť" */
    0x0, 0x52, 0x7, 0x10, 0x0, 0x2, 0xca, 0x70,
    0x0, 0x0, 0x3, 0x60, 0x0, 0xa, 0xff, 0xff,
    0xff, 0xf0, 0x12, 0x28, 0xd2, 0x22, 0x0, 0x0,
    0x7d, 0x0, 0x0, 0x0, 0x7, 0xd0, 0x0, 0x0,
    0x0, 0x7d, 0x0, 0x0, 0x0, 0x7, 0xd0, 0x0,
    0x0, 0x0, 0x7d, 0x0, 0x0, 0x0, 0x7, 0xd0,
    0x0, 0x0, 0x0, 0x7d, 0x0, 0x0, 0x0, 0x7,
    0xd0, 0x0, 0x0, 0x0, 0x7d, 0x0, 0x0,

    /* U+0165 "ť" */
    0x0, 0x1, 0xf1, 0x0, 0x5, 0xd0, 0x9, 0xa3,
    0x30, 0x9, 0xa0, 0x0, 0xff, 0xff, 0x0, 0x9,
    0xa0, 0x0, 0x9, 0xa0, 0x0, 0x9, 0xa0, 0x0,
    0x9, 0xa0, 0x0, 0x9, 0xa0, 0x0, 0x8, 0xd3,
    0x0, 0x2, 0xdf, 0x10,

    /* U+0166 "Ŧ" */
    0xaf, 0xff, 0xff, 0xff, 0x1, 0x22, 0x8d, 0x22,
    0x20, 0x0, 0x7, 0xd0, 0x0, 0x0, 0x0, 0x7d,
    0x0, 0x0, 0x0, 0xef, 0xff, 0x60, 0x0, 0x2,
    0x8d, 0x20, 0x0, 0x0, 0x7, 0xd0, 0x0, 0x0,
    0x0, 0x7d, 0x0, 0x0, 0x0, 0x7, 0xd0, 0x0,
    0x0, 0x0, 0x7d, 0x0, 0x0, 0x0, 0x7, 0xd0,
    0x0, 0x0,

    /* U+0167 "ŧ" */
    0x0, 0x9a, 0x0, 0x0, 0x9a, 0x0, 0xf, 0xff,
    0xf0, 0x0, 0x9a, 0x0, 0x1f, 0xff, 0xf4, 0x2,
    0xab, 0x20, 0x0, 0x9a, 0x0, 0x0, 0x9a, 0x0,
    0x0, 0x7d, 0x30, 0x0, 0x1d, 0xf1,

    /* U+0168 "Ũ" */
    0x0, 0x0, 0x0, 0x0, 0x0, 0x7, 0xee, 0xeb,
    0x0, 0x0, 0x11, 0x11, 0x0, 0x0, 0xf4, 0x0,
    0x2, 0xf2, 0xf, 0x40, 0x0, 0x2f, 0x20, 0xf4,
    0x0, 0x2, 0xf2, 0xf, 0x40, 0x0, 0x2f, 0x20,
    0xf4, 0x0, 0x2, 0xf2, 0xf, 0x40, 0x0, 0x2f,
    0x20, 0xf4, 0x0, 0x2, 0xf2, 0xf, 0x40, 0x0,
    0x2f, 0x20, 0xd7, 0x0, 0x6, 0xf0, 0x6, 0xf6,
    0x25, 0xe8, 0x0, 0x6, 0xdf, 0xd7, 0x0,

    /* U+0169 "ũ" */
    0x0, 0x0, 0x0, 0x0, 0x1d, 0xb1, 0xb3, 0x7,
    0x84, 0xec, 0x0, 0x0, 0x0, 0x0, 0x1f, 0x30,
    0x8, 0xc1, 0xf3, 0x0, 0x8c, 0x1f, 0x30, 0x8,
    0xc1, 0xf3, 0x0, 0x8c, 0x1f, 0x30, 0x8, 0xc0,
    0xf3, 0x0, 0x8c, 0xd, 0xa2, 0x5e, 0xc0, 0x3d,
    0xfb, 0x9c,

    /* U+016A "Ū" */
    0x0, 0xce, 0xee, 0xe0, 0x0, 0x1, 0x11, 0x11,
    0x0, 0xf, 0x40, 0x0, 0x2f, 0x20, 0xf4, 0x0,
    0x2, 0xf2, 0xf, 0x40, 0x0, 0x2f, 0x20, 0xf4,
    0x0, 0x2, 0xf2, 0xf, 0x40, 0x0, 0x2f, 0x20,
    0xf4, 0x0, 0x2, 0xf2, 0xf, 0x40, 0x0, 0x2f,
    0x20, 0xf4, 0x0, 0x2, 0xf2, 0xd, 0x70, 0x0,
    0x6f, 0x0, 0x6f, 0x62, 0x5e, 0x80, 0x0, 0x6d,
    0xfd, 0x70, 0x0,

    /* U+016B "ū" */
    0x8, 0xff, 0xff, 0x50, 0x0, 0x0, 0x0, 0x0,
    0x0, 0x0, 0x1, 0xf3, 0x0, 0x8c, 0x1f, 0x30,
    0x8, 0xc1, 0xf3, 0x0, 0x8c, 0x1f, 0x30, 0x8,
    0xc1, 0xf3, 0x0, 0x8c, 0xf, 0x30, 0x8, 0xc0,
    0xda, 0x25, 0xec, 0x3, 0xdf, 0xb9, 0xc0,

    /* U+016C "Ŭ" */
    0x0, 0x34, 0x3, 0x40, 0x0, 0x4, 0xc0, 0xa6,
    0x0, 0x0, 0x8, 0xda, 0x0, 0x0, 0xf4, 0x0,
    0x2, 0xf2, 0xf, 0x40, 0x0, 0x2f, 0x20, 0xf4,
    0x0, 0x2, 0xf2, 0xf, 0x40, 0x0, 0x2f, 0x20,
    0xf4, 0x0, 0x2, 0xf2, 0xf, 0x40, 0x0, 0x2f,
    0x20, 0xf4, 0x0, 0x2, 0xf2, 0xf, 0x40, 0x0,
    0x2f, 0x20, 0xd7, 0x0, 0x6, 0xf0, 0x6, 0xf6,
    0x25, 0xe8, 0x0, 0x6, 0xdf, 0xd7, 0x0,

    /* U+016D "ŭ" */
    0x1, 0xe1, 0x4d, 0x0, 0x6, 0xdc, 0x30, 0x0,
    0x0, 0x0, 0x1, 0xf3, 0x0, 0x8c, 0x1f, 0x30,
    0x8, 0xc1, 0xf3, 0x0, 0x8c, 0x1f, 0x30, 0x8,
    0xc1, 0xf3, 0x0, 0x8c, 0xf, 0x30, 0x8, 0xc0,
    0xda, 0x25, 0xec, 0x3, 0xdf, 0xb9, 0xc0,

    /* U+016E "Ů" */
    0x0, 0x5, 0xb7, 0x0, 0x0, 0x0, 0xb0, 0xb0,
    0x0, 0x0, 0x5, 0xa7, 0x0, 0x0, 0xf4, 0x0,
    0x2, 0xf2, 0xf, 0x40, 0x0, 0x2f, 0x20, 0xf4,
    0x0, 0x2, 0xf2, 0xf, 0x40, 0x0, 0x2f, 0x20,
    0xf4, 0x0, 0x2, 0xf2, 0xf, 0x40, 0x0, 0x2f,
    0x20, 0xf4, 0x0, 0x2, 0xf2, 0xf, 0x40, 0x0,
    0x2f, 0x20, 0xd7, 0x0, 0x6, 0xf0, 0x6, 0xf6,
    0x25, 0xe8, 0x0, 0x6, 0xdf, 0xd7, 0x0,

    /* U+016F "ů" */
    0x0, 0x2a, 0xa0, 0x0, 0x8, 0x37, 0x40, 0x0,
    0x2a, 0x90, 0x0, 0x0, 0x0, 0x0, 0x1f, 0x30,
    0x8, 0xc1, 0xf3, 0x0, 0x8c, 0x1f, 0x30, 0x8,
    0xc1, 0xf3, 0x0, 0x8c, 0x1f, 0x30, 0x8, 0xc0,
    0xf3, 0x0, 0x8c, 0xd, 0xa2, 0x5e, 0xc0, 0x3d,
    0xfb, 0x9c,

    /* U+0170 "Ű" */
    0x0, 0x0, 0x20, 0x22, 0x0, 0x0, 0x5d, 0x3e,
    0x30, 0x0, 0xd, 0x4d, 0x50, 0x0, 0xf4, 0x0,
    0x2, 0xf2, 0xf, 0x40, 0x0, 0x2f, 0x20, 0xf4,
    0x0, 0x2, 0xf2, 0xf, 0x40, 0x0, 0x2f, 0x20,
    0xf4, 0x0, 0x2, 0xf2, 0xf, 0x40, 0x0, 0x2f,
    0x20, 0xf4, 0x0, 0x2, 0xf2, 0xf, 0x40, 0x0,
    0x2f, 0x20, 0xd7, 0x0, 0x6, 0xf0, 0x6, 0xf6,
    0x25, 0xe8, 0x0, 0x6, 0xdf, 0xd7, 0x0,

    /* U+0171 "ű" */
    0x0, 0xe, 0x5b, 0xa0, 0x0, 0x7a, 0x6c, 0x0,
    0x0, 0x20, 0x20, 0x0, 0x1f, 0x30, 0x8, 0xc0,
    0x1f, 0x30, 0x8, 0xc0, 0x1f, 0x30, 0x8, 0xc0,
    0x1f, 0x30, 0x8, 0xc0, 0x1f, 0x30, 0x8, 0xc0,
    0xf, 0x30, 0x8, 0xc0, 0xd, 0xa2, 0x5e, 0xc0,
    0x3, 0xdf, 0xb9, 0xc0,

    /* U+0172 "Ų" */
    0xf, 0x40, 0x0, 0x2f, 0x20, 0xf4, 0x0, 0x2,
    0xf2, 0xf, 0x40, 0x0, 0x2f, 0x20, 0xf4, 0x0,
    0x2, 0xf2, 0xf, 0x40, 0x0, 0x2f, 0x20, 0xf4,
    0x0, 0x2, 0xf2, 0xf, 0x40, 0x0, 0x2f, 0x20,
    0xf4, 0x0, 0x2, 0xf2, 0xd, 0x70, 0x0, 0x6f,
    0x0, 0x6f, 0x62, 0x5e, 0xa0, 0x0, 0x6d, 0xff,
    0xb1, 0x0, 0x0, 0x9, 0xa0, 0x0, 0x0, 0x0,
    0xc5, 0x10, 0x0, 0x0, 0x7, 0xf6, 0x0,

    /* U+0173 "ų" */
    0x1f, 0x30, 0x8, 0xc1, 0xf3, 0x0, 0x8c, 0x1f,
    0x30, 0x8, 0xc1, 0xf3, 0x0, 0x8c, 0x1f, 0x30,
    0x8, 0xc0, 0xf3, 0x0, 0x8c, 0xd, 0xa2, 0x5e,
    0xc0, 0x3d, 0xfb, 0xab, 0x0, 0x0, 0x2d, 0x20,
    0x0, 0x8, 0x91, 0x0, 0x0, 0x4f, 0xa0,

    /* U+0174 "Ŵ" */
    0x0, 0x0, 0x2, 0x70, 0x0, 0x0, 0x0, 0x0,
    0x1, 0xda, 0x80, 0x0, 0x0, 0x0, 0x0, 0x44,
    0x6, 0x10, 0x0, 0x7, 0xd0, 0x0, 0x6f, 0x0,
    0x4, 0xf0, 0x4f, 0x0, 0xa, 0xf3, 0x0, 0x8c,
    0x0, 0xf4, 0x0, 0xed, 0x70, 0xb, 0x90, 0xd,
    0x70, 0x2f, 0x7b, 0x0, 0xe5, 0x0, 0x9a, 0x6,
    0xb2, 0xf0, 0x2f, 0x20, 0x6, 0xd0, 0xa7, 0xe,
    0x35, 0xe0, 0x0, 0x2f, 0x1e, 0x30, 0xa7, 0x8b,
    0x0, 0x0, 0xe7, 0xe0, 0x6, 0xbb, 0x70, 0x0,
    0xb, 0xda, 0x0, 0x2e, 0xe4, 0x0, 0x0, 0x8f,
    0x60, 0x0, 0xdf, 0x0, 0x0, 0x4, 0xf2, 0x0,
    0x9, 0xd0, 0x0,

    /* U+0175 "ŵ" */
    0x0, 0x0, 0xad, 0x20, 0x0, 0x0, 0x0, 0x68,
    0x2a, 0x0, 0x0, 0x0, 0x0, 0x0, 0x0, 0x0,
    0x9, 0xa0, 0x6, 0xe0, 0x3, 0xf1, 0x4e, 0x0,
    0xbf, 0x20, 0x6c, 0x0, 0xf2, 0xf, 0xa7, 0xa,
    0x80, 0xc, 0x64, 0xc5, 0xc0, 0xe3, 0x0, 0x8a,
    0x87, 0xf, 0x3f, 0x0, 0x3, 0xed, 0x30, 0xbb,
    0xb0, 0x0, 0xf, 0xe0, 0x6, 0xf7, 0x0, 0x0,
    0xb9, 0x0, 0x2f, 0x20, 0x0,

    /* U+0176 "Ŷ" */
    0x0, 0x3, 0x60, 0x0, 0x0, 0x2, 0xda, 0x70,
    0x0, 0x0, 0x53, 0x7, 0x0, 0xa, 0xd0, 0x0,
    0x7, 0xf1, 0x2f, 0x50, 0x0, 0xe8, 0x0, 0xad,
    0x0, 0x7f, 0x10, 0x2, 0xf4, 0xe, 0x80, 0x0,
    0xa, 0xc6, 0xf1, 0x0, 0x0, 0x2f, 0xf8, 0x0,
    0x0, 0x0, 0xaf, 0x10, 0x0, 0x0, 0x7, 0xd0,
    0x0, 0x0, 0x0, 0x7d, 0x0, 0x0, 0x0, 0x7,
    0xd0, 0x0, 0x0, 0x0, 0x7d, 0x0, 0x0,

    /* U+0177 "ŷ" */
    0x0, 0x6e, 0x50, 0x0, 0x3a, 0x1a, 0x20, 0x0,
    0x0, 0x0, 0xa, 0xa0, 0x1, 0xf4, 0x5f, 0x0,
    0x5e, 0x0, 0xf5, 0xa, 0xa0, 0xa, 0xa0, 0xe4,
    0x0, 0x5e, 0x3f, 0x0, 0x0, 0xfc, 0xa0, 0x0,
    0xa, 0xf5, 0x0, 0x0, 0x4f, 0x0, 0x0, 0x7,
    0xa0, 0x0, 0x14, 0xe4, 0x0, 0x6, 0xf8, 0x0,
    0x0,

    /* U+0178 "Ÿ" */
    0x0, 0xc5, 0xd, 0x40, 0x0, 0x5, 0x20, 0x61,
    0x0, 0xad, 0x0, 0x0, 0x7f, 0x12, 0xf5, 0x0,
    0xe, 0x80, 0xa, 0xd0, 0x7, 0xf1, 0x0, 0x2f,
    0x40, 0xe8, 0x0, 0x0, 0xac, 0x6f, 0x10, 0x0,
    0x2, 0xff, 0x80, 0x0, 0x0, 0xa, 0xf1, 0x0,
    0x0, 0x0, 0x7d, 0x0, 0x0, 0x0, 0x7, 0xd0,
    0x0, 0x0, 0x0, 0x7d, 0x0, 0x0, 0x0, 0x7,
    0xd0, 0x0, 0x0,

    /* U+0179 "Ź" */
    0x0, 0x0, 0x27, 0x10, 0x0, 0x0, 0xc7, 0x0,
    0x0, 0x2, 0x60, 0x0, 0x5f, 0xff, 0xff, 0xf9,
    0x2, 0x22, 0x25, 0xf5, 0x0, 0x0, 0xc, 0xb0,
    0x0, 0x0, 0x6f, 0x10, 0x0, 0x1, 0xe7, 0x0,
    0x0, 0xa, 0xd0, 0x0, 0x0, 0x4f, 0x30, 0x0,
    0x0, 0xd9, 0x0, 0x0, 0x8, 0xe1, 0x0, 0x0,
    0x2f, 0x72, 0x22, 0x21, 0x6f, 0xff, 0xff, 0xfd,

    /* U+017A "ź" */
    0x0, 0x3, 0xf3, 0x0, 0x0, 0xc4, 0x0, 0x0,
    0x0, 0x0, 0x5, 0xff, 0xff, 0xf4, 0x1, 0x11,
    0xad, 0x0, 0x0, 0x4f, 0x30, 0x0, 0x1e, 0x70,
    0x0, 0xa, 0xc0, 0x0, 0x5, 0xf2, 0x0, 0x1,
    0xe8, 0x11, 0x10, 0x6f, 0xff, 0xff, 0x70,

    /* U+017B "Ż" */
    0x0, 0x5, 0xc0, 0x0, 0x0, 0x2, 0x50, 0x0,
    0x5f, 0xff, 0xff, 0xf9, 0x2, 0x22, 0x25, 0xf5,
    0x0, 0x0, 0xc, 0xb0, 0x0, 0x0, 0x6f, 0x10,
    0x0, 0x1, 0xe7, 0x0, 0x0, 0xa, 0xd0, 0x0,
    0x0, 0x4f, 0x30, 0x0, 0x0, 0xd9, 0x0, 0x0,
    0x8, 0xe1, 0x0, 0x0, 0x2f, 0x72, 0x22, 0x21,
    0x6f, 0xff, 0xff, 0xfd,

    /* U+017C "ż" */
    0x0, 0x1e, 0x20, 0x0, 0x0, 0x70, 0x0, 0x0,
    0x0, 0x0, 0x5, 0xff, 0xff, 0xf4, 0x1, 0x11,
    0xad, 0x0, 0x0, 0x4f, 0x30, 0x0, 0x1e, 0x70,
    0x0, 0xa, 0xc0, 0x0, 0x5, 0xf2, 0x0, 0x1,
    0xe8, 0x11, 0x10, 0x6f, 0xff, 0xff, 0x70,

    /* U+017D "Ž" */
    0x0, 0x53, 0x7, 0x10, 0x0, 0x2d, 0xa7, 0x0,
    0x0, 0x3, 0x60, 0x0, 0x5f, 0xff, 0xff, 0xf9,
    0x2, 0x22, 0x25, 0xf5, 0x0, 0x0, 0xc, 0xb0,
    0x0, 0x0, 0x6f, 0x10, 0x0, 0x1, 0xe7, 0x0,
    0x0, 0xa, 0xd0, 0x0, 0x0, 0x4f, 0x30, 0x0,
    0x0, 0xd9, 0x0, 0x0, 0x8, 0xe1, 0x0, 0x0,
    0x2f, 0x72, 0x22, 0x21, 0x6f, 0xff, 0xff, 0xfd,

    /* U+017E "ž" */
    0x3, 0xc1, 0xc4, 0x0, 0x4, 0xd4, 0x0, 0x0,
    0x0, 0x0, 0x5, 0xff, 0xff, 0xf4, 0x1, 0x11,
    0xad, 0x0, 0x0, 0x4f, 0x30, 0x0, 0x1e, 0x70,
    0x0, 0xa, 0xc0, 0x0, 0x5, 0xf2, 0x0, 0x1,
    0xe8, 0x11, 0x10, 0x6f, 0xff, 0xff, 0x70,

    /* U+017F "ſ" */
    0x2c, 0xe4, 0xbc, 0x20, 0xe6, 0x0, 0xe5, 0x0,
    0xe5, 0x0, 0xe5, 0x0, 0xe5, 0x0, 0xe5, 0x0,
    0xe5, 0x0, 0xe5, 0x0, 0xe5, 0x0,

    /* U+2013 "–" */
    0xdf, 0xff, 0xff, 0xe2, 0x22, 0x22, 0x22,

    /* U+2014 "—" */
    0xf, 0xff, 0xff, 0xff, 0xff, 0x10, 0x22, 0x22,
    0x22, 0x22, 0x20,

    /* U+2018 "‘" */
    0x2, 0x10, 0xd5, 0x4f, 0x5, 0xe0,

    /* U+2019 "’" */
    0xf, 0x31, 0xf2, 0x6d, 0x3, 0x20,

    /* U+201C "“" */
    0x2, 0x21, 0x30, 0xd6, 0xa8, 0x3f, 0x1f, 0x34,
    0xf2, 0xf2,

    /* U+201D "”" */
    0xf, 0x4d, 0x60, 0xf3, 0xe5, 0x5e, 0x3f, 0x12,
    0x31, 0x40,

    /* U+2022 "•" */
    0x0, 0x10, 0xc, 0xf7, 0xf, 0xfb, 0xa, 0xf5,

    /* U+2026 "…" */
    0x62, 0x6, 0x20, 0x71, 0xc6, 0xd, 0x61, 0xe4,

    /* U+2032 "′" */
    0xc, 0x74, 0xa0, 0x40, 0x0,

    /* U+2033 "″" */
    0xc, 0x7b, 0x83, 0xb2, 0xb0, 0x51, 0x51, 0x0,

    /* U+2122 "™" */
    0x0, 0x0, 0x0, 0x0, 0x9, 0xda, 0x5a, 0xc0,
    0x8e, 0x9, 0x20, 0xa6, 0xa9, 0xc0, 0x92, 0xa,
    0x17, 0x1c, 0x8, 0x20, 0x91, 0x0, 0xb0,

    /* U+2190 "←" */
    0x0, 0x2, 0x0, 0x0, 0x0, 0x0, 0x8, 0xe0,
    0x0, 0x0, 0x0, 0x8, 0xe3, 0x0, 0x0, 0x0,
    0x4, 0xff, 0xff, 0xff, 0xff, 0xfe, 0xb, 0xe4,
    0x33, 0x33, 0x33, 0x20, 0xb, 0xd0, 0x0, 0x0,
    0x0, 0x0, 0x5, 0x0, 0x0, 0x0, 0x0,

    /* U+2191 "↑" */
    0x0, 0x3, 0x0, 0x0, 0x6, 0xfb, 0x0, 0x6,
    0xff, 0xfb, 0x1, 0xf4, 0xe5, 0xd6, 0x1, 0xe,
    0x41, 0x0, 0x0, 0xe4, 0x0, 0x0, 0xe, 0x40,
    0x0, 0x0, 0xe4, 0x0, 0x0, 0xe, 0x40, 0x0,
    0x0, 0xe4, 0x0, 0x0, 0xe, 0x40, 0x0,

    /* U+2192 "→" */
    0x0, 0x0, 0x0, 0x0, 0x20, 0x0, 0x0, 0x0,
    0x0, 0x3, 0xf4, 0x0, 0x0, 0x0, 0x0, 0x0,
    0x6f, 0x40, 0x3f, 0xff, 0xff, 0xff, 0xff, 0xf0,
    0x3, 0x33, 0x33, 0x33, 0x6f, 0x70, 0x0, 0x0,
    0x0, 0x3, 0xf7, 0x0, 0x0, 0x0, 0x0, 0x0,
    0x50, 0x0,

    /* U+2193 "↓" */
    0x0, 0x2, 0x0, 0x0, 0x0, 0xe4, 0x0, 0x0,
    0xe, 0x40, 0x0, 0x0, 0xe4, 0x0, 0x0, 0xe,
    0x40, 0x0, 0x0, 0xe4, 0x0, 0x0, 0xe, 0x40,
    0x0, 0x30, 0xe4, 0x20, 0x1f, 0x7e, 0x7e, 0x60,
    0x3f, 0xff, 0x80, 0x0, 0x3f, 0x80, 0x0, 0x0,
    0x0, 0x0,

    /* U+2605 "★" */
    0x0, 0x0, 0x0, 0x0, 0x0, 0x0, 0x0, 0x0,
    0x0, 0x60, 0x0, 0x0, 0x0, 0x0, 0x4, 0xc0,
    0x0, 0x0, 0x0, 0x0, 0x9, 0xf2, 0x0, 0x0,
    0x3, 0x33, 0x3e, 0xf8, 0x33, 0x31, 0x3, 0xdf,
    0xff, 0xff, 0xff, 0x90, 0x0, 0xa, 0xff, 0xff,
    0xe5, 0x0, 0x0, 0x0, 0xef, 0xff, 0x70, 0x0,
    0x0, 0x3, 0xff, 0xdf, 0xc0, 0x0, 0x0, 0x8,
    0xe3, 0x8, 0xf1, 0x0, 0x0, 0x8, 0x10, 0x0,
    0x45, 0x0, 0x0, 0x0, 0x0, 0x0, 0x0, 0x0,

    /* U+2606 "☆" */
    0x0, 0x0, 0x0, 0x0, 0x0, 0x0, 0x0, 0x0,
    0x0, 0x70, 0x0, 0x0, 0x0, 0x0, 0x4, 0x80,
    0x0, 0x0, 0x0, 0x0, 0x6, 0x32, 0x0, 0x0,
    0x4, 0x55, 0x56, 0x8, 0x55, 0x52, 0x2, 0x60,
    0x0, 0x0, 0x3, 0x50, 0x0, 0x6, 0x30, 0x0,
    0x63, 0x0, 0x0, 0x0, 0x60, 0x0, 0x60, 0x0,
    0x0, 0x4, 0x25, 0x71, 0x60, 0x0, 0x0, 0x7,
    0x72, 0x5, 0x82, 0x0, 0x0, 0x7, 0x0, 0x0,
    0x24, 0x0,

    /* U+2660 "♠" */
    0x0, 0x0, 0x0, 0x0, 0x0, 0x0, 0x3b, 0x0,
    0x0, 0x0, 0xd, 0xf6, 0x0, 0x0, 0xa, 0xff,
    0xf3, 0x0, 0x7, 0xff, 0xff, 0xe1, 0x3, 0xff,
    0xff, 0xff, 0xb0, 0xaf, 0xff, 0xff, 0xff, 0x3c,
    0xff, 0xff, 0xff, 0xf5, 0x7f, 0xf8, 0x7e, 0xff,
    0x10, 0x55, 0x8, 0x26, 0x20, 0x0, 0x4, 0xd0,
    0x0, 0x0,

    /* U+2661 "♡" */
    0x0, 0x42, 0x0, 0x4, 0x30, 0x1, 0x60, 0x24,
    0x6, 0x12, 0x60, 0x60, 0x0, 0x36, 0x0, 0x2,
    0x25, 0x0, 0x0, 0x60, 0x0, 0x4, 0x50, 0x0,
    0x0, 0x0, 0x3, 0x21, 0x50, 0x0, 0x0, 0x0,
    0x60, 0x4, 0x30, 0x0, 0x0, 0x61, 0x0, 0x5,
    0x10, 0x0, 0x42, 0x0, 0x0, 0x6, 0x0, 0x33,
    0x0, 0x0, 0x0, 0x6, 0x15, 0x0, 0x0, 0x0,
    0x0, 0x16, 0x0, 0x0, 0x0,

    /* U+2662 "♢" */
    0x0, 0x0, 0x0, 0x0, 0x0, 0x0, 0x37, 0x0,
    0x0, 0x0, 0x14, 0x6, 0x0, 0x0, 0x6, 0x0,
    0x24, 0x0, 0x6, 0x0, 0x0, 0x42, 0x4, 0x20,
    0x0, 0x0, 0x60, 0x33, 0x0, 0x0, 0x6, 0x0,
    0x51, 0x0, 0x5, 0x10, 0x0, 0x60, 0x3, 0x30,
    0x0, 0x0, 0x61, 0x50, 0x0, 0x0, 0x2, 0x70,
    0x0, 0x0,

    /* U+2663 "♣" */
    0x0, 0x0, 0x13, 0x0, 0x0, 0x0, 0x5, 0xff,
    0xd0, 0x0, 0x0, 0xd, 0xff, 0xf7, 0x0, 0x0,
    0xd, 0xff, 0xf6, 0x0, 0x0, 0x6, 0xff, 0xe1,
    0x0, 0x6, 0xcc, 0xff, 0xdd, 0xa1, 0x3f, 0xff,
    0xff, 0xff, 0xfc, 0x6f, 0xff, 0xff, 0xff, 0xff,
    0x2f, 0xff, 0xa8, 0xff, 0xfa, 0x3, 0x97, 0x18,
    0x39, 0x70, 0x0, 0x0, 0x4b, 0x0, 0x0,

    /* U+2664 "♤" */
    0x0, 0x0, 0x0, 0x0, 0x0, 0x0, 0x28, 0x0,
    0x0, 0x0, 0x6, 0x15, 0x0, 0x0, 0x6, 0x0,
    0x33, 0x0, 0x5, 0x10, 0x0, 0x51, 0x3, 0x30,
    0x0, 0x0, 0x60, 0x50, 0x0, 0x0, 0x1, 0x45,
    0x0, 0x36, 0x0, 0x5, 0x52, 0x15, 0x76, 0x5,
    0x20, 0x44, 0x9, 0x15, 0x20, 0x0, 0x4, 0xb0,
    0x0, 0x0,

    /* U+2665 "♥" */
    0x0, 0x21, 0x0, 0x2, 0x10, 0x1, 0xcf, 0xf4,
    0xb, 0xff, 0x60, 0x9f, 0xff, 0xe7, 0xff, 0xff,
    0x1b, 0xff, 0xff, 0xff, 0xff, 0xf4, 0x9f, 0xff,
    0xff, 0xff, 0xff, 0x12, 0xff, 0xff, 0xff, 0xff,
    0xb0, 0x7, 0xff, 0xff, 0xff, 0xe1, 0x0, 0xa,
    0xff, 0xff, 0xf3, 0x0, 0x0, 0xc, 0xff, 0xf5,
    0x0, 0x0, 0x0, 0x1e, 0xf8, 0x0, 0x0, 0x0,
    0x0, 0x3a, 0x0, 0x0, 0x0,

    /* U+2666 "♦" */
    0x0, 0x0, 0x0, 0x0, 0x0, 0x0, 0x4c, 0x0,
    0x0, 0x0, 0x1e, 0xf9, 0x0, 0x0, 0xc, 0xff,
    0xf5, 0x0, 0x9, 0xff, 0xff, 0xf2, 0x5, 0xff,
    0xff, 0xff, 0xd0, 0x3f, 0xff, 0xff, 0xfb, 0x0,
    0x7f, 0xff, 0xfe, 0x10, 0x0, 0xaf, 0xff, 0x30,
    0x0, 0x0, 0xdf, 0x70, 0x0, 0x0, 0x2, 0x90,
    0x0, 0x0,

    /* U+2667 "♧" */
    0x0, 0x0, 0x24, 0x0, 0x0, 0x0, 0x4, 0x30,
    0x61, 0x0, 0x0, 0x5, 0x0, 0x5, 0x0, 0x0,
    0x5, 0x0, 0x5, 0x0, 0x0, 0x5, 0x0, 0x31,
    0x0, 0x4, 0x55, 0x30, 0x65, 0x61, 0x33, 0x0,
    0x0, 0x0, 0x6, 0x50, 0x0, 0x19, 0x0, 0x5,
    0x24, 0x0, 0x68, 0x30, 0x6, 0x3, 0x66, 0x18,
    0x36, 0x50, 0x0, 0x0, 0x4a, 0x0, 0x0,

    /* U+2669 "♩" */
    0x0, 0x1, 0x0, 0x9, 0x0, 0x9, 0x0, 0x9,
    0x0, 0x9, 0x0, 0x9, 0x0, 0x9, 0x0, 0x9,
    0x1, 0x9, 0x9f, 0xfb, 0x8f, 0xf5, 0x0, 0x0,

    /* U+266A "♪" */
    0x0, 0x2, 0x0, 0x0, 0x0, 0xe5, 0x0, 0x0,
    0xd, 0xde, 0x40, 0x0, 0xb0, 0x4a, 0x0, 0xb,
    0x1, 0x40, 0x0, 0xb0, 0x0, 0x0, 0xb, 0x0,
    0x0, 0x0, 0xb0, 0x0, 0x1, 0xb, 0x0, 0x9,
    0xfe, 0xb0, 0x0, 0x9f, 0xf5, 0x0, 0x0, 0x0,
    0x0, 0x0,

    /* U+266B "♫" */
    0x0, 0x2, 0x0, 0x0, 0x0, 0xd, 0xea, 0x51,
    0x0, 0x9, 0x8d, 0xff, 0x0, 0x8, 0x0, 0x2b,
    0x0, 0x8, 0x0, 0x8, 0x0, 0x8, 0x0, 0x8,
    0x0, 0x8, 0x0, 0x8, 0x0, 0x8, 0x0, 0x8,
    0x2, 0x28, 0x0, 0x8, 0x4f, 0xfa, 0x0, 0x8,
    0x3d, 0xd4, 0xa, 0xdc, 0x0, 0x0, 0x1f, 0xfc,
    0x0, 0x0, 0x2, 0x40,

    /* U+266C "♬" */
    0x0, 0x2, 0x33, 0x33, 0x33, 0x0, 0x0, 0xdf,
    0xff, 0xff, 0xf0, 0x0, 0xa, 0x33, 0x33, 0x3a,
    0x0, 0x0, 0xb8, 0x88, 0x88, 0xc0, 0x0, 0xc,
    0xff, 0xff, 0xff, 0x0, 0x0, 0x90, 0x0, 0x0,
    0x90, 0x0, 0x9, 0x0, 0x0, 0x9, 0x0, 0x0,
    0x90, 0x0, 0x0, 0x90, 0x0, 0x9, 0x0, 0x0,
    0x9, 0x8, 0xff, 0xb0, 0x4, 0xff, 0xe0, 0x6f,
    0xe5, 0x0, 0x3e, 0xf8, 0x0, 0x0, 0x0, 0x0,
    0x0, 0x0,

    /* U+2713 "✓" */
    0x0, 0x0, 0x2, 0xa2, 0x0, 0x0, 0x1e, 0x90,
    0x0, 0x0, 0xbc, 0x0, 0x0, 0x7, 0xe1, 0x0,
    0x22, 0x2f, 0x40, 0x0, 0xdb, 0xc9, 0x0, 0x0,
    0x9f, 0xd0, 0x0, 0x0, 0x2b, 0x30, 0x0, 0x0,

    /* U+2717 "✗" */
    0x0, 0x0, 0x0, 0x1, 0x0, 0x2, 0xb2, 0x3,
    0xe9, 0x0, 0x1f, 0x92, 0xed, 0x0, 0x0, 0xbf,
    0xde, 0x10, 0x0, 0x5, 0xff, 0x40, 0x0, 0x0,
    0x7f, 0xf2, 0x0, 0x0, 0x3f, 0xef, 0xa0, 0x0,
    0x1e, 0xf2, 0xcf, 0x20, 0xa, 0xf6, 0x2, 0xf4,
    0x3, 0xfc, 0x0, 0x2, 0x0, 0x3f, 0x20, 0x0,
    0x0, 0x0, 0x0, 0x0, 0x0, 0x0
};


/*---------------------
 *  GLYPH DESCRIPTION
 *--------------------*/

static const lv_font_fmt_txt_glyph_dsc_t glyph_dsc[] = {
    {.bitmap_index = 0, .adv_w = 0, .box_w = 0, .box_h = 0, .ofs_x = 0, .ofs_y = 0} /* id = 0 reserved */,
    {.bitmap_index = 0, .adv_w = 55, .box_w = 0, .box_h = 0, .ofs_x = 0, .ofs_y = 0},
    {.bitmap_index = 0, .adv_w = 58, .box_w = 2, .box_h = 11, .ofs_x = 1, .ofs_y = 0},
    {.bitmap_index = 11, .adv_w = 72, .box_w = 4, .box_h = 4, .ofs_x = 0, .ofs_y = 7},
    {.bitmap_index = 19, .adv_w = 138, .box_w = 9, .box_h = 11, .ofs_x = 0, .ofs_y = 0},
    {.bitmap_index = 69, .adv_w = 126, .box_w = 8, .box_h = 14, .ofs_x = 0, .ofs_y = -2},
    {.bitmap_index = 125, .adv_w = 164, .box_w = 10, .box_h = 11, .ofs_x = 0, .ofs_y = 0},
    {.bitmap_index = 180, .adv_w = 139, .box_w = 9, .box_h = 11, .ofs_x = 0, .ofs_y = 0},
    {.bitmap_index = 230, .adv_w = 39, .box_w = 2, .box_h = 4, .ofs_x = 0, .ofs_y = 7},
    {.bitmap_index = 234, .adv_w = 77, .box_w = 5, .box_h = 16, .ofs_x = 0, .ofs_y = -4},
    {.bitmap_index = 274, .adv_w = 78, .box_w = 4, .box_h = 16, .ofs_x = 0, .ofs_y = -4},
    {.bitmap_index = 306, .adv_w = 96, .box_w = 6, .box_h = 7, .ofs_x = 0, .ofs_y = 4},
    {.bitmap_index = 327, .adv_w = 127, .box_w = 8, .box_h = 8, .ofs_x = 0, .ofs_y = 1},
    {.bitmap_index = 359, .adv_w = 44, .box_w = 3, .box_h = 4, .ofs_x = 0, .ofs_y = -2},
    {.bitmap_index = 365, .adv_w = 62, .box_w = 4, .box_h = 2, .ofs_x = 0, .ofs_y = 3},
    {.bitmap_index = 369, .adv_w = 59, .box_w = 3, .box_h = 2, .ofs_x = 0, .ofs_y = 0},
    {.bitmap_index = 372, .adv_w = 92, .box_w = 6, .box_h = 12, .ofs_x = 0, .ofs_y = -1},
    {.bitmap_index = 408, .adv_w = 126, .box_w = 8, .box_h = 11, .ofs_x = 0, .ofs_y = 0},
    {.bitmap_index = 452, .adv_w = 126, .box_w = 4, .box_h = 11, .ofs_x = 1, .ofs_y = 0},
    {.bitmap_index = 474, .adv_w = 126, .box_w = 8, .box_h = 11, .ofs_x = 0, .ofs_y = 0},
    {.bitmap_index = 518, .adv_w = 126, .box_w = 7, .box_h = 11, .ofs_x = 0, .ofs_y = 0},
    {.bitmap_index = 557, .adv_w = 126, .box_w = 8, .box_h = 11, .ofs_x = 0, .ofs_y = 0},
    {.bitmap_index = 601, .adv_w = 126, .box_w = 7, .box_h = 11, .ofs_x = 1, .ofs_y = 0},
    {.bitmap_index = 640, .adv_w = 126, .box_w = 8, .box_h = 11, .ofs_x = 0, .ofs_y = 0},
    {.bitmap_index = 684, .adv_w = 126, .box_w = 8, .box_h = 11, .ofs_x = 0, .ofs_y = 0},
    {.bitmap_index = 728, .adv_w = 126, .box_w = 8, .box_h = 11, .ofs_x = 0, .ofs_y = 0},
    {.bitmap_index = 772, .adv_w = 126, .box_w = 7, .box_h = 11, .ofs_x = 0, .ofs_y = 0},
    {.bitmap_index = 811, .adv_w = 54, .box_w = 3, .box_h = 8, .ofs_x = 0, .ofs_y = 0},
    {.bitmap_index = 823, .adv_w = 47, .box_w = 3, .box_h = 10, .ofs_x = 0, .ofs_y = -2},
    {.bitmap_index = 838, .adv_w = 114, .box_w = 7, .box_h = 7, .ofs_x = 0, .ofs_y = 1},
    {.bitmap_index = 863, .adv_w = 123, .box_w = 6, .box_h = 5, .ofs_x = 1, .ofs_y = 2},
    {.bitmap_index = 878, .adv_w = 117, .box_w = 7, .box_h = 7, .ofs_x = 0, .ofs_y = 1},
    {.bitmap_index = 903, .adv_w = 106, .box_w = 7, .box_h = 11, .ofs_x = 0, .ofs_y = 0},
    {.bitmap_index = 942, .adv_w = 201, .box_w = 12, .box_h = 14, .ofs_x = 0, .ofs_y = -3},
    {.bitmap_index = 1026, .adv_w = 146, .box_w = 9, .box_h = 11, .ofs_x = 0, .ofs_y = 0},
    {.bitmap_index = 1076, .adv_w = 139, .box_w = 7, .box_h = 11, .ofs_x = 1, .ofs_y = 0},
    {.bitmap_index = 1115, .adv_w = 146, .box_w = 9, .box_h = 11, .ofs_x = 0, .ofs_y = 0},
    {.bitmap_index = 1165, .adv_w = 147, .box_w = 8, .box_h = 11, .ofs_x = 1, .ofs_y = 0},
    {.bitmap_index = 1209, .adv_w = 127, .box_w = 7, .box_h = 11, .ofs_x = 1, .ofs_y = 0},
    {.bitmap_index = 1248, .adv_w = 124, .box_w = 7, .box_h = 11, .ofs_x = 1, .ofs_y = 0},
    {.bitmap_index = 1287, .adv_w = 153, .box_w = 9, .box_h = 11, .ofs_x = 0, .ofs_y = 0},
    {.bitmap_index = 1337, .adv_w = 160, .box_w = 8, .box_h = 11, .ofs_x = 1, .ofs_y = 0},
    {.bitmap_index = 1381, .adv_w = 61, .box_w = 2, .box_h = 11, .ofs_x = 1, .ofs_y = 0},
    {.bitmap_index = 1392, .adv_w = 124, .box_w = 7, .box_h = 11, .ofs_x = 0, .ofs_y = 0},
    {.bitmap_index = 1431, .adv_w = 140, .box_w = 8, .box_h = 11, .ofs_x = 1, .ofs_y = 0},
    {.bitmap_index = 1475, .adv_w = 121, .box_w = 7, .box_h = 11, .ofs_x = 1, .ofs_y = 0},
    {.bitmap_index = 1514, .adv_w = 196, .box_w = 11, .box_h = 11, .ofs_x = 1, .ofs_y = 0},
    {.bitmap_index = 1575, .adv_w = 160, .box_w = 8, .box_h = 11, .ofs_x = 1, .ofs_y = 0},
    {.bitmap_index = 1619, .adv_w = 154, .box_w = 9, .box_h = 11, .ofs_x = 0, .ofs_y = 0},
    {.bitmap_index = 1669, .adv_w = 141, .box_w = 8, .box_h = 11, .ofs_x = 1, .ofs_y = 0},
    {.bitmap_index = 1713, .adv_w = 154, .box_w = 9, .box_h = 13, .ofs_x = 0, .ofs_y = -2},
    {.bitmap_index = 1772, .adv_w = 138, .box_w = 8, .box_h = 11, .ofs_x = 1, .ofs_y = 0},
    {.bitmap_index = 1816, .adv_w = 133, .box_w = 8, .box_h = 11, .ofs_x = 0, .ofs_y = 0},
    {.bitmap_index = 1860, .adv_w = 134, .box_w = 9, .box_h = 11, .ofs_x = 0, .ofs_y = 0},
    {.bitmap_index = 1910, .adv_w = 145, .box_w = 9, .box_h = 11, .ofs_x = 0, .ofs_y = 0},
    {.bitmap_index = 1960, .adv_w = 143, .box_w = 9, .box_h = 11, .ofs_x = 0, .ofs_y = 0},
    {.bitmap_index = 2010, .adv_w = 199, .box_w = 13, .box_h = 11, .ofs_x = 0, .ofs_y = 0},
    {.bitmap_index = 2082, .adv_w = 140, .box_w = 9, .box_h = 11, .ofs_x = 0, .ofs_y = 0},
    {.bitmap_index = 2132, .adv_w = 135, .box_w = 9, .box_h = 11, .ofs_x = 0, .ofs_y = 0},
    {.bitmap_index = 2182, .adv_w = 134, .box_w = 8, .box_h = 11, .ofs_x = 0, .ofs_y = 0},
    {.bitmap_index = 2226, .adv_w = 59, .box_w = 3, .box_h = 15, .ofs_x = 1, .ofs_y = -3},
    {.bitmap_index = 2249, .adv_w = 92, .box_w = 6, .box_h = 12, .ofs_x = 0, .ofs_y = -1},
    {.bitmap_index = 2285, .adv_w = 59, .box_w = 3, .box_h = 15, .ofs_x = 0, .ofs_y = -3},
    {.bitmap_index = 2308, .adv_w = 94, .box_w = 6, .box_h = 6, .ofs_x = 0, .ofs_y = 5},
    {.bitmap_index = 2326, .adv_w = 101, .box_w = 7, .box_h = 2, .ofs_x = 0, .ofs_y = -2},
    {.bitmap_index = 2333, .adv_w = 69, .box_w = 4, .box_h = 2, .ofs_x = 0, .ofs_y = 9},
    {.bitmap_index = 2337, .adv_w = 122, .box_w = 7, .box_h = 8, .ofs_x = 0, .ofs_y = 0},
    {.bitmap_index = 2365, .adv_w = 126, .box_w = 8, .box_h = 11, .ofs_x = 0, .ofs_y = 0},
    {.bitmap_index = 2409, .adv_w = 117, .box_w = 7, .box_h = 8, .ofs_x = 0, .ofs_y = 0},
    {.bitmap_index = 2437, .adv_w = 126, .box_w = 7, .box_h = 11, .ofs_x = 0, .ofs_y = 0},
    {.bitmap_index = 2476, .adv_w = 119, .box_w = 7, .box_h = 8, .ofs_x = 0, .ofs_y = 0},
    {.bitmap_index = 2504, .adv_w = 78, .box_w = 5, .box_h = 11, .ofs_x = 0, .ofs_y = 0},
    {.bitmap_index = 2532, .adv_w = 126, .box_w = 7, .box_h = 11, .ofs_x = 0, .ofs_y = -3},
    {.bitmap_index = 2571, .adv_w = 123, .box_w = 7, .box_h = 11, .ofs_x = 0, .ofs_y = 0},
    {.bitmap_index = 2610, .adv_w = 54, .box_w = 3, .box_h = 11, .ofs_x = 0, .ofs_y = 0},
    {.bitmap_index = 2627, .adv_w = 53, .box_w = 4, .box_h = 14, .ofs_x = -1, .ofs_y = -3},
    {.bitmap_index = 2655, .adv_w = 114, .box_w = 8, .box_h = 11, .ofs_x = 0, .ofs_y = 0},
    {.bitmap_index = 2699, .adv_w = 54, .box_w = 2, .box_h = 11, .ofs_x = 1, .ofs_y = 0},
    {.bitmap_index = 2710, .adv_w = 196, .box_w = 12, .box_h = 8, .ofs_x = 0, .ofs_y = 0},
    {.bitmap_index = 2758, .adv_w = 124, .box_w = 7, .box_h = 8, .ofs_x = 0, .ofs_y = 0},
    {.bitmap_index = 2786, .adv_w = 128, .box_w = 8, .box_h = 8, .ofs_x = 0, .ofs_y = 0},
    {.bitmap_index = 2818, .adv_w = 126, .box_w = 8, .box_h = 11, .ofs_x = 0, .ofs_y = -3},
    {.bitmap_index = 2862, .adv_w = 127, .box_w = 7, .box_h = 11, .ofs_x = 0, .ofs_y = -3},
    {.bitmap_index = 2901, .adv_w = 76, .box_w = 5, .box_h = 9, .ofs_x = 0, .ofs_y = 0},
    {.bitmap_index = 2924, .adv_w = 116, .box_w = 7, .box_h = 8, .ofs_x = 0, .ofs_y = 0},
    {.bitmap_index = 2952, .adv_w = 73, .box_w = 5, .box_h = 10, .ofs_x = 0, .ofs_y = 0},
    {.bitmap_index = 2977, .adv_w = 123, .box_w = 7, .box_h = 8, .ofs_x = 0, .ofs_y = 0},
    {.bitmap_index = 3005, .adv_w = 109, .box_w = 7, .box_h = 8, .ofs_x = 0, .ofs_y = 0},
    {.bitmap_index = 3033, .adv_w = 168, .box_w = 11, .box_h = 8, .ofs_x = 0, .ofs_y = 0},
    {.bitmap_index = 3077, .adv_w = 111, .box_w = 7, .box_h = 8, .ofs_x = 0, .ofs_y = 0},
    {.bitmap_index = 3105, .adv_w = 106, .box_w = 7, .box_h = 11, .ofs_x = 0, .ofs_y = -3},
    {.bitmap_index = 3144, .adv_w = 111, .box_w = 7, .box_h = 8, .ofs_x = 0, .ofs_y = 0},
    {.bitmap_index = 3172, .adv_w = 76, .box_w = 5, .box_h = 15, .ofs_x = 0, .ofs_y = -3},
    {.bitmap_index = 3210, .adv_w = 55, .box_w = 2, .box_h = 13, .ofs_x = 1, .ofs_y = -2},
    {.bitmap_index = 3223, .adv_w = 76, .box_w = 5, .box_h = 15, .ofs_x = 0, .ofs_y = -3},
    {.bitmap_index = 3261, .adv_w = 152, .box_w = 9, .box_h = 4, .ofs_x = 0, .ofs_y = 2},
    {.bitmap_index = 3279, .adv_w = 55, .box_w = 0, .box_h = 0, .ofs_x = 0, .ofs_y = 0},
    {.bitmap_index = 3279, .adv_w = 55, .box_w = 3, .box_h = 11, .ofs_x = 0, .ofs_y = -3},
    {.bitmap_index = 3296, .adv_w = 123, .box_w = 7, .box_h = 12, .ofs_x = 0, .ofs_y = -2},
    {.bitmap_index = 3338, .adv_w = 130, .box_w = 8, .box_h = 11, .ofs_x = 0, .ofs_y = 0},
    {.bitmap_index = 3382, .adv_w = 160, .box_w = 10, .box_h = 11, .ofs_x = 0, .ofs_y = -1},
    {.bitmap_index = 3437, .adv_w = 136, .box_w = 9, .box_h = 11, .ofs_x = 0, .ofs_y = 0},
    {.bitmap_index = 3487, .adv_w = 54, .box_w = 2, .box_h = 13, .ofs_x = 1, .ofs_y = -2},
    {.bitmap_index = 3500, .adv_w = 137, .box_w = 8, .box_h = 15, .ofs_x = 0, .ofs_y = -4},
    {.bitmap_index = 3560, .adv_w = 94, .box_w = 6, .box_h = 2, .ofs_x = 0, .ofs_y = 9},
    {.bitmap_index = 3566, .adv_w = 176, .box_w = 11, .box_h = 11, .ofs_x = 0, .ofs_y = 0},
    {.bitmap_index = 3627, .adv_w = 100, .box_w = 5, .box_h = 5, .ofs_x = 1, .ofs_y = 5},
    {.bitmap_index = 3640, .adv_w = 105, .box_w = 6, .box_h = 6, .ofs_x = 0, .ofs_y = 1},
    {.bitmap_index = 3658, .adv_w = 124, .box_w = 7, .box_h = 4, .ofs_x = 0, .ofs_y = 2},
    {.bitmap_index = 3672, .adv_w = 62, .box_w = 4, .box_h = 2, .ofs_x = 0, .ofs_y = 3},
    {.bitmap_index = 3676, .adv_w = 176, .box_w = 11, .box_h = 11, .ofs_x = 0, .ofs_y = 0},
    {.bitmap_index = 3737, .adv_w = 103, .box_w = 6, .box_h = 2, .ofs_x = 0, .ofs_y = 9},
    {.bitmap_index = 3743, .adv_w = 84, .box_w = 5, .box_h = 4, .ofs_x = 0, .ofs_y = 7},
    {.bitmap_index = 3753, .adv_w = 120, .box_w = 7, .box_h = 10, .ofs_x = 0, .ofs_y = 0},
    {.bitmap_index = 3788, .adv_w = 82, .box_w = 5, .box_h = 5, .ofs_x = 0, .ofs_y = 5},
    {.bitmap_index = 3801, .adv_w = 82, .box_w = 5, .box_h = 5, .ofs_x = 0, .ofs_y = 5},
    {.bitmap_index = 3814, .adv_w = 70, .box_w = 4, .box_h = 2, .ofs_x = 0, .ofs_y = 9},
    {.bitmap_index = 3818, .adv_w = 127, .box_w = 6, .box_h = 11, .ofs_x = 1, .ofs_y = -3},
    {.bitmap_index = 3851, .adv_w = 109, .box_w = 6, .box_h = 11, .ofs_x = 0, .ofs_y = 0},
    {.bitmap_index = 3884, .adv_w = 58, .box_w = 2, .box_h = 2, .ofs_x = 1, .ofs_y = 5},
    {.bitmap_index = 3886, .adv_w = 55, .box_w = 3, .box_h = 4, .ofs_x = 0, .ofs_y = -3},
    {.bitmap_index = 3892, .adv_w = 82, .box_w = 4, .box_h = 6, .ofs_x = 0, .ofs_y = 5},
    {.bitmap_index = 3904, .adv_w = 102, .box_w = 6, .box_h = 5, .ofs_x = 0, .ofs_y = 5},
    {.bitmap_index = 3919, .adv_w = 105, .box_w = 7, .box_h = 6, .ofs_x = 0, .ofs_y = 1},
    {.bitmap_index = 3940, .adv_w = 164, .box_w = 10, .box_h = 11, .ofs_x = 0, .ofs_y = 0},
    {.bitmap_index = 3995, .adv_w = 174, .box_w = 11, .box_h = 11, .ofs_x = 0, .ofs_y = 0},
    {.bitmap_index = 4056, .adv_w = 174, .box_w = 11, .box_h = 11, .ofs_x = 0, .ofs_y = 0},
    {.bitmap_index = 4117, .adv_w = 106, .box_w = 7, .box_h = 11, .ofs_x = 0, .ofs_y = -3},
    {.bitmap_index = 4156, .adv_w = 146, .box_w = 9, .box_h = 14, .ofs_x = 0, .ofs_y = 0},
    {.bitmap_index = 4219, .adv_w = 146, .box_w = 9, .box_h = 14, .ofs_x = 0, .ofs_y = 0},
    {.bitmap_index = 4282, .adv_w = 146, .box_w = 9, .box_h = 14, .ofs_x = 0, .ofs_y = 0},
    {.bitmap_index = 4345, .adv_w = 146, .box_w = 9, .box_h = 14, .ofs_x = 0, .ofs_y = 0},
    {.bitmap_index = 4408, .adv_w = 146, .box_w = 9, .box_h = 13, .ofs_x = 0, .ofs_y = 0},
    {.bitmap_index = 4467, .adv_w = 146, .box_w = 9, .box_h = 14, .ofs_x = 0, .ofs_y = 0},
    {.bitmap_index = 4530, .adv_w = 209, .box_w = 14, .box_h = 11, .ofs_x = -1, .ofs_y = 0},
    {.bitmap_index = 4607, .adv_w = 146, .box_w = 9, .box_h = 14, .ofs_x = 0, .ofs_y = -3},
    {.bitmap_index = 4670, .adv_w = 127, .box_w = 7, .box_h = 14, .ofs_x = 1, .ofs_y = 0},
    {.bitmap_index = 4719, .adv_w = 127, .box_w = 7, .box_h = 14, .ofs_x = 1, .ofs_y = 0},
    {.bitmap_index = 4768, .adv_w = 127, .box_w = 7, .box_h = 14, .ofs_x = 1, .ofs_y = 0},
    {.bitmap_index = 4817, .adv_w = 127, .box_w = 7, .box_h = 13, .ofs_x = 1, .ofs_y = 0},
    {.bitmap_index = 4863, .adv_w = 61, .box_w = 4, .box_h = 14, .ofs_x = -1, .ofs_y = 0},
    {.bitmap_index = 4891, .adv_w = 61, .box_w = 4, .box_h = 14, .ofs_x = 1, .ofs_y = 0},
    {.bitmap_index = 4919, .adv_w = 61, .box_w = 5, .box_h = 14, .ofs_x = -1, .ofs_y = 0},
    {.bitmap_index = 4954, .adv_w = 61, .box_w = 6, .box_h = 13, .ofs_x = -1, .ofs_y = 0},
    {.bitmap_index = 4993, .adv_w = 150, .box_w = 9, .box_h = 11, .ofs_x = 0, .ofs_y = 0},
    {.bitmap_index = 5043, .adv_w = 160, .box_w = 8, .box_h = 14, .ofs_x = 1, .ofs_y = 0},
    {.bitmap_index = 5099, .adv_w = 154, .box_w = 9, .box_h = 14, .ofs_x = 0, .ofs_y = 0},
    {.bitmap_index = 5162, .adv_w = 154, .box_w = 9, .box_h = 14, .ofs_x = 0, .ofs_y = 0},
    {.bitmap_index = 5225, .adv_w = 154, .box_w = 9, .box_h = 14, .ofs_x = 0, .ofs_y = 0},
    {.bitmap_index = 5288, .adv_w = 154, .box_w = 9, .box_h = 14, .ofs_x = 0, .ofs_y = 0},
    {.bitmap_index = 5351, .adv_w = 154, .box_w = 9, .box_h = 13, .ofs_x = 0, .ofs_y = 0},
    {.bitmap_index = 5410, .adv_w = 119, .box_w = 7, .box_h = 8, .ofs_x = 0, .ofs_y = 1},
    {.bitmap_index = 5438, .adv_w = 154, .box_w = 9, .box_h = 12, .ofs_x = 0, .ofs_y = -1},
    {.bitmap_index = 5492, .adv_w = 145, .box_w = 9, .box_h = 14, .ofs_x = 0, .ofs_y = 0},
    {.bitmap_index = 5555, .adv_w = 145, .box_w = 9, .box_h = 14, .ofs_x = 0, .ofs_y = 0},
    {.bitmap_index = 5618, .adv_w = 145, .box_w = 9, .box_h = 14, .ofs_x = 0, .ofs_y = 0},
    {.bitmap_index = 5681, .adv_w = 145, .box_w = 9, .box_h = 13, .ofs_x = 0, .ofs_y = 0},
    {.bitmap_index = 5740, .adv_w = 135, .box_w = 9, .box_h = 14, .ofs_x = 0, .ofs_y = 0},
    {.bitmap_index = 5803, .adv_w = 132, .box_w = 7, .box_h = 11, .ofs_x = 1, .ofs_y = 0},
    {.bitmap_index = 5842, .adv_w = 133, .box_w = 8, .box_h = 11, .ofs_x = 0, .ofs_y = 0},
    {.bitmap_index = 5886, .adv_w = 122, .box_w = 7, .box_h = 11, .ofs_x = 0, .ofs_y = 0},
    {.bitmap_index = 5925, .adv_w = 122, .box_w = 7, .box_h = 11, .ofs_x = 0, .ofs_y = 0},
    {.bitmap_index = 5964, .adv_w = 122, .box_w = 7, .box_h = 11, .ofs_x = 0, .ofs_y = 0},
    {.bitmap_index = 6003, .adv_w = 122, .box_w = 7, .box_h = 12, .ofs_x = 0, .ofs_y = 0},
    {.bitmap_index = 6045, .adv_w = 122, .box_w = 7, .box_h = 11, .ofs_x = 0, .ofs_y = 0},
    {.bitmap_index = 6084, .adv_w = 122, .box_w = 7, .box_h = 12, .ofs_x = 0, .ofs_y = 0},
    {.bitmap_index = 6126, .adv_w = 189, .box_w = 12, .box_h = 8, .ofs_x = 0, .ofs_y = 0},
    {.bitmap_index = 6174, .adv_w = 117, .box_w = 7, .box_h = 11, .ofs_x = 0, .ofs_y = -3},
    {.bitmap_index = 6213, .adv_w = 119, .box_w = 7, .box_h = 11, .ofs_x = 0, .ofs_y = 0},
    {.bitmap_index = 6252, .adv_w = 119, .box_w = 7, .box_h = 11, .ofs_x = 0, .ofs_y = 0},
    {.bitmap_index = 6291, .adv_w = 119, .box_w = 7, .box_h = 11, .ofs_x = 0, .ofs_y = 0},
    {.bitmap_index = 6330, .adv_w = 119, .box_w = 7, .box_h = 11, .ofs_x = 0, .ofs_y = 0},
    {.bitmap_index = 6369, .adv_w = 55, .box_w = 4, .box_h = 11, .ofs_x = -1, .ofs_y = 0},
    {.bitmap_index = 6391, .adv_w = 55, .box_w = 3, .box_h = 11, .ofs_x = 1, .ofs_y = 0},
    {.bitmap_index = 6408, .adv_w = 55, .box_w = 5, .box_h = 11, .ofs_x = -1, .ofs_y = 0},
    {.bitmap_index = 6436, .adv_w = 55, .box_w = 5, .box_h = 11, .ofs_x = -1, .ofs_y = 0},
    {.bitmap_index = 6464, .adv_w = 131, .box_w = 8, .box_h = 12, .ofs_x = 0, .ofs_y = 0},
    {.bitmap_index = 6512, .adv_w = 124, .box_w = 7, .box_h = 12, .ofs_x = 0, .ofs_y = 0},
    {.bitmap_index = 6554, .adv_w = 128, .box_w = 8, .box_h = 11, .ofs_x = 0, .ofs_y = 0},
    {.bitmap_index = 6598, .adv_w = 128, .box_w = 8, .box_h = 11, .ofs_x = 0, .ofs_y = 0},
    {.bitmap_index = 6642, .adv_w = 128, .box_w = 8, .box_h = 11, .ofs_x = 0, .ofs_y = 0},
    {.bitmap_index = 6686, .adv_w = 128, .box_w = 8, .box_h = 12, .ofs_x = 0, .ofs_y = 0},
    {.bitmap_index = 6734, .adv_w = 128, .box_w = 8, .box_h = 11, .ofs_x = 0, .ofs_y = 0},
    {.bitmap_index = 6778, .adv_w = 128, .box_w = 8, .box_h = 8, .ofs_x = 0, .ofs_y = 1},
    {.bitmap_index = 6810, .adv_w = 127, .box_w = 8, .box_h = 10, .ofs_x = 0, .ofs_y = -1},
    {.bitmap_index = 6850, .adv_w = 123, .box_w = 7, .box_h = 11, .ofs_x = 0, .ofs_y = 0},
    {.bitmap_index = 6889, .adv_w = 123, .box_w = 7, .box_h = 11, .ofs_x = 0, .ofs_y = 0},
    {.bitmap_index = 6928, .adv_w = 123, .box_w = 7, .box_h = 11, .ofs_x = 0, .ofs_y = 0},
    {.bitmap_index = 6967, .adv_w = 123, .box_w = 7, .box_h = 11, .ofs_x = 0, .ofs_y = 0},
    {.bitmap_index = 7006, .adv_w = 106, .box_w = 7, .box_h = 14, .ofs_x = 0, .ofs_y = -3},
    {.bitmap_index = 7055, .adv_w = 129, .box_w = 7, .box_h = 14, .ofs_x = 1, .ofs_y = -3},
    {.bitmap_index = 7104, .adv_w = 106, .box_w = 7, .box_h = 14, .ofs_x = 0, .ofs_y = -3},
    {.bitmap_index = 7153, .adv_w = 146, .box_w = 9, .box_h = 13, .ofs_x = 0, .ofs_y = 0},
    {.bitmap_index = 7212, .adv_w = 122, .box_w = 7, .box_h = 11, .ofs_x = 0, .ofs_y = 0},
    {.bitmap_index = 7251, .adv_w = 146, .box_w = 9, .box_h = 13, .ofs_x = 0, .ofs_y = 0},
    {.bitmap_index = 7310, .adv_w = 122, .box_w = 7, .box_h = 11, .ofs_x = 0, .ofs_y = 0},
    {.bitmap_index = 7349, .adv_w = 146, .box_w = 9, .box_h = 14, .ofs_x = 0, .ofs_y = -3},
    {.bitmap_index = 7412, .adv_w = 122, .box_w = 7, .box_h = 11, .ofs_x = 0, .ofs_y = -3},
    {.bitmap_index = 7451, .adv_w = 146, .box_w = 9, .box_h = 14, .ofs_x = 0, .ofs_y = 0},
    {.bitmap_index = 7514, .adv_w = 117, .box_w = 7, .box_h = 11, .ofs_x = 0, .ofs_y = 0},
    {.bitmap_index = 7553, .adv_w = 146, .box_w = 9, .box_h = 14, .ofs_x = 0, .ofs_y = 0},
    {.bitmap_index = 7616, .adv_w = 117, .box_w = 7, .box_h = 11, .ofs_x = 0, .ofs_y = 0},
    {.bitmap_index = 7655, .adv_w = 146, .box_w = 9, .box_h = 14, .ofs_x = 0, .ofs_y = 0},
    {.bitmap_index = 7718, .adv_w = 117, .box_w = 7, .box_h = 11, .ofs_x = 0, .ofs_y = 0},
    {.bitmap_index = 7757, .adv_w = 146, .box_w = 9, .box_h = 14, .ofs_x = 0, .ofs_y = 0},
    {.bitmap_index = 7820, .adv_w = 117, .box_w = 7, .box_h = 11, .ofs_x = 0, .ofs_y = 0},
    {.bitmap_index = 7859, .adv_w = 147, .box_w = 8, .box_h = 14, .ofs_x = 1, .ofs_y = 0},
    {.bitmap_index = 7915, .adv_w = 143, .box_w = 10, .box_h = 11, .ofs_x = 0, .ofs_y = 0},
    {.bitmap_index = 7970, .adv_w = 150, .box_w = 9, .box_h = 11, .ofs_x = 0, .ofs_y = 0},
    {.bitmap_index = 8020, .adv_w = 130, .box_w = 9, .box_h = 11, .ofs_x = 0, .ofs_y = 0},
    {.bitmap_index = 8070, .adv_w = 127, .box_w = 7, .box_h = 13, .ofs_x = 1, .ofs_y = 0},
    {.bitmap_index = 8116, .adv_w = 119, .box_w = 7, .box_h = 11, .ofs_x = 0, .ofs_y = 0},
    {.bitmap_index = 8155, .adv_w = 127, .box_w = 7, .box_h = 13, .ofs_x = 1, .ofs_y = 0},
    {.bitmap_index = 8201, .adv_w = 119, .box_w = 7, .box_h = 11, .ofs_x = 0, .ofs_y = 0},
    {.bitmap_index = 8240, .adv_w = 127, .box_w = 7, .box_h = 13, .ofs_x = 1, .ofs_y = 0},
    {.bitmap_index = 8286, .adv_w = 119, .box_w = 7, .box_h = 11, .ofs_x = 0, .ofs_y = 0},
    {.bitmap_index = 8325, .adv_w = 127, .box_w = 7, .box_h = 14, .ofs_x = 1, .ofs_y = -3},
    {.bitmap_index = 8374, .adv_w = 119, .box_w = 7, .box_h = 11, .ofs_x = 0, .ofs_y = -3},
    {.bitmap_index = 8413, .adv_w = 127, .box_w = 7, .box_h = 14, .ofs_x = 1, .ofs_y = 0},
    {.bitmap_index = 8462, .adv_w = 119, .box_w = 7, .box_h = 11, .ofs_x = 0, .ofs_y = 0},
    {.bitmap_index = 8501, .adv_w = 153, .box_w = 9, .box_h = 14, .ofs_x = 0, .ofs_y = 0},
    {.bitmap_index = 8564, .adv_w = 126, .box_w = 7, .box_h = 14, .ofs_x = 0, .ofs_y = -3},
    {.bitmap_index = 8613, .adv_w = 153, .box_w = 9, .box_h = 14, .ofs_x = 0, .ofs_y = 0},
    {.bitmap_index = 8676, .adv_w = 126, .box_w = 7, .box_h = 14, .ofs_x = 0, .ofs_y = -3},
    {.bitmap_index = 8725, .adv_w = 153, .box_w = 9, .box_h = 14, .ofs_x = 0, .ofs_y = 0},
    {.bitmap_index = 8788, .adv_w = 126, .box_w = 7, .box_h = 14, .ofs_x = 0, .ofs_y = -3},
    {.bitmap_index = 8837, .adv_w = 153, .box_w = 9, .box_h = 15, .ofs_x = 0, .ofs_y = -4},
    {.bitmap_index = 8905, .adv_w = 126, .box_w = 7, .box_h = 16, .ofs_x = 0, .ofs_y = -3},
    {.bitmap_index = 8961, .adv_w = 160, .box_w = 8, .box_h = 14, .ofs_x = 1, .ofs_y = 0},
    {.bitmap_index = 9017, .adv_w = 123, .box_w = 7, .box_h = 14, .ofs_x = 0, .ofs_y = 0},
    {.bitmap_index = 9066, .adv_w = 157, .box_w = 10, .box_h = 11, .ofs_x = 0, .ofs_y = 0},
    {.bitmap_index = 9121, .adv_w = 127, .box_w = 7, .box_h = 11, .ofs_x = 0, .ofs_y = 0},
    {.bitmap_index = 9160, .adv_w = 61, .box_w = 6, .box_h = 14, .ofs_x = -1, .ofs_y = 0},
    {.bitmap_index = 9202, .adv_w = 55, .box_w = 6, .box_h = 12, .ofs_x = -1, .ofs_y = 0},
    {.bitmap_index = 9238, .adv_w = 61, .box_w = 6, .box_h = 13, .ofs_x = -1, .ofs_y = 0},
    {.bitmap_index = 9277, .adv_w = 55, .box_w = 6, .box_h = 11, .ofs_x = -1, .ofs_y = 0},
    {.bitmap_index = 9310, .adv_w = 61, .box_w = 5, .box_h = 13, .ofs_x = -1, .ofs_y = 0},
    {.bitmap_index = 9343, .adv_w = 55, .box_w = 5, .box_h = 11, .ofs_x = -1, .ofs_y = 0},
    {.bitmap_index = 9371, .adv_w = 61, .box_w = 3, .box_h = 14, .ofs_x = 0, .ofs_y = -3},
    {.bitmap_index = 9392, .adv_w = 54, .box_w = 4, .box_h = 14, .ofs_x = -1, .ofs_y = -3},
    {.bitmap_index = 9420, .adv_w = 61, .box_w = 2, .box_h = 13, .ofs_x = 1, .ofs_y = 0},
    {.bitmap_index = 9433, .adv_w = 55, .box_w = 2, .box_h = 8, .ofs_x = 1, .ofs_y = 0},
    {.bitmap_index = 9441, .adv_w = 185, .box_w = 10, .box_h = 11, .ofs_x = 1, .ofs_y = 0},
    {.bitmap_index = 9496, .adv_w = 108, .box_w = 6, .box_h = 14, .ofs_x = 0, .ofs_y = -3},
    {.bitmap_index = 9538, .adv_w = 124, .box_w = 8, .box_h = 14, .ofs_x = 0, .ofs_y = 0},
    {.bitmap_index = 9594, .adv_w = 56, .box_w = 5, .box_h = 14, .ofs_x = -1, .ofs_y = -3},
    {.bitmap_index = 9629, .adv_w = 140, .box_w = 8, .box_h = 15, .ofs_x = 1, .ofs_y = -4},
    {.bitmap_index = 9689, .adv_w = 114, .box_w = 8, .box_h = 15, .ofs_x = 0, .ofs_y = -4},
    {.bitmap_index = 9749, .adv_w = 125, .box_w = 7, .box_h = 8, .ofs_x = 1, .ofs_y = 0},
    {.bitmap_index = 9777, .adv_w = 121, .box_w = 7, .box_h = 14, .ofs_x = 1, .ofs_y = 0},
    {.bitmap_index = 9826, .adv_w = 54, .box_w = 3, .box_h = 14, .ofs_x = 1, .ofs_y = 0},
    {.bitmap_index = 9847, .adv_w = 121, .box_w = 7, .box_h = 15, .ofs_x = 1, .ofs_y = -4},
    {.bitmap_index = 9900, .adv_w = 54, .box_w = 3, .box_h = 15, .ofs_x = 0, .ofs_y = -4},
    {.bitmap_index = 9923, .adv_w = 121, .box_w = 7, .box_h = 11, .ofs_x = 1, .ofs_y = 0},
    {.bitmap_index = 9962, .adv_w = 71, .box_w = 4, .box_h = 11, .ofs_x = 1, .ofs_y = 0},
    {.bitmap_index = 9984, .adv_w = 121, .box_w = 7, .box_h = 11, .ofs_x = 1, .ofs_y = 0},
    {.bitmap_index = 10023, .adv_w = 78, .box_w = 4, .box_h = 11, .ofs_x = 1, .ofs_y = 0},
    {.bitmap_index = 10045, .adv_w = 121, .box_w = 8, .box_h = 11, .ofs_x = 0, .ofs_y = 0},
    {.bitmap_index = 10089, .adv_w = 60, .box_w = 4, .box_h = 11, .ofs_x = 0, .ofs_y = 0},
    {.bitmap_index = 10111, .adv_w = 160, .box_w = 8, .box_h = 14, .ofs_x = 1, .ofs_y = 0},
    {.bitmap_index = 10167, .adv_w = 124, .box_w = 7, .box_h = 11, .ofs_x = 0, .ofs_y = 0},
    {.bitmap_index = 10206, .adv_w = 160, .box_w = 8, .box_h = 15, .ofs_x = 1, .ofs_y = -4},
    {.bitmap_index = 10266, .adv_w = 124, .box_w = 7, .box_h = 12, .ofs_x = 0, .ofs_y = -4},
    {.bitmap_index = 10308, .adv_w = 160, .box_w = 8, .box_h = 14, .ofs_x = 1, .ofs_y = 0},
    {.bitmap_index = 10364, .adv_w = 124, .box_w = 7, .box_h = 11, .ofs_x = 0, .ofs_y = 0},
    {.bitmap_index = 10403, .adv_w = 124, .box_w = 8, .box_h = 11, .ofs_x = -1, .ofs_y = 0},
    {.bitmap_index = 10447, .adv_w = 155, .box_w = 8, .box_h = 14, .ofs_x = 1, .ofs_y = -3},
    {.bitmap_index = 10503, .adv_w = 127, .box_w = 7, .box_h = 11, .ofs_x = 0, .ofs_y = -3},
    {.bitmap_index = 10542, .adv_w = 154, .box_w = 9, .box_h = 13, .ofs_x = 0, .ofs_y = 0},
    {.bitmap_index = 10601, .adv_w = 128, .box_w = 8, .box_h = 11, .ofs_x = 0, .ofs_y = 0},
    {.bitmap_index = 10645, .adv_w = 154, .box_w = 9, .box_h = 14, .ofs_x = 0, .ofs_y = 0},
    {.bitmap_index = 10708, .adv_w = 128, .box_w = 8, .box_h = 11, .ofs_x = 0, .ofs_y = 0},
    {.bitmap_index = 10752, .adv_w = 154, .box_w = 9, .box_h = 14, .ofs_x = 0, .ofs_y = 0},
    {.bitmap_index = 10815, .adv_w = 128, .box_w = 8, .box_h = 11, .ofs_x = 0, .ofs_y = 0},
    {.bitmap_index = 10859, .adv_w = 214, .box_w = 13, .box_h = 11, .ofs_x = 0, .ofs_y = 0},
    {.bitmap_index = 10931, .adv_w = 203, .box_w = 13, .box_h = 8, .ofs_x = 0, .ofs_y = 0},
    {.bitmap_index = 10983, .adv_w = 138, .box_w = 8, .box_h = 14, .ofs_x = 1, .ofs_y = 0},
    {.bitmap_index = 11039, .adv_w = 76, .box_w = 5, .box_h = 11, .ofs_x = 0, .ofs_y = 0},
    {.bitmap_index = 11067, .adv_w = 138, .box_w = 8, .box_h = 15, .ofs_x = 1, .ofs_y = -4},
    {.bitmap_index = 11127, .adv_w = 76, .box_w = 5, .box_h = 13, .ofs_x = 0, .ofs_y = -4},
    {.bitmap_index = 11160, .adv_w = 138, .box_w = 8, .box_h = 14, .ofs_x = 1, .ofs_y = 0},
    {.bitmap_index = 11216, .adv_w = 76, .box_w = 5, .box_h = 11, .ofs_x = 0, .ofs_y = 0},
    {.bitmap_index = 11244, .adv_w = 133, .box_w = 8, .box_h = 14, .ofs_x = 0, .ofs_y = 0},
    {.bitmap_index = 11300, .adv_w = 116, .box_w = 7, .box_h = 11, .ofs_x = 0, .ofs_y = 0},
    {.bitmap_index = 11339, .adv_w = 133, .box_w = 8, .box_h = 14, .ofs_x = 0, .ofs_y = 0},
    {.bitmap_index = 11395, .adv_w = 116, .box_w = 7, .box_h = 11, .ofs_x = 0, .ofs_y = 0},
    {.bitmap_index = 11434, .adv_w = 133, .box_w = 8, .box_h = 14, .ofs_x = 0, .ofs_y = -3},
    {.bitmap_index = 11490, .adv_w = 116, .box_w = 7, .box_h = 11, .ofs_x = 0, .ofs_y = -3},
    {.bitmap_index = 11529, .adv_w = 133, .box_w = 8, .box_h = 14, .ofs_x = 0, .ofs_y = 0},
    {.bitmap_index = 11585, .adv_w = 116, .box_w = 7, .box_h = 11, .ofs_x = 0, .ofs_y = 0},
    {.bitmap_index = 11624, .adv_w = 134, .box_w = 9, .box_h = 14, .ofs_x = 0, .ofs_y = -3},
    {.bitmap_index = 11687, .adv_w = 73, .box_w = 5, .box_h = 13, .ofs_x = 0, .ofs_y = -3},
    {.bitmap_index = 11720, .adv_w = 134, .box_w = 9, .box_h = 14, .ofs_x = 0, .ofs_y = 0},
    {.bitmap_index = 11783, .adv_w = 78, .box_w = 6, .box_h = 12, .ofs_x = 0, .ofs_y = 0},
    {.bitmap_index = 11819, .adv_w = 134, .box_w = 9, .box_h = 11, .ofs_x = 0, .ofs_y = 0},
    {.bitmap_index = 11869, .adv_w = 73, .box_w = 6, .box_h = 10, .ofs_x = -1, .ofs_y = 0},
    {.bitmap_index = 11899, .adv_w = 145, .box_w = 9, .box_h = 14, .ofs_x = 0, .ofs_y = 0},
    {.bitmap_index = 11962, .adv_w = 123, .box_w = 7, .box_h = 12, .ofs_x = 0, .ofs_y = 0},
    {.bitmap_index = 12004, .adv_w = 145, .box_w = 9, .box_h = 13, .ofs_x = 0, .ofs_y = 0},
    {.bitmap_index = 12063, .adv_w = 123, .box_w = 7, .box_h = 11, .ofs_x = 0, .ofs_y = 0},
    {.bitmap_index = 12102, .adv_w = 145, .box_w = 9, .box_h = 14, .ofs_x = 0, .ofs_y = 0},
    {.bitmap_index = 12165, .adv_w = 123, .box_w = 7, .box_h = 11, .ofs_x = 0, .ofs_y = 0},
    {.bitmap_index = 12204, .adv_w = 145, .box_w = 9, .box_h = 14, .ofs_x = 0, .ofs_y = 0},
    {.bitmap_index = 12267, .adv_w = 123, .box_w = 7, .box_h = 12, .ofs_x = 0, .ofs_y = 0},
    {.bitmap_index = 12309, .adv_w = 145, .box_w = 9, .box_h = 14, .ofs_x = 0, .ofs_y = 0},
    {.bitmap_index = 12372, .adv_w = 123, .box_w = 8, .box_h = 11, .ofs_x = 0, .ofs_y = 0},
    {.bitmap_index = 12416, .adv_w = 145, .box_w = 9, .box_h = 14, .ofs_x = 0, .ofs_y = -3},
    {.bitmap_index = 12479, .adv_w = 123, .box_w = 7, .box_h = 11, .ofs_x = 0, .ofs_y = -3},
    {.bitmap_index = 12518, .adv_w = 199, .box_w = 13, .box_h = 14, .ofs_x = 0, .ofs_y = 0},
    {.bitmap_index = 12609, .adv_w = 168, .box_w = 11, .box_h = 11, .ofs_x = 0, .ofs_y = 0},
    {.bitmap_index = 12670, .adv_w = 135, .box_w = 9, .box_h = 14, .ofs_x = 0, .ofs_y = 0},
    {.bitmap_index = 12733, .adv_w = 106, .box_w = 7, .box_h = 14, .ofs_x = 0, .ofs_y = -3},
    {.bitmap_index = 12782, .adv_w = 135, .box_w = 9, .box_h = 13, .ofs_x = 0, .ofs_y = 0},
    {.bitmap_index = 12841, .adv_w = 134, .box_w = 8, .box_h = 14, .ofs_x = 0, .ofs_y = 0},
    {.bitmap_index = 12897, .adv_w = 111, .box_w = 7, .box_h = 11, .ofs_x = 0, .ofs_y = 0},
    {.bitmap_index = 12936, .adv_w = 134, .box_w = 8, .box_h = 13, .ofs_x = 0, .ofs_y = 0},
    {.bitmap_index = 12988, .adv_w = 111, .box_w = 7, .box_h = 11, .ofs_x = 0, .ofs_y = 0},
    {.bitmap_index = 13027, .adv_w = 134, .box_w = 8, .box_h = 14, .ofs_x = 0, .ofs_y = 0},
    {.bitmap_index = 13083, .adv_w = 111, .box_w = 7, .box_h = 11, .ofs_x = 0, .ofs_y = 0},
    {.bitmap_index = 13122, .adv_w = 56, .box_w = 4, .box_h = 11, .ofs_x = 1, .ofs_y = 0},
    {.bitmap_index = 13144, .adv_w = 147, .box_w = 7, .box_h = 2, .ofs_x = 1, .ofs_y = 4},
    {.bitmap_index = 13151, .adv_w = 175, .box_w = 11, .box_h = 2, .ofs_x = 0, .ofs_y = 4},
    {.bitmap_index = 13162, .adv_w = 45, .box_w = 3, .box_h = 4, .ofs_x = 0, .ofs_y = 8},
    {.bitmap_index = 13168, .adv_w = 45, .box_w = 3, .box_h = 4, .ofs_x = 0, .ofs_y = 7},
    {.bitmap_index = 13174, .adv_w = 79, .box_w = 5, .box_h = 4, .ofs_x = 0, .ofs_y = 8},
    {.bitmap_index = 13184, .adv_w = 80, .box_w = 5, .box_h = 4, .ofs_x = 0, .ofs_y = 7},
    {.bitmap_index = 13194, .adv_w = 75, .box_w = 4, .box_h = 4, .ofs_x = 0, .ofs_y = 4},
    {.bitmap_index = 13202, .adv_w = 150, .box_w = 8, .box_h = 2, .ofs_x = 1, .ofs_y = 0},
    {.bitmap_index = 13210, .adv_w = 51, .box_w = 3, .box_h = 3, .ofs_x = 0, .ofs_y = 7},
    {.bitmap_index = 13215, .adv_w = 84, .box_w = 5, .box_h = 3, .ofs_x = 0, .ofs_y = 7},
    {.bitmap_index = 13223, .adv_w = 224, .box_w = 9, .box_h = 5, .ofs_x = 2, .ofs_y = 6},
    {.bitmap_index = 13246, .adv_w = 188, .box_w = 11, .box_h = 7, .ofs_x = 0, .ofs_y = 1},
    {.bitmap_index = 13285, .adv_w = 188, .box_w = 7, .box_h = 11, .ofs_x = 2, .ofs_y = 0},
    {.bitmap_index = 13324, .adv_w = 188, .box_w = 12, .box_h = 7, .ofs_x = 0, .ofs_y = 1},
    {.bitmap_index = 13366, .adv_w = 188, .box_w = 7, .box_h = 12, .ofs_x = 2, .ofs_y = -1},
    {.bitmap_index = 13408, .adv_w = 201, .box_w = 12, .box_h = 12, .ofs_x = 0, .ofs_y = -1},
    {.bitmap_index = 13480, .adv_w = 201, .box_w = 12, .box_h = 11, .ofs_x = 0, .ofs_y = 0},
    {.bitmap_index = 13546, .adv_w = 201, .box_w = 9, .box_h = 11, .ofs_x = 2, .ofs_y = 0},
    {.bitmap_index = 13596, .adv_w = 201, .box_w = 11, .box_h = 11, .ofs_x = 1, .ofs_y = 0},
    {.bitmap_index = 13657, .adv_w = 201, .box_w = 9, .box_h = 11, .ofs_x = 2, .ofs_y = 0},
    {.bitmap_index = 13707, .adv_w = 201, .box_w = 10, .box_h = 11, .ofs_x = 1, .ofs_y = 0},
    {.bitmap_index = 13762, .adv_w = 201, .box_w = 9, .box_h = 11, .ofs_x = 2, .ofs_y = 0},
    {.bitmap_index = 13812, .adv_w = 201, .box_w = 11, .box_h = 11, .ofs_x = 1, .ofs_y = 0},
    {.bitmap_index = 13873, .adv_w = 201, .box_w = 9, .box_h = 11, .ofs_x = 2, .ofs_y = 0},
    {.bitmap_index = 13923, .adv_w = 201, .box_w = 10, .box_h = 11, .ofs_x = 1, .ofs_y = 0},
    {.bitmap_index = 13978, .adv_w = 106, .box_w = 4, .box_h = 12, .ofs_x = 1, .ofs_y = -1},
    {.bitmap_index = 14002, .adv_w = 143, .box_w = 7, .box_h = 12, .ofs_x = 1, .ofs_y = -1},
    {.bitmap_index = 14044, .adv_w = 201, .box_w = 8, .box_h = 13, .ofs_x = 2, .ofs_y = -2},
    {.bitmap_index = 14096, .adv_w = 201, .box_w = 11, .box_h = 12, .ofs_x = 1, .ofs_y = -1},
    {.bitmap_index = 14162, .adv_w = 188, .box_w = 8, .box_h = 8, .ofs_x = 2, .ofs_y = 1},
    {.bitmap_index = 14194, .adv_w = 188, .box_w = 9, .box_h = 12, .ofs_x = 1, .ofs_y = -1}
};

/*---------------------
 *  CHARACTER MAPPING
 *--------------------*/

static const uint16_t unicode_list_2[] = {
    0x0, 0x1, 0x5, 0x6, 0x9, 0xa, 0xf, 0x13,
    0x1f, 0x20, 0x10f, 0x17d, 0x17e, 0x17f, 0x180, 0x5f2,
    0x5f3, 0x64d, 0x64e, 0x64f, 0x650, 0x651, 0x652, 0x653,
    0x654, 0x656, 0x657, 0x658, 0x659, 0x700, 0x704
};

/*Collect the unicode lists and glyph_id offsets*/
static const lv_font_fmt_txt_cmap_t cmaps[] =
{
    {
        .range_start = 32, .range_length = 95, .glyph_id_start = 1,
        .unicode_list = NULL, .glyph_id_ofs_list = NULL, .list_length = 0, .type = LV_FONT_FMT_TXT_CMAP_FORMAT0_TINY
    },
    {
        .range_start = 160, .range_length = 224, .glyph_id_start = 96,
        .unicode_list = NULL, .glyph_id_ofs_list = NULL, .list_length = 0, .type = LV_FONT_FMT_TXT_CMAP_FORMAT0_TINY
    },
    {
        .range_start = 8211, .range_length = 1797, .glyph_id_start = 320,
        .unicode_list = unicode_list_2, .glyph_id_ofs_list = NULL, .list_length = 31, .type = LV_FONT_FMT_TXT_CMAP_SPARSE_TINY
    }
};

/*-----------------
 *    KERNING
 *----------------*/


/*Map glyph_ids to kern left classes*/
static const uint8_t kern_left_class_mapping[] =
{
    0, 1, 0, 2, 0, 0, 0, 0,
    2, 3, 0, 0, 0, 4, 0, 4,
    5, 0, 0, 0, 0, 0, 0, 0,
    0, 0, 0, 0, 0, 0, 0, 0,
    0, 0, 6, 7, 8, 9, 10, 11,
    0, 12, 12, 13, 14, 15, 12, 12,
    9, 16, 17, 18, 0, 19, 13, 20,
    21, 22, 23, 24, 25, 0, 0, 0,
    0, 0, 26, 27, 28, 0, 29, 30,
    0, 31, 0, 0, 32, 0, 31, 31,
    33, 27, 0, 34, 0, 35, 0, 36,
    37, 38, 36, 39, 40, 0, 0, 0,
    0, 0, 0, 0, 0, 0, 0, 0,
    0, 0, 0, 0, 0, 0, 0, 0,
    0, 0, 0, 0, 0, 0, 0, 0,
    0, 0, 0, 0, 0, 0, 0, 0,
    6, 6, 6, 6, 6, 6, 0, 8,
    10, 10, 10, 10, 12, 12, 12, 12,
    9, 12, 9, 9, 9, 9, 9, 0,
    0, 13, 13, 13, 13, 23, 0, 0,
    26, 26, 26, 26, 26, 26, 0, 28,
    29, 29, 29, 29, 0, 0, 0, 0,
    0, 31, 33, 33, 33, 33, 33, 0,
    0, 0, 0, 0, 0, 36, 27, 36,
    6, 26, 6, 26, 6, 26, 8, 28,
    8, 28, 8, 28, 8, 28, 9, 0,
    9, 0, 10, 29, 10, 29, 10, 29,
    10, 29, 10, 29, 0, 0, 0, 0,
    0, 0, 0, 0, 12, 31, 0, 0,
    12, 0, 12, 0, 12, 0, 12, 0,
    12, 0, 0, 0, 13, 0, 14, 0,
    0, 15, 0, 15, 0, 15, 0, 15,
    0, 0, 0, 12, 31, 12, 31, 12,
    31, 31, 0, 0, 9, 33, 9, 33,
    9, 33, 0, 0, 0, 34, 0, 34,
    0, 34, 0, 0, 0, 0, 0, 0,
    0, 0, 19, 0, 19, 0, 19, 0,
    13, 0, 13, 0, 13, 0, 13, 0,
    13, 0, 13, 0, 21, 0, 23, 36,
    23, 24, 39, 24, 39, 24, 39, 0,
    0, 0, 2, 41, 2, 2, 0, 4,
    0, 0, 0, 0, 0, 0, 0, 0,
    0, 0, 0, 0, 0, 0, 0, 0,
    0, 0, 0, 0, 0, 0, 0
};

/*Map glyph_ids to kern right classes*/
static const uint8_t kern_right_class_mapping[] =
{
    0, 1, 0, 2, 0, 0, 0, 3,
    2, 0, 4, 5, 0, 6, 7, 6,
    8, 0, 0, 0, 0, 0, 0, 0,
    0, 0, 0, 0, 0, 0, 0, 0,
    9, 0, 10, 0, 11, 0, 0, 0,
    11, 0, 0, 12, 0, 0, 0, 0,
    11, 0, 11, 0, 13, 14, 15, 16,
    17, 18, 19, 20, 0, 0, 21, 0,
    0, 0, 22, 0, 23, 23, 23, 24,
    23, 25, 0, 0, 25, 25, 26, 26,
    27, 26, 23, 28, 29, 30, 31, 32,
    33, 34, 32, 35, 0, 0, 36, 0,
    0, 0, 0, 0, 0, 0, 0, 0,
    0, 0, 0, 37, 0, 7, 0, 0,
    0, 0, 0, 0, 0, 0, 0, 0,
    0, 0, 0, 38, 0, 0, 0, 0,
    10, 10, 10, 10, 10, 10, 39, 11,
    0, 0, 0, 0, 0, 0, 0, 0,
    0, 0, 11, 11, 11, 11, 11, 0,
    11, 15, 15, 15, 15, 19, 0, 0,
    22, 22, 22, 22, 22, 22, 40, 23,
    23, 23, 23, 23, 0, 0, 0, 0,
    0, 26, 27, 27, 27, 27, 27, 0,
    41, 31, 31, 31, 31, 32, 0, 32,
    10, 22, 10, 22, 10, 22, 11, 23,
    11, 23, 11, 23, 11, 23, 0, 23,
    0, 0, 0, 23, 0, 23, 0, 23,
    0, 23, 0, 23, 11, 23, 11, 23,
    11, 23, 11, 23, 0, 0, 0, 0,
    0, 0, 0, 0, 0, 0, 0, 0,
    0, 0, 0, 0, 12, 0, 0, 0,
    0, 0, 0, 0, 0, 0, 0, 0,
    0, 0, 0, 0, 26, 0, 26, 0,
    26, 26, 0, 0, 11, 27, 11, 27,
    11, 27, 11, 23, 0, 0, 0, 0,
    0, 0, 13, 29, 13, 29, 13, 29,
    13, 29, 14, 0, 14, 0, 0, 0,
    15, 31, 15, 31, 15, 31, 15, 31,
    15, 31, 15, 31, 17, 0, 19, 32,
    19, 20, 35, 20, 35, 20, 35, 0,
    7, 7, 2, 42, 2, 2, 43, 6,
    0, 0, 0, 0, 0, 0, 0, 0,
    0, 0, 0, 0, 0, 0, 0, 0,
    0, 0, 0, 0, 0, 0, 0
};

/*Kern values between classes*/
static const int8_t kern_class_values[] =
{
    0, 0, 0, 0, 0, 0, 0, 0,
    0, 0, 0, 0, 0, -4, 0, 0,
    0, 0, 0, 0, 0, 0, 0, 0,
    0, 0, 0, 0, 0, 0, 0, 0,
    0, 0, 0, 0, 0, 0, 0, 0,
    0, 0, 0, 0, -12, 0, 0, 0,
    0, 0, 0, 0, -13, 0, 0, 0,
    0, 0, 0, 0, 0, 0, 0, 0,
    -5, -6, 0, 0, -2, -7, 0, -9,
    0, 0, 0, 1, 0, 0, 0, 0,
    0, 0, 0, 0, -12, 0, 0, 0,
    0, 0, 0, 0, 0, 0, 0, 0,
    0, 0, 0, 0, 0, 2, 2, 0,
    2, 0, 0, 0, 0, 0, 0, 0,
    0, 0, 0, 0, 0, 0, 0, 0,
    0, 0, 0, 0, 0, 0, 0, 0,
    0, 0, -19, 0, 0, 0, 0, 0,
    0, 0, 0, 0, 0, 0, 0, 0,
    0, 0, 0, 0, 0, 0, 0, 0,
    0, 0, 0, 0, 0, 0, 0, 0,
    0, 0, 0, 0, 0, 0, 0, 0,
    0, 0, -19, 0, 0, 0, 0, 0,
    0, 0, 0, -24, 0, 0, 0, 0,
    0, 0, 0, 0, 0, 0, 0, 0,
    0, 0, 0, 0, 0, 0, 0, 0,
    0, 0, 0, 0, 0, 0, 0, 0,
    0, 0, 0, 0, 0, 0, 0, 0,
    -13, 0, 0, 0, 0, 0, 0, -7,
    0, -1, 0, 0, -14, -2, -10, -8,
    0, -10, 0, 0, 0, 0, 0, 0,
    0, -1, 0, 0, -2, -1, -5, -4,
    0, 1, 0, 0, 0, 0, 0, 0,
    -13, 0, 0, 0, 0, 0, 0, 0,
    0, 0, 0, 0, 0, 0, 0, -3,
    0, -3, 0, 0, -6, 0, 0, 0,
    0, 0, 0, 0, 0, 0, 0, 0,
    0, 0, 0, 0, 0, 0, 0, 0,
    0, 0, 0, 0, 0, 0, 0, 0,
    -3, 0, 0, 0, 0, 0, 0, 0,
    0, 0, -3, 0, 0, 0, 0, 0,
    0, -1, 0, 0, 0, 0, 0, 0,
    0, 0, 0, 0, 0, 0, 0, 0,
    -2, 0, 0, 0, 0, 0, 0, 0,
    0, 0, 0, 0, 0, -11, 0, 0,
    0, -2, 0, 0, 0, -3, 0, -2,
    0, -2, -5, -3, 0, 0, 0, 0,
    0, 0, 0, 0, 0, 0, 0, 0,
    0, 0, 0, 0, 0, 0, -4, 0,
    0, 0, 0, 0, 0, 0, 0, 0,
    0, 0, 0, 0, 0, 0, 0, 0,
    2, 0, 0, 0, 0, 0, 0, 0,
    0, -2, -2, 0, 0, -2, 0, 0,
    0, -2, -3, -2, 0, 0, 0, 0,
    0, 0, 0, 0, 0, 0, 0, 0,
    0, 0, 0, -26, 0, 0, 0, -19,
    0, -29, 0, 2, 0, 0, 0, 0,
    0, 0, 0, -4, -2, 0, 0, 0,
    -2, -3, 0, 0, -2, -3, 0, 0,
    0, 0, 0, 0, 0, 0, 0, 0,
    0, 0, 0, 0, 0, 0, 0, 0,
    0, 0, 2, 0, 0, 0, -3, 0,
    0, 0, 2, -3, 0, 0, 0, 0,
    0, 0, 0, 0, 0, 0, 0, 0,
    0, 0, 0, 0, 0, 0, 0, 0,
    0, 0, 0, 0, 0, 0, 0, 0,
    0, 0, 0, 0, 0, -2, 0, 0,
    0, 0, 0, 0, 0, 0, 0, 0,
    0, 0, 0, 0, 0, 0, 0, 0,
    0, 0, 0, 0, 0, 0, 0, 0,
    0, 0, 0, 0, 0, 0, 0, 0,
    0, 0, 0, 0, 0, -7, 0, 0,
    0, -3, 0, 0, 0, 0, 0, 0,
    0, 0, 0, 0, 0, -3, 0, 0,
    -3, -3, 0, 0, 0, -3, -4, -7,
    0, 0, 0, 0, 0, 0, 0, 0,
    0, 0, 0, -37, 0, 0, 0, 0,
    0, 0, 0, 2, -7, 0, 0, -30,
    -6, -19, -16, 0, -26, 0, 0, 0,
    0, 0, 0, 0, 0, 0, 0, 0,
    -5, -15, -10, 0, 0, 0, 0, 0,
    0, 0, 0, -37, 0, 0, 0, 0,
    0, 0, -35, 0, 0, 0, -15, 0,
    -22, 0, 0, 0, 0, 0, -3, 0,
    -3, 0, -1, -1, 0, 0, 0, -1,
    0, 0, 2, 0, 2, 0, 0, 0,
    0, 0, 0, -11, 0, 0, 0, 0,
    0, 0, 0, 0, 0, 0, 0, 0,
    0, 0, 0, 0, 0, -5, 0, -3,
    -2, 0, -4, 0, 0, 0, 0, 0,
    0, 0, 0, 0, 0, 0, 0, 0,
    0, 0, 0, 0, 0, 0, 0, 0,
    0, 0, 0, 0, 0, 0, 0, 0,
    0, 0, 0, 0, 0, 0, 0, 0,
    -9, 0, -2, 0, 0, -5, 0, 0,
    0, 0, 0, 0, 0, 0, 0, 0,
    0, 0, 0, 0, 0, 0, 0, 0,
    0, 0, 0, 0, 0, 0, -4, 0,
    0, 0, 0, -24, -25, 0, 0, -9,
    -3, -26, -2, 2, 0, 2, 2, 0,
    2, 0, 0, -12, -11, 0, 0, -12,
    -11, -8, -13, 0, -10, -8, -6, -8,
    -7, 0, -36, -24, -20, -12, -10, 0,
    0, 0, 0, 0, 2, 0, -25, -4,
    0, 0, -8, -1, 0, 0, 0, 0,
    0, 0, 0, 0, 0, 2, -5, -5,
    0, 0, 0, -5, -3, 0, 0, -3,
    -1, 0, 0, 0, 2, 0, 0, 0,
    0, 0, 0, 0, 0, 0, 0, 2,
    0, -13, -7, 0, 0, -5, 0, 0,
    0, 2, 0, 0, 0, 0, 0, 0,
    1, -4, -3, 0, 0, 0, -3, -2,
    0, 0, -2, 0, 0, 0, 0, 2,
    0, 0, 0, 0, 0, 0, 0, 0,
    0, 0, 0, 0, 0, -5, 0, 0,
    0, -3, 0, 0, 0, 0, 2, 0,
    0, 0, 0, 0, 0, -3, 0, 0,
    0, -2, 0, 0, 0, -2, -3, 0,
    0, 0, 0, 0, 0, 0, 0, 0,
    0, 0, 0, 0, -3, 2, -5, -23,
    -6, 0, 0, -10, -3, -10, -2, 2,
    -10, 2, 2, 1, 2, 0, 2, -8,
    -7, -2, 0, -4, -7, -4, -6, -2,
    -4, -2, 0, -3, -3, 2, -9, -6,
    -10, -7, -7, 0, -5, 0, 0, 0,
    0, 0, 0, 0, 0, 0, 1, -3,
    0, 0, 0, 0, 0, 0, 0, 0,
    0, 0, 0, -2, 0, 0, 0, -2,
    0, 0, 0, -2, -3, -3, 0, 0,
    0, 0, 0, 0, 0, 0, 0, 0,
    0, 0, 0, 0, 0, 0, 0, 0,
    0, 0, 0, -2, 0, 0, -2, 0,
    0, 0, 0, 0, 0, 0, 0, 0,
    0, 0, 0, 0, 0, 0, 0, 0,
    0, 0, 0, 0, 0, 0, 0, 0,
    0, 0, 0, 0, -7, 0, 0, 0,
    0, 0, 0, 0, 0, 0, 0, 0,
    0, 0, 0, 0, 0, 0, 0, 0,
    0, 0, 0, 0, 0, 0, 0, 0,
    0, 0, -2, 0, 0, 0, 0, 0,
    0, 0, 0, 0, -7, 0, 0, -3,
    0, 0, 0, 0, 0, 0, 0, 0,
    0, 0, 0, 0, 0, 0, 0, 0,
    0, 0, 0, 0, 0, 0, 0, 0,
    0, 0, 0, 0, 0, -1, 0, -2,
    -2, 0, 0, 0, 0, 0, 0, -3,
    0, 0, -1, 0, 0, 0, 0, 0,
    0, 0, 0, 0, 0, 0, 0, 0,
    0, 0, 0, 0, 0, 0, 0, 0,
    0, 0, 0, 0, 0, 0, 0, 0,
    0, 0, 0, 0, 0, 0, 0, 0,
    0, 0, -1, 0, 0, -2, 0, 0,
    0, 0, 0, 0, 0, 0, 0, 0,
    0, 0, 0, 0, 0, 0, 0, 0,
    0, 0, 0, 0, 0, 0, 0, 0,
    0, 0, 0, -1, 0, 0, 0, 0,
    0, 0, 0, 0, 0, -9, 0, 0,
    2, 0, 2, 0, 0, 0, 0, 0,
    0, 0, 0, 0, 0, 0, 0, 0,
    0, 0, 0, 2, 0, -3, 0, 0,
    0, 0, 0, 0, 0, 0, 0, 0,
    0, 0, 2, 0, 0, 0, 0, 0,
    2, 0, 0, -11, 0, 0, 0, 0,
    0, 0, 0, 0, 0, 0, 0, 0,
    0, 0, 0, 0, 0, 0, 0, 0,
    0, 0, 0, 0, 0, 0, 0, 0,
    0, 0, 0, 0, 0, 0, 0, 0,
    0, 0, 0, -9, 0, 0, 0, 0,
    0, 0, 0, 0, 0, 0, 0, 0,
    0, 0, 0, 0, 0, 0, 0, 0,
    0, 0, 0, -2, 0, 0, 0, 0,
    0, 0, 0, 0, 0, 0, 0, 0,
    0, 0, 0, 0, 0, 0, 0, 0,
    0, -15, 0, 0, 0, 0, 0, 0,
    0, 0, 0, 0, 0, 0, 0, 0,
    0, 0, 0, 0, 0, 0, 0, 0,
    0, 0, 0, 0, 0, 0, 0, -2,
    0, -2, -2, 0, 0, 0, 0, 0,
    0, -9, 0, 0, 2, 0, 0, 0,
    -13, 0, 0, 0, 0, 0, 0, 0,
    0, 0, 0, 0, 0, 0, 0, 0,
    -4, -2, 2, 0, 0, -2, 0, 0,
    5, 0, 2, 2, 0, 0, 0, 0,
    0, 0, 0, 0, 2, 0, 0, 0,
    0, 0, 0, 0, 0, 0, 0, 0,
    0, 0, 0, 0, 0, 0, 0, 0,
    0, 0, 0, 0, 0, 0, 0, 0,
    -2, 0, 0, 0, 0, 0, 0, 0,
    0, 0, 0, 0, 0, 0, 0, 0,
    0, 0, 2, 0, 0, 0, -12, 0,
    0, 0, 0, 0, 0, 0, 0, 0,
    0, 0, 0, 0, 0, 0, -2, -1,
    1, 0, 0, -2, 0, 0, 0, 0,
    0, 0, 0, 0, 0, 0, 0, 0,
    0, 0, 2, 0, 0, 0, 0, 0,
    0, -14, 0, 0, 0, 0, 0, 0,
    0, 0, 0, 0, 0, 0, 0, 0,
    0, 0, 0, 0, 0, 0, 0, 0,
    0, 0, 0, 0, 0, 0, 0, 0,
    0, 0, 0, 0, 0, 0, 0, 0,
    0, 0, 0, 0, 0, 0, 0, 0,
    0, 0, 0, 0, 0, 0, 0, 0,
    0, 0, 0, 0, 0, -2, 0, 0,
    0, -2, 0, 0, 0, 0, 0, 0,
    0, 0, 0, 0, 0, 0, 0, 0,
    0, 0, 0, 0, 0, 0, 0, 0,
    0, 0, 0, 0, 0, 0, 0, 0,
    0, 0, 0, 0, 0, 0, 0, 0,
    -2, 0, 0, 0, -2, 0, 0, 0,
    0, 0, 0, 0, 0, 0, 0, 0,
    0, 0, 0, 0, 0, 0, 0, 0,
    0, 0, 0, 0, 0, 0, 0, 0,
    -2, 0, 0, -2, 0, 0, 0, 0,
    0, 0, 0, 0, 0, 0, 0, 0,
    0, 0, 0, 0, 0, 0, 0, 0,
    0, 0, 0, 0, 0, 0, 0, 0,
    0, -12, 0, 0, 0, 0, 0, 0,
    0, -13, 0, 0, 0, 0, 0, 0,
    0, 0, 0, 0, 0, -5, -6, 0,
    4, -2, -14, 0, -12, 0, 0, 0,
    1, 0, 0, 0, 0, 0, 0, 0,
    0, -12, 0
};


/*Collect the kern class' data in one place*/
static const lv_font_fmt_txt_kern_classes_t kern_classes =
{
    .class_pair_values   = kern_class_values,
    .left_class_mapping  = kern_left_class_mapping,
    .right_class_mapping = kern_right_class_mapping,
    .left_class_cnt      = 41,
    .right_class_cnt     = 43,
};

/*--------------------
 *  ALL CUSTOM DATA
 *--------------------*/

#if LVGL_VERSION_MAJOR == 8
/*Store all the custom data of the font*/
static  lv_font_fmt_txt_glyph_cache_t cache;
#endif

#if LVGL_VERSION_MAJOR >= 8
static const lv_font_fmt_txt_dsc_t font_dsc = {
#else
static lv_font_fmt_txt_dsc_t font_dsc = {
#endif
    .glyph_bitmap = glyph_bitmap,
    .glyph_dsc = glyph_dsc,
    .cmaps = cmaps,
    .kern_dsc = &kern_classes,
    .kern_scale = 16,
    .cmap_num = 3,
    .bpp = 4,
    .kern_classes = 1,
    .bitmap_format = 0,
#if LVGL_VERSION_MAJOR == 8
    .cache = &cache
#endif
};



/*-----------------
 *  PUBLIC FONT
 *----------------*/

/*Initialize a public general font descriptor*/
#if LVGL_VERSION_MAJOR >= 8
const lv_font_t mmk_text_14 = {
#else
lv_font_t mmk_text_14 = {
#endif
    .get_glyph_dsc = lv_font_get_glyph_dsc_fmt_txt,    /*Function pointer to get glyph's data*/
    .get_glyph_bitmap = lv_font_get_bitmap_fmt_txt,    /*Function pointer to get glyph's bitmap*/
    .line_height = 18,          /*The maximum line height required by the font*/
    .base_line = 4,             /*Baseline measured from the bottom of the line*/
#if !(LVGL_VERSION_MAJOR == 6 && LVGL_VERSION_MINOR == 0)
    .subpx = LV_FONT_SUBPX_NONE,
#endif
#if LV_VERSION_CHECK(7, 4, 0) || LVGL_VERSION_MAJOR >= 8
    .underline_position = -1,
    .underline_thickness = 1,
#endif
    .dsc = &font_dsc,          /*The custom font data. Will be accessed by `get_glyph_bitmap/dsc` */
#if LV_VERSION_CHECK(8, 2, 0) || LVGL_VERSION_MAJOR >= 9
    .fallback = NULL,
#endif
    .user_data = NULL,
};



#endif /*#if MMK_TEXT_14*/

