/*******************************************************************************
 * Size: 24 px
 * Bpp: 4
 * Opts: --size 24 --bpp 4 --format lvgl --no-compress --font ./Roboto-Medium.ttf -r 0x20-0x7F -r 0xA0-0x17F -r 0x2013-0x2014 -r 0x2018-0x2019 -r 0x201C-0x201D -r 0x2022 -r 0x2026 --font ./DejaVuSans.ttf -r 0x2122 -r 0x2190-0x2193 -r 0x2605-0x2606 -r 0x2660-0x2667 -r 0x2669-0x266C -r 0x2713 -r 0x2717 -r 0x2032-0x2033 -o mmk_text_24.c --lv-font-name mmk_text_24
 ******************************************************************************/

#ifdef LV_LVGL_H_INCLUDE_SIMPLE
#include "lvgl.h"
#else
#include "lvgl/lvgl.h"
#endif

#ifndef MMK_TEXT_24
#define MMK_TEXT_24 1
#endif

#if MMK_TEXT_24

/*-----------------
 *    BITMAPS
 *----------------*/

/*Store the image of the glyphs*/
static LV_ATTRIBUTE_LARGE_CONST const uint8_t glyph_bitmap[] = {
    /* U+0020 " " */

    /* U+0021 "!" */
    0x3f, 0xfc, 0x3f, 0xfb, 0x2f, 0xfb, 0x2f, 0xfa,
    0x2f, 0xfa, 0x1f, 0xfa, 0x1f, 0xf9, 0x1f, 0xf9,
    0xf, 0xf9, 0xf, 0xf8, 0xf, 0xf8, 0xf, 0xf7,
    0x1, 0x10, 0x0, 0x0, 0x1d, 0xf8, 0x4f, 0xfd,
    0xc, 0xf7,

    /* U+0022 "\"" */
    0xdf, 0x34, 0xfc, 0xdf, 0x34, 0xfb, 0xdf, 0x24,
    0xfa, 0xdf, 0x4, 0xf9, 0xdf, 0x4, 0xf7, 0xdd,
    0x4, 0xf6, 0x22, 0x0, 0x20,

    /* U+0023 "#" */
    0x0, 0x0, 0xf, 0xf0, 0x6, 0xf9, 0x0, 0x0,
    0x0, 0x2f, 0xd0, 0x8, 0xf6, 0x0, 0x0, 0x0,
    0x5f, 0xa0, 0xb, 0xf3, 0x0, 0x0, 0x0, 0x8f,
    0x70, 0xe, 0xf0, 0x0, 0x0, 0x0, 0xbf, 0x40,
    0x1f, 0xd0, 0x0, 0xf, 0xff, 0xff, 0xff, 0xff,
    0xff, 0xf3, 0xd, 0xee, 0xff, 0xee, 0xff, 0xee,
    0xe2, 0x0, 0x4, 0xfb, 0x0, 0xaf, 0x40, 0x0,
    0x0, 0x7, 0xf7, 0x0, 0xef, 0x10, 0x0, 0x0,
    0xa, 0xf4, 0x1, 0xfd, 0x0, 0x0, 0xce, 0xef,
    0xfe, 0xee, 0xff, 0xee, 0x40, 0xef, 0xff, 0xff,
    0xff, 0xff, 0xff, 0x50, 0x0, 0x4f, 0xb0, 0xa,
    0xf4, 0x0, 0x0, 0x0, 0x7f, 0x80, 0xd, 0xf1,
    0x0, 0x0, 0x0, 0x9f, 0x50, 0xf, 0xf0, 0x0,
    0x0, 0x0, 0xcf, 0x20, 0x3f, 0xc0, 0x0, 0x0,
    0x0, 0xff, 0x0, 0x6f, 0x90, 0x0, 0x0,

    /* U+0024 "$" */
    0x0, 0x0, 0xc, 0xf1, 0x0, 0x0, 0x0, 0x0,
    0xc, 0xf1, 0x0, 0x0, 0x0, 0x0, 0x3d, 0xf5,
    0x0, 0x0, 0x0, 0x5e, 0xff, 0xff, 0xf6, 0x0,
    0x5, 0xff, 0xff, 0xff, 0xff, 0x50, 0xe, 0xff,
    0x60, 0x7, 0xff, 0xe0, 0x1f, 0xfc, 0x0, 0x0,
    0xcf, 0xf3, 0x2f, 0xfb, 0x0, 0x0, 0x8f, 0xf5,
    0xf, 0xff, 0x20, 0x0, 0x0, 0x0, 0x8, 0xff,
    0xe7, 0x10, 0x0, 0x0, 0x0, 0xaf, 0xff, 0xfa,
    0x30, 0x0, 0x0, 0x5, 0xdf, 0xff, 0xf9, 0x0,
    0x0, 0x0, 0x3, 0x9f, 0xff, 0x90, 0x0, 0x0,
    0x0, 0x3, 0xef, 0xf2, 0x79, 0x90, 0x0, 0x0,
    0x8f, 0xf6, 0xbf, 0xf3, 0x0, 0x0, 0x7f, 0xf6,
    0x7f, 0xfb, 0x0, 0x1, 0xdf, 0xf4, 0x1e, 0xff,
    0xea, 0xae, 0xff, 0xc0, 0x3, 0xef, 0xff, 0xff,
    0xfc, 0x10, 0x0, 0x5, 0xaf, 0xf8, 0x40, 0x0,
    0x0, 0x0, 0xf, 0xd0, 0x0, 0x0, 0x0, 0x0,
    0xf, 0xd0, 0x0, 0x0,

    /* U+0025 "%" */
    0x5, 0xcf, 0xe9, 0x10, 0x0, 0x0, 0x0, 0x0,
    0x4f, 0xfc, 0xef, 0xd0, 0x0, 0x0, 0x0, 0x0,
    0xbf, 0x60, 0xc, 0xf4, 0x0, 0x3f, 0x60, 0x0,
    0xdf, 0x20, 0x9, 0xf6, 0x0, 0xdf, 0x10, 0x0,
    0xcf, 0x50, 0xc, 0xf4, 0x7, 0xf6, 0x0, 0x0,
    0x5f, 0xfc, 0xdf, 0xd0, 0x2f, 0xc0, 0x0, 0x0,
    0x5, 0xcf, 0xea, 0x10, 0xcf, 0x20, 0x0, 0x0,
    0x0, 0x0, 0x0, 0x7, 0xf8, 0x0, 0x0, 0x0,
    0x0, 0x0, 0x0, 0x2f, 0xd0, 0x0, 0x0, 0x0,
    0x0, 0x0, 0x0, 0xbf, 0x32, 0xae, 0xea, 0x10,
    0x0, 0x0, 0x6, 0xf9, 0x1e, 0xfd, 0xdf, 0xe1,
    0x0, 0x0, 0x1f, 0xe0, 0x7f, 0xa0, 0xb, 0xf7,
    0x0, 0x0, 0xbf, 0x40, 0xaf, 0x60, 0x6, 0xf9,
    0x0, 0x5, 0xfa, 0x0, 0x9f, 0x60, 0x6, 0xf9,
    0x0, 0xd, 0xe1, 0x0, 0x7f, 0xa0, 0xa, 0xf6,
    0x0, 0x0, 0x30, 0x0, 0x1e, 0xfd, 0xdf, 0xe0,
    0x0, 0x0, 0x0, 0x0, 0x2, 0xae, 0xeb, 0x20,

    /* U+0026 "&" */
    0x0, 0x7, 0xdf, 0xfb, 0x40, 0x0, 0x0, 0x0,
    0xa, 0xff, 0xff, 0xff, 0x50, 0x0, 0x0, 0x4,
    0xff, 0xd6, 0x6e, 0xfe, 0x0, 0x0, 0x0, 0x8f,
    0xf3, 0x0, 0x6f, 0xf1, 0x0, 0x0, 0x8, 0xff,
    0x20, 0x7, 0xff, 0x0, 0x0, 0x0, 0x4f, 0xf9,
    0x4, 0xff, 0x90, 0x0, 0x0, 0x0, 0xcf, 0xfb,
    0xff, 0xb0, 0x0, 0x0, 0x0, 0x2, 0xff, 0xff,
    0x80, 0x0, 0x0, 0x0, 0x0, 0x9f, 0xff, 0xe1,
    0x0, 0x3, 0x30, 0x0, 0xbf, 0xfc, 0xff, 0xd0,
    0x5, 0xff, 0x20, 0x7f, 0xf9, 0x9, 0xff, 0xb0,
    0x8f, 0xf0, 0xd, 0xff, 0x0, 0xb, 0xff, 0x9d,
    0xfd, 0x0, 0xff, 0xe0, 0x0, 0xd, 0xff, 0xff,
    0x70, 0xd, 0xff, 0x20, 0x0, 0x2e, 0xff, 0xe1,
    0x0, 0x6f, 0xfd, 0x41, 0x38, 0xff, 0xfe, 0x20,
    0x0, 0x9f, 0xff, 0xff, 0xff, 0xff, 0xfd, 0x10,
    0x0, 0x4b, 0xef, 0xfc, 0x81, 0x8f, 0xfc, 0x0,

    /* U+0027 "'" */
    0xf, 0xf2, 0xf, 0xf1, 0xf, 0xf0, 0xf, 0xf0,
    0xf, 0xe0, 0xf, 0xd0, 0x1, 0x10,

    /* U+0028 "(" */
    0x0, 0x0, 0x0, 0x0, 0x0, 0x0, 0xb9, 0x0,
    0x0, 0xcf, 0xb0, 0x0, 0xaf, 0xc0, 0x0, 0x4f,
    0xf2, 0x0, 0xd, 0xf9, 0x0, 0x4, 0xff, 0x20,
    0x0, 0xaf, 0xe0, 0x0, 0xe, 0xf9, 0x0, 0x2,
    0xff, 0x60, 0x0, 0x5f, 0xf4, 0x0, 0x6, 0xff,
    0x20, 0x0, 0x7f, 0xf1, 0x0, 0x7, 0xff, 0x10,
    0x0, 0x6f, 0xf2, 0x0, 0x5, 0xff, 0x40, 0x0,
    0x2f, 0xf5, 0x0, 0x0, 0xff, 0x90, 0x0, 0xb,
    0xfd, 0x0, 0x0, 0x5f, 0xf1, 0x0, 0x0, 0xef,
    0x70, 0x0, 0x6, 0xfe, 0x0, 0x0, 0xc, 0xfa,
    0x0, 0x0, 0x2e, 0xf8, 0x0, 0x0, 0x2d, 0xa0,
    0x0, 0x0, 0x2,

    /* U+0029 ")" */
    0x0, 0x0, 0x0, 0x3, 0xe3, 0x0, 0x0, 0x4f,
    0xf3, 0x0, 0x0, 0x7f, 0xe1, 0x0, 0x0, 0xcf,
    0xa0, 0x0, 0x3, 0xff, 0x30, 0x0, 0xd, 0xfa,
    0x0, 0x0, 0x7f, 0xf1, 0x0, 0x4, 0xff, 0x50,
    0x0, 0xf, 0xf9, 0x0, 0x0, 0xef, 0xb0, 0x0,
    0xd, 0xfd, 0x0, 0x0, 0xcf, 0xe0, 0x0, 0xb,
    0xfe, 0x0, 0x0, 0xcf, 0xd0, 0x0, 0xd, 0xfc,
    0x0, 0x0, 0xff, 0x90, 0x0, 0x2f, 0xf6, 0x0,
    0x6, 0xff, 0x20, 0x0, 0xbf, 0xc0, 0x0, 0x1f,
    0xf5, 0x0, 0x9, 0xfc, 0x0, 0x4, 0xff, 0x30,
    0x3, 0xef, 0x60, 0x0, 0x4f, 0x60, 0x0, 0x0,
    0x30, 0x0, 0x0,

    /* U+002A "*" */
    0x0, 0x0, 0xaf, 0x60, 0x0, 0x0, 0x0, 0x9,
    0xf5, 0x0, 0x0, 0x1, 0x0, 0x9f, 0x50, 0x1,
    0x4, 0xfb, 0x58, 0xf4, 0x5b, 0xe0, 0x7f, 0xff,
    0xff, 0xff, 0xff, 0x30, 0x5, 0xaf, 0xff, 0xa5,
    0x0, 0x0, 0xb, 0xff, 0xf3, 0x0, 0x0, 0x7,
    0xfd, 0x5f, 0xe1, 0x0, 0x3, 0xff, 0x30, 0xbf,
    0xb0, 0x0, 0x1a, 0x90, 0x1, 0xe6, 0x0, 0x0,
    0x0, 0x0, 0x0, 0x0, 0x0,

    /* U+002B "+" */
    0x0, 0x0, 0x5, 0x88, 0x0, 0x0, 0x0, 0x0,
    0x0, 0xbf, 0xf0, 0x0, 0x0, 0x0, 0x0, 0xb,
    0xff, 0x0, 0x0, 0x0, 0x0, 0x0, 0xbf, 0xf0,
    0x0, 0x0, 0x0, 0x0, 0xb, 0xff, 0x0, 0x0,
    0x1, 0x99, 0x99, 0xef, 0xfa, 0x99, 0x94, 0x3f,
    0xff, 0xff, 0xff, 0xff, 0xff, 0x83, 0xff, 0xff,
    0xff, 0xff, 0xff, 0xf8, 0x0, 0x0, 0xb, 0xff,
    0x0, 0x0, 0x0, 0x0, 0x0, 0xbf, 0xf0, 0x0,
    0x0, 0x0, 0x0, 0xb, 0xff, 0x0, 0x0, 0x0,
    0x0, 0x0, 0xbf, 0xf0, 0x0, 0x0, 0x0, 0x0,
    0xb, 0xff, 0x0, 0x0, 0x0,

    /* U+002C "," */
    0x7, 0xff, 0x10, 0x7f, 0xf1, 0x8, 0xff, 0x0,
    0xaf, 0xd0, 0xf, 0xf7, 0x7, 0xfd, 0x0, 0x6,
    0x10, 0x0,

    /* U+002D "-" */
    0x5, 0x55, 0x55, 0x42, 0xff, 0xff, 0xff, 0x2f,
    0xff, 0xff, 0xf0,

    /* U+002E "." */
    0x0, 0x10, 0x2e, 0xf8, 0x6f, 0xfd, 0x1d, 0xf6,

    /* U+002F "/" */
    0x0, 0x0, 0x0, 0x7f, 0xc0, 0x0, 0x0, 0xc,
    0xf7, 0x0, 0x0, 0x2, 0xff, 0x10, 0x0, 0x0,
    0x8f, 0xb0, 0x0, 0x0, 0xe, 0xf5, 0x0, 0x0,
    0x4, 0xff, 0x0, 0x0, 0x0, 0x9f, 0x90, 0x0,
    0x0, 0xf, 0xf4, 0x0, 0x0, 0x5, 0xfe, 0x0,
    0x0, 0x0, 0xbf, 0x80, 0x0, 0x0, 0x1f, 0xf2,
    0x0, 0x0, 0x6, 0xfc, 0x0, 0x0, 0x0, 0xcf,
    0x70, 0x0, 0x0, 0x2f, 0xf1, 0x0, 0x0, 0x8,
    0xfb, 0x0, 0x0, 0x0, 0xef, 0x50, 0x0, 0x0,
    0x3f, 0xf0, 0x0, 0x0, 0x9, 0xfa, 0x0, 0x0,
    0x0, 0x78, 0x20, 0x0, 0x0, 0x0,

    /* U+0030 "0" */
    0x0, 0x19, 0xdf, 0xfc, 0x60, 0x0, 0x2, 0xef,
    0xff, 0xff, 0xfb, 0x0, 0xc, 0xff, 0xa5, 0x6d,
    0xff, 0x60, 0x3f, 0xfb, 0x0, 0x1, 0xff, 0xd0,
    0x8f, 0xf4, 0x0, 0x0, 0xbf, 0xf2, 0xaf, 0xf2,
    0x0, 0x0, 0x8f, 0xf4, 0xbf, 0xf1, 0x0, 0x0,
    0x7f, 0xf6, 0xcf, 0xf1, 0x0, 0x0, 0x7f, 0xf6,
    0xcf, 0xf1, 0x0, 0x0, 0x7f, 0xf6, 0xcf, 0xf1,
    0x0, 0x0, 0x7f, 0xf6, 0xbf, 0xf1, 0x0, 0x0,
    0x7f, 0xf5, 0xaf, 0xf2, 0x0, 0x0, 0x8f, 0xf4,
    0x8f, 0xf5, 0x0, 0x0, 0xbf, 0xf2, 0x3f, 0xfb,
    0x0, 0x1, 0xff, 0xd0, 0xc, 0xff, 0xa5, 0x6d,
    0xff, 0x60, 0x2, 0xef, 0xff, 0xff, 0xfb, 0x0,
    0x0, 0x19, 0xdf, 0xfc, 0x60, 0x0,

    /* U+0031 "1" */
    0x0, 0x0, 0x3, 0x9e, 0x0, 0x27, 0xdf, 0xff,
    0xc, 0xff, 0xff, 0xff, 0xf, 0xfe, 0x9e, 0xff,
    0xa, 0x40, 0xd, 0xff, 0x0, 0x0, 0xd, 0xff,
    0x0, 0x0, 0xd, 0xff, 0x0, 0x0, 0xd, 0xff,
    0x0, 0x0, 0xd, 0xff, 0x0, 0x0, 0xd, 0xff,
    0x0, 0x0, 0xd, 0xff, 0x0, 0x0, 0xd, 0xff,
    0x0, 0x0, 0xd, 0xff, 0x0, 0x0, 0xd, 0xff,
    0x0, 0x0, 0xd, 0xff, 0x0, 0x0, 0xd, 0xff,
    0x0, 0x0, 0xd, 0xff,

    /* U+0032 "2" */
    0x0, 0x2, 0x9d, 0xff, 0xc7, 0x0, 0x0, 0x6,
    0xff, 0xff, 0xff, 0xfc, 0x10, 0x3, 0xff, 0xf8,
    0x57, 0xef, 0xf9, 0x0, 0xbf, 0xf5, 0x0, 0x2,
    0xff, 0xf0, 0xf, 0xfe, 0x0, 0x0, 0xd, 0xff,
    0x0, 0x66, 0x40, 0x0, 0x0, 0xdf, 0xf0, 0x0,
    0x0, 0x0, 0x0, 0x3f, 0xfa, 0x0, 0x0, 0x0,
    0x0, 0xc, 0xff, 0x30, 0x0, 0x0, 0x0, 0x9,
    0xff, 0x80, 0x0, 0x0, 0x0, 0x8, 0xff, 0xb0,
    0x0, 0x0, 0x0, 0x7, 0xff, 0xc0, 0x0, 0x0,
    0x0, 0x6, 0xff, 0xd1, 0x0, 0x0, 0x0, 0x5,
    0xff, 0xd1, 0x0, 0x0, 0x0, 0x4, 0xff, 0xe1,
    0x0, 0x0, 0x0, 0x4, 0xff, 0xf6, 0x44, 0x44,
    0x44, 0x30, 0xbf, 0xff, 0xff, 0xff, 0xff, 0xfc,
    0xb, 0xff, 0xff, 0xff, 0xff, 0xff, 0xc0,

    /* U+0033 "3" */
    0x0, 0x4, 0xae, 0xfe, 0xc6, 0x0, 0x0, 0x9,
    0xff, 0xff, 0xff, 0xfb, 0x0, 0x5, 0xff, 0xe8,
    0x57, 0xef, 0xf8, 0x0, 0xcf, 0xf3, 0x0, 0x2,
    0xff, 0xd0, 0x6, 0x77, 0x0, 0x0, 0xe, 0xff,
    0x0, 0x0, 0x0, 0x0, 0x1, 0xff, 0xd0, 0x0,
    0x0, 0x0, 0x3, 0xbf, 0xf5, 0x0, 0x0, 0x6,
    0xff, 0xff, 0xe5, 0x0, 0x0, 0x0, 0x6f, 0xff,
    0xfd, 0x50, 0x0, 0x0, 0x1, 0x44, 0x7e, 0xff,
    0x60, 0x0, 0x0, 0x0, 0x0, 0x1e, 0xfe, 0x0,
    0x0, 0x0, 0x0, 0x0, 0xaf, 0xf2, 0xc, 0xca,
    0x0, 0x0, 0xa, 0xff, 0x30, 0xef, 0xf2, 0x0,
    0x1, 0xef, 0xf0, 0x7, 0xff, 0xe7, 0x56, 0xdf,
    0xf9, 0x0, 0xa, 0xff, 0xff, 0xff, 0xfb, 0x0,
    0x0, 0x5, 0xbe, 0xfe, 0xb6, 0x0, 0x0,

    /* U+0034 "4" */
    0x0, 0x0, 0x0, 0x5, 0xff, 0xe0, 0x0, 0x0,
    0x0, 0x0, 0x1e, 0xff, 0xe0, 0x0, 0x0, 0x0,
    0x0, 0x9f, 0xff, 0xe0, 0x0, 0x0, 0x0, 0x4,
    0xff, 0xff, 0xe0, 0x0, 0x0, 0x0, 0xd, 0xfb,
    0xff, 0xe0, 0x0, 0x0, 0x0, 0x8f, 0xf1, 0xff,
    0xe0, 0x0, 0x0, 0x2, 0xff, 0x60, 0xff, 0xe0,
    0x0, 0x0, 0xc, 0xfc, 0x0, 0xff, 0xe0, 0x0,
    0x0, 0x7f, 0xf2, 0x0, 0xff, 0xe0, 0x0, 0x1,
    0xff, 0x80, 0x0, 0xff, 0xe0, 0x0, 0xb, 0xfd,
    0x0, 0x0, 0xff, 0xe0, 0x0, 0x4f, 0xff, 0xff,
    0xff, 0xff, 0xff, 0xf0, 0x5f, 0xff, 0xff, 0xff,
    0xff, 0xff, 0xf0, 0x15, 0x55, 0x55, 0x55, 0xff,
    0xe5, 0x50, 0x0, 0x0, 0x0, 0x0, 0xff, 0xe0,
    0x0, 0x0, 0x0, 0x0, 0x0, 0xff, 0xe0, 0x0,
    0x0, 0x0, 0x0, 0x0, 0xff, 0xe0, 0x0,

    /* U+0035 "5" */
    0x1, 0xff, 0xff, 0xff, 0xff, 0xf2, 0x3, 0xff,
    0xff, 0xff, 0xff, 0xf2, 0x4, 0xff, 0xa7, 0x77,
    0x77, 0x70, 0x6, 0xff, 0x30, 0x0, 0x0, 0x0,
    0x8, 0xff, 0x10, 0x0, 0x0, 0x0, 0xa, 0xff,
    0x2, 0x43, 0x0, 0x0, 0xb, 0xff, 0xef, 0xff,
    0xf7, 0x0, 0xd, 0xff, 0xff, 0xff, 0xff, 0x80,
    0x8, 0xcc, 0x30, 0x28, 0xff, 0xf1, 0x0, 0x0,
    0x0, 0x0, 0xaf, 0xf7, 0x0, 0x0, 0x0, 0x0,
    0x4f, 0xf9, 0x0, 0x0, 0x0, 0x0, 0x3f, 0xfa,
    0x5c, 0xc4, 0x0, 0x0, 0x5f, 0xf9, 0x3f, 0xfb,
    0x0, 0x0, 0xcf, 0xf5, 0xc, 0xff, 0xb5, 0x5b,
    0xff, 0xd0, 0x2, 0xdf, 0xff, 0xff, 0xfe, 0x30,
    0x0, 0x7, 0xdf, 0xfd, 0x81, 0x0,

    /* U+0036 "6" */
    0x0, 0x0, 0x7, 0xbe, 0xf2, 0x0, 0x0, 0x5,
    0xef, 0xff, 0xf2, 0x0, 0x0, 0x6f, 0xff, 0xc8,
    0x60, 0x0, 0x2, 0xff, 0xe4, 0x0, 0x0, 0x0,
    0xa, 0xff, 0x30, 0x0, 0x0, 0x0, 0x1f, 0xfa,
    0x2, 0x43, 0x0, 0x0, 0x4f, 0xf8, 0xcf, 0xff,
    0xf7, 0x0, 0x7f, 0xff, 0xff, 0xff, 0xff, 0x70,
    0x9f, 0xff, 0x71, 0x17, 0xff, 0xf1, 0x9f, 0xf7,
    0x0, 0x0, 0xaf, 0xf6, 0x9f, 0xf3, 0x0, 0x0,
    0x4f, 0xf9, 0x8f, 0xf5, 0x0, 0x0, 0x3f, 0xf9,
    0x5f, 0xf8, 0x0, 0x0, 0x5f, 0xf8, 0x1f, 0xfe,
    0x10, 0x0, 0xcf, 0xf4, 0x8, 0xff, 0xd6, 0x6c,
    0xff, 0xc0, 0x0, 0xaf, 0xff, 0xff, 0xfd, 0x10,
    0x0, 0x5, 0xcf, 0xfd, 0x80, 0x0,

    /* U+0037 "7" */
    0x3f, 0xff, 0xff, 0xff, 0xff, 0xff, 0xa3, 0xff,
    0xff, 0xff, 0xff, 0xff, 0xf9, 0x5, 0x55, 0x55,
    0x55, 0x5a, 0xff, 0x30, 0x0, 0x0, 0x0, 0x0,
    0xef, 0xc0, 0x0, 0x0, 0x0, 0x0, 0x6f, 0xf5,
    0x0, 0x0, 0x0, 0x0, 0xd, 0xfe, 0x0, 0x0,
    0x0, 0x0, 0x4, 0xff, 0x70, 0x0, 0x0, 0x0,
    0x0, 0xcf, 0xf1, 0x0, 0x0, 0x0, 0x0, 0x3f,
    0xf9, 0x0, 0x0, 0x0, 0x0, 0xb, 0xff, 0x20,
    0x0, 0x0, 0x0, 0x2, 0xff, 0xb0, 0x0, 0x0,
    0x0, 0x0, 0x9f, 0xf3, 0x0, 0x0, 0x0, 0x0,
    0x1f, 0xfc, 0x0, 0x0, 0x0, 0x0, 0x8, 0xff,
    0x50, 0x0, 0x0, 0x0, 0x1, 0xff, 0xe0, 0x0,
    0x0, 0x0, 0x0, 0x7f, 0xf7, 0x0, 0x0, 0x0,
    0x0, 0xe, 0xff, 0x10, 0x0, 0x0, 0x0,

    /* U+0038 "8" */
    0x0, 0x29, 0xef, 0xfc, 0x70, 0x0, 0x4, 0xff,
    0xff, 0xff, 0xfd, 0x10, 0xe, 0xff, 0xa5, 0x6d,
    0xff, 0x90, 0x4f, 0xfb, 0x0, 0x1, 0xff, 0xe0,
    0x5f, 0xf7, 0x0, 0x0, 0xdf, 0xf0, 0x2f, 0xfb,
    0x0, 0x1, 0xff, 0xc0, 0xa, 0xff, 0xa5, 0x6d,
    0xff, 0x40, 0x0, 0x8f, 0xff, 0xff, 0xe4, 0x0,
    0x3, 0xdf, 0xff, 0xff, 0xf9, 0x0, 0x1e, 0xfe,
    0x50, 0x29, 0xff, 0x90, 0x7f, 0xf6, 0x0, 0x0,
    0xcf, 0xf1, 0xbf, 0xf2, 0x0, 0x0, 0x8f, 0xf5,
    0xbf, 0xf2, 0x0, 0x0, 0x8f, 0xf5, 0x9f, 0xf8,
    0x0, 0x0, 0xdf, 0xf3, 0x2f, 0xff, 0x95, 0x6c,
    0xff, 0xc0, 0x6, 0xff, 0xff, 0xff, 0xfd, 0x10,
    0x0, 0x2a, 0xef, 0xfc, 0x70, 0x0,

    /* U+0039 "9" */
    0x0, 0x29, 0xdf, 0xea, 0x20, 0x0, 0x4, 0xff,
    0xff, 0xff, 0xf5, 0x0, 0x1e, 0xff, 0xa5, 0x8f,
    0xff, 0x20, 0x7f, 0xf8, 0x0, 0x6, 0xff, 0x90,
    0xcf, 0xf1, 0x0, 0x0, 0xef, 0xe0, 0xef, 0xf0,
    0x0, 0x0, 0xbf, 0xf1, 0xdf, 0xf0, 0x0, 0x0,
    0xaf, 0xf3, 0xbf, 0xf5, 0x0, 0x0, 0xcf, 0xf3,
    0x5f, 0xfe, 0x40, 0x2b, 0xff, 0xf2, 0xb, 0xff,
    0xff, 0xff, 0xff, 0xf1, 0x0, 0x9f, 0xff, 0xe6,
    0xbf, 0xf0, 0x0, 0x0, 0x33, 0x0, 0xff, 0xb0,
    0x0, 0x0, 0x0, 0x6, 0xff, 0x50, 0x0, 0x0,
    0x0, 0x5f, 0xfd, 0x0, 0x0, 0x26, 0x8c, 0xff,
    0xf3, 0x0, 0x0, 0x7f, 0xff, 0xfe, 0x30, 0x0,
    0x0, 0x6f, 0xea, 0x60, 0x0, 0x0,

    /* U+003A ":" */
    0x1d, 0xf5, 0x6f, 0xfc, 0x2f, 0xf7, 0x0, 0x10,
    0x0, 0x0, 0x0, 0x0, 0x0, 0x0, 0x0, 0x0,
    0x0, 0x0, 0x0, 0x10, 0x2f, 0xf7, 0x6f, 0xfc,
    0x1d, 0xf6,

    /* U+003B ";" */
    0x4, 0xee, 0x30, 0xaf, 0xf8, 0x6, 0xff, 0x40,
    0x1, 0x10, 0x0, 0x0, 0x0, 0x0, 0x0, 0x0,
    0x0, 0x0, 0x0, 0x0, 0x0, 0x0, 0x0, 0x0,
    0x0, 0x3, 0xdd, 0x40, 0x4f, 0xf4, 0x4, 0xff,
    0x40, 0x7f, 0xf1, 0xb, 0xfb, 0x3, 0xff, 0x30,
    0x7, 0x50, 0x0,

    /* U+003C "<" */
    0x0, 0x0, 0x0, 0x0, 0x18, 0x70, 0x0, 0x0,
    0x2, 0xaf, 0xf8, 0x0, 0x0, 0x4b, 0xff, 0xff,
    0x80, 0x6, 0xdf, 0xff, 0xfa, 0x40, 0x2e, 0xff,
    0xfd, 0x71, 0x0, 0x4, 0xff, 0xf5, 0x0, 0x0,
    0x0, 0x3f, 0xff, 0xfb, 0x50, 0x0, 0x0, 0x17,
    0xef, 0xff, 0xe9, 0x30, 0x0, 0x0, 0x5c, 0xff,
    0xff, 0x70, 0x0, 0x0, 0x4, 0xbf, 0xf8, 0x0,
    0x0, 0x0, 0x0, 0x29, 0x80, 0x0, 0x0, 0x0,
    0x0, 0x0,

    /* U+003D "=" */
    0x16, 0x66, 0x66, 0x66, 0x66, 0x44, 0xff, 0xff,
    0xff, 0xff, 0xfc, 0x4f, 0xff, 0xff, 0xff, 0xff,
    0xc0, 0x0, 0x0, 0x0, 0x0, 0x0, 0x0, 0x0,
    0x0, 0x0, 0x0, 0x1, 0x55, 0x55, 0x55, 0x55,
    0x54, 0x4f, 0xff, 0xff, 0xff, 0xff, 0xc4, 0xff,
    0xff, 0xff, 0xff, 0xfc,

    /* U+003E ">" */
    0x78, 0x20, 0x0, 0x0, 0x0, 0x8, 0xff, 0xa4,
    0x0, 0x0, 0x0, 0x7f, 0xff, 0xfd, 0x60, 0x0,
    0x0, 0x39, 0xef, 0xff, 0xe8, 0x10, 0x0, 0x0,
    0x4a, 0xff, 0xff, 0x70, 0x0, 0x0, 0x2, 0xcf,
    0xfa, 0x0, 0x0, 0x4a, 0xff, 0xff, 0x80, 0x28,
    0xef, 0xff, 0xf9, 0x20, 0x6f, 0xff, 0xfe, 0x71,
    0x0, 0x8, 0xff, 0xc5, 0x0, 0x0, 0x0, 0x7a,
    0x30, 0x0, 0x0, 0x0, 0x0, 0x0, 0x0, 0x0,
    0x0, 0x0,

    /* U+003F "?" */
    0x0, 0x19, 0xdf, 0xfc, 0x60, 0x0, 0x3f, 0xff,
    0xff, 0xff, 0xb0, 0xd, 0xff, 0xc7, 0x8e, 0xff,
    0x62, 0xff, 0xc0, 0x0, 0x4f, 0xfa, 0x16, 0x63,
    0x0, 0x1, 0xff, 0xc0, 0x0, 0x0, 0x0, 0x4f,
    0xf9, 0x0, 0x0, 0x0, 0x1d, 0xff, 0x20, 0x0,
    0x0, 0x1d, 0xff, 0x70, 0x0, 0x0, 0xc, 0xff,
    0x80, 0x0, 0x0, 0x7, 0xff, 0x80, 0x0, 0x0,
    0x0, 0xcf, 0xf0, 0x0, 0x0, 0x0, 0xc, 0xec,
    0x0, 0x0, 0x0, 0x0, 0x0, 0x0, 0x0, 0x0,
    0x0, 0x0, 0x0, 0x0, 0x0, 0x0, 0x0, 0xbf,
    0xb0, 0x0, 0x0, 0x0, 0xf, 0xff, 0x10, 0x0,
    0x0, 0x0, 0xaf, 0xa0, 0x0, 0x0,

    /* U+0040 "@" */
    0x0, 0x0, 0x0, 0x39, 0xdf, 0xfe, 0xc8, 0x20,
    0x0, 0x0, 0x0, 0x0, 0x2b, 0xff, 0xfc, 0xcd,
    0xff, 0xf9, 0x0, 0x0, 0x0, 0x3, 0xff, 0xb4,
    0x0, 0x0, 0x5, 0xdf, 0xc0, 0x0, 0x0, 0x2f,
    0xf7, 0x0, 0x0, 0x0, 0x0, 0xa, 0xfa, 0x0,
    0x0, 0xdf, 0x70, 0x0, 0x0, 0x0, 0x0, 0x0,
    0xcf, 0x30, 0x6, 0xfc, 0x0, 0x0, 0x5c, 0xfd,
    0xa2, 0x0, 0x3f, 0xa0, 0xd, 0xf4, 0x0, 0x8,
    0xff, 0xdf, 0xff, 0x0, 0xd, 0xf0, 0x2f, 0xe0,
    0x0, 0x5f, 0xe3, 0x2, 0xfe, 0x0, 0xa, 0xf3,
    0x7f, 0xa0, 0x0, 0xdf, 0x60, 0x4, 0xfd, 0x0,
    0x7, 0xf5, 0xaf, 0x70, 0x3, 0xff, 0x0, 0x5,
    0xfc, 0x0, 0x7, 0xf6, 0xbf, 0x50, 0x7, 0xfc,
    0x0, 0x6, 0xfa, 0x0, 0x6, 0xf6, 0xcf, 0x40,
    0xa, 0xf9, 0x0, 0x8, 0xf9, 0x0, 0x8, 0xf5,
    0xcf, 0x40, 0xb, 0xf9, 0x0, 0x9, 0xf7, 0x0,
    0xb, 0xf2, 0xbf, 0x50, 0xb, 0xfa, 0x0, 0xe,
    0xf7, 0x0, 0x1f, 0xe0, 0x9f, 0x80, 0x7, 0xff,
    0x30, 0xaf, 0xf9, 0x0, 0xaf, 0x60, 0x5f, 0xc0,
    0x1, 0xff, 0xff, 0xf8, 0xff, 0xbd, 0xfb, 0x0,
    0x1f, 0xf3, 0x0, 0x3c, 0xfd, 0x50, 0x5d, 0xfd,
    0x70, 0x0, 0x9, 0xfc, 0x0, 0x0, 0x0, 0x0,
    0x0, 0x0, 0x0, 0x0, 0x1, 0xef, 0xa0, 0x0,
    0x0, 0x0, 0x0, 0x0, 0x0, 0x0, 0x0, 0x3f,
    0xfc, 0x50, 0x0, 0x0, 0x44, 0x0, 0x0, 0x0,
    0x0, 0x2, 0xcf, 0xff, 0xdd, 0xef, 0xfb, 0x0,
    0x0, 0x0, 0x0, 0x0, 0x4, 0x9d, 0xff, 0xec,
    0x82, 0x0, 0x0, 0x0,

    /* U+0041 "A" */
    0x0, 0x0, 0x0, 0x8f, 0xf8, 0x0, 0x0, 0x0,
    0x0, 0x0, 0x0, 0xef, 0xfe, 0x0, 0x0, 0x0,
    0x0, 0x0, 0x4, 0xff, 0xff, 0x40, 0x0, 0x0,
    0x0, 0x0, 0xa, 0xff, 0xff, 0xa0, 0x0, 0x0,
    0x0, 0x0, 0x1f, 0xfa, 0xbf, 0xf0, 0x0, 0x0,
    0x0, 0x0, 0x6f, 0xf4, 0x5f, 0xf6, 0x0, 0x0,
    0x0, 0x0, 0xcf, 0xe0, 0xf, 0xfc, 0x0, 0x0,
    0x0, 0x2, 0xff, 0x90, 0xa, 0xff, 0x20, 0x0,
    0x0, 0x9, 0xff, 0x40, 0x4, 0xff, 0x80, 0x0,
    0x0, 0xe, 0xfe, 0x0, 0x0, 0xef, 0xe0, 0x0,
    0x0, 0x5f, 0xfc, 0x66, 0x66, 0xcf, 0xf4, 0x0,
    0x0, 0xbf, 0xff, 0xff, 0xff, 0xff, 0xfa, 0x0,
    0x1, 0xff, 0xff, 0xff, 0xff, 0xff, 0xff, 0x10,
    0x7, 0xff, 0x70, 0x0, 0x0, 0x8, 0xff, 0x70,
    0xd, 0xff, 0x20, 0x0, 0x0, 0x3, 0xff, 0xd0,
    0x3f, 0xfc, 0x0, 0x0, 0x0, 0x0, 0xdf, 0xf3,
    0x9f, 0xf7, 0x0, 0x0, 0x0, 0x0, 0x7f, 0xf9,

    /* U+0042 "B" */
    0x4f, 0xff, 0xff, 0xff, 0xd9, 0x20, 0x4, 0xff,
    0xff, 0xff, 0xff, 0xff, 0x50, 0x4f, 0xfd, 0x66,
    0x68, 0xcf, 0xff, 0x14, 0xff, 0xb0, 0x0, 0x0,
    0xcf, 0xf6, 0x4f, 0xfb, 0x0, 0x0, 0x8, 0xff,
    0x74, 0xff, 0xb0, 0x0, 0x0, 0xaf, 0xf5, 0x4f,
    0xfb, 0x0, 0x1, 0x7f, 0xfd, 0x4, 0xff, 0xff,
    0xff, 0xff, 0xfb, 0x10, 0x4f, 0xff, 0xff, 0xff,
    0xff, 0xc3, 0x4, 0xff, 0xc3, 0x33, 0x47, 0xff,
    0xf2, 0x4f, 0xfb, 0x0, 0x0, 0x6, 0xff, 0xa4,
    0xff, 0xb0, 0x0, 0x0, 0x1f, 0xfd, 0x4f, 0xfb,
    0x0, 0x0, 0x2, 0xff, 0xd4, 0xff, 0xb0, 0x0,
    0x0, 0x8f, 0xfb, 0x4f, 0xfd, 0x66, 0x67, 0xbf,
    0xff, 0x44, 0xff, 0xff, 0xff, 0xff, 0xff, 0x80,
    0x4f, 0xff, 0xff, 0xff, 0xea, 0x30, 0x0,

    /* U+0043 "C" */
    0x0, 0x1, 0x7c, 0xef, 0xea, 0x40, 0x0, 0x0,
    0x3e, 0xff, 0xff, 0xff, 0xfa, 0x0, 0x2, 0xff,
    0xfc, 0x77, 0x9f, 0xff, 0x90, 0xc, 0xff, 0x80,
    0x0, 0x2, 0xff, 0xf2, 0x3f, 0xfd, 0x0, 0x0,
    0x0, 0x8f, 0xf8, 0x8f, 0xf7, 0x0, 0x0, 0x0,
    0x3b, 0xb8, 0xaf, 0xf4, 0x0, 0x0, 0x0, 0x0,
    0x0, 0xcf, 0xf3, 0x0, 0x0, 0x0, 0x0, 0x0,
    0xcf, 0xf2, 0x0, 0x0, 0x0, 0x0, 0x0, 0xcf,
    0xf2, 0x0, 0x0, 0x0, 0x0, 0x0, 0xaf, 0xf4,
    0x0, 0x0, 0x0, 0x0, 0x0, 0x8f, 0xf6, 0x0,
    0x0, 0x0, 0x3a, 0xa7, 0x3f, 0xfc, 0x0, 0x0,
    0x0, 0x8f, 0xf8, 0xd, 0xff, 0x70, 0x0, 0x2,
    0xff, 0xf3, 0x3, 0xff, 0xfb, 0x77, 0x9f, 0xff,
    0x90, 0x0, 0x4f, 0xff, 0xff, 0xff, 0xfa, 0x0,
    0x0, 0x1, 0x8c, 0xef, 0xea, 0x40, 0x0,

    /* U+0044 "D" */
    0x4f, 0xff, 0xff, 0xfd, 0x82, 0x0, 0x0, 0x4f,
    0xff, 0xff, 0xff, 0xff, 0x60, 0x0, 0x4f, 0xfd,
    0x66, 0x7b, 0xff, 0xf8, 0x0, 0x4f, 0xfb, 0x0,
    0x0, 0x3e, 0xff, 0x30, 0x4f, 0xfb, 0x0, 0x0,
    0x5, 0xff, 0xb0, 0x4f, 0xfb, 0x0, 0x0, 0x0,
    0xef, 0xf1, 0x4f, 0xfb, 0x0, 0x0, 0x0, 0xaf,
    0xf4, 0x4f, 0xfb, 0x0, 0x0, 0x0, 0x8f, 0xf6,
    0x4f, 0xfb, 0x0, 0x0, 0x0, 0x8f, 0xf7, 0x4f,
    0xfb, 0x0, 0x0, 0x0, 0x8f, 0xf6, 0x4f, 0xfb,
    0x0, 0x0, 0x0, 0xaf, 0xf4, 0x4f, 0xfb, 0x0,
    0x0, 0x0, 0xef, 0xf1, 0x4f, 0xfb, 0x0, 0x0,
    0x5, 0xff, 0xc0, 0x4f, 0xfb, 0x0, 0x0, 0x3e,
    0xff, 0x40, 0x4f, 0xfd, 0x66, 0x7b, 0xff, 0xf8,
    0x0, 0x4f, 0xff, 0xff, 0xff, 0xff, 0x70, 0x0,
    0x4f, 0xff, 0xff, 0xec, 0x71, 0x0, 0x0,

    /* U+0045 "E" */
    0x4f, 0xff, 0xff, 0xff, 0xff, 0xfd, 0x4f, 0xff,
    0xff, 0xff, 0xff, 0xfd, 0x4f, 0xfd, 0x66, 0x66,
    0x66, 0x65, 0x4f, 0xfb, 0x0, 0x0, 0x0, 0x0,
    0x4f, 0xfb, 0x0, 0x0, 0x0, 0x0, 0x4f, 0xfb,
    0x0, 0x0, 0x0, 0x0, 0x4f, 0xfb, 0x0, 0x0,
    0x0, 0x0, 0x4f, 0xff, 0xff, 0xff, 0xff, 0xb0,
    0x4f, 0xff, 0xff, 0xff, 0xff, 0xb0, 0x4f, 0xfc,
    0x55, 0x55, 0x55, 0x40, 0x4f, 0xfb, 0x0, 0x0,
    0x0, 0x0, 0x4f, 0xfb, 0x0, 0x0, 0x0, 0x0,
    0x4f, 0xfb, 0x0, 0x0, 0x0, 0x0, 0x4f, 0xfb,
    0x0, 0x0, 0x0, 0x0, 0x4f, 0xfd, 0x66, 0x66,
    0x66, 0x65, 0x4f, 0xff, 0xff, 0xff, 0xff, 0xfe,
    0x4f, 0xff, 0xff, 0xff, 0xff, 0xfe,

    /* U+0046 "F" */
    0x4f, 0xff, 0xff, 0xff, 0xff, 0xf9, 0x4f, 0xff,
    0xff, 0xff, 0xff, 0xf9, 0x4f, 0xfd, 0x66, 0x66,
    0x66, 0x63, 0x4f, 0xfb, 0x0, 0x0, 0x0, 0x0,
    0x4f, 0xfb, 0x0, 0x0, 0x0, 0x0, 0x4f, 0xfb,
    0x0, 0x0, 0x0, 0x0, 0x4f, 0xfb, 0x0, 0x0,
    0x0, 0x0, 0x4f, 0xfd, 0x66, 0x66, 0x66, 0x30,
    0x4f, 0xff, 0xff, 0xff, 0xff, 0x90, 0x4f, 0xff,
    0xff, 0xff, 0xff, 0x90, 0x4f, 0xfb, 0x0, 0x0,
    0x0, 0x0, 0x4f, 0xfb, 0x0, 0x0, 0x0, 0x0,
    0x4f, 0xfb, 0x0, 0x0, 0x0, 0x0, 0x4f, 0xfb,
    0x0, 0x0, 0x0, 0x0, 0x4f, 0xfb, 0x0, 0x0,
    0x0, 0x0, 0x4f, 0xfb, 0x0, 0x0, 0x0, 0x0,
    0x4f, 0xfb, 0x0, 0x0, 0x0, 0x0,

    /* U+0047 "G" */
    0x0, 0x1, 0x8c, 0xef, 0xeb, 0x60, 0x0, 0x0,
    0x4f, 0xff, 0xff, 0xff, 0xfc, 0x10, 0x3, 0xff,
    0xfc, 0x76, 0x8e, 0xff, 0xc0, 0xc, 0xff, 0x80,
    0x0, 0x1, 0xdf, 0xf5, 0x3f, 0xfd, 0x0, 0x0,
    0x0, 0x5f, 0xfa, 0x7f, 0xf8, 0x0, 0x0, 0x0,
    0x3, 0x32, 0xaf, 0xf5, 0x0, 0x0, 0x0, 0x0,
    0x0, 0xbf, 0xf3, 0x0, 0x0, 0x0, 0x0, 0x0,
    0xcf, 0xf3, 0x0, 0xa, 0xff, 0xff, 0xfd, 0xbf,
    0xf3, 0x0, 0xa, 0xff, 0xff, 0xfd, 0x9f, 0xf5,
    0x0, 0x2, 0x44, 0x5f, 0xfd, 0x7f, 0xf8, 0x0,
    0x0, 0x0, 0x2f, 0xfd, 0x2f, 0xfe, 0x0, 0x0,
    0x0, 0x2f, 0xfd, 0xb, 0xff, 0xb0, 0x0, 0x0,
    0x3f, 0xfd, 0x1, 0xef, 0xfd, 0x86, 0x6a, 0xff,
    0xfb, 0x0, 0x2d, 0xff, 0xff, 0xff, 0xff, 0xb0,
    0x0, 0x0, 0x5b, 0xef, 0xed, 0x93, 0x0,

    /* U+0048 "H" */
    0x4f, 0xfb, 0x0, 0x0, 0x0, 0xa, 0xff, 0x44,
    0xff, 0xb0, 0x0, 0x0, 0x0, 0xaf, 0xf4, 0x4f,
    0xfb, 0x0, 0x0, 0x0, 0xa, 0xff, 0x44, 0xff,
    0xb0, 0x0, 0x0, 0x0, 0xaf, 0xf4, 0x4f, 0xfb,
    0x0, 0x0, 0x0, 0xa, 0xff, 0x44, 0xff, 0xb0,
    0x0, 0x0, 0x0, 0xaf, 0xf4, 0x4f, 0xfb, 0x0,
    0x0, 0x0, 0xa, 0xff, 0x44, 0xff, 0xff, 0xff,
    0xff, 0xff, 0xff, 0xf4, 0x4f, 0xff, 0xff, 0xff,
    0xff, 0xff, 0xff, 0x44, 0xff, 0xd6, 0x66, 0x66,
    0x66, 0xcf, 0xf4, 0x4f, 0xfb, 0x0, 0x0, 0x0,
    0xa, 0xff, 0x44, 0xff, 0xb0, 0x0, 0x0, 0x0,
    0xaf, 0xf4, 0x4f, 0xfb, 0x0, 0x0, 0x0, 0xa,
    0xff, 0x44, 0xff, 0xb0, 0x0, 0x0, 0x0, 0xaf,
    0xf4, 0x4f, 0xfb, 0x0, 0x0, 0x0, 0xa, 0xff,
    0x44, 0xff, 0xb0, 0x0, 0x0, 0x0, 0xaf, 0xf4,
    0x4f, 0xfb, 0x0, 0x0, 0x0, 0xa, 0xff, 0x40,

    /* U+0049 "I" */
    0x1f, 0xfd, 0x1f, 0xfd, 0x1f, 0xfd, 0x1f, 0xfd,
    0x1f, 0xfd, 0x1f, 0xfd, 0x1f, 0xfd, 0x1f, 0xfd,
    0x1f, 0xfd, 0x1f, 0xfd, 0x1f, 0xfd, 0x1f, 0xfd,
    0x1f, 0xfd, 0x1f, 0xfd, 0x1f, 0xfd, 0x1f, 0xfd,
    0x1f, 0xfd,

    /* U+004A "J" */
    0x0, 0x0, 0x0, 0x0, 0x4f, 0xfa, 0x0, 0x0,
    0x0, 0x0, 0x4f, 0xfa, 0x0, 0x0, 0x0, 0x0,
    0x4f, 0xfa, 0x0, 0x0, 0x0, 0x0, 0x4f, 0xfa,
    0x0, 0x0, 0x0, 0x0, 0x4f, 0xfa, 0x0, 0x0,
    0x0, 0x0, 0x4f, 0xfa, 0x0, 0x0, 0x0, 0x0,
    0x4f, 0xfa, 0x0, 0x0, 0x0, 0x0, 0x4f, 0xfa,
    0x0, 0x0, 0x0, 0x0, 0x4f, 0xfa, 0x0, 0x0,
    0x0, 0x0, 0x4f, 0xfa, 0x0, 0x0, 0x0, 0x0,
    0x4f, 0xfa, 0x0, 0x0, 0x0, 0x0, 0x4f, 0xfa,
    0x6f, 0xf8, 0x0, 0x0, 0x6f, 0xf9, 0x4f, 0xfd,
    0x0, 0x0, 0xcf, 0xf6, 0xd, 0xff, 0xd7, 0x7c,
    0xff, 0xe0, 0x3, 0xef, 0xff, 0xff, 0xfe, 0x30,
    0x0, 0x18, 0xdf, 0xfd, 0x91, 0x0,

    /* U+004B "K" */
    0x4f, 0xfb, 0x0, 0x0, 0x2, 0xef, 0xf7, 0x4,
    0xff, 0xb0, 0x0, 0x1, 0xdf, 0xfa, 0x0, 0x4f,
    0xfb, 0x0, 0x0, 0xbf, 0xfc, 0x0, 0x4, 0xff,
    0xb0, 0x0, 0x9f, 0xfe, 0x10, 0x0, 0x4f, 0xfb,
    0x0, 0x7f, 0xff, 0x20, 0x0, 0x4, 0xff, 0xb0,
    0x4f, 0xff, 0x40, 0x0, 0x0, 0x4f, 0xfb, 0x2f,
    0xff, 0x70, 0x0, 0x0, 0x4, 0xff, 0xcd, 0xff,
    0xc0, 0x0, 0x0, 0x0, 0x4f, 0xff, 0xff, 0xff,
    0x40, 0x0, 0x0, 0x4, 0xff, 0xff, 0xef, 0xfe,
    0x10, 0x0, 0x0, 0x4f, 0xff, 0xc0, 0xcf, 0xfa,
    0x0, 0x0, 0x4, 0xff, 0xd1, 0x1, 0xff, 0xf6,
    0x0, 0x0, 0x4f, 0xfb, 0x0, 0x5, 0xff, 0xf2,
    0x0, 0x4, 0xff, 0xb0, 0x0, 0xa, 0xff, 0xc0,
    0x0, 0x4f, 0xfb, 0x0, 0x0, 0x1e, 0xff, 0x80,
    0x4, 0xff, 0xb0, 0x0, 0x0, 0x4f, 0xff, 0x30,
    0x4f, 0xfb, 0x0, 0x0, 0x0, 0x9f, 0xfd, 0x0,

    /* U+004C "L" */
    0x4f, 0xfb, 0x0, 0x0, 0x0, 0x0, 0x4f, 0xfb,
    0x0, 0x0, 0x0, 0x0, 0x4f, 0xfb, 0x0, 0x0,
    0x0, 0x0, 0x4f, 0xfb, 0x0, 0x0, 0x0, 0x0,
    0x4f, 0xfb, 0x0, 0x0, 0x0, 0x0, 0x4f, 0xfb,
    0x0, 0x0, 0x0, 0x0, 0x4f, 0xfb, 0x0, 0x0,
    0x0, 0x0, 0x4f, 0xfb, 0x0, 0x0, 0x0, 0x0,
    0x4f, 0xfb, 0x0, 0x0, 0x0, 0x0, 0x4f, 0xfb,
    0x0, 0x0, 0x0, 0x0, 0x4f, 0xfb, 0x0, 0x0,
    0x0, 0x0, 0x4f, 0xfb, 0x0, 0x0, 0x0, 0x0,
    0x4f, 0xfb, 0x0, 0x0, 0x0, 0x0, 0x4f, 0xfb,
    0x0, 0x0, 0x0, 0x0, 0x4f, 0xfd, 0x66, 0x66,
    0x66, 0x62, 0x4f, 0xff, 0xff, 0xff, 0xff, 0xf7,
    0x4f, 0xff, 0xff, 0xff, 0xff, 0xf7,

    /* U+004D "M" */
    0x4f, 0xff, 0xc0, 0x0, 0x0, 0x0, 0x0, 0xcf,
    0xff, 0x44, 0xff, 0xff, 0x20, 0x0, 0x0, 0x0,
    0x2f, 0xff, 0xf4, 0x4f, 0xff, 0xf8, 0x0, 0x0,
    0x0, 0x8, 0xff, 0xff, 0x44, 0xff, 0xff, 0xe0,
    0x0, 0x0, 0x0, 0xef, 0xff, 0xf4, 0x4f, 0xfc,
    0xff, 0x40, 0x0, 0x0, 0x4f, 0xfc, 0xff, 0x44,
    0xff, 0x8f, 0xfa, 0x0, 0x0, 0xa, 0xfe, 0x8f,
    0xf4, 0x4f, 0xf7, 0x9f, 0xf1, 0x0, 0x1, 0xff,
    0x98, 0xff, 0x44, 0xff, 0x83, 0xff, 0x60, 0x0,
    0x6f, 0xf3, 0x8f, 0xf4, 0x4f, 0xf9, 0xd, 0xfc,
    0x0, 0xc, 0xfc, 0x9, 0xff, 0x44, 0xff, 0x90,
    0x7f, 0xf2, 0x2, 0xff, 0x60, 0xaf, 0xf4, 0x4f,
    0xfa, 0x1, 0xff, 0x80, 0x8f, 0xf1, 0xa, 0xff,
    0x44, 0xff, 0xa0, 0xb, 0xfe, 0xe, 0xfa, 0x0,
    0xbf, 0xf4, 0x4f, 0xfb, 0x0, 0x4f, 0xf9, 0xff,
    0x40, 0xb, 0xff, 0x44, 0xff, 0xb0, 0x0, 0xef,
    0xff, 0xe0, 0x0, 0xbf, 0xf4, 0x4f, 0xfb, 0x0,
    0x8, 0xff, 0xf8, 0x0, 0xb, 0xff, 0x44, 0xff,
    0xb0, 0x0, 0x2f, 0xff, 0x20, 0x0, 0xbf, 0xf4,
    0x4f, 0xfb, 0x0, 0x0, 0xcf, 0xb0, 0x0, 0xb,
    0xff, 0x40,

    /* U+004E "N" */
    0x4f, 0xfe, 0x10, 0x0, 0x0, 0xa, 0xff, 0x44,
    0xff, 0xfa, 0x0, 0x0, 0x0, 0xaf, 0xf4, 0x4f,
    0xff, 0xf4, 0x0, 0x0, 0xa, 0xff, 0x44, 0xff,
    0xff, 0xd0, 0x0, 0x0, 0xaf, 0xf4, 0x4f, 0xff,
    0xff, 0x80, 0x0, 0xa, 0xff, 0x44, 0xff, 0xce,
    0xff, 0x20, 0x0, 0xaf, 0xf4, 0x4f, 0xfb, 0x5f,
    0xfc, 0x0, 0xa, 0xff, 0x44, 0xff, 0xb0, 0xaf,
    0xf6, 0x0, 0xaf, 0xf4, 0x4f, 0xfb, 0x1, 0xff,
    0xf1, 0xa, 0xff, 0x44, 0xff, 0xb0, 0x6, 0xff,
    0xa0, 0xaf, 0xf4, 0x4f, 0xfb, 0x0, 0xc, 0xff,
    0x5a, 0xff, 0x44, 0xff, 0xb0, 0x0, 0x2f, 0xfe,
    0xbf, 0xf4, 0x4f, 0xfb, 0x0, 0x0, 0x8f, 0xff,
    0xff, 0x44, 0xff, 0xb0, 0x0, 0x0, 0xdf, 0xff,
    0xf4, 0x4f, 0xfb, 0x0, 0x0, 0x4, 0xff, 0xff,
    0x44, 0xff, 0xb0, 0x0, 0x0, 0xa, 0xff, 0xf4,
    0x4f, 0xfb, 0x0, 0x0, 0x0, 0x1e, 0xff, 0x40,

    /* U+004F "O" */
    0x0, 0x0, 0x6c, 0xef, 0xda, 0x30, 0x0, 0x0,
    0x2, 0xdf, 0xff, 0xff, 0xff, 0x90, 0x0, 0x1,
    0xef, 0xfe, 0x98, 0xaf, 0xff, 0x90, 0x0, 0xbf,
    0xfa, 0x0, 0x0, 0x3e, 0xff, 0x40, 0x2f, 0xfe,
    0x0, 0x0, 0x0, 0x5f, 0xfb, 0x7, 0xff, 0x80,
    0x0, 0x0, 0x0, 0xef, 0xf0, 0xaf, 0xf4, 0x0,
    0x0, 0x0, 0xb, 0xff, 0x3b, 0xff, 0x20, 0x0,
    0x0, 0x0, 0xaf, 0xf4, 0xcf, 0xf2, 0x0, 0x0,
    0x0, 0x9, 0xff, 0x5c, 0xff, 0x20, 0x0, 0x0,
    0x0, 0xaf, 0xf4, 0xaf, 0xf4, 0x0, 0x0, 0x0,
    0xb, 0xff, 0x37, 0xff, 0x80, 0x0, 0x0, 0x0,
    0xef, 0xf1, 0x2f, 0xfe, 0x0, 0x0, 0x0, 0x5f,
    0xfb, 0x0, 0xbf, 0xfa, 0x0, 0x0, 0x2e, 0xff,
    0x40, 0x1, 0xff, 0xfd, 0x87, 0xaf, 0xff, 0xa0,
    0x0, 0x2, 0xdf, 0xff, 0xff, 0xff, 0x90, 0x0,
    0x0, 0x0, 0x6c, 0xef, 0xda, 0x30, 0x0, 0x0,

    /* U+0050 "P" */
    0x4f, 0xff, 0xff, 0xff, 0xeb, 0x50, 0x0, 0x4f,
    0xff, 0xff, 0xff, 0xff, 0xfb, 0x0, 0x4f, 0xfd,
    0x66, 0x67, 0x9f, 0xff, 0xa0, 0x4f, 0xfb, 0x0,
    0x0, 0x2, 0xff, 0xf2, 0x4f, 0xfb, 0x0, 0x0,
    0x0, 0xaf, 0xf6, 0x4f, 0xfb, 0x0, 0x0, 0x0,
    0x8f, 0xf7, 0x4f, 0xfb, 0x0, 0x0, 0x0, 0xcf,
    0xf5, 0x4f, 0xfb, 0x0, 0x0, 0x2a, 0xff, 0xf0,
    0x4f, 0xff, 0xff, 0xff, 0xff, 0xff, 0x50, 0x4f,
    0xff, 0xff, 0xff, 0xff, 0xc4, 0x0, 0x4f, 0xfd,
    0x66, 0x65, 0x42, 0x0, 0x0, 0x4f, 0xfb, 0x0,
    0x0, 0x0, 0x0, 0x0, 0x4f, 0xfb, 0x0, 0x0,
    0x0, 0x0, 0x0, 0x4f, 0xfb, 0x0, 0x0, 0x0,
    0x0, 0x0, 0x4f, 0xfb, 0x0, 0x0, 0x0, 0x0,
    0x0, 0x4f, 0xfb, 0x0, 0x0, 0x0, 0x0, 0x0,
    0x4f, 0xfb, 0x0, 0x0, 0x0, 0x0, 0x0,

    /* U+0051 "Q" */
    0x0, 0x0, 0x7c, 0xef, 0xd9, 0x30, 0x0, 0x0,
    0x3, 0xef, 0xff, 0xff, 0xff, 0x80, 0x0, 0x2,
    0xff, 0xfd, 0x98, 0xbf, 0xff, 0x90, 0x0, 0xcf,
    0xf9, 0x0, 0x0, 0x3f, 0xff, 0x30, 0x3f, 0xfd,
    0x0, 0x0, 0x0, 0x6f, 0xfa, 0x8, 0xff, 0x70,
    0x0, 0x0, 0x0, 0xff, 0xf0, 0xbf, 0xf3, 0x0,
    0x0, 0x0, 0xc, 0xff, 0x2d, 0xff, 0x10, 0x0,
    0x0, 0x0, 0xbf, 0xf3, 0xdf, 0xf1, 0x0, 0x0,
    0x0, 0xb, 0xff, 0x4d, 0xff, 0x10, 0x0, 0x0,
    0x0, 0xbf, 0xf3, 0xbf, 0xf3, 0x0, 0x0, 0x0,
    0xc, 0xff, 0x28, 0xff, 0x70, 0x0, 0x0, 0x0,
    0xff, 0xf0, 0x3f, 0xfd, 0x0, 0x0, 0x0, 0x6f,
    0xfa, 0x0, 0xcf, 0xf9, 0x0, 0x0, 0x3e, 0xff,
    0x30, 0x2, 0xff, 0xfd, 0x87, 0xaf, 0xff, 0x80,
    0x0, 0x3, 0xef, 0xff, 0xff, 0xff, 0xa0, 0x0,
    0x0, 0x0, 0x7c, 0xef, 0xef, 0xff, 0x60, 0x0,
    0x0, 0x0, 0x0, 0x0, 0x7f, 0xff, 0xa0, 0x0,
    0x0, 0x0, 0x0, 0x0, 0x4e, 0xfb, 0x0, 0x0,
    0x0, 0x0, 0x0, 0x0, 0x18, 0x0,

    /* U+0052 "R" */
    0x4f, 0xff, 0xff, 0xff, 0xd9, 0x30, 0x0, 0x4f,
    0xff, 0xff, 0xff, 0xff, 0xf7, 0x0, 0x4f, 0xfd,
    0x66, 0x68, 0xcf, 0xff, 0x40, 0x4f, 0xfb, 0x0,
    0x0, 0xa, 0xff, 0xa0, 0x4f, 0xfb, 0x0, 0x0,
    0x2, 0xff, 0xd0, 0x4f, 0xfb, 0x0, 0x0, 0x1,
    0xff, 0xd0, 0x4f, 0xfb, 0x0, 0x0, 0x6, 0xff,
    0xb0, 0x4f, 0xfb, 0x0, 0x1, 0x6f, 0xff, 0x40,
    0x4f, 0xff, 0xff, 0xff, 0xff, 0xf8, 0x0, 0x4f,
    0xff, 0xff, 0xff, 0xff, 0x40, 0x0, 0x4f, 0xfd,
    0x66, 0x6e, 0xff, 0x30, 0x0, 0x4f, 0xfb, 0x0,
    0x6, 0xff, 0xb0, 0x0, 0x4f, 0xfb, 0x0, 0x0,
    0xef, 0xf3, 0x0, 0x4f, 0xfb, 0x0, 0x0, 0x6f,
    0xfc, 0x0, 0x4f, 0xfb, 0x0, 0x0, 0xd, 0xff,
    0x40, 0x4f, 0xfb, 0x0, 0x0, 0x5, 0xff, 0xc0,
    0x4f, 0xfb, 0x0, 0x0, 0x0, 0xdf, 0xf5,

    /* U+0053 "S" */
    0x0, 0x1, 0x7c, 0xef, 0xeb, 0x50, 0x0, 0x0,
    0x3e, 0xff, 0xff, 0xff, 0xfc, 0x10, 0x1, 0xef,
    0xfd, 0x86, 0x8e, 0xff, 0xc0, 0x7, 0xff, 0xb0,
    0x0, 0x0, 0xdf, 0xf4, 0x9, 0xff, 0x60, 0x0,
    0x0, 0x7f, 0xf8, 0x7, 0xff, 0xa0, 0x0, 0x0,
    0x1, 0x11, 0x1, 0xff, 0xfa, 0x30, 0x0, 0x0,
    0x0, 0x0, 0x4f, 0xff, 0xfd, 0x82, 0x0, 0x0,
    0x0, 0x2, 0xaf, 0xff, 0xff, 0xb3, 0x0, 0x0,
    0x0, 0x1, 0x6b, 0xff, 0xff, 0x50, 0x0, 0x0,
    0x0, 0x0, 0x18, 0xff, 0xf2, 0x4, 0x43, 0x0,
    0x0, 0x0, 0x9f, 0xf7, 0xf, 0xff, 0x0, 0x0,
    0x0, 0x6f, 0xf9, 0xc, 0xff, 0x70, 0x0, 0x0,
    0xbf, 0xf7, 0x3, 0xff, 0xfc, 0x76, 0x7c, 0xff,
    0xf2, 0x0, 0x4e, 0xff, 0xff, 0xff, 0xff, 0x50,
    0x0, 0x0, 0x7b, 0xef, 0xfc, 0x81, 0x0,

    /* U+0054 "T" */
    0x7f, 0xff, 0xff, 0xff, 0xff, 0xff, 0xff, 0x17,
    0xff, 0xff, 0xff, 0xff, 0xff, 0xff, 0xf1, 0x36,
    0x66, 0x68, 0xff, 0xd6, 0x66, 0x66, 0x0, 0x0,
    0x0, 0x3f, 0xfc, 0x0, 0x0, 0x0, 0x0, 0x0,
    0x3, 0xff, 0xc0, 0x0, 0x0, 0x0, 0x0, 0x0,
    0x3f, 0xfc, 0x0, 0x0, 0x0, 0x0, 0x0, 0x3,
    0xff, 0xc0, 0x0, 0x0, 0x0, 0x0, 0x0, 0x3f,
    0xfc, 0x0, 0x0, 0x0, 0x0, 0x0, 0x3, 0xff,
    0xc0, 0x0, 0x0, 0x0, 0x0, 0x0, 0x3f, 0xfc,
    0x0, 0x0, 0x0, 0x0, 0x0, 0x3, 0xff, 0xc0,
    0x0, 0x0, 0x0, 0x0, 0x0, 0x3f, 0xfc, 0x0,
    0x0, 0x0, 0x0, 0x0, 0x3, 0xff, 0xc0, 0x0,
    0x0, 0x0, 0x0, 0x0, 0x3f, 0xfc, 0x0, 0x0,
    0x0, 0x0, 0x0, 0x3, 0xff, 0xc0, 0x0, 0x0,
    0x0, 0x0, 0x0, 0x3f, 0xfc, 0x0, 0x0, 0x0,
    0x0, 0x0, 0x3, 0xff, 0xc0, 0x0, 0x0, 0x0,

    /* U+0055 "U" */
    0x8f, 0xf6, 0x0, 0x0, 0x0, 0xbf, 0xf3, 0x8f,
    0xf6, 0x0, 0x0, 0x0, 0xbf, 0xf3, 0x8f, 0xf6,
    0x0, 0x0, 0x0, 0xbf, 0xf3, 0x8f, 0xf6, 0x0,
    0x0, 0x0, 0xbf, 0xf3, 0x8f, 0xf6, 0x0, 0x0,
    0x0, 0xbf, 0xf3, 0x8f, 0xf6, 0x0, 0x0, 0x0,
    0xbf, 0xf3, 0x8f, 0xf6, 0x0, 0x0, 0x0, 0xbf,
    0xf3, 0x8f, 0xf6, 0x0, 0x0, 0x0, 0xbf, 0xf3,
    0x8f, 0xf6, 0x0, 0x0, 0x0, 0xbf, 0xf3, 0x8f,
    0xf6, 0x0, 0x0, 0x0, 0xbf, 0xf3, 0x8f, 0xf6,
    0x0, 0x0, 0x0, 0xbf, 0xf3, 0x8f, 0xf7, 0x0,
    0x0, 0x0, 0xcf, 0xf3, 0x6f, 0xfa, 0x0, 0x0,
    0x0, 0xff, 0xf1, 0x2f, 0xff, 0x30, 0x0, 0x7,
    0xff, 0xc0, 0x9, 0xff, 0xf9, 0x67, 0xbf, 0xff,
    0x40, 0x0, 0xaf, 0xff, 0xff, 0xff, 0xf6, 0x0,
    0x0, 0x4, 0xae, 0xff, 0xd9, 0x20, 0x0,

    /* U+0056 "V" */
    0x9f, 0xf9, 0x0, 0x0, 0x0, 0x1, 0xff, 0xf2,
    0x3f, 0xfe, 0x0, 0x0, 0x0, 0x6, 0xff, 0xc0,
    0xe, 0xff, 0x40, 0x0, 0x0, 0xb, 0xff, 0x70,
    0x8, 0xff, 0x90, 0x0, 0x0, 0x1f, 0xff, 0x10,
    0x2, 0xff, 0xe0, 0x0, 0x0, 0x5f, 0xfb, 0x0,
    0x0, 0xcf, 0xf3, 0x0, 0x0, 0xbf, 0xf5, 0x0,
    0x0, 0x7f, 0xf8, 0x0, 0x0, 0xff, 0xf0, 0x0,
    0x0, 0x1f, 0xfd, 0x0, 0x5, 0xff, 0xa0, 0x0,
    0x0, 0xb, 0xff, 0x20, 0xa, 0xff, 0x40, 0x0,
    0x0, 0x5, 0xff, 0x70, 0xf, 0xfe, 0x0, 0x0,
    0x0, 0x0, 0xff, 0xc0, 0x4f, 0xf8, 0x0, 0x0,
    0x0, 0x0, 0xaf, 0xf2, 0xaf, 0xf3, 0x0, 0x0,
    0x0, 0x0, 0x4f, 0xf7, 0xef, 0xd0, 0x0, 0x0,
    0x0, 0x0, 0xe, 0xff, 0xff, 0x70, 0x0, 0x0,
    0x0, 0x0, 0x9, 0xff, 0xff, 0x10, 0x0, 0x0,
    0x0, 0x0, 0x3, 0xff, 0xfb, 0x0, 0x0, 0x0,
    0x0, 0x0, 0x0, 0xdf, 0xf6, 0x0, 0x0, 0x0,

    /* U+0057 "W" */
    0x5f, 0xf9, 0x0, 0x0, 0xb, 0xff, 0x0, 0x0,
    0x5, 0xff, 0x91, 0xff, 0xc0, 0x0, 0x0, 0xff,
    0xf4, 0x0, 0x0, 0x8f, 0xf5, 0xd, 0xff, 0x0,
    0x0, 0x3f, 0xff, 0x80, 0x0, 0xc, 0xff, 0x10,
    0xaf, 0xf3, 0x0, 0x7, 0xff, 0xfc, 0x0, 0x0,
    0xff, 0xe0, 0x6, 0xff, 0x60, 0x0, 0xbf, 0xff,
    0xf0, 0x0, 0x2f, 0xfa, 0x0, 0x2f, 0xfa, 0x0,
    0xf, 0xf8, 0xff, 0x40, 0x5, 0xff, 0x60, 0x0,
    0xef, 0xd0, 0x4, 0xff, 0x2d, 0xf8, 0x0, 0x9f,
    0xf2, 0x0, 0xb, 0xff, 0x10, 0x8f, 0xe0, 0x9f,
    0xc0, 0xc, 0xff, 0x0, 0x0, 0x7f, 0xf4, 0xc,
    0xf9, 0x4, 0xff, 0x0, 0xff, 0xb0, 0x0, 0x3,
    0xff, 0x70, 0xff, 0x50, 0xf, 0xf4, 0x2f, 0xf7,
    0x0, 0x0, 0xf, 0xfa, 0x4f, 0xf1, 0x0, 0xcf,
    0x86, 0xff, 0x40, 0x0, 0x0, 0xcf, 0xe8, 0xfd,
    0x0, 0x8, 0xfc, 0x9f, 0xf0, 0x0, 0x0, 0x8,
    0xff, 0xdf, 0x80, 0x0, 0x4f, 0xfd, 0xfc, 0x0,
    0x0, 0x0, 0x5f, 0xff, 0xf4, 0x0, 0x0, 0xff,
    0xff, 0x80, 0x0, 0x0, 0x1, 0xff, 0xff, 0x0,
    0x0, 0xb, 0xff, 0xf5, 0x0, 0x0, 0x0, 0xd,
    0xff, 0xb0, 0x0, 0x0, 0x7f, 0xff, 0x10, 0x0,
    0x0, 0x0, 0x9f, 0xf7, 0x0, 0x0, 0x3, 0xff,
    0xd0, 0x0, 0x0,

    /* U+0058 "X" */
    0x2f, 0xff, 0x40, 0x0, 0x0, 0x2f, 0xff, 0x40,
    0x7f, 0xfd, 0x0, 0x0, 0xa, 0xff, 0xb0, 0x0,
    0xdf, 0xf7, 0x0, 0x4, 0xff, 0xf1, 0x0, 0x4,
    0xff, 0xf1, 0x0, 0xdf, 0xf7, 0x0, 0x0, 0xa,
    0xff, 0x90, 0x6f, 0xfd, 0x0, 0x0, 0x0, 0x1f,
    0xff, 0x4e, 0xff, 0x40, 0x0, 0x0, 0x0, 0x6f,
    0xff, 0xff, 0xa0, 0x0, 0x0, 0x0, 0x0, 0xcf,
    0xff, 0xe1, 0x0, 0x0, 0x0, 0x0, 0x6, 0xff,
    0xf9, 0x0, 0x0, 0x0, 0x0, 0x0, 0xdf, 0xff,
    0xf2, 0x0, 0x0, 0x0, 0x0, 0x8f, 0xff, 0xff,
    0xb0, 0x0, 0x0, 0x0, 0x2f, 0xff, 0x3e, 0xff,
    0x50, 0x0, 0x0, 0xb, 0xff, 0x90, 0x5f, 0xfe,
    0x0, 0x0, 0x5, 0xff, 0xe1, 0x0, 0xcf, 0xf9,
    0x0, 0x1, 0xef, 0xf6, 0x0, 0x3, 0xff, 0xf3,
    0x0, 0x9f, 0xfc, 0x0, 0x0, 0x9, 0xff, 0xc0,
    0x3f, 0xff, 0x30, 0x0, 0x0, 0x1e, 0xff, 0x60,

    /* U+0059 "Y" */
    0xaf, 0xf9, 0x0, 0x0, 0x0, 0x1f, 0xff, 0x32,
    0xff, 0xf1, 0x0, 0x0, 0x7, 0xff, 0xb0, 0x9,
    0xff, 0x90, 0x0, 0x0, 0xef, 0xf3, 0x0, 0x1f,
    0xff, 0x10, 0x0, 0x7f, 0xfa, 0x0, 0x0, 0x8f,
    0xf8, 0x0, 0xe, 0xff, 0x20, 0x0, 0x0, 0xef,
    0xf1, 0x6, 0xff, 0x90, 0x0, 0x0, 0x7, 0xff,
    0x80, 0xef, 0xf1, 0x0, 0x0, 0x0, 0xe, 0xfe,
    0x7f, 0xf8, 0x0, 0x0, 0x0, 0x0, 0x6f, 0xff,
    0xfe, 0x0, 0x0, 0x0, 0x0, 0x0, 0xdf, 0xff,
    0x70, 0x0, 0x0, 0x0, 0x0, 0x5, 0xff, 0xe0,
    0x0, 0x0, 0x0, 0x0, 0x0, 0x3f, 0xfc, 0x0,
    0x0, 0x0, 0x0, 0x0, 0x3, 0xff, 0xc0, 0x0,
    0x0, 0x0, 0x0, 0x0, 0x3f, 0xfc, 0x0, 0x0,
    0x0, 0x0, 0x0, 0x3, 0xff, 0xc0, 0x0, 0x0,
    0x0, 0x0, 0x0, 0x3f, 0xfc, 0x0, 0x0, 0x0,
    0x0, 0x0, 0x3, 0xff, 0xc0, 0x0, 0x0, 0x0,

    /* U+005A "Z" */
    0xf, 0xff, 0xff, 0xff, 0xff, 0xff, 0xf5, 0xf,
    0xff, 0xff, 0xff, 0xff, 0xff, 0xf5, 0x6, 0x66,
    0x66, 0x66, 0x6a, 0xff, 0xe0, 0x0, 0x0, 0x0,
    0x0, 0x1e, 0xff, 0x40, 0x0, 0x0, 0x0, 0x0,
    0xbf, 0xf8, 0x0, 0x0, 0x0, 0x0, 0x6, 0xff,
    0xd0, 0x0, 0x0, 0x0, 0x0, 0x2f, 0xff, 0x20,
    0x0, 0x0, 0x0, 0x0, 0xcf, 0xf7, 0x0, 0x0,
    0x0, 0x0, 0x7, 0xff, 0xc0, 0x0, 0x0, 0x0,
    0x0, 0x3f, 0xff, 0x20, 0x0, 0x0, 0x0, 0x0,
    0xdf, 0xf6, 0x0, 0x0, 0x0, 0x0, 0x9, 0xff,
    0xb0, 0x0, 0x0, 0x0, 0x0, 0x4f, 0xfe, 0x10,
    0x0, 0x0, 0x0, 0x1, 0xef, 0xf4, 0x0, 0x0,
    0x0, 0x0, 0xa, 0xff, 0xd6, 0x66, 0x66, 0x66,
    0x63, 0xf, 0xff, 0xff, 0xff, 0xff, 0xff, 0xfa,
    0x1f, 0xff, 0xff, 0xff, 0xff, 0xff, 0xfa,

    /* U+005B "[" */
    0x13, 0x33, 0x31, 0x7f, 0xff, 0xf5, 0x7f, 0xff,
    0xf5, 0x7f, 0xf6, 0x0, 0x7f, 0xf6, 0x0, 0x7f,
    0xf6, 0x0, 0x7f, 0xf6, 0x0, 0x7f, 0xf6, 0x0,
    0x7f, 0xf6, 0x0, 0x7f, 0xf6, 0x0, 0x7f, 0xf6,
    0x0, 0x7f, 0xf6, 0x0, 0x7f, 0xf6, 0x0, 0x7f,
    0xf6, 0x0, 0x7f, 0xf6, 0x0, 0x7f, 0xf6, 0x0,
    0x7f, 0xf6, 0x0, 0x7f, 0xf6, 0x0, 0x7f, 0xf6,
    0x0, 0x7f, 0xf6, 0x0, 0x7f, 0xf6, 0x0, 0x7f,
    0xf8, 0x31, 0x7f, 0xff, 0xf5, 0x7f, 0xff, 0xf5,

    /* U+005C "\\" */
    0x9f, 0xf3, 0x0, 0x0, 0x0, 0x3, 0xff, 0x90,
    0x0, 0x0, 0x0, 0xc, 0xff, 0x0, 0x0, 0x0,
    0x0, 0x6f, 0xf6, 0x0, 0x0, 0x0, 0x1, 0xff,
    0xc0, 0x0, 0x0, 0x0, 0xa, 0xff, 0x20, 0x0,
    0x0, 0x0, 0x4f, 0xf8, 0x0, 0x0, 0x0, 0x0,
    0xdf, 0xe0, 0x0, 0x0, 0x0, 0x7, 0xff, 0x50,
    0x0, 0x0, 0x0, 0x1f, 0xfb, 0x0, 0x0, 0x0,
    0x0, 0xbf, 0xf1, 0x0, 0x0, 0x0, 0x5, 0xff,
    0x70, 0x0, 0x0, 0x0, 0xe, 0xfd, 0x0, 0x0,
    0x0, 0x0, 0x9f, 0xf3, 0x0, 0x0, 0x0, 0x2,
    0xff, 0xa0, 0x0, 0x0, 0x0, 0xc, 0xff, 0x0,
    0x0, 0x0, 0x0, 0x6f, 0xf6, 0x0, 0x0, 0x0,
    0x0, 0xff, 0xc0, 0x0, 0x0, 0x0, 0x5, 0x87,
    0x0,

    /* U+005D "]" */
    0x33, 0x33, 0x3d, 0xff, 0xff, 0xdf, 0xff, 0xf0,
    0xe, 0xff, 0x0, 0xef, 0xf0, 0xe, 0xff, 0x0,
    0xef, 0xf0, 0xe, 0xff, 0x0, 0xef, 0xf0, 0xe,
    0xff, 0x0, 0xef, 0xf0, 0xe, 0xff, 0x0, 0xef,
    0xf0, 0xe, 0xff, 0x0, 0xef, 0xf0, 0xe, 0xff,
    0x0, 0xef, 0xf0, 0xe, 0xff, 0x0, 0xef, 0xf0,
    0xe, 0xff, 0x0, 0xef, 0xf3, 0x3e, 0xff, 0xdf,
    0xff, 0xfd, 0xff, 0xff,

    /* U+005E "^" */
    0x0, 0x0, 0x78, 0x10, 0x0, 0x0, 0x4, 0xff,
    0x80, 0x0, 0x0, 0xb, 0xff, 0xe0, 0x0, 0x0,
    0x1f, 0xfe, 0xf5, 0x0, 0x0, 0x8f, 0xc8, 0xfc,
    0x0, 0x0, 0xef, 0x62, 0xff, 0x20, 0x5, 0xff,
    0x0, 0xbf, 0x90, 0xc, 0xf9, 0x0, 0x5f, 0xf0,
    0x2f, 0xf3, 0x0, 0xf, 0xf6,

    /* U+005F "_" */
    0x34, 0x44, 0x44, 0x44, 0x44, 0x3f, 0xff, 0xff,
    0xff, 0xff, 0xfc, 0xff, 0xff, 0xff, 0xff, 0xff,
    0xc0,

    /* U+0060 "`" */
    0x17, 0x87, 0x0, 0x0, 0x8f, 0xf7, 0x0, 0x0,
    0x9f, 0xf2, 0x0, 0x0, 0xbf, 0xc0,

    /* U+0061 "a" */
    0x0, 0x4a, 0xef, 0xeb, 0x40, 0x0, 0x9f, 0xff,
    0xff, 0xff, 0x60, 0x5f, 0xfd, 0x53, 0x6f, 0xff,
    0x17, 0xcc, 0x30, 0x0, 0x8f, 0xf5, 0x0, 0x0,
    0x0, 0x6, 0xff, 0x70, 0x6, 0xbe, 0xff, 0xff,
    0xf7, 0x1c, 0xff, 0xfd, 0xde, 0xff, 0x79, 0xff,
    0x91, 0x0, 0x6f, 0xf7, 0xdf, 0xf0, 0x0, 0x6,
    0xff, 0x7e, 0xff, 0x10, 0x0, 0xaf, 0xf7, 0xaf,
    0xfc, 0x56, 0xbf, 0xff, 0x72, 0xef, 0xff, 0xff,
    0xff, 0xf9, 0x2, 0xae, 0xfd, 0x82, 0xff, 0xc0,

    /* U+0062 "b" */
    0x8f, 0xf4, 0x0, 0x0, 0x0, 0x0, 0x8f, 0xf4,
    0x0, 0x0, 0x0, 0x0, 0x8f, 0xf4, 0x0, 0x0,
    0x0, 0x0, 0x8f, 0xf4, 0x0, 0x0, 0x0, 0x0,
    0x8f, 0xf4, 0x0, 0x0, 0x0, 0x0, 0x8f, 0xf5,
    0x7d, 0xfe, 0x91, 0x0, 0x8f, 0xfe, 0xff, 0xff,
    0xfe, 0x20, 0x8f, 0xff, 0xb6, 0x6d, 0xff, 0xb0,
    0x8f, 0xf9, 0x0, 0x0, 0xef, 0xf2, 0x8f, 0xf4,
    0x0, 0x0, 0x8f, 0xf6, 0x8f, 0xf4, 0x0, 0x0,
    0x5f, 0xf8, 0x8f, 0xf4, 0x0, 0x0, 0x4f, 0xf9,
    0x8f, 0xf4, 0x0, 0x0, 0x5f, 0xf8, 0x8f, 0xf4,
    0x0, 0x0, 0x8f, 0xf6, 0x8f, 0xf9, 0x0, 0x1,
    0xef, 0xf2, 0x8f, 0xff, 0xb6, 0x7d, 0xff, 0xb0,
    0x8f, 0xfc, 0xff, 0xff, 0xfe, 0x20, 0x8f, 0xf1,
    0x7d, 0xfe, 0xa1, 0x0,

    /* U+0063 "c" */
    0x0, 0x2, 0x9e, 0xfe, 0xb4, 0x0, 0x0, 0x4f,
    0xff, 0xff, 0xff, 0x80, 0x2, 0xff, 0xf9, 0x57,
    0xef, 0xf4, 0x9, 0xff, 0x70, 0x0, 0x3f, 0xfa,
    0xe, 0xff, 0x0, 0x0, 0xa, 0xb9, 0xf, 0xfd,
    0x0, 0x0, 0x0, 0x0, 0x1f, 0xfc, 0x0, 0x0,
    0x0, 0x0, 0xf, 0xfd, 0x0, 0x0, 0x0, 0x0,
    0xd, 0xff, 0x0, 0x0, 0x5, 0x65, 0x9, 0xff,
    0x60, 0x0, 0x2f, 0xfb, 0x2, 0xff, 0xf9, 0x56,
    0xef, 0xf4, 0x0, 0x4f, 0xff, 0xff, 0xff, 0x70,
    0x0, 0x2, 0x9e, 0xfe, 0xa3, 0x0,

    /* U+0064 "d" */
    0x0, 0x0, 0x0, 0x0, 0xd, 0xff, 0x0, 0x0,
    0x0, 0x0, 0x0, 0xdf, 0xf0, 0x0, 0x0, 0x0,
    0x0, 0xd, 0xff, 0x0, 0x0, 0x0, 0x0, 0x0,
    0xdf, 0xf0, 0x0, 0x0, 0x0, 0x0, 0xd, 0xff,
    0x0, 0x0, 0x5c, 0xff, 0xb3, 0xdf, 0xf0, 0x0,
    0x7f, 0xff, 0xff, 0xff, 0xff, 0x0, 0x3f, 0xff,
    0xa5, 0x7e, 0xff, 0xf0, 0x9, 0xff, 0x80, 0x0,
    0x2f, 0xff, 0x0, 0xef, 0xf1, 0x0, 0x0, 0xdf,
    0xf0, 0xf, 0xfd, 0x0, 0x0, 0xd, 0xff, 0x1,
    0xff, 0xc0, 0x0, 0x0, 0xdf, 0xf0, 0xf, 0xfd,
    0x0, 0x0, 0xd, 0xff, 0x0, 0xdf, 0xf0, 0x0,
    0x0, 0xdf, 0xf0, 0x9, 0xff, 0x60, 0x0, 0xe,
    0xff, 0x0, 0x2f, 0xff, 0x51, 0x3c, 0xff, 0xf0,
    0x0, 0x7f, 0xff, 0xff, 0xff, 0xff, 0x0, 0x0,
    0x4c, 0xff, 0xc4, 0x9f, 0xf0,

    /* U+0065 "e" */
    0x0, 0x1, 0x7d, 0xfe, 0xb5, 0x0, 0x0, 0x2,
    0xdf, 0xff, 0xff, 0xf9, 0x0, 0x0, 0xdf, 0xf9,
    0x56, 0xdf, 0xf5, 0x0, 0x6f, 0xf7, 0x0, 0x2,
    0xff, 0xc0, 0xc, 0xff, 0x0, 0x0, 0xc, 0xff,
    0x0, 0xef, 0xff, 0xff, 0xff, 0xff, 0xf1, 0xf,
    0xff, 0xff, 0xff, 0xff, 0xff, 0x20, 0xff, 0xf1,
    0x11, 0x11, 0x11, 0x10, 0xd, 0xff, 0x20, 0x0,
    0x0, 0x0, 0x0, 0x8f, 0xfb, 0x0, 0x0, 0x2b,
    0x0, 0x1, 0xef, 0xfc, 0x65, 0x8f, 0xfb, 0x0,
    0x3, 0xef, 0xff, 0xff, 0xfe, 0x30, 0x0, 0x1,
    0x8d, 0xff, 0xd8, 0x10, 0x0,

    /* U+0066 "f" */
    0x0, 0x0, 0x3, 0x54, 0x10, 0x0, 0x2d, 0xff,
    0xf7, 0x0, 0xe, 0xff, 0xff, 0x70, 0x5, 0xff,
    0xd2, 0x0, 0x0, 0x8f, 0xf6, 0x0, 0x0, 0x8,
    0xff, 0x50, 0x0, 0x7f, 0xff, 0xff, 0xfe, 0x7,
    0xff, 0xff, 0xff, 0xe0, 0x1, 0x9f, 0xf6, 0x11,
    0x0, 0x8, 0xff, 0x50, 0x0, 0x0, 0x8f, 0xf5,
    0x0, 0x0, 0x8, 0xff, 0x50, 0x0, 0x0, 0x8f,
    0xf5, 0x0, 0x0, 0x8, 0xff, 0x50, 0x0, 0x0,
    0x8f, 0xf5, 0x0, 0x0, 0x8, 0xff, 0x50, 0x0,
    0x0, 0x8f, 0xf5, 0x0, 0x0, 0x8, 0xff, 0x50,
    0x0, 0x0, 0x8f, 0xf5, 0x0, 0x0,

    /* U+0067 "g" */
    0x0, 0x4, 0xbf, 0xfc, 0x47, 0xff, 0x20, 0x6,
    0xff, 0xff, 0xff, 0xdf, 0xf2, 0x2, 0xff, 0xfa,
    0x67, 0xdf, 0xff, 0x20, 0x9f, 0xf9, 0x0, 0x0,
    0xdf, 0xf2, 0xd, 0xff, 0x10, 0x0, 0xb, 0xff,
    0x20, 0xff, 0xe0, 0x0, 0x0, 0xbf, 0xf2, 0xf,
    0xfd, 0x0, 0x0, 0xb, 0xff, 0x20, 0xff, 0xe0,
    0x0, 0x0, 0xbf, 0xf2, 0xd, 0xff, 0x10, 0x0,
    0xb, 0xff, 0x20, 0x8f, 0xf8, 0x0, 0x0, 0xef,
    0xf2, 0x2, 0xff, 0xfa, 0x57, 0xdf, 0xff, 0x20,
    0x6, 0xff, 0xff, 0xff, 0xef, 0xf2, 0x0, 0x4,
    0xbf, 0xfc, 0x4b, 0xff, 0x20, 0x0, 0x0, 0x0,
    0x0, 0xdf, 0xf0, 0x0, 0x56, 0x0, 0x0, 0x4f,
    0xfd, 0x0, 0x1e, 0xfb, 0x54, 0x8f, 0xff, 0x60,
    0x0, 0xbf, 0xff, 0xff, 0xff, 0x90, 0x0, 0x0,
    0x5b, 0xef, 0xeb, 0x40, 0x0,

    /* U+0068 "h" */
    0x9f, 0xf4, 0x0, 0x0, 0x0, 0x9, 0xff, 0x40,
    0x0, 0x0, 0x0, 0x9f, 0xf4, 0x0, 0x0, 0x0,
    0x9, 0xff, 0x40, 0x0, 0x0, 0x0, 0x9f, 0xf4,
    0x0, 0x0, 0x0, 0x9, 0xff, 0x46, 0xcf, 0xeb,
    0x20, 0x9f, 0xfc, 0xff, 0xff, 0xff, 0x19, 0xff,
    0xfa, 0x67, 0xdf, 0xf8, 0x9f, 0xf8, 0x0, 0x3,
    0xff, 0xc9, 0xff, 0x40, 0x0, 0xf, 0xfe, 0x9f,
    0xf4, 0x0, 0x0, 0xff, 0xe9, 0xff, 0x40, 0x0,
    0xf, 0xfe, 0x9f, 0xf4, 0x0, 0x0, 0xff, 0xe9,
    0xff, 0x40, 0x0, 0xf, 0xfe, 0x9f, 0xf4, 0x0,
    0x0, 0xff, 0xe9, 0xff, 0x40, 0x0, 0xf, 0xfe,
    0x9f, 0xf4, 0x0, 0x0, 0xff, 0xe9, 0xff, 0x40,
    0x0, 0xf, 0xfe,

    /* U+0069 "i" */
    0x2d, 0xe4, 0x7f, 0xfa, 0x3e, 0xf4, 0x0, 0x0,
    0x5f, 0xf7, 0x5f, 0xf7, 0x5f, 0xf7, 0x5f, 0xf7,
    0x5f, 0xf7, 0x5f, 0xf7, 0x5f, 0xf7, 0x5f, 0xf7,
    0x5f, 0xf7, 0x5f, 0xf7, 0x5f, 0xf7, 0x5f, 0xf7,
    0x5f, 0xf7,

    /* U+006A "j" */
    0x0, 0x4e, 0xe2, 0x0, 0x9f, 0xf8, 0x0, 0x4f,
    0xe3, 0x0, 0x0, 0x0, 0x0, 0x6f, 0xf7, 0x0,
    0x6f, 0xf7, 0x0, 0x6f, 0xf7, 0x0, 0x6f, 0xf7,
    0x0, 0x6f, 0xf7, 0x0, 0x6f, 0xf7, 0x0, 0x6f,
    0xf7, 0x0, 0x6f, 0xf7, 0x0, 0x6f, 0xf7, 0x0,
    0x6f, 0xf7, 0x0, 0x6f, 0xf7, 0x0, 0x6f, 0xf7,
    0x0, 0x6f, 0xf7, 0x0, 0x6f, 0xf6, 0x0, 0x8f,
    0xf5, 0x56, 0xef, 0xf3, 0xef, 0xff, 0xb0, 0xcf,
    0xe9, 0x10,

    /* U+006B "k" */
    0x8f, 0xf5, 0x0, 0x0, 0x0, 0x0, 0x8f, 0xf5,
    0x0, 0x0, 0x0, 0x0, 0x8f, 0xf5, 0x0, 0x0,
    0x0, 0x0, 0x8f, 0xf5, 0x0, 0x0, 0x0, 0x0,
    0x8f, 0xf5, 0x0, 0x0, 0x0, 0x0, 0x8f, 0xf5,
    0x0, 0xb, 0xff, 0xa0, 0x8f, 0xf5, 0x0, 0x9f,
    0xfc, 0x0, 0x8f, 0xf5, 0x7, 0xff, 0xd1, 0x0,
    0x8f, 0xf5, 0x5f, 0xfe, 0x20, 0x0, 0x8f, 0xf8,
    0xff, 0xf3, 0x0, 0x0, 0x8f, 0xff, 0xff, 0x90,
    0x0, 0x0, 0x8f, 0xff, 0xff, 0xf2, 0x0, 0x0,
    0x8f, 0xff, 0xcf, 0xfd, 0x0, 0x0, 0x8f, 0xf9,
    0xb, 0xff, 0x80, 0x0, 0x8f, 0xf5, 0x1, 0xef,
    0xf3, 0x0, 0x8f, 0xf5, 0x0, 0x5f, 0xfd, 0x0,
    0x8f, 0xf5, 0x0, 0xa, 0xff, 0x90, 0x8f, 0xf5,
    0x0, 0x1, 0xef, 0xf4,

    /* U+006C "l" */
    0x5f, 0xf7, 0x5f, 0xf7, 0x5f, 0xf7, 0x5f, 0xf7,
    0x5f, 0xf7, 0x5f, 0xf7, 0x5f, 0xf7, 0x5f, 0xf7,
    0x5f, 0xf7, 0x5f, 0xf7, 0x5f, 0xf7, 0x5f, 0xf7,
    0x5f, 0xf7, 0x5f, 0xf7, 0x5f, 0xf7, 0x5f, 0xf7,
    0x5f, 0xf7, 0x5f, 0xf7,

    /* U+006D "m" */
    0x8f, 0xf2, 0x6d, 0xfe, 0xb2, 0x2, 0xae, 0xfd,
    0x70, 0x8, 0xff, 0xdf, 0xff, 0xff, 0xf5, 0xff,
    0xff, 0xff, 0x90, 0x8f, 0xff, 0x96, 0x7e, 0xff,
    0xfe, 0x76, 0x9f, 0xff, 0x18, 0xff, 0x70, 0x0,
    0x4f, 0xff, 0x30, 0x0, 0xaf, 0xf5, 0x8f, 0xf4,
    0x0, 0x0, 0xff, 0xd0, 0x0, 0x7, 0xff, 0x68,
    0xff, 0x40, 0x0, 0xf, 0xfd, 0x0, 0x0, 0x6f,
    0xf6, 0x8f, 0xf4, 0x0, 0x0, 0xff, 0xd0, 0x0,
    0x6, 0xff, 0x68, 0xff, 0x40, 0x0, 0xf, 0xfd,
    0x0, 0x0, 0x6f, 0xf6, 0x8f, 0xf4, 0x0, 0x0,
    0xff, 0xd0, 0x0, 0x6, 0xff, 0x68, 0xff, 0x40,
    0x0, 0xf, 0xfd, 0x0, 0x0, 0x6f, 0xf6, 0x8f,
    0xf4, 0x0, 0x0, 0xff, 0xd0, 0x0, 0x6, 0xff,
    0x68, 0xff, 0x40, 0x0, 0xf, 0xfd, 0x0, 0x0,
    0x6f, 0xf6, 0x8f, 0xf4, 0x0, 0x0, 0xff, 0xd0,
    0x0, 0x6, 0xff, 0x60,

    /* U+006E "n" */
    0x9f, 0xf2, 0x6c, 0xff, 0xb3, 0x9, 0xff, 0xbf,
    0xff, 0xff, 0xf2, 0x9f, 0xff, 0xa6, 0x7d, 0xff,
    0x99, 0xff, 0x90, 0x0, 0x2f, 0xfc, 0x9f, 0xf4,
    0x0, 0x0, 0xff, 0xe9, 0xff, 0x40, 0x0, 0xf,
    0xfe, 0x9f, 0xf4, 0x0, 0x0, 0xff, 0xe9, 0xff,
    0x40, 0x0, 0xf, 0xfe, 0x9f, 0xf4, 0x0, 0x0,
    0xff, 0xe9, 0xff, 0x40, 0x0, 0xf, 0xfe, 0x9f,
    0xf4, 0x0, 0x0, 0xff, 0xe9, 0xff, 0x40, 0x0,
    0xf, 0xfe, 0x9f, 0xf4, 0x0, 0x0, 0xff, 0xe0,

    /* U+006F "o" */
    0x0, 0x1, 0x8d, 0xff, 0xc6, 0x0, 0x0, 0x3,
    0xef, 0xff, 0xff, 0xfb, 0x0, 0x1, 0xef, 0xfa,
    0x56, 0xdf, 0xfa, 0x0, 0x7f, 0xf8, 0x0, 0x0,
    0xef, 0xf2, 0xd, 0xff, 0x10, 0x0, 0x7, 0xff,
    0x70, 0xff, 0xd0, 0x0, 0x0, 0x3f, 0xfa, 0x1f,
    0xfc, 0x0, 0x0, 0x2, 0xff, 0xb0, 0xff, 0xe0,
    0x0, 0x0, 0x3f, 0xfa, 0xd, 0xff, 0x10, 0x0,
    0x6, 0xff, 0x70, 0x8f, 0xf8, 0x0, 0x0, 0xdf,
    0xf2, 0x1, 0xef, 0xf9, 0x55, 0xcf, 0xfa, 0x0,
    0x3, 0xef, 0xff, 0xff, 0xfb, 0x0, 0x0, 0x1,
    0x8d, 0xfe, 0xc6, 0x0, 0x0,

    /* U+0070 "p" */
    0x8f, 0xf3, 0x9e, 0xfe, 0x91, 0x0, 0x8f, 0xff,
    0xff, 0xff, 0xfe, 0x10, 0x8f, 0xff, 0x62, 0x3b,
    0xff, 0xb0, 0x8f, 0xf6, 0x0, 0x0, 0xef, 0xf2,
    0x8f, 0xf4, 0x0, 0x0, 0x8f, 0xf6, 0x8f, 0xf4,
    0x0, 0x0, 0x5f, 0xf8, 0x8f, 0xf4, 0x0, 0x0,
    0x4f, 0xf8, 0x8f, 0xf4, 0x0, 0x0, 0x5f, 0xf8,
    0x8f, 0xf4, 0x0, 0x0, 0x8f, 0xf6, 0x8f, 0xf8,
    0x0, 0x1, 0xef, 0xf2, 0x8f, 0xff, 0x95, 0x6d,
    0xff, 0xa0, 0x8f, 0xfe, 0xff, 0xff, 0xfe, 0x10,
    0x8f, 0xf5, 0x8d, 0xfe, 0x91, 0x0, 0x8f, 0xf4,
    0x0, 0x0, 0x0, 0x0, 0x8f, 0xf4, 0x0, 0x0,
    0x0, 0x0, 0x8f, 0xf4, 0x0, 0x0, 0x0, 0x0,
    0x8f, 0xf4, 0x0, 0x0, 0x0, 0x0, 0x8f, 0xf4,
    0x0, 0x0, 0x0, 0x0,

    /* U+0071 "q" */
    0x0, 0x5, 0xcf, 0xfb, 0x38, 0xff, 0x0, 0x7,
    0xff, 0xff, 0xff, 0xdf, 0xf0, 0x3, 0xff, 0xf9,
    0x56, 0xdf, 0xff, 0x0, 0xaf, 0xf7, 0x0, 0x1,
    0xef, 0xf0, 0xe, 0xff, 0x10, 0x0, 0xd, 0xff,
    0x0, 0xff, 0xd0, 0x0, 0x0, 0xdf, 0xf0, 0x1f,
    0xfc, 0x0, 0x0, 0xd, 0xff, 0x0, 0xff, 0xe0,
    0x0, 0x0, 0xdf, 0xf0, 0xd, 0xff, 0x10, 0x0,
    0xd, 0xff, 0x0, 0x9f, 0xf8, 0x0, 0x1, 0xef,
    0xf0, 0x2, 0xff, 0xf9, 0x46, 0xdf, 0xff, 0x0,
    0x7, 0xff, 0xff, 0xff, 0xff, 0xf0, 0x0, 0x4,
    0xcf, 0xfb, 0x3d, 0xff, 0x0, 0x0, 0x0, 0x0,
    0x0, 0xdf, 0xf0, 0x0, 0x0, 0x0, 0x0, 0xd,
    0xff, 0x0, 0x0, 0x0, 0x0, 0x0, 0xdf, 0xf0,
    0x0, 0x0, 0x0, 0x0, 0xd, 0xff, 0x0, 0x0,
    0x0, 0x0, 0x0, 0xdf, 0xf0,

    /* U+0072 "r" */
    0x0, 0x0, 0x0, 0x0, 0x8f, 0xf4, 0x9e, 0xf1,
    0x8f, 0xfe, 0xff, 0xf1, 0x8f, 0xff, 0xd9, 0x90,
    0x8f, 0xfa, 0x0, 0x0, 0x8f, 0xf4, 0x0, 0x0,
    0x8f, 0xf4, 0x0, 0x0, 0x8f, 0xf4, 0x0, 0x0,
    0x8f, 0xf4, 0x0, 0x0, 0x8f, 0xf4, 0x0, 0x0,
    0x8f, 0xf4, 0x0, 0x0, 0x8f, 0xf4, 0x0, 0x0,
    0x8f, 0xf4, 0x0, 0x0, 0x8f, 0xf4, 0x0, 0x0,

    /* U+0073 "s" */
    0x0, 0x6, 0xcf, 0xfe, 0x92, 0x0, 0x0, 0xbf,
    0xff, 0xff, 0xff, 0x40, 0x6, 0xff, 0xc4, 0x38,
    0xff, 0xe0, 0xa, 0xff, 0x20, 0x0, 0xbf, 0xf3,
    0x9, 0xff, 0x70, 0x0, 0x0, 0x0, 0x2, 0xff,
    0xfe, 0xa6, 0x10, 0x0, 0x0, 0x2b, 0xff, 0xff,
    0xfa, 0x10, 0x0, 0x0, 0x26, 0xaf, 0xff, 0xd0,
    0x3, 0x32, 0x0, 0x0, 0xcf, 0xf4, 0xf, 0xfd,
    0x0, 0x0, 0x8f, 0xf5, 0xa, 0xff, 0xa3, 0x25,
    0xef, 0xf1, 0x1, 0xcf, 0xff, 0xff, 0xff, 0x70,
    0x0, 0x7, 0xce, 0xfe, 0xa3, 0x0,

    /* U+0074 "t" */
    0x0, 0xdf, 0xf0, 0x0, 0x0, 0xdf, 0xf0, 0x0,
    0x0, 0xdf, 0xf0, 0x0, 0xef, 0xff, 0xff, 0xf4,
    0xef, 0xff, 0xff, 0xf4, 0x11, 0xdf, 0xf2, 0x10,
    0x0, 0xdf, 0xf0, 0x0, 0x0, 0xdf, 0xf0, 0x0,
    0x0, 0xdf, 0xf0, 0x0, 0x0, 0xdf, 0xf0, 0x0,
    0x0, 0xdf, 0xf0, 0x0, 0x0, 0xdf, 0xf0, 0x0,
    0x0, 0xcf, 0xf1, 0x0, 0x0, 0xaf, 0xfa, 0x62,
    0x0, 0x5f, 0xff, 0xf5, 0x0, 0x6, 0xdf, 0xe4,

    /* U+0075 "u" */
    0x9f, 0xf4, 0x0, 0x0, 0xff, 0xe9, 0xff, 0x40,
    0x0, 0xf, 0xfe, 0x9f, 0xf4, 0x0, 0x0, 0xff,
    0xe9, 0xff, 0x40, 0x0, 0xf, 0xfe, 0x9f, 0xf4,
    0x0, 0x0, 0xff, 0xe9, 0xff, 0x40, 0x0, 0xf,
    0xfe, 0x9f, 0xf4, 0x0, 0x0, 0xff, 0xe9, 0xff,
    0x40, 0x0, 0xf, 0xfe, 0x9f, 0xf4, 0x0, 0x0,
    0xff, 0xe8, 0xff, 0x70, 0x0, 0x3f, 0xfe, 0x4f,
    0xff, 0x75, 0x8f, 0xff, 0xe0, 0xbf, 0xff, 0xff,
    0xee, 0xfe, 0x0, 0x8e, 0xfe, 0xa2, 0xcf, 0xe0,

    /* U+0076 "v" */
    0x9f, 0xf5, 0x0, 0x0, 0x8f, 0xf6, 0x3f, 0xfa,
    0x0, 0x0, 0xdf, 0xf1, 0xe, 0xff, 0x0, 0x1,
    0xff, 0xb0, 0x8, 0xff, 0x40, 0x6, 0xff, 0x50,
    0x3, 0xff, 0x80, 0xb, 0xff, 0x0, 0x0, 0xdf,
    0xd0, 0xf, 0xfb, 0x0, 0x0, 0x8f, 0xf2, 0x4f,
    0xf5, 0x0, 0x0, 0x2f, 0xf7, 0x9f, 0xf0, 0x0,
    0x0, 0xd, 0xfc, 0xef, 0xa0, 0x0, 0x0, 0x8,
    0xff, 0xff, 0x50, 0x0, 0x0, 0x2, 0xff, 0xff,
    0x0, 0x0, 0x0, 0x0, 0xdf, 0xfa, 0x0, 0x0,
    0x0, 0x0, 0x7f, 0xf5, 0x0, 0x0,

    /* U+0077 "w" */
    0x7f, 0xf4, 0x0, 0x5, 0xff, 0x10, 0x0, 0x8f,
    0xf4, 0x3f, 0xf8, 0x0, 0xa, 0xff, 0x60, 0x0,
    0xbf, 0xf0, 0xe, 0xfb, 0x0, 0xe, 0xff, 0xb0,
    0x0, 0xff, 0xb0, 0xa, 0xff, 0x0, 0x3f, 0xff,
    0xf0, 0x3, 0xff, 0x70, 0x6, 0xff, 0x30, 0x8f,
    0xcf, 0xf4, 0x6, 0xff, 0x30, 0x2, 0xff, 0x70,
    0xcf, 0x7b, 0xf9, 0xa, 0xfe, 0x0, 0x0, 0xef,
    0xa1, 0xff, 0x26, 0xfe, 0xe, 0xfa, 0x0, 0x0,
    0x9f, 0xe6, 0xfd, 0x1, 0xff, 0x5f, 0xf6, 0x0,
    0x0, 0x5f, 0xfc, 0xf8, 0x0, 0xcf, 0xdf, 0xf2,
    0x0, 0x0, 0x1f, 0xff, 0xf3, 0x0, 0x7f, 0xff,
    0xd0, 0x0, 0x0, 0xc, 0xff, 0xe0, 0x0, 0x2f,
    0xff, 0x90, 0x0, 0x0, 0x8, 0xff, 0xa0, 0x0,
    0xd, 0xff, 0x50, 0x0, 0x0, 0x4, 0xff, 0x50,
    0x0, 0x8, 0xff, 0x10, 0x0,

    /* U+0078 "x" */
    0x3f, 0xfe, 0x0, 0x0, 0xdf, 0xf4, 0x9, 0xff,
    0x70, 0x7, 0xff, 0xa0, 0x1, 0xef, 0xf1, 0x1e,
    0xff, 0x10, 0x0, 0x6f, 0xf9, 0x9f, 0xf7, 0x0,
    0x0, 0xc, 0xff, 0xff, 0xd0, 0x0, 0x0, 0x3,
    0xff, 0xff, 0x40, 0x0, 0x0, 0x0, 0xcf, 0xfd,
    0x0, 0x0, 0x0, 0x4, 0xff, 0xff, 0x60, 0x0,
    0x0, 0xd, 0xff, 0xef, 0xe1, 0x0, 0x0, 0x8f,
    0xf8, 0x6f, 0xf9, 0x0, 0x2, 0xff, 0xe0, 0xd,
    0xff, 0x30, 0xb, 0xff, 0x60, 0x4, 0xff, 0xc0,
    0x5f, 0xfc, 0x0, 0x0, 0xbf, 0xf6,

    /* U+0079 "y" */
    0xbf, 0xf5, 0x0, 0x0, 0xaf, 0xf5, 0x5f, 0xfa,
    0x0, 0x0, 0xff, 0xf0, 0xf, 0xff, 0x0, 0x4,
    0xff, 0xa0, 0xa, 0xff, 0x40, 0x9, 0xff, 0x50,
    0x4, 0xff, 0x90, 0xd, 0xff, 0x0, 0x0, 0xef,
    0xe0, 0x2f, 0xfa, 0x0, 0x0, 0x9f, 0xf3, 0x7f,
    0xf4, 0x0, 0x0, 0x3f, 0xf8, 0xcf, 0xe0, 0x0,
    0x0, 0xe, 0xfe, 0xff, 0x90, 0x0, 0x0, 0x8,
    0xff, 0xff, 0x40, 0x0, 0x0, 0x3, 0xff, 0xfe,
    0x0, 0x0, 0x0, 0x0, 0xdf, 0xf9, 0x0, 0x0,
    0x0, 0x0, 0x8f, 0xf3, 0x0, 0x0, 0x0, 0x0,
    0xaf, 0xe0, 0x0, 0x0, 0x0, 0x2, 0xff, 0x80,
    0x0, 0x0, 0x5, 0x8e, 0xff, 0x20, 0x0, 0x0,
    0xd, 0xff, 0xf8, 0x0, 0x0, 0x0, 0xb, 0xfd,
    0x60, 0x0, 0x0, 0x0,

    /* U+007A "z" */
    0xe, 0xff, 0xff, 0xff, 0xff, 0xf0, 0xe, 0xff,
    0xff, 0xff, 0xff, 0xf0, 0x4, 0x44, 0x44, 0x4e,
    0xff, 0x70, 0x0, 0x0, 0x0, 0x7f, 0xfb, 0x0,
    0x0, 0x0, 0x3, 0xff, 0xe1, 0x0, 0x0, 0x0,
    0x1e, 0xff, 0x40, 0x0, 0x0, 0x0, 0xaf, 0xf9,
    0x0, 0x0, 0x0, 0x6, 0xff, 0xd0, 0x0, 0x0,
    0x0, 0x2f, 0xff, 0x20, 0x0, 0x0, 0x0, 0xdf,
    0xf6, 0x0, 0x0, 0x0, 0x9, 0xff, 0xd4, 0x44,
    0x44, 0x41, 0xf, 0xff, 0xff, 0xff, 0xff, 0xf4,
    0xf, 0xff, 0xff, 0xff, 0xff, 0xf4,

    /* U+007B "{" */
    0x0, 0x0, 0x0, 0x52, 0x0, 0x0, 0x2d, 0xf8,
    0x0, 0x2, 0xff, 0xc2, 0x0, 0xa, 0xff, 0x10,
    0x0, 0xf, 0xfc, 0x0, 0x0, 0xf, 0xfa, 0x0,
    0x0, 0x1f, 0xf9, 0x0, 0x0, 0x1f, 0xf9, 0x0,
    0x0, 0x1f, 0xf9, 0x0, 0x0, 0x4f, 0xf6, 0x0,
    0x4, 0xdf, 0xf1, 0x0, 0x5f, 0xfe, 0x40, 0x0,
    0x5f, 0xff, 0x50, 0x0, 0x2, 0xcf, 0xf2, 0x0,
    0x0, 0x4f, 0xf7, 0x0, 0x0, 0x1f, 0xf9, 0x0,
    0x0, 0x1f, 0xf9, 0x0, 0x0, 0x1f, 0xf9, 0x0,
    0x0, 0xf, 0xfa, 0x0, 0x0, 0xe, 0xfc, 0x0,
    0x0, 0x9, 0xff, 0x20, 0x0, 0x1, 0xef, 0xd4,
    0x0, 0x0, 0x2c, 0xf7, 0x0, 0x0, 0x0, 0x41,

    /* U+007C "|" */
    0xff, 0xff, 0xff, 0xff, 0xff, 0xff, 0xff, 0xff,
    0xff, 0xff, 0xff, 0xff, 0xff, 0xff, 0xff, 0xff,
    0xff, 0xff, 0xff, 0xff, 0x55,

    /* U+007D "}" */
    0x25, 0x0, 0x0, 0x0, 0x7f, 0xe3, 0x0, 0x0,
    0x2c, 0xff, 0x20, 0x0, 0x1, 0xff, 0xa0, 0x0,
    0x0, 0xbf, 0xf0, 0x0, 0x0, 0x9f, 0xf1, 0x0,
    0x0, 0x9f, 0xf1, 0x0, 0x0, 0x9f, 0xf1, 0x0,
    0x0, 0x8f, 0xf2, 0x0, 0x0, 0x6f, 0xf4, 0x0,
    0x0, 0x1e, 0xfd, 0x40, 0x0, 0x3, 0xdf, 0xf6,
    0x0, 0x4, 0xef, 0xf6, 0x0, 0x1f, 0xfd, 0x20,
    0x0, 0x6f, 0xf4, 0x0, 0x0, 0x8f, 0xf1, 0x0,
    0x0, 0x9f, 0xf1, 0x0, 0x0, 0x9f, 0xf1, 0x0,
    0x0, 0x9f, 0xf0, 0x0, 0x0, 0xcf, 0xe0, 0x0,
    0x2, 0xff, 0x90, 0x0, 0x3d, 0xfe, 0x10, 0x0,
    0x7f, 0xc2, 0x0, 0x0, 0x14, 0x0, 0x0, 0x0,

    /* U+007E "~" */
    0x0, 0x8e, 0xfc, 0x40, 0x0, 0x7, 0xa5, 0xb,
    0xff, 0xff, 0xf8, 0x0, 0xe, 0xf7, 0x4f, 0xfa,
    0x7c, 0xff, 0xc7, 0xbf, 0xf2, 0x8f, 0xd0, 0x0,
    0x9f, 0xff, 0xff, 0x90, 0x58, 0x50, 0x0, 0x5,
    0xcf, 0xe7, 0x0,

    /* U+00A0 " " */

    /* U+00A1 "¡" */
    0x1d, 0xe5, 0x6f, 0xfc, 0x2e, 0xf6, 0x0, 0x0,
    0x0, 0x0, 0xf, 0xf7, 0xf, 0xf7, 0xf, 0xf7,
    0x1f, 0xf8, 0x1f, 0xf8, 0x2f, 0xf9, 0x2f, 0xf9,
    0x2f, 0xf9, 0x3f, 0xfa, 0x3f, 0xfa, 0x3f, 0xfa,
    0x4f, 0xfb, 0x1, 0x11,

    /* U+00A2 "¢" */
    0x0, 0x0, 0x4f, 0xf0, 0x0, 0x0, 0x0, 0x0,
    0x4f, 0xf0, 0x0, 0x0, 0x0, 0x0, 0x7f, 0xf3,
    0x0, 0x0, 0x0, 0x6e, 0xff, 0xff, 0xd3, 0x0,
    0x7, 0xff, 0xfe, 0xff, 0xff, 0x30, 0x2f, 0xfe,
    0x40, 0x6, 0xff, 0xc0, 0x8f, 0xf7, 0x0, 0x0,
    0xbf, 0xf0, 0xbf, 0xf2, 0x0, 0x0, 0x23, 0x30,
    0xcf, 0xf0, 0x0, 0x0, 0x0, 0x0, 0xcf, 0xf0,
    0x0, 0x0, 0x0, 0x0, 0xbf, 0xf2, 0x0, 0x0,
    0x0, 0x0, 0x7f, 0xf7, 0x0, 0x0, 0xbf, 0xf0,
    0x1f, 0xff, 0x50, 0x7, 0xff, 0xc0, 0x6, 0xff,
    0xff, 0xff, 0xfe, 0x20, 0x0, 0x5e, 0xff, 0xff,
    0xb2, 0x0, 0x0, 0x0, 0x6f, 0xf2, 0x0, 0x0,
    0x0, 0x0, 0x4f, 0xf0, 0x0, 0x0, 0x0, 0x0,
    0x4f, 0xf0, 0x0, 0x0,

    /* U+00A3 "£" */
    0x0, 0x0, 0x7c, 0xff, 0xd9, 0x10, 0x0, 0x0,
    0xcf, 0xff, 0xff, 0xfe, 0x20, 0x0, 0x9f, 0xfe,
    0x77, 0xcf, 0xfc, 0x0, 0xf, 0xff, 0x20, 0x0,
    0xef, 0xf1, 0x2, 0xff, 0xd0, 0x0, 0x6, 0x99,
    0x10, 0x2f, 0xfc, 0x0, 0x0, 0x0, 0x0, 0x1,
    0xff, 0xd0, 0x0, 0x0, 0x0, 0x4, 0x6f, 0xfe,
    0x55, 0x52, 0x0, 0x0, 0xef, 0xff, 0xff, 0xff,
    0x80, 0x0, 0xe, 0xff, 0xff, 0xff, 0xf8, 0x0,
    0x0, 0x0, 0xff, 0xf0, 0x0, 0x0, 0x0, 0x0,
    0xf, 0xff, 0x0, 0x0, 0x0, 0x0, 0x0, 0xff,
    0xf0, 0x0, 0x0, 0x0, 0x0, 0x1f, 0xfc, 0x0,
    0x0, 0x0, 0x0, 0x5a, 0xff, 0xa6, 0x66, 0x66,
    0x66, 0x2d, 0xff, 0xff, 0xff, 0xff, 0xff, 0xf7,
    0xdf, 0xff, 0xff, 0xff, 0xff, 0xff, 0x70,

    /* U+00A4 "¤" */
    0x1, 0x0, 0x0, 0x0, 0x0, 0x0, 0x1, 0x2,
    0xe9, 0x4, 0xbe, 0xfe, 0xa4, 0x9, 0xe2, 0xaf,
    0xfd, 0xff, 0xff, 0xff, 0xfd, 0xff, 0xa0, 0xcf,
    0xff, 0xb5, 0x35, 0xbf, 0xff, 0xc0, 0x7, 0xff,
    0x60, 0x0, 0x0, 0x6f, 0xf6, 0x0, 0xef, 0x80,
    0x0, 0x0, 0x0, 0x9f, 0xd0, 0x3f, 0xf1, 0x0,
    0x0, 0x0, 0x2, 0xff, 0x36, 0xfc, 0x0, 0x0,
    0x0, 0x0, 0xd, 0xf6, 0x7f, 0xb0, 0x0, 0x0,
    0x0, 0x0, 0xcf, 0x66, 0xfc, 0x0, 0x0, 0x0,
    0x0, 0xd, 0xf6, 0x4f, 0xf1, 0x0, 0x0, 0x0,
    0x2, 0xff, 0x30, 0xef, 0x80, 0x0, 0x0, 0x0,
    0x9f, 0xd0, 0x8, 0xff, 0x50, 0x0, 0x0, 0x6f,
    0xf7, 0x2, 0xef, 0xff, 0xa5, 0x35, 0xbf, 0xff,
    0xe2, 0xaf, 0xfb, 0xff, 0xff, 0xff, 0xfb, 0xff,
    0xa0, 0xc5, 0x4, 0xbe, 0xfe, 0xa4, 0x5, 0xc0,
    0x0, 0x0, 0x0, 0x0, 0x0, 0x0, 0x0, 0x0,

    /* U+00A5 "¥" */
    0x6f, 0xfd, 0x0, 0x0, 0x0, 0x4f, 0xfe, 0x0,
    0xdf, 0xf5, 0x0, 0x0, 0xc, 0xff, 0x60, 0x4,
    0xff, 0xd0, 0x0, 0x4, 0xff, 0xd0, 0x0, 0xb,
    0xff, 0x50, 0x0, 0xcf, 0xf4, 0x0, 0x0, 0x2f,
    0xfc, 0x0, 0x3f, 0xfb, 0x0, 0x0, 0x0, 0x9f,
    0xf4, 0xb, 0xff, 0x20, 0x0, 0x0, 0x1, 0xff,
    0xc3, 0xff, 0x90, 0x0, 0x0, 0x0, 0x7, 0xff,
    0xef, 0xf1, 0x0, 0x0, 0x4, 0xcc, 0xdf, 0xff,
    0xff, 0xcc, 0xa0, 0x0, 0x6f, 0xff, 0xff, 0xff,
    0xff, 0xfc, 0x0, 0x0, 0x0, 0x4, 0xff, 0xb0,
    0x0, 0x0, 0x0, 0x0, 0x0, 0x4f, 0xfb, 0x0,
    0x0, 0x0, 0x6, 0xff, 0xff, 0xff, 0xff, 0xff,
    0xc0, 0x0, 0x4c, 0xcc, 0xdf, 0xfe, 0xcc, 0xc9,
    0x0, 0x0, 0x0, 0x4, 0xff, 0xb0, 0x0, 0x0,
    0x0, 0x0, 0x0, 0x4f, 0xfb, 0x0, 0x0, 0x0,
    0x0, 0x0, 0x4, 0xff, 0xb0, 0x0, 0x0, 0x0,

    /* U+00A6 "¦" */
    0x6f, 0xf4, 0x6f, 0xf4, 0x6f, 0xf4, 0x6f, 0xf4,
    0x6f, 0xf4, 0x6f, 0xf4, 0x6f, 0xf4, 0x6f, 0xf4,
    0x6f, 0xf4, 0x0, 0x0, 0x0, 0x0, 0x6f, 0xf4,
    0x6f, 0xf4, 0x6f, 0xf4, 0x6f, 0xf4, 0x6f, 0xf4,
    0x6f, 0xf4, 0x6f, 0xf4, 0x6f, 0xf4, 0x6f, 0xf4,
    0x26, 0x61,

    /* U+00A7 "§" */
    0x0, 0x18, 0xcf, 0xfe, 0xc7, 0x0, 0x0, 0x4f,
    0xff, 0xff, 0xff, 0xfd, 0x20, 0x1f, 0xff, 0xb6,
    0x57, 0xef, 0xfc, 0x6, 0xff, 0xa0, 0x0, 0x1,
    0xef, 0xf3, 0x7f, 0xf7, 0x0, 0x0, 0x7, 0xee,
    0x54, 0xff, 0xd1, 0x0, 0x0, 0x0, 0x0, 0xd,
    0xff, 0xfb, 0x62, 0x0, 0x0, 0x0, 0x4f, 0xff,
    0xff, 0xfd, 0x71, 0x0, 0x3f, 0xfe, 0xae, 0xff,
    0xff, 0xe4, 0xb, 0xff, 0x20, 0x4, 0x9f, 0xff,
    0xf2, 0xdf, 0xf0, 0x0, 0x0, 0x1c, 0xff, 0x7c,
    0xff, 0x30, 0x0, 0x0, 0x4f, 0xf9, 0x5f, 0xff,
    0x82, 0x0, 0x4, 0xff, 0x70, 0x8f, 0xff, 0xfd,
    0x84, 0xdf, 0xd1, 0x0, 0x29, 0xef, 0xff, 0xff,
    0xe1, 0x0, 0x0, 0x0, 0x38, 0xdf, 0xff, 0x80,
    0x0, 0x0, 0x0, 0x0, 0x6f, 0xff, 0xc, 0xdd,
    0x0, 0x0, 0x0, 0xbf, 0xf2, 0xbf, 0xf5, 0x0,
    0x0, 0xd, 0xff, 0x25, 0xff, 0xfa, 0x65, 0x7d,
    0xff, 0xc0, 0x8, 0xff, 0xff, 0xff, 0xff, 0xe2,
    0x0, 0x3, 0x9d, 0xff, 0xec, 0x70, 0x0,

    /* U+00A8 "¨" */
    0x5b, 0x60, 0x1, 0xba, 0xd, 0xff, 0x0, 0x8f,
    0xf5, 0x8f, 0xa0, 0x3, 0xed, 0x10,

    /* U+00A9 "©" */
    0x0, 0x0, 0x0, 0x1, 0x10, 0x0, 0x0, 0x0,
    0x0, 0x0, 0x2, 0x9e, 0xff, 0xfd, 0x70, 0x0,
    0x0, 0x0, 0x7, 0xff, 0x97, 0x57, 0xbf, 0xe3,
    0x0, 0x0, 0x9, 0xf9, 0x0, 0x0, 0x0, 0x2c,
    0xf4, 0x0, 0x6, 0xf6, 0x0, 0x48, 0x86, 0x10,
    0xb, 0xe1, 0x1, 0xfa, 0x0, 0x9f, 0xff, 0xfe,
    0x30, 0x1e, 0xa0, 0x7f, 0x20, 0x6f, 0xc2, 0x6,
    0xfd, 0x0, 0x7f, 0x1b, 0xc0, 0xb, 0xf2, 0x0,
    0xc, 0xf0, 0x1, 0xf6, 0xe9, 0x0, 0xee, 0x0,
    0x0, 0x0, 0x0, 0xe, 0x9f, 0x70, 0xe, 0xe0,
    0x0, 0x0, 0x0, 0x0, 0xca, 0xe8, 0x0, 0xee,
    0x0, 0x0, 0x0, 0x0, 0xe, 0x9c, 0xb0, 0xb,
    0xf2, 0x0, 0xc, 0xf1, 0x0, 0xf7, 0x8f, 0x10,
    0x6f, 0xc2, 0x5, 0xfd, 0x0, 0x6f, 0x22, 0xf8,
    0x0, 0xaf, 0xff, 0xfe, 0x30, 0xd, 0xc0, 0x8,
    0xf4, 0x0, 0x48, 0x86, 0x10, 0x9, 0xf2, 0x0,
    0xc, 0xf6, 0x0, 0x0, 0x0, 0xa, 0xf6, 0x0,
    0x0, 0xa, 0xfd, 0x64, 0x24, 0x8e, 0xf5, 0x0,
    0x0, 0x0, 0x5, 0xcf, 0xff, 0xff, 0xa2, 0x0,
    0x0, 0x0, 0x0, 0x0, 0x14, 0x43, 0x0, 0x0,
    0x0, 0x0,

    /* U+00AA "ª" */
    0x1, 0x8d, 0xfd, 0x60, 0x0, 0xcf, 0xec, 0xff,
    0x60, 0x1d, 0xd1, 0x5, 0xfc, 0x0, 0x0, 0x1,
    0x3f, 0xe0, 0x4, 0xcf, 0xff, 0xfe, 0x1, 0xff,
    0x74, 0x6f, 0xe0, 0x4f, 0xc0, 0x3, 0xfe, 0x1,
    0xff, 0xcc, 0xff, 0xe0, 0x4, 0xdf, 0xd6, 0xff,
    0x10,

    /* U+00AB "«" */
    0x0, 0x5, 0x61, 0x3, 0x62, 0x0, 0x4f, 0xc0,
    0x2f, 0xe1, 0x1, 0xef, 0x30, 0xcf, 0x60, 0xb,
    0xf8, 0x8, 0xfc, 0x0, 0x7f, 0xe0, 0x4f, 0xf2,
    0x0, 0xdf, 0xa0, 0xaf, 0xd0, 0x0, 0x3f, 0xf3,
    0x1e, 0xf6, 0x0, 0x7, 0xfc, 0x3, 0xfe, 0x10,
    0x0, 0xbf, 0x60, 0x7f, 0xa0, 0x0, 0x1e, 0xf1,
    0xb, 0xf4,

    /* U+00AC "¬" */
    0x0, 0x0, 0x0, 0x0, 0x0, 0x8, 0xff, 0xff,
    0xff, 0xff, 0xf4, 0x8f, 0xff, 0xff, 0xff, 0xff,
    0x40, 0x0, 0x0, 0x0, 0x1f, 0xf4, 0x0, 0x0,
    0x0, 0x1, 0xff, 0x40, 0x0, 0x0, 0x0, 0x1f,
    0xf4,

    /* U+00AD "­" */
    0x5, 0x55, 0x55, 0x42, 0xff, 0xff, 0xff, 0x2f,
    0xff, 0xff, 0xf0,

    /* U+00AE "®" */
    0x0, 0x0, 0x0, 0x1, 0x10, 0x0, 0x0, 0x0,
    0x0, 0x0, 0x2, 0x9e, 0xff, 0xfd, 0x70, 0x0,
    0x0, 0x0, 0x7, 0xff, 0x97, 0x57, 0xbf, 0xe3,
    0x0, 0x0, 0x9, 0xf9, 0x0, 0x0, 0x0, 0x2c,
    0xf4, 0x0, 0x6, 0xf6, 0x19, 0x99, 0x86, 0x10,
    0xb, 0xe1, 0x1, 0xfa, 0x1, 0xff, 0xff, 0xff,
    0x30, 0x1e, 0xa0, 0x7f, 0x20, 0x1f, 0xa0, 0x4,
    0xfc, 0x0, 0x7f, 0x1b, 0xc0, 0x1, 0xfa, 0x0,
    0xc, 0xf0, 0x1, 0xf6, 0xe9, 0x0, 0x1f, 0xa0,
    0x5, 0xfc, 0x0, 0xe, 0x9f, 0x70, 0x1, 0xff,
    0xff, 0xfe, 0x10, 0x0, 0xca, 0xe8, 0x0, 0x1f,
    0xd9, 0x9d, 0xf7, 0x0, 0xe, 0x9c, 0xb0, 0x1,
    0xfa, 0x0, 0xe, 0xd0, 0x0, 0xf7, 0x8f, 0x10,
    0x1f, 0xa0, 0x0, 0xdf, 0x0, 0x6f, 0x22, 0xf8,
    0x1, 0xfa, 0x0, 0xc, 0xf0, 0xd, 0xc0, 0x8,
    0xf4, 0x7, 0x40, 0x0, 0x57, 0x19, 0xf2, 0x0,
    0xc, 0xf6, 0x0, 0x0, 0x0, 0xa, 0xf6, 0x0,
    0x0, 0xa, 0xfd, 0x64, 0x24, 0x8e, 0xf5, 0x0,
    0x0, 0x0, 0x5, 0xcf, 0xff, 0xff, 0xa2, 0x0,
    0x0, 0x0, 0x0, 0x0, 0x14, 0x43, 0x0, 0x0,
    0x0, 0x0,

    /* U+00AF "¯" */
    0x5e, 0xee, 0xee, 0xee, 0xe1, 0x6f, 0xff, 0xff,
    0xff, 0xf1,

    /* U+00B0 "°" */
    0x2, 0xbf, 0xc3, 0x1, 0xef, 0xbe, 0xf2, 0x6f,
    0x40, 0x2f, 0x86, 0xf4, 0x2, 0xf8, 0x1f, 0xfb,
    0xef, 0x30, 0x3c, 0xfd, 0x40,

    /* U+00B1 "±" */
    0x0, 0x0, 0xbf, 0xd0, 0x0, 0x0, 0x0, 0xb,
    0xfd, 0x0, 0x0, 0x0, 0x0, 0xbf, 0xd0, 0x0,
    0x0, 0x0, 0xb, 0xfd, 0x0, 0x0, 0x45, 0x55,
    0xcf, 0xe5, 0x55, 0x4e, 0xff, 0xff, 0xff, 0xff,
    0xfd, 0xef, 0xff, 0xff, 0xff, 0xff, 0xd0, 0x0,
    0xb, 0xfd, 0x0, 0x0, 0x0, 0x0, 0xbf, 0xd0,
    0x0, 0x0, 0x0, 0xb, 0xfd, 0x0, 0x0, 0x0,
    0x0, 0xbf, 0xd0, 0x0, 0x0, 0x0, 0x4, 0x64,
    0x0, 0x0, 0x25, 0x55, 0x55, 0x55, 0x55, 0x28,
    0xff, 0xff, 0xff, 0xff, 0xf6, 0x8f, 0xff, 0xff,
    0xff, 0xff, 0x60,

    /* U+00B2 "²" */
    0x1, 0x9e, 0xfd, 0x70, 0x0, 0xcf, 0xec, 0xff,
    0x60, 0x3f, 0xf1, 0x8, 0xfb, 0x0, 0x0, 0x0,
    0xbf, 0x90, 0x0, 0x0, 0x9f, 0xe1, 0x0, 0x0,
    0xaf, 0xd2, 0x0, 0x1, 0xcf, 0xa0, 0x0, 0x0,
    0xef, 0xfb, 0xbb, 0xb1, 0x1f, 0xff, 0xff, 0xff,
    0x10,

    /* U+00B3 "³" */
    0x1, 0xae, 0xfd, 0x80, 0xd, 0xfe, 0xcf, 0xf8,
    0x1a, 0x90, 0x7, 0xfc, 0x0, 0x7, 0x8e, 0xf5,
    0x0, 0xd, 0xff, 0xc2, 0x0, 0x0, 0x8, 0xfc,
    0x3d, 0xc0, 0x5, 0xff, 0xe, 0xfe, 0xcf, 0xfa,
    0x2, 0xae, 0xfd, 0x70,

    /* U+00B4 "´" */
    0x0, 0x48, 0x84, 0x1, 0xff, 0xd1, 0xb, 0xfe,
    0x10, 0x5f, 0xe2, 0x0,

    /* U+00B5 "µ" */
    0x4f, 0xf8, 0x0, 0x0, 0x7f, 0xf5, 0x4f, 0xf8,
    0x0, 0x0, 0x7f, 0xf5, 0x4f, 0xf8, 0x0, 0x0,
    0x7f, 0xf5, 0x4f, 0xf8, 0x0, 0x0, 0x7f, 0xf5,
    0x4f, 0xf8, 0x0, 0x0, 0x7f, 0xf5, 0x4f, 0xf8,
    0x0, 0x0, 0x7f, 0xf5, 0x4f, 0xf8, 0x0, 0x0,
    0x7f, 0xf5, 0x4f, 0xf8, 0x0, 0x0, 0x7f, 0xf5,
    0x4f, 0xfa, 0x0, 0x0, 0x7f, 0xf5, 0x4f, 0xfe,
    0x0, 0x0, 0xaf, 0xf5, 0x4f, 0xff, 0xb6, 0x6b,
    0xff, 0xf5, 0x4f, 0xff, 0xff, 0xff, 0xff, 0xf5,
    0x4f, 0xfd, 0xdf, 0xfa, 0x6f, 0xf5, 0x4f, 0xf8,
    0x0, 0x0, 0x0, 0x0, 0x4f, 0xf8, 0x0, 0x0,
    0x0, 0x0, 0x4f, 0xf8, 0x0, 0x0, 0x0, 0x0,
    0x4f, 0xf8, 0x0, 0x0, 0x0, 0x0, 0x4f, 0xf8,
    0x0, 0x0, 0x0, 0x0,

    /* U+00B6 "¶" */
    0x0, 0x4, 0xbe, 0xff, 0xff, 0x0, 0x9, 0xff,
    0xff, 0xff, 0xf0, 0x6, 0xff, 0xff, 0xff, 0xff,
    0x0, 0xdf, 0xff, 0xff, 0xff, 0xf0, 0x1f, 0xff,
    0xff, 0xff, 0xff, 0x2, 0xff, 0xff, 0xff, 0xff,
    0xf0, 0x1f, 0xff, 0xff, 0xff, 0xff, 0x0, 0xef,
    0xff, 0xff, 0xff, 0xf0, 0x6, 0xff, 0xff, 0xff,
    0xff, 0x0, 0xa, 0xff, 0xff, 0xff, 0xf0, 0x0,
    0x5, 0xbf, 0xff, 0xff, 0x0, 0x0, 0x0, 0x0,
    0x7f, 0xf0, 0x0, 0x0, 0x0, 0x7, 0xff, 0x0,
    0x0, 0x0, 0x0, 0x7f, 0xf0, 0x0, 0x0, 0x0,
    0x7, 0xff, 0x0, 0x0, 0x0, 0x0, 0x7f, 0xf0,
    0x0, 0x0, 0x0, 0x7, 0xff, 0x0,

    /* U+00B7 "·" */
    0x0, 0x10, 0x1e, 0xfa, 0x4f, 0xfe, 0xc, 0xf7,

    /* U+00B8 "¸" */
    0x7f, 0xc1, 0x7, 0xdf, 0xe1, 0x0, 0xff, 0x55,
    0xdf, 0xf2, 0x7e, 0xb3, 0x0,

    /* U+00B9 "¹" */
    0x0, 0x0, 0x10, 0x2, 0x7c, 0xf0, 0x7f, 0xff,
    0xf0, 0x6a, 0x7f, 0xf0, 0x0, 0x2f, 0xf0, 0x0,
    0x2f, 0xf0, 0x0, 0x2f, 0xf0, 0x0, 0x2f, 0xf0,
    0x0, 0x2f, 0xf0, 0x0, 0x2f, 0xf0,

    /* U+00BA "º" */
    0x0, 0x8e, 0xfd, 0x80, 0x0, 0xcf, 0xec, 0xff,
    0xb0, 0x5f, 0xe1, 0x1, 0xef, 0x38, 0xf8, 0x0,
    0x9, 0xf7, 0x9f, 0x70, 0x0, 0x8f, 0x88, 0xf8,
    0x0, 0x9, 0xf7, 0x5f, 0xd1, 0x1, 0xef, 0x30,
    0xcf, 0xeb, 0xef, 0xb0, 0x0, 0x8e, 0xfe, 0x80,
    0x0,

    /* U+00BB "»" */
    0x56, 0x10, 0x26, 0x30, 0x0, 0x5f, 0xb0, 0xe,
    0xf2, 0x0, 0xb, 0xf7, 0x5, 0xfc, 0x0, 0x2,
    0xff, 0x30, 0xbf, 0x90, 0x0, 0x8f, 0xd0, 0x2f,
    0xf4, 0x0, 0x3f, 0xf4, 0xd, 0xfa, 0x0, 0xcf,
    0x90, 0x6f, 0xe1, 0x5, 0xfd, 0x1, 0xef, 0x40,
    0x1e, 0xf2, 0x9, 0xf8, 0x0, 0x9f, 0x60, 0x3f,
    0xc0, 0x0,

    /* U+00BC "¼" */
    0x0, 0x0, 0x0, 0x0, 0x0, 0x0, 0x0, 0x0,
    0x2, 0x8d, 0x80, 0x0, 0x0, 0x0, 0x0, 0x0,
    0xdf, 0xff, 0x90, 0x0, 0x0, 0x6, 0x0, 0x0,
    0xda, 0xcf, 0x90, 0x0, 0x0, 0x8f, 0x60, 0x0,
    0x0, 0x9f, 0x90, 0x0, 0x2, 0xfd, 0x0, 0x0,
    0x0, 0x9f, 0x90, 0x0, 0xc, 0xf3, 0x0, 0x0,
    0x0, 0x9f, 0x90, 0x0, 0x6f, 0x90, 0x0, 0x0,
    0x0, 0x9f, 0x90, 0x1, 0xfe, 0x0, 0x0, 0x0,
    0x0, 0x9f, 0x90, 0xa, 0xf5, 0x0, 0x44, 0x20,
    0x0, 0x9f, 0x90, 0x4f, 0xb0, 0x6, 0xff, 0x60,
    0x0, 0x12, 0x10, 0xdf, 0x20, 0x2f, 0xff, 0x60,
    0x0, 0x0, 0x8, 0xf7, 0x0, 0xcf, 0xef, 0x60,
    0x0, 0x0, 0x2f, 0xd0, 0x8, 0xf6, 0xcf, 0x60,
    0x0, 0x0, 0xcf, 0x30, 0x4f, 0x90, 0xcf, 0x60,
    0x0, 0x6, 0xf9, 0x0, 0xef, 0xcc, 0xff, 0xd6,
    0x0, 0xe, 0xe0, 0x0, 0xff, 0xff, 0xff, 0xf8,
    0x0, 0x1, 0x30, 0x0, 0x0, 0x0, 0xcf, 0x60,
    0x0, 0x0, 0x0, 0x0, 0x0, 0x0, 0xcf, 0x60,

    /* U+00BD "½" */
    0x0, 0x0, 0x11, 0x0, 0x0, 0x0, 0x0, 0x0,
    0x0, 0x1, 0x6b, 0xf7, 0x0, 0x0, 0x0, 0x0,
    0x0, 0x0, 0xf, 0xff, 0xf7, 0x0, 0x0, 0x6,
    0x40, 0x0, 0x0, 0xb, 0x7c, 0xf7, 0x0, 0x0,
    0x2f, 0xd0, 0x0, 0x0, 0x0, 0xb, 0xf7, 0x0,
    0x0, 0xbf, 0x40, 0x0, 0x0, 0x0, 0xb, 0xf7,
    0x0, 0x5, 0xfa, 0x0, 0x0, 0x0, 0x0, 0xb,
    0xf7, 0x0, 0xe, 0xe1, 0x0, 0x0, 0x0, 0x0,
    0xb, 0xf7, 0x0, 0x9f, 0x60, 0x0, 0x0, 0x0,
    0x0, 0xb, 0xf7, 0x3, 0xfc, 0x0, 0x68, 0x72,
    0x0, 0x0, 0xb, 0xf7, 0xc, 0xf3, 0x2e, 0xff,
    0xff, 0x50, 0x0, 0x0, 0x0, 0x6f, 0x90, 0xbf,
    0x90, 0x6f, 0xe0, 0x0, 0x0, 0x1, 0xfe, 0x0,
    0x9a, 0x20, 0x3f, 0xf0, 0x0, 0x0, 0xa, 0xf5,
    0x0, 0x0, 0x0, 0xbf, 0xc0, 0x0, 0x0, 0x4f,
    0xb0, 0x0, 0x0, 0xa, 0xff, 0x20, 0x0, 0x0,
    0xdf, 0x20, 0x0, 0x0, 0xaf, 0xe3, 0x0, 0x0,
    0x6, 0xf7, 0x0, 0x0, 0xb, 0xfd, 0x20, 0x0,
    0x0, 0x0, 0x60, 0x0, 0x0, 0xaf, 0xfc, 0xcc,
    0xc4, 0x0, 0x0, 0x0, 0x0, 0x0, 0xcf, 0xff,
    0xff, 0xf6,

    /* U+00BE "¾" */
    0x5, 0xcf, 0xeb, 0x30, 0x0, 0x0, 0x0, 0x0,
    0x4, 0xff, 0xde, 0xff, 0x20, 0x0, 0x1, 0x0,
    0x0, 0x5a, 0x60, 0xe, 0xf5, 0x0, 0x0, 0xbe,
    0x10, 0x0, 0x2, 0x8a, 0xfd, 0x0, 0x0, 0x5f,
    0xa0, 0x0, 0x0, 0x4f, 0xff, 0x70, 0x0, 0x1e,
    0xe1, 0x0, 0x0, 0x0, 0x2, 0xdf, 0x50, 0xa,
    0xf6, 0x0, 0x0, 0x8c, 0x60, 0xb, 0xf8, 0x4,
    0xfb, 0x0, 0x0, 0x6, 0xff, 0xaa, 0xff, 0x30,
    0xdf, 0x20, 0x59, 0x70, 0x6, 0xdf, 0xeb, 0x30,
    0x8f, 0x70, 0x2f, 0xfd, 0x0, 0x0, 0x0, 0x0,
    0x3f, 0xc0, 0xc, 0xff, 0xd0, 0x0, 0x0, 0x0,
    0xc, 0xf3, 0x8, 0xfc, 0xfd, 0x0, 0x0, 0x0,
    0x7, 0xf8, 0x3, 0xfb, 0x5f, 0xd0, 0x0, 0x0,
    0x2, 0xfd, 0x0, 0xde, 0x15, 0xfd, 0x0, 0x0,
    0x0, 0xbf, 0x40, 0x8f, 0xec, 0xdf, 0xfb, 0x0,
    0x0, 0x4f, 0xa0, 0x9, 0xff, 0xff, 0xff, 0xf0,
    0x0, 0x0, 0x41, 0x0, 0x0, 0x0, 0x5f, 0xd0,
    0x0, 0x0, 0x0, 0x0, 0x0, 0x0, 0x5, 0xfd,
    0x0,

    /* U+00BF "¿" */
    0x0, 0x0, 0x3e, 0xe3, 0x0, 0x0, 0x0, 0x9,
    0xff, 0x90, 0x0, 0x0, 0x0, 0x4f, 0xf4, 0x0,
    0x0, 0x0, 0x0, 0x0, 0x0, 0x0, 0x0, 0x0,
    0x0, 0x0, 0x0, 0x0, 0x0, 0x3, 0xbb, 0x40,
    0x0, 0x0, 0x0, 0x7f, 0xf4, 0x0, 0x0, 0x0,
    0xd, 0xff, 0x10, 0x0, 0x0, 0x9, 0xff, 0x90,
    0x0, 0x0, 0x8, 0xff, 0xd0, 0x0, 0x0, 0x4,
    0xff, 0xe1, 0x0, 0x0, 0x0, 0xcf, 0xf3, 0x0,
    0x0, 0x0, 0x1f, 0xfc, 0x0, 0x0, 0x0, 0x3,
    0xff, 0xa0, 0x0, 0x9, 0xa9, 0x1f, 0xfd, 0x0,
    0x3, 0xff, 0xc0, 0xcf, 0xfc, 0x68, 0xef, 0xf6,
    0x3, 0xff, 0xff, 0xff, 0xfb, 0x0, 0x2, 0x9d,
    0xff, 0xc6, 0x0,

    /* U+00C0 "À" */
    0x0, 0x0, 0x9f, 0xf8, 0x0, 0x0, 0x0, 0x0,
    0x0, 0x0, 0xc, 0xff, 0x10, 0x0, 0x0, 0x0,
    0x0, 0x0, 0x1, 0xef, 0xa0, 0x0, 0x0, 0x0,
    0x0, 0x0, 0x0, 0x4f, 0xf3, 0x0, 0x0, 0x0,
    0x0, 0x0, 0x0, 0x0, 0x0, 0x0, 0x0, 0x0,
    0x0, 0x0, 0x0, 0x8f, 0xf8, 0x0, 0x0, 0x0,
    0x0, 0x0, 0x0, 0xef, 0xfe, 0x0, 0x0, 0x0,
    0x0, 0x0, 0x4, 0xff, 0xff, 0x40, 0x0, 0x0,
    0x0, 0x0, 0xa, 0xff, 0xff, 0xa0, 0x0, 0x0,
    0x0, 0x0, 0x1f, 0xfa, 0xbf, 0xf0, 0x0, 0x0,
    0x0, 0x0, 0x6f, 0xf4, 0x5f, 0xf6, 0x0, 0x0,
    0x0, 0x0, 0xcf, 0xe0, 0xf, 0xfc, 0x0, 0x0,
    0x0, 0x2, 0xff, 0x90, 0xa, 0xff, 0x20, 0x0,
    0x0, 0x9, 0xff, 0x40, 0x4, 0xff, 0x80, 0x0,
    0x0, 0xe, 0xfe, 0x0, 0x0, 0xef, 0xe0, 0x0,
    0x0, 0x5f, 0xfc, 0x66, 0x66, 0xcf, 0xf4, 0x0,
    0x0, 0xbf, 0xff, 0xff, 0xff, 0xff, 0xfa, 0x0,
    0x1, 0xff, 0xff, 0xff, 0xff, 0xff, 0xff, 0x10,
    0x7, 0xff, 0x70, 0x0, 0x0, 0x8, 0xff, 0x70,
    0xd, 0xff, 0x20, 0x0, 0x0, 0x3, 0xff, 0xd0,
    0x3f, 0xfc, 0x0, 0x0, 0x0, 0x0, 0xdf, 0xf3,
    0x9f, 0xf7, 0x0, 0x0, 0x0, 0x0, 0x7f, 0xf9,

    /* U+00C1 "Á" */
    0x0, 0x0, 0x0, 0x0, 0x6f, 0xfb, 0x0, 0x0,
    0x0, 0x0, 0x0, 0x1, 0xef, 0xd0, 0x0, 0x0,
    0x0, 0x0, 0x0, 0x8, 0xff, 0x20, 0x0, 0x0,
    0x0, 0x0, 0x0, 0x2f, 0xf4, 0x0, 0x0, 0x0,
    0x0, 0x0, 0x0, 0x0, 0x0, 0x0, 0x0, 0x0,
    0x0, 0x0, 0x0, 0x8f, 0xf8, 0x0, 0x0, 0x0,
    0x0, 0x0, 0x0, 0xef, 0xfe, 0x0, 0x0, 0x0,
    0x0, 0x0, 0x4, 0xff, 0xff, 0x40, 0x0, 0x0,
    0x0, 0x0, 0xa, 0xff, 0xff, 0xa0, 0x0, 0x0,
    0x0, 0x0, 0x1f, 0xfa, 0xbf, 0xf0, 0x0, 0x0,
    0x0, 0x0, 0x6f, 0xf4, 0x5f, 0xf6, 0x0, 0x0,
    0x0, 0x0, 0xcf, 0xe0, 0xf, 0xfc, 0x0, 0x0,
    0x0, 0x2, 0xff, 0x90, 0xa, 0xff, 0x20, 0x0,
    0x0, 0x9, 0xff, 0x40, 0x4, 0xff, 0x80, 0x0,
    0x0, 0xe, 0xfe, 0x0, 0x0, 0xef, 0xe0, 0x0,
    0x0, 0x5f, 0xfc, 0x66, 0x66, 0xcf, 0xf4, 0x0,
    0x0, 0xbf, 0xff, 0xff, 0xff, 0xff, 0xfa, 0x0,
    0x1, 0xff, 0xff, 0xff, 0xff, 0xff, 0xff, 0x10,
    0x7, 0xff, 0x70, 0x0, 0x0, 0x8, 0xff, 0x70,
    0xd, 0xff, 0x20, 0x0, 0x0, 0x3, 0xff, 0xd0,
    0x3f, 0xfc, 0x0, 0x0, 0x0, 0x0, 0xdf, 0xf3,
    0x9f, 0xf7, 0x0, 0x0, 0x0, 0x0, 0x7f, 0xf9,

    /* U+00C2 "Â" */
    0x0, 0x0, 0x0, 0x4f, 0xf5, 0x0, 0x0, 0x0,
    0x0, 0x0, 0x4, 0xff, 0xef, 0x40, 0x0, 0x0,
    0x0, 0x0, 0x3f, 0xf4, 0x3f, 0xf3, 0x0, 0x0,
    0x0, 0x0, 0x68, 0x40, 0x3, 0x86, 0x0, 0x0,
    0x0, 0x0, 0x0, 0x0, 0x0, 0x0, 0x0, 0x0,
    0x0, 0x0, 0x0, 0x8f, 0xf8, 0x0, 0x0, 0x0,
    0x0, 0x0, 0x0, 0xef, 0xfe, 0x0, 0x0, 0x0,
    0x0, 0x0, 0x4, 0xff, 0xff, 0x40, 0x0, 0x0,
    0x0, 0x0, 0xa, 0xff, 0xff, 0xa0, 0x0, 0x0,
    0x0, 0x0, 0x1f, 0xfa, 0xbf, 0xf0, 0x0, 0x0,
    0x0, 0x0, 0x6f, 0xf4, 0x5f, 0xf6, 0x0, 0x0,
    0x0, 0x0, 0xcf, 0xe0, 0xf, 0xfc, 0x0, 0x0,
    0x0, 0x2, 0xff, 0x90, 0xa, 0xff, 0x20, 0x0,
    0x0, 0x9, 0xff, 0x40, 0x4, 0xff, 0x80, 0x0,
    0x0, 0xe, 0xfe, 0x0, 0x0, 0xef, 0xe0, 0x0,
    0x0, 0x5f, 0xfc, 0x66, 0x66, 0xcf, 0xf4, 0x0,
    0x0, 0xbf, 0xff, 0xff, 0xff, 0xff, 0xfa, 0x0,
    0x1, 0xff, 0xff, 0xff, 0xff, 0xff, 0xff, 0x10,
    0x7, 0xff, 0x70, 0x0, 0x0, 0x8, 0xff, 0x70,
    0xd, 0xff, 0x20, 0x0, 0x0, 0x3, 0xff, 0xd0,
    0x3f, 0xfc, 0x0, 0x0, 0x0, 0x0, 0xdf, 0xf3,
    0x9f, 0xf7, 0x0, 0x0, 0x0, 0x0, 0x7f, 0xf9,

    /* U+00C3 "Ã" */
    0x0, 0x0, 0x0, 0x0, 0x0, 0x0, 0x0, 0x0,
    0x0, 0x0, 0x1b, 0xd5, 0x0, 0x7f, 0x40, 0x0,
    0x0, 0x0, 0xaf, 0xff, 0x81, 0xdf, 0x10, 0x0,
    0x0, 0x1, 0xfd, 0x17, 0xff, 0xfb, 0x0, 0x0,
    0x0, 0x3, 0xf8, 0x0, 0x6d, 0xb1, 0x0, 0x0,
    0x0, 0x0, 0x0, 0x0, 0x0, 0x0, 0x0, 0x0,
    0x0, 0x0, 0x0, 0x8f, 0xf8, 0x0, 0x0, 0x0,
    0x0, 0x0, 0x0, 0xef, 0xfe, 0x0, 0x0, 0x0,
    0x0, 0x0, 0x4, 0xff, 0xff, 0x40, 0x0, 0x0,
    0x0, 0x0, 0xa, 0xff, 0xff, 0xa0, 0x0, 0x0,
    0x0, 0x0, 0x1f, 0xfa, 0xbf, 0xf0, 0x0, 0x0,
    0x0, 0x0, 0x6f, 0xf4, 0x5f, 0xf6, 0x0, 0x0,
    0x0, 0x0, 0xcf, 0xe0, 0xf, 0xfc, 0x0, 0x0,
    0x0, 0x2, 0xff, 0x90, 0xa, 0xff, 0x20, 0x0,
    0x0, 0x9, 0xff, 0x40, 0x4, 0xff, 0x80, 0x0,
    0x0, 0xe, 0xfe, 0x0, 0x0, 0xef, 0xe0, 0x0,
    0x0, 0x5f, 0xfc, 0x66, 0x66, 0xcf, 0xf4, 0x0,
    0x0, 0xbf, 0xff, 0xff, 0xff, 0xff, 0xfa, 0x0,
    0x1, 0xff, 0xff, 0xff, 0xff, 0xff, 0xff, 0x10,
    0x7, 0xff, 0x70, 0x0, 0x0, 0x8, 0xff, 0x70,
    0xd, 0xff, 0x20, 0x0, 0x0, 0x3, 0xff, 0xd0,
    0x3f, 0xfc, 0x0, 0x0, 0x0, 0x0, 0xdf, 0xf3,
    0x9f, 0xf7, 0x0, 0x0, 0x0, 0x0, 0x7f, 0xf9,

    /* U+00C4 "Ä" */
    0x0, 0x0, 0xbf, 0x60, 0x6, 0xfb, 0x0, 0x0,
    0x0, 0x1, 0xff, 0xc0, 0xb, 0xff, 0x20, 0x0,
    0x0, 0x0, 0x7b, 0x40, 0x3, 0xb8, 0x0, 0x0,
    0x0, 0x0, 0x0, 0x0, 0x0, 0x0, 0x0, 0x0,
    0x0, 0x0, 0x0, 0x8f, 0xf8, 0x0, 0x0, 0x0,
    0x0, 0x0, 0x0, 0xef, 0xfe, 0x0, 0x0, 0x0,
    0x0, 0x0, 0x4, 0xff, 0xff, 0x40, 0x0, 0x0,
    0x0, 0x0, 0xa, 0xff, 0xff, 0xa0, 0x0, 0x0,
    0x0, 0x0, 0x1f, 0xfa, 0xbf, 0xf0, 0x0, 0x0,
    0x0, 0x0, 0x6f, 0xf4, 0x5f, 0xf6, 0x0, 0x0,
    0x0, 0x0, 0xcf, 0xe0, 0xf, 0xfc, 0x0, 0x0,
    0x0, 0x2, 0xff, 0x90, 0xa, 0xff, 0x20, 0x0,
    0x0, 0x9, 0xff, 0x40, 0x4, 0xff, 0x80, 0x0,
    0x0, 0xe, 0xfe, 0x0, 0x0, 0xef, 0xe0, 0x0,
    0x0, 0x5f, 0xfc, 0x66, 0x66, 0xcf, 0xf4, 0x0,
    0x0, 0xbf, 0xff, 0xff, 0xff, 0xff, 0xfa, 0x0,
    0x1, 0xff, 0xff, 0xff, 0xff, 0xff, 0xff, 0x10,
    0x7, 0xff, 0x70, 0x0, 0x0, 0x8, 0xff, 0x70,
    0xd, 0xff, 0x20, 0x0, 0x0, 0x3, 0xff, 0xd0,
    0x3f, 0xfc, 0x0, 0x0, 0x0, 0x0, 0xdf, 0xf3,
    0x9f, 0xf7, 0x0, 0x0, 0x0, 0x0, 0x7f, 0xf9,

    /* U+00C5 "Å" */
    0x0, 0x0, 0x0, 0x6d, 0xe7, 0x0, 0x0, 0x0,
    0x0, 0x0, 0x4, 0xf5, 0x4f, 0x50, 0x0, 0x0,
    0x0, 0x0, 0x8, 0xc0, 0xa, 0x90, 0x0, 0x0,
    0x0, 0x0, 0x5, 0xf2, 0x1e, 0x60, 0x0, 0x0,
    0x0, 0x0, 0x0, 0x9f, 0xfa, 0x0, 0x0, 0x0,
    0x0, 0x0, 0x0, 0x0, 0x0, 0x0, 0x0, 0x0,
    0x0, 0x0, 0x0, 0x8f, 0xf8, 0x0, 0x0, 0x0,
    0x0, 0x0, 0x0, 0xef, 0xfe, 0x0, 0x0, 0x0,
    0x0, 0x0, 0x4, 0xff, 0xff, 0x40, 0x0, 0x0,
    0x0, 0x0, 0xa, 0xff, 0xff, 0xa0, 0x0, 0x0,
    0x0, 0x0, 0x1f, 0xfa, 0xbf, 0xf0, 0x0, 0x0,
    0x0, 0x0, 0x6f, 0xf4, 0x5f, 0xf6, 0x0, 0x0,
    0x0, 0x0, 0xcf, 0xe0, 0xf, 0xfc, 0x0, 0x0,
    0x0, 0x2, 0xff, 0x90, 0xa, 0xff, 0x20, 0x0,
    0x0, 0x9, 0xff, 0x40, 0x4, 0xff, 0x80, 0x0,
    0x0, 0xe, 0xfe, 0x0, 0x0, 0xef, 0xe0, 0x0,
    0x0, 0x5f, 0xfc, 0x66, 0x66, 0xcf, 0xf4, 0x0,
    0x0, 0xbf, 0xff, 0xff, 0xff, 0xff, 0xfa, 0x0,
    0x1, 0xff, 0xff, 0xff, 0xff, 0xff, 0xff, 0x10,
    0x7, 0xff, 0x70, 0x0, 0x0, 0x8, 0xff, 0x70,
    0xd, 0xff, 0x20, 0x0, 0x0, 0x3, 0xff, 0xd0,
    0x3f, 0xfc, 0x0, 0x0, 0x0, 0x0, 0xdf, 0xf3,
    0x9f, 0xf7, 0x0, 0x0, 0x0, 0x0, 0x7f, 0xf9,

    /* U+00C6 "Æ" */
    0x0, 0x0, 0x0, 0x0, 0x0, 0x9f, 0xff, 0xff,
    0xff, 0xff, 0xff, 0x40, 0x0, 0x0, 0x0, 0x0,
    0x3, 0xff, 0xff, 0xff, 0xff, 0xff, 0xff, 0x40,
    0x0, 0x0, 0x0, 0x0, 0xc, 0xff, 0xff, 0xd5,
    0x55, 0x55, 0x55, 0x10, 0x0, 0x0, 0x0, 0x0,
    0x5f, 0xfb, 0xff, 0xc0, 0x0, 0x0, 0x0, 0x0,
    0x0, 0x0, 0x0, 0x0, 0xef, 0xf2, 0xff, 0xc0,
    0x0, 0x0, 0x0, 0x0, 0x0, 0x0, 0x0, 0x8,
    0xff, 0x80, 0xff, 0xd0, 0x0, 0x0, 0x0, 0x0,
    0x0, 0x0, 0x0, 0x1f, 0xfe, 0x0, 0xff, 0xe0,
    0x0, 0x0, 0x0, 0x0, 0x0, 0x0, 0x0, 0xaf,
    0xf6, 0x0, 0xef, 0xff, 0xff, 0xff, 0xf5, 0x0,
    0x0, 0x0, 0x3, 0xff, 0xd0, 0x0, 0xdf, 0xff,
    0xff, 0xff, 0xf5, 0x0, 0x0, 0x0, 0xc, 0xff,
    0x50, 0x0, 0xdf, 0xf5, 0x55, 0x55, 0x51, 0x0,
    0x0, 0x0, 0x6f, 0xff, 0x88, 0x88, 0xef, 0xf1,
    0x0, 0x0, 0x0, 0x0, 0x0, 0x0, 0xef, 0xff,
    0xff, 0xff, 0xff, 0xf1, 0x0, 0x0, 0x0, 0x0,
    0x0, 0x8, 0xff, 0xff, 0xff, 0xff, 0xff, 0xf2,
    0x0, 0x0, 0x0, 0x0, 0x0, 0x2f, 0xff, 0x20,
    0x0, 0x0, 0xaf, 0xf3, 0x0, 0x0, 0x0, 0x0,
    0x0, 0xaf, 0xfa, 0x0, 0x0, 0x0, 0x9f, 0xf7,
    0x55, 0x55, 0x55, 0x50, 0x4, 0xff, 0xf1, 0x0,
    0x0, 0x0, 0x9f, 0xff, 0xff, 0xff, 0xff, 0xf0,
    0xd, 0xff, 0x80, 0x0, 0x0, 0x0, 0x8f, 0xff,
    0xff, 0xff, 0xff, 0xf0,

    /* U+00C7 "Ç" */
    0x0, 0x1, 0x7c, 0xef, 0xea, 0x40, 0x0, 0x0,
    0x3e, 0xff, 0xff, 0xff, 0xfa, 0x0, 0x2, 0xff,
    0xfc, 0x77, 0x9f, 0xff, 0x90, 0xc, 0xff, 0x80,
    0x0, 0x2, 0xff, 0xf2, 0x3f, 0xfd, 0x0, 0x0,
    0x0, 0x8f, 0xf8, 0x8f, 0xf7, 0x0, 0x0, 0x0,
    0x3b, 0xb8, 0xaf, 0xf4, 0x0, 0x0, 0x0, 0x0,
    0x0, 0xcf, 0xf3, 0x0, 0x0, 0x0, 0x0, 0x0,
    0xcf, 0xf2, 0x0, 0x0, 0x0, 0x0, 0x0, 0xcf,
    0xf2, 0x0, 0x0, 0x0, 0x0, 0x0, 0xaf, 0xf4,
    0x0, 0x0, 0x0, 0x0, 0x0, 0x8f, 0xf6, 0x0,
    0x0, 0x0, 0x3a, 0xa7, 0x3f, 0xfc, 0x0, 0x0,
    0x0, 0x8f, 0xf8, 0xd, 0xff, 0x70, 0x0, 0x2,
    0xff, 0xf3, 0x3, 0xff, 0xfb, 0x77, 0x9f, 0xff,
    0x90, 0x0, 0x4f, 0xff, 0xff, 0xff, 0xfa, 0x0,
    0x0, 0x1, 0x8c, 0xff, 0xea, 0x40, 0x0, 0x0,
    0x0, 0x2, 0xff, 0x60, 0x0, 0x0, 0x0, 0x0,
    0x2, 0x8e, 0xf7, 0x0, 0x0, 0x0, 0x0, 0x0,
    0xa, 0xfa, 0x0, 0x0, 0x0, 0x0, 0x1, 0xbf,
    0xf6, 0x0, 0x0, 0x0, 0x0, 0x2, 0xec, 0x60,
    0x0, 0x0,

    /* U+00C8 "È" */
    0x0, 0x4f, 0xfd, 0x0, 0x0, 0x0, 0x0, 0x5,
    0xff, 0x80, 0x0, 0x0, 0x0, 0x0, 0x7f, 0xf3,
    0x0, 0x0, 0x0, 0x0, 0x6, 0x85, 0x0, 0x0,
    0x0, 0x0, 0x0, 0x0, 0x0, 0x0, 0x4f, 0xff,
    0xff, 0xff, 0xff, 0xfd, 0x4f, 0xff, 0xff, 0xff,
    0xff, 0xfd, 0x4f, 0xfd, 0x66, 0x66, 0x66, 0x65,
    0x4f, 0xfb, 0x0, 0x0, 0x0, 0x0, 0x4f, 0xfb,
    0x0, 0x0, 0x0, 0x0, 0x4f, 0xfb, 0x0, 0x0,
    0x0, 0x0, 0x4f, 0xfb, 0x0, 0x0, 0x0, 0x0,
    0x4f, 0xff, 0xff, 0xff, 0xff, 0xb0, 0x4f, 0xff,
    0xff, 0xff, 0xff, 0xb0, 0x4f, 0xfc, 0x55, 0x55,
    0x55, 0x40, 0x4f, 0xfb, 0x0, 0x0, 0x0, 0x0,
    0x4f, 0xfb, 0x0, 0x0, 0x0, 0x0, 0x4f, 0xfb,
    0x0, 0x0, 0x0, 0x0, 0x4f, 0xfb, 0x0, 0x0,
    0x0, 0x0, 0x4f, 0xfd, 0x66, 0x66, 0x66, 0x65,
    0x4f, 0xff, 0xff, 0xff, 0xff, 0xfe, 0x4f, 0xff,
    0xff, 0xff, 0xff, 0xfe,

    /* U+00C9 "É" */
    0x0, 0x0, 0x0, 0x2f, 0xfd, 0x10, 0x0, 0x0,
    0x0, 0xcf, 0xe2, 0x0, 0x0, 0x0, 0x7, 0xfe,
    0x20, 0x0, 0x0, 0x0, 0x7, 0x83, 0x0, 0x0,
    0x0, 0x0, 0x0, 0x0, 0x0, 0x0, 0x4f, 0xff,
    0xff, 0xff, 0xff, 0xfd, 0x4f, 0xff, 0xff, 0xff,
    0xff, 0xfd, 0x4f, 0xfd, 0x66, 0x66, 0x66, 0x65,
    0x4f, 0xfb, 0x0, 0x0, 0x0, 0x0, 0x4f, 0xfb,
    0x0, 0x0, 0x0, 0x0, 0x4f, 0xfb, 0x0, 0x0,
    0x0, 0x0, 0x4f, 0xfb, 0x0, 0x0, 0x0, 0x0,
    0x4f, 0xff, 0xff, 0xff, 0xff, 0xb0, 0x4f, 0xff,
    0xff, 0xff, 0xff, 0xb0, 0x4f, 0xfc, 0x55, 0x55,
    0x55, 0x40, 0x4f, 0xfb, 0x0, 0x0, 0x0, 0x0,
    0x4f, 0xfb, 0x0, 0x0, 0x0, 0x0, 0x4f, 0xfb,
    0x0, 0x0, 0x0, 0x0, 0x4f, 0xfb, 0x0, 0x0,
    0x0, 0x0, 0x4f, 0xfd, 0x66, 0x66, 0x66, 0x65,
    0x4f, 0xff, 0xff, 0xff, 0xff, 0xfe, 0x4f, 0xff,
    0xff, 0xff, 0xff, 0xfe,

    /* U+00CA "Ê" */
    0x0, 0x0, 0x1d, 0xfa, 0x0, 0x0, 0x0, 0x1,
    0xdf, 0xef, 0x80, 0x0, 0x0, 0x1c, 0xf8, 0xc,
    0xf7, 0x0, 0x0, 0x48, 0x60, 0x1, 0x77, 0x10,
    0x0, 0x0, 0x0, 0x0, 0x0, 0x0, 0x4f, 0xff,
    0xff, 0xff, 0xff, 0xfd, 0x4f, 0xff, 0xff, 0xff,
    0xff, 0xfd, 0x4f, 0xfd, 0x66, 0x66, 0x66, 0x65,
    0x4f, 0xfb, 0x0, 0x0, 0x0, 0x0, 0x4f, 0xfb,
    0x0, 0x0, 0x0, 0x0, 0x4f, 0xfb, 0x0, 0x0,
    0x0, 0x0, 0x4f, 0xfb, 0x0, 0x0, 0x0, 0x0,
    0x4f, 0xff, 0xff, 0xff, 0xff, 0xb0, 0x4f, 0xff,
    0xff, 0xff, 0xff, 0xb0, 0x4f, 0xfc, 0x55, 0x55,
    0x55, 0x40, 0x4f, 0xfb, 0x0, 0x0, 0x0, 0x0,
    0x4f, 0xfb, 0x0, 0x0, 0x0, 0x0, 0x4f, 0xfb,
    0x0, 0x0, 0x0, 0x0, 0x4f, 0xfb, 0x0, 0x0,
    0x0, 0x0, 0x4f, 0xfd, 0x66, 0x66, 0x66, 0x65,
    0x4f, 0xff, 0xff, 0xff, 0xff, 0xfe, 0x4f, 0xff,
    0xff, 0xff, 0xff, 0xfe,

    /* U+00CB "Ë" */
    0x0, 0x6f, 0xb0, 0x2, 0xee, 0x20, 0x0, 0xcf,
    0xf1, 0x6, 0xff, 0x70, 0x0, 0x4b, 0x80, 0x1,
    0xaa, 0x10, 0x0, 0x0, 0x0, 0x0, 0x0, 0x0,
    0x4f, 0xff, 0xff, 0xff, 0xff, 0xfd, 0x4f, 0xff,
    0xff, 0xff, 0xff, 0xfd, 0x4f, 0xfd, 0x66, 0x66,
    0x66, 0x65, 0x4f, 0xfb, 0x0, 0x0, 0x0, 0x0,
    0x4f, 0xfb, 0x0, 0x0, 0x0, 0x0, 0x4f, 0xfb,
    0x0, 0x0, 0x0, 0x0, 0x4f, 0xfb, 0x0, 0x0,
    0x0, 0x0, 0x4f, 0xff, 0xff, 0xff, 0xff, 0xb0,
    0x4f, 0xff, 0xff, 0xff, 0xff, 0xb0, 0x4f, 0xfc,
    0x55, 0x55, 0x55, 0x40, 0x4f, 0xfb, 0x0, 0x0,
    0x0, 0x0, 0x4f, 0xfb, 0x0, 0x0, 0x0, 0x0,
    0x4f, 0xfb, 0x0, 0x0, 0x0, 0x0, 0x4f, 0xfb,
    0x0, 0x0, 0x0, 0x0, 0x4f, 0xfd, 0x66, 0x66,
    0x66, 0x65, 0x4f, 0xff, 0xff, 0xff, 0xff, 0xfe,
    0x4f, 0xff, 0xff, 0xff, 0xff, 0xfe,

    /* U+00CC "Ì" */
    0x3f, 0xfd, 0x0, 0x4, 0xff, 0x90, 0x0, 0x6f,
    0xf3, 0x0, 0x5, 0x85, 0x0, 0x0, 0x0, 0x0,
    0x1f, 0xfd, 0x0, 0x1f, 0xfd, 0x0, 0x1f, 0xfd,
    0x0, 0x1f, 0xfd, 0x0, 0x1f, 0xfd, 0x0, 0x1f,
    0xfd, 0x0, 0x1f, 0xfd, 0x0, 0x1f, 0xfd, 0x0,
    0x1f, 0xfd, 0x0, 0x1f, 0xfd, 0x0, 0x1f, 0xfd,
    0x0, 0x1f, 0xfd, 0x0, 0x1f, 0xfd, 0x0, 0x1f,
    0xfd, 0x0, 0x1f, 0xfd, 0x0, 0x1f, 0xfd, 0x0,
    0x1f, 0xfd,

    /* U+00CD "Í" */
    0x0, 0x2f, 0xfe, 0x10, 0xc, 0xfe, 0x20, 0x6,
    0xff, 0x30, 0x0, 0x78, 0x30, 0x0, 0x0, 0x0,
    0x0, 0x1, 0xff, 0xd0, 0x0, 0x1f, 0xfd, 0x0,
    0x1, 0xff, 0xd0, 0x0, 0x1f, 0xfd, 0x0, 0x1,
    0xff, 0xd0, 0x0, 0x1f, 0xfd, 0x0, 0x1, 0xff,
    0xd0, 0x0, 0x1f, 0xfd, 0x0, 0x1, 0xff, 0xd0,
    0x0, 0x1f, 0xfd, 0x0, 0x1, 0xff, 0xd0, 0x0,
    0x1f, 0xfd, 0x0, 0x1, 0xff, 0xd0, 0x0, 0x1f,
    0xfd, 0x0, 0x1, 0xff, 0xd0, 0x0, 0x1f, 0xfd,
    0x0, 0x1, 0xff, 0xd0, 0x0,

    /* U+00CE "Î" */
    0x0, 0x1d, 0xfa, 0x0, 0x0, 0xc, 0xfe, 0xf9,
    0x0, 0xc, 0xf9, 0xc, 0xf8, 0x4, 0x86, 0x0,
    0x7, 0x71, 0x0, 0x0, 0x0, 0x0, 0x0, 0x1,
    0xff, 0xd0, 0x0, 0x0, 0x1f, 0xfd, 0x0, 0x0,
    0x1, 0xff, 0xd0, 0x0, 0x0, 0x1f, 0xfd, 0x0,
    0x0, 0x1, 0xff, 0xd0, 0x0, 0x0, 0x1f, 0xfd,
    0x0, 0x0, 0x1, 0xff, 0xd0, 0x0, 0x0, 0x1f,
    0xfd, 0x0, 0x0, 0x1, 0xff, 0xd0, 0x0, 0x0,
    0x1f, 0xfd, 0x0, 0x0, 0x1, 0xff, 0xd0, 0x0,
    0x0, 0x1f, 0xfd, 0x0, 0x0, 0x1, 0xff, 0xd0,
    0x0, 0x0, 0x1f, 0xfd, 0x0, 0x0, 0x1, 0xff,
    0xd0, 0x0, 0x0, 0x1f, 0xfd, 0x0, 0x0, 0x1,
    0xff, 0xd0, 0x0,

    /* U+00CF "Ï" */
    0x6f, 0xb0, 0x2, 0xde, 0x3b, 0xff, 0x20, 0x5f,
    0xf8, 0x3b, 0x80, 0x0, 0xab, 0x10, 0x0, 0x0,
    0x0, 0x0, 0x0, 0x1f, 0xfd, 0x0, 0x0, 0x1,
    0xff, 0xd0, 0x0, 0x0, 0x1f, 0xfd, 0x0, 0x0,
    0x1, 0xff, 0xd0, 0x0, 0x0, 0x1f, 0xfd, 0x0,
    0x0, 0x1, 0xff, 0xd0, 0x0, 0x0, 0x1f, 0xfd,
    0x0, 0x0, 0x1, 0xff, 0xd0, 0x0, 0x0, 0x1f,
    0xfd, 0x0, 0x0, 0x1, 0xff, 0xd0, 0x0, 0x0,
    0x1f, 0xfd, 0x0, 0x0, 0x1, 0xff, 0xd0, 0x0,
    0x0, 0x1f, 0xfd, 0x0, 0x0, 0x1, 0xff, 0xd0,
    0x0, 0x0, 0x1f, 0xfd, 0x0, 0x0, 0x1, 0xff,
    0xd0, 0x0, 0x0, 0x1f, 0xfd, 0x0, 0x0,

    /* U+00D0 "Ð" */
    0x0, 0xe, 0xff, 0xff, 0xfe, 0xa4, 0x0, 0x0,
    0x0, 0xe, 0xff, 0xff, 0xff, 0xff, 0xb0, 0x0,
    0x0, 0xe, 0xff, 0x66, 0x79, 0xef, 0xfd, 0x0,
    0x0, 0xe, 0xff, 0x0, 0x0, 0xb, 0xff, 0x90,
    0x0, 0xe, 0xff, 0x0, 0x0, 0x0, 0xef, 0xf1,
    0x0, 0xe, 0xff, 0x0, 0x0, 0x0, 0x8f, 0xf7,
    0x0, 0xe, 0xff, 0x0, 0x0, 0x0, 0x4f, 0xfa,
    0x1f, 0xff, 0xff, 0xff, 0xb0, 0x0, 0x3f, 0xfb,
    0x1f, 0xff, 0xff, 0xff, 0xb0, 0x0, 0x2f, 0xfc,
    0x0, 0xe, 0xff, 0x0, 0x0, 0x0, 0x3f, 0xfc,
    0x0, 0xe, 0xff, 0x0, 0x0, 0x0, 0x4f, 0xfa,
    0x0, 0xe, 0xff, 0x0, 0x0, 0x0, 0x8f, 0xf7,
    0x0, 0xe, 0xff, 0x0, 0x0, 0x1, 0xef, 0xf1,
    0x0, 0xe, 0xff, 0x0, 0x0, 0xb, 0xff, 0x90,
    0x0, 0xe, 0xff, 0x66, 0x69, 0xef, 0xfd, 0x0,
    0x0, 0xe, 0xff, 0xff, 0xff, 0xff, 0xb1, 0x0,
    0x0, 0xe, 0xff, 0xff, 0xfd, 0xa3, 0x0, 0x0,

    /* U+00D1 "Ñ" */
    0x0, 0x0, 0x0, 0x0, 0x0, 0x10, 0x0, 0x0,
    0x0, 0x6, 0xea, 0x0, 0xf, 0xb0, 0x0, 0x0,
    0x3, 0xff, 0xfd, 0x35, 0xf9, 0x0, 0x0, 0x0,
    0x9f, 0x62, 0xdf, 0xff, 0x30, 0x0, 0x0, 0xa,
    0xe0, 0x1, 0xbe, 0x60, 0x0, 0x0, 0x0, 0x0,
    0x0, 0x0, 0x0, 0x0, 0x0, 0x4f, 0xfe, 0x10,
    0x0, 0x0, 0xa, 0xff, 0x44, 0xff, 0xfa, 0x0,
    0x0, 0x0, 0xaf, 0xf4, 0x4f, 0xff, 0xf4, 0x0,
    0x0, 0xa, 0xff, 0x44, 0xff, 0xff, 0xd0, 0x0,
    0x0, 0xaf, 0xf4, 0x4f, 0xff, 0xff, 0x80, 0x0,
    0xa, 0xff, 0x44, 0xff, 0xce, 0xff, 0x20, 0x0,
    0xaf, 0xf4, 0x4f, 0xfb, 0x5f, 0xfc, 0x0, 0xa,
    0xff, 0x44, 0xff, 0xb0, 0xaf, 0xf6, 0x0, 0xaf,
    0xf4, 0x4f, 0xfb, 0x1, 0xff, 0xf1, 0xa, 0xff,
    0x44, 0xff, 0xb0, 0x6, 0xff, 0xa0, 0xaf, 0xf4,
    0x4f, 0xfb, 0x0, 0xc, 0xff, 0x5a, 0xff, 0x44,
    0xff, 0xb0, 0x0, 0x2f, 0xfe, 0xbf, 0xf4, 0x4f,
    0xfb, 0x0, 0x0, 0x8f, 0xff, 0xff, 0x44, 0xff,
    0xb0, 0x0, 0x0, 0xdf, 0xff, 0xf4, 0x4f, 0xfb,
    0x0, 0x0, 0x4, 0xff, 0xff, 0x44, 0xff, 0xb0,
    0x0, 0x0, 0xa, 0xff, 0xf4, 0x4f, 0xfb, 0x0,
    0x0, 0x0, 0x1e, 0xff, 0x40,

    /* U+00D2 "Ò" */
    0x0, 0x4, 0xff, 0xc0, 0x0, 0x0, 0x0, 0x0,
    0x0, 0x6, 0xff, 0x70, 0x0, 0x0, 0x0, 0x0,
    0x0, 0x7, 0xff, 0x20, 0x0, 0x0, 0x0, 0x0,
    0x0, 0x6, 0x84, 0x0, 0x0, 0x0, 0x0, 0x0,
    0x0, 0x0, 0x0, 0x0, 0x0, 0x0, 0x0, 0x6,
    0xce, 0xfd, 0xa3, 0x0, 0x0, 0x0, 0x2d, 0xff,
    0xff, 0xff, 0xf9, 0x0, 0x0, 0x1e, 0xff, 0xe9,
    0x8a, 0xff, 0xf9, 0x0, 0xb, 0xff, 0xa0, 0x0,
    0x3, 0xef, 0xf4, 0x2, 0xff, 0xe0, 0x0, 0x0,
    0x5, 0xff, 0xb0, 0x7f, 0xf8, 0x0, 0x0, 0x0,
    0xe, 0xff, 0xa, 0xff, 0x40, 0x0, 0x0, 0x0,
    0xbf, 0xf3, 0xbf, 0xf2, 0x0, 0x0, 0x0, 0xa,
    0xff, 0x4c, 0xff, 0x20, 0x0, 0x0, 0x0, 0x9f,
    0xf5, 0xcf, 0xf2, 0x0, 0x0, 0x0, 0xa, 0xff,
    0x4a, 0xff, 0x40, 0x0, 0x0, 0x0, 0xbf, 0xf3,
    0x7f, 0xf8, 0x0, 0x0, 0x0, 0xe, 0xff, 0x12,
    0xff, 0xe0, 0x0, 0x0, 0x5, 0xff, 0xb0, 0xb,
    0xff, 0xa0, 0x0, 0x2, 0xef, 0xf4, 0x0, 0x1f,
    0xff, 0xd8, 0x7a, 0xff, 0xfa, 0x0, 0x0, 0x2d,
    0xff, 0xff, 0xff, 0xf9, 0x0, 0x0, 0x0, 0x6,
    0xce, 0xfd, 0xa3, 0x0, 0x0,

    /* U+00D3 "Ó" */
    0x0, 0x0, 0x0, 0x3, 0xff, 0xd1, 0x0, 0x0,
    0x0, 0x0, 0x0, 0xdf, 0xe1, 0x0, 0x0, 0x0,
    0x0, 0x0, 0x7f, 0xe2, 0x0, 0x0, 0x0, 0x0,
    0x0, 0x7, 0x82, 0x0, 0x0, 0x0, 0x0, 0x0,
    0x0, 0x0, 0x0, 0x0, 0x0, 0x0, 0x0, 0x6,
    0xce, 0xfd, 0xa3, 0x0, 0x0, 0x0, 0x2d, 0xff,
    0xff, 0xff, 0xf9, 0x0, 0x0, 0x1e, 0xff, 0xe9,
    0x8a, 0xff, 0xf9, 0x0, 0xb, 0xff, 0xa0, 0x0,
    0x3, 0xef, 0xf4, 0x2, 0xff, 0xe0, 0x0, 0x0,
    0x5, 0xff, 0xb0, 0x7f, 0xf8, 0x0, 0x0, 0x0,
    0xe, 0xff, 0xa, 0xff, 0x40, 0x0, 0x0, 0x0,
    0xbf, 0xf3, 0xbf, 0xf2, 0x0, 0x0, 0x0, 0xa,
    0xff, 0x4c, 0xff, 0x20, 0x0, 0x0, 0x0, 0x9f,
    0xf5, 0xcf, 0xf2, 0x0, 0x0, 0x0, 0xa, 0xff,
    0x4a, 0xff, 0x40, 0x0, 0x0, 0x0, 0xbf, 0xf3,
    0x7f, 0xf8, 0x0, 0x0, 0x0, 0xe, 0xff, 0x12,
    0xff, 0xe0, 0x0, 0x0, 0x5, 0xff, 0xb0, 0xb,
    0xff, 0xa0, 0x0, 0x2, 0xef, 0xf4, 0x0, 0x1f,
    0xff, 0xd8, 0x7a, 0xff, 0xfa, 0x0, 0x0, 0x2d,
    0xff, 0xff, 0xff, 0xf9, 0x0, 0x0, 0x0, 0x6,
    0xce, 0xfd, 0xa3, 0x0, 0x0,

    /* U+00D4 "Ô" */
    0x0, 0x0, 0x1, 0xef, 0x90, 0x0, 0x0, 0x0,
    0x0, 0x1, 0xdf, 0xef, 0x80, 0x0, 0x0, 0x0,
    0x1, 0xdf, 0x71, 0xdf, 0x60, 0x0, 0x0, 0x0,
    0x48, 0x60, 0x1, 0x77, 0x10, 0x0, 0x0, 0x0,
    0x0, 0x0, 0x0, 0x0, 0x0, 0x0, 0x0, 0x6,
    0xce, 0xfd, 0xa3, 0x0, 0x0, 0x0, 0x2d, 0xff,
    0xff, 0xff, 0xf9, 0x0, 0x0, 0x1e, 0xff, 0xe9,
    0x8a, 0xff, 0xf9, 0x0, 0xb, 0xff, 0xa0, 0x0,
    0x3, 0xef, 0xf4, 0x2, 0xff, 0xe0, 0x0, 0x0,
    0x5, 0xff, 0xb0, 0x7f, 0xf8, 0x0, 0x0, 0x0,
    0xe, 0xff, 0xa, 0xff, 0x40, 0x0, 0x0, 0x0,
    0xbf, 0xf3, 0xbf, 0xf2, 0x0, 0x0, 0x0, 0xa,
    0xff, 0x4c, 0xff, 0x20, 0x0, 0x0, 0x0, 0x9f,
    0xf5, 0xcf, 0xf2, 0x0, 0x0, 0x0, 0xa, 0xff,
    0x4a, 0xff, 0x40, 0x0, 0x0, 0x0, 0xbf, 0xf3,
    0x7f, 0xf8, 0x0, 0x0, 0x0, 0xe, 0xff, 0x12,
    0xff, 0xe0, 0x0, 0x0, 0x5, 0xff, 0xb0, 0xb,
    0xff, 0xa0, 0x0, 0x2, 0xef, 0xf4, 0x0, 0x1f,
    0xff, 0xd8, 0x7a, 0xff, 0xfa, 0x0, 0x0, 0x2d,
    0xff, 0xff, 0xff, 0xf9, 0x0, 0x0, 0x0, 0x6,
    0xce, 0xfd, 0xa3, 0x0, 0x0,

    /* U+00D5 "Õ" */
    0x0, 0x0, 0x0, 0x0, 0x0, 0x0, 0x0, 0x0,
    0x0, 0x9, 0xeb, 0x50, 0x5f, 0x80, 0x0, 0x0,
    0x9, 0xff, 0xff, 0xff, 0xf3, 0x0, 0x0, 0x0,
    0xee, 0x12, 0x9f, 0xe6, 0x0, 0x0, 0x0, 0x0,
    0x0, 0x0, 0x0, 0x0, 0x0, 0x0, 0x0, 0x0,
    0x0, 0x0, 0x0, 0x0, 0x0, 0x0, 0x0, 0x6c,
    0xef, 0xda, 0x30, 0x0, 0x0, 0x2, 0xdf, 0xff,
    0xff, 0xff, 0x90, 0x0, 0x1, 0xef, 0xfe, 0x98,
    0xaf, 0xff, 0x90, 0x0, 0xbf, 0xfa, 0x0, 0x0,
    0x3e, 0xff, 0x40, 0x2f, 0xfe, 0x0, 0x0, 0x0,
    0x5f, 0xfb, 0x7, 0xff, 0x80, 0x0, 0x0, 0x0,
    0xef, 0xf0, 0xaf, 0xf4, 0x0, 0x0, 0x0, 0xb,
    0xff, 0x3b, 0xff, 0x20, 0x0, 0x0, 0x0, 0xaf,
    0xf4, 0xcf, 0xf2, 0x0, 0x0, 0x0, 0x9, 0xff,
    0x5c, 0xff, 0x20, 0x0, 0x0, 0x0, 0xaf, 0xf4,
    0xaf, 0xf4, 0x0, 0x0, 0x0, 0xb, 0xff, 0x37,
    0xff, 0x80, 0x0, 0x0, 0x0, 0xef, 0xf1, 0x2f,
    0xfe, 0x0, 0x0, 0x0, 0x5f, 0xfb, 0x0, 0xbf,
    0xfa, 0x0, 0x0, 0x2e, 0xff, 0x40, 0x1, 0xff,
    0xfd, 0x87, 0xaf, 0xff, 0xa0, 0x0, 0x2, 0xdf,
    0xff, 0xff, 0xff, 0x90, 0x0, 0x0, 0x0, 0x6c,
    0xef, 0xda, 0x30, 0x0, 0x0,

    /* U+00D6 "Ö" */
    0x0, 0x7, 0xfa, 0x0, 0x2e, 0xd2, 0x0, 0x0,
    0x0, 0xcf, 0xf0, 0x7, 0xff, 0x60, 0x0, 0x0,
    0x4, 0xb7, 0x0, 0x1a, 0xa1, 0x0, 0x0, 0x0,
    0x0, 0x0, 0x0, 0x0, 0x0, 0x0, 0x0, 0x0,
    0x6c, 0xef, 0xda, 0x30, 0x0, 0x0, 0x2, 0xdf,
    0xff, 0xff, 0xff, 0x90, 0x0, 0x1, 0xef, 0xfe,
    0x98, 0xaf, 0xff, 0x90, 0x0, 0xbf, 0xfa, 0x0,
    0x0, 0x3e, 0xff, 0x40, 0x2f, 0xfe, 0x0, 0x0,
    0x0, 0x5f, 0xfb, 0x7, 0xff, 0x80, 0x0, 0x0,
    0x0, 0xef, 0xf0, 0xaf, 0xf4, 0x0, 0x0, 0x0,
    0xb, 0xff, 0x3b, 0xff, 0x20, 0x0, 0x0, 0x0,
    0xaf, 0xf4, 0xcf, 0xf2, 0x0, 0x0, 0x0, 0x9,
    0xff, 0x5c, 0xff, 0x20, 0x0, 0x0, 0x0, 0xaf,
    0xf4, 0xaf, 0xf4, 0x0, 0x0, 0x0, 0xb, 0xff,
    0x37, 0xff, 0x80, 0x0, 0x0, 0x0, 0xef, 0xf1,
    0x2f, 0xfe, 0x0, 0x0, 0x0, 0x5f, 0xfb, 0x0,
    0xbf, 0xfa, 0x0, 0x0, 0x2e, 0xff, 0x40, 0x1,
    0xff, 0xfd, 0x87, 0xaf, 0xff, 0xa0, 0x0, 0x2,
    0xdf, 0xff, 0xff, 0xff, 0x90, 0x0, 0x0, 0x0,
    0x6c, 0xef, 0xda, 0x30, 0x0, 0x0,

    /* U+00D7 "×" */
    0x0, 0x60, 0x0, 0x0, 0x3, 0x30, 0x7, 0xfb,
    0x0, 0x0, 0x2e, 0xf3, 0xb, 0xff, 0xb0, 0x2,
    0xef, 0xf6, 0x0, 0xbf, 0xfa, 0x2e, 0xff, 0x60,
    0x0, 0xb, 0xff, 0xff, 0xf6, 0x0, 0x0, 0x0,
    0xcf, 0xff, 0x70, 0x0, 0x0, 0x1, 0xdf, 0xff,
    0xa0, 0x0, 0x0, 0x1d, 0xff, 0xef, 0xf9, 0x0,
    0x1, 0xdf, 0xf8, 0x1c, 0xff, 0x90, 0xc, 0xff,
    0x90, 0x1, 0xdf, 0xf7, 0x5, 0xf9, 0x0, 0x0,
    0x1d, 0xd1, 0x0, 0x30, 0x0, 0x0, 0x1, 0x20,

    /* U+00D8 "Ø" */
    0x0, 0x0, 0x0, 0x0, 0x0, 0x0, 0xef, 0x10,
    0x0, 0x6, 0xce, 0xfe, 0xa4, 0x6f, 0x80, 0x0,
    0x2d, 0xff, 0xff, 0xff, 0xff, 0xe0, 0x0, 0x1e,
    0xff, 0xe9, 0x8b, 0xff, 0xfb, 0x0, 0xa, 0xff,
    0xa0, 0x0, 0x5, 0xff, 0xf4, 0x1, 0xff, 0xe0,
    0x0, 0x0, 0xcf, 0xff, 0xc0, 0x7f, 0xf8, 0x0,
    0x0, 0x6f, 0x9e, 0xff, 0x19, 0xff, 0x50, 0x0,
    0x1f, 0xe0, 0xbf, 0xf4, 0xbf, 0xf3, 0x0, 0xa,
    0xf4, 0x9, 0xff, 0x5c, 0xff, 0x30, 0x5, 0xfa,
    0x0, 0x9f, 0xf6, 0xbf, 0xf4, 0x0, 0xee, 0x10,
    0x9, 0xff, 0x5a, 0xff, 0x50, 0x9f, 0x60, 0x0,
    0xaf, 0xf4, 0x6f, 0xf9, 0x3f, 0xb0, 0x0, 0xe,
    0xff, 0x12, 0xff, 0xed, 0xf2, 0x0, 0x4, 0xff,
    0xc0, 0xa, 0xff, 0xf7, 0x0, 0x2, 0xdf, 0xf5,
    0x0, 0x1e, 0xff, 0xe9, 0x79, 0xff, 0xfb, 0x0,
    0x0, 0xbf, 0xff, 0xff, 0xff, 0xfa, 0x0, 0x0,
    0x5f, 0xa5, 0xbe, 0xfd, 0xa4, 0x0, 0x0, 0xd,
    0xf1, 0x0, 0x0, 0x0, 0x0, 0x0, 0x0,

    /* U+00D9 "Ù" */
    0x0, 0xb, 0xff, 0x50, 0x0, 0x0, 0x0, 0x0,
    0x0, 0xcf, 0xe1, 0x0, 0x0, 0x0, 0x0, 0x0,
    0x1d, 0xfa, 0x0, 0x0, 0x0, 0x0, 0x0, 0x2,
    0x87, 0x10, 0x0, 0x0, 0x0, 0x0, 0x0, 0x0,
    0x0, 0x0, 0x0, 0x8f, 0xf6, 0x0, 0x0, 0x0,
    0xbf, 0xf3, 0x8f, 0xf6, 0x0, 0x0, 0x0, 0xbf,
    0xf3, 0x8f, 0xf6, 0x0, 0x0, 0x0, 0xbf, 0xf3,
    0x8f, 0xf6, 0x0, 0x0, 0x0, 0xbf, 0xf3, 0x8f,
    0xf6, 0x0, 0x0, 0x0, 0xbf, 0xf3, 0x8f, 0xf6,
    0x0, 0x0, 0x0, 0xbf, 0xf3, 0x8f, 0xf6, 0x0,
    0x0, 0x0, 0xbf, 0xf3, 0x8f, 0xf6, 0x0, 0x0,
    0x0, 0xbf, 0xf3, 0x8f, 0xf6, 0x0, 0x0, 0x0,
    0xbf, 0xf3, 0x8f, 0xf6, 0x0, 0x0, 0x0, 0xbf,
    0xf3, 0x8f, 0xf6, 0x0, 0x0, 0x0, 0xbf, 0xf3,
    0x8f, 0xf7, 0x0, 0x0, 0x0, 0xcf, 0xf3, 0x6f,
    0xfa, 0x0, 0x0, 0x0, 0xff, 0xf1, 0x2f, 0xff,
    0x30, 0x0, 0x7, 0xff, 0xc0, 0x9, 0xff, 0xf9,
    0x67, 0xbf, 0xff, 0x40, 0x0, 0xaf, 0xff, 0xff,
    0xff, 0xf6, 0x0, 0x0, 0x4, 0xae, 0xff, 0xd9,
    0x20, 0x0,

    /* U+00DA "Ú" */
    0x0, 0x0, 0x0, 0xa, 0xff, 0x70, 0x0, 0x0,
    0x0, 0x0, 0x5f, 0xf8, 0x0, 0x0, 0x0, 0x0,
    0x1, 0xef, 0x90, 0x0, 0x0, 0x0, 0x0, 0x3,
    0x86, 0x0, 0x0, 0x0, 0x0, 0x0, 0x0, 0x0,
    0x0, 0x0, 0x0, 0x8f, 0xf6, 0x0, 0x0, 0x0,
    0xbf, 0xf3, 0x8f, 0xf6, 0x0, 0x0, 0x0, 0xbf,
    0xf3, 0x8f, 0xf6, 0x0, 0x0, 0x0, 0xbf, 0xf3,
    0x8f, 0xf6, 0x0, 0x0, 0x0, 0xbf, 0xf3, 0x8f,
    0xf6, 0x0, 0x0, 0x0, 0xbf, 0xf3, 0x8f, 0xf6,
    0x0, 0x0, 0x0, 0xbf, 0xf3, 0x8f, 0xf6, 0x0,
    0x0, 0x0, 0xbf, 0xf3, 0x8f, 0xf6, 0x0, 0x0,
    0x0, 0xbf, 0xf3, 0x8f, 0xf6, 0x0, 0x0, 0x0,
    0xbf, 0xf3, 0x8f, 0xf6, 0x0, 0x0, 0x0, 0xbf,
    0xf3, 0x8f, 0xf6, 0x0, 0x0, 0x0, 0xbf, 0xf3,
    0x8f, 0xf7, 0x0, 0x0, 0x0, 0xcf, 0xf3, 0x6f,
    0xfa, 0x0, 0x0, 0x0, 0xff, 0xf1, 0x2f, 0xff,
    0x30, 0x0, 0x7, 0xff, 0xc0, 0x9, 0xff, 0xf9,
    0x67, 0xbf, 0xff, 0x40, 0x0, 0xaf, 0xff, 0xff,
    0xff, 0xf6, 0x0, 0x0, 0x4, 0xae, 0xff, 0xd9,
    0x20, 0x0,

    /* U+00DB "Û" */
    0x0, 0x0, 0x7, 0xfe, 0x20, 0x0, 0x0, 0x0,
    0x0, 0x6f, 0xef, 0xe2, 0x0, 0x0, 0x0, 0x6,
    0xfe, 0x16, 0xfd, 0x10, 0x0, 0x0, 0x7, 0x82,
    0x0, 0x58, 0x50, 0x0, 0x0, 0x0, 0x0, 0x0,
    0x0, 0x0, 0x0, 0x8f, 0xf6, 0x0, 0x0, 0x0,
    0xbf, 0xf3, 0x8f, 0xf6, 0x0, 0x0, 0x0, 0xbf,
    0xf3, 0x8f, 0xf6, 0x0, 0x0, 0x0, 0xbf, 0xf3,
    0x8f, 0xf6, 0x0, 0x0, 0x0, 0xbf, 0xf3, 0x8f,
    0xf6, 0x0, 0x0, 0x0, 0xbf, 0xf3, 0x8f, 0xf6,
    0x0, 0x0, 0x0, 0xbf, 0xf3, 0x8f, 0xf6, 0x0,
    0x0, 0x0, 0xbf, 0xf3, 0x8f, 0xf6, 0x0, 0x0,
    0x0, 0xbf, 0xf3, 0x8f, 0xf6, 0x0, 0x0, 0x0,
    0xbf, 0xf3, 0x8f, 0xf6, 0x0, 0x0, 0x0, 0xbf,
    0xf3, 0x8f, 0xf6, 0x0, 0x0, 0x0, 0xbf, 0xf3,
    0x8f, 0xf7, 0x0, 0x0, 0x0, 0xcf, 0xf3, 0x6f,
    0xfa, 0x0, 0x0, 0x0, 0xff, 0xf1, 0x2f, 0xff,
    0x30, 0x0, 0x7, 0xff, 0xc0, 0x9, 0xff, 0xf9,
    0x67, 0xbf, 0xff, 0x40, 0x0, 0xaf, 0xff, 0xff,
    0xff, 0xf6, 0x0, 0x0, 0x4, 0xae, 0xff, 0xd9,
    0x20, 0x0,

    /* U+00DC "Ü" */
    0x0, 0x1d, 0xe4, 0x0, 0x9f, 0x90, 0x0, 0x0,
    0x4f, 0xf9, 0x0, 0xef, 0xe0, 0x0, 0x0, 0x9,
    0xb2, 0x0, 0x6b, 0x60, 0x0, 0x0, 0x0, 0x0,
    0x0, 0x0, 0x0, 0x0, 0x8f, 0xf6, 0x0, 0x0,
    0x0, 0xbf, 0xf3, 0x8f, 0xf6, 0x0, 0x0, 0x0,
    0xbf, 0xf3, 0x8f, 0xf6, 0x0, 0x0, 0x0, 0xbf,
    0xf3, 0x8f, 0xf6, 0x0, 0x0, 0x0, 0xbf, 0xf3,
    0x8f, 0xf6, 0x0, 0x0, 0x0, 0xbf, 0xf3, 0x8f,
    0xf6, 0x0, 0x0, 0x0, 0xbf, 0xf3, 0x8f, 0xf6,
    0x0, 0x0, 0x0, 0xbf, 0xf3, 0x8f, 0xf6, 0x0,
    0x0, 0x0, 0xbf, 0xf3, 0x8f, 0xf6, 0x0, 0x0,
    0x0, 0xbf, 0xf3, 0x8f, 0xf6, 0x0, 0x0, 0x0,
    0xbf, 0xf3, 0x8f, 0xf6, 0x0, 0x0, 0x0, 0xbf,
    0xf3, 0x8f, 0xf7, 0x0, 0x0, 0x0, 0xcf, 0xf3,
    0x6f, 0xfa, 0x0, 0x0, 0x0, 0xff, 0xf1, 0x2f,
    0xff, 0x30, 0x0, 0x7, 0xff, 0xc0, 0x9, 0xff,
    0xf9, 0x67, 0xbf, 0xff, 0x40, 0x0, 0xaf, 0xff,
    0xff, 0xff, 0xf6, 0x0, 0x0, 0x4, 0xae, 0xff,
    0xd9, 0x20, 0x0,

    /* U+00DD "Ý" */
    0x0, 0x0, 0x0, 0x1, 0xbc, 0xb1, 0x0, 0x0,
    0x0, 0x0, 0x0, 0x9f, 0xf5, 0x0, 0x0, 0x0,
    0x0, 0x0, 0x3f, 0xf7, 0x0, 0x0, 0x0, 0x0,
    0x0, 0xc, 0xf9, 0x0, 0x0, 0x0, 0x0, 0x0,
    0x0, 0x0, 0x0, 0x0, 0x0, 0xa, 0xff, 0x90,
    0x0, 0x0, 0x1, 0xff, 0xf3, 0x2f, 0xff, 0x10,
    0x0, 0x0, 0x7f, 0xfb, 0x0, 0x9f, 0xf9, 0x0,
    0x0, 0xe, 0xff, 0x30, 0x1, 0xff, 0xf1, 0x0,
    0x7, 0xff, 0xa0, 0x0, 0x8, 0xff, 0x80, 0x0,
    0xef, 0xf2, 0x0, 0x0, 0xe, 0xff, 0x10, 0x6f,
    0xf9, 0x0, 0x0, 0x0, 0x7f, 0xf8, 0xe, 0xff,
    0x10, 0x0, 0x0, 0x0, 0xef, 0xe7, 0xff, 0x80,
    0x0, 0x0, 0x0, 0x6, 0xff, 0xff, 0xe0, 0x0,
    0x0, 0x0, 0x0, 0xd, 0xff, 0xf7, 0x0, 0x0,
    0x0, 0x0, 0x0, 0x5f, 0xfe, 0x0, 0x0, 0x0,
    0x0, 0x0, 0x3, 0xff, 0xc0, 0x0, 0x0, 0x0,
    0x0, 0x0, 0x3f, 0xfc, 0x0, 0x0, 0x0, 0x0,
    0x0, 0x3, 0xff, 0xc0, 0x0, 0x0, 0x0, 0x0,
    0x0, 0x3f, 0xfc, 0x0, 0x0, 0x0, 0x0, 0x0,
    0x3, 0xff, 0xc0, 0x0, 0x0, 0x0, 0x0, 0x0,
    0x3f, 0xfc, 0x0, 0x0, 0x0,

    /* U+00DE "Þ" */
    0x4f, 0xf9, 0x0, 0x0, 0x0, 0x0, 0x4, 0xff,
    0x90, 0x0, 0x0, 0x0, 0x0, 0x4f, 0xf9, 0x0,
    0x0, 0x0, 0x0, 0x4, 0xff, 0xff, 0xff, 0xeb,
    0x60, 0x0, 0x4f, 0xff, 0xff, 0xff, 0xff, 0xd1,
    0x4, 0xff, 0xb5, 0x55, 0x7e, 0xff, 0xc0, 0x4f,
    0xf9, 0x0, 0x0, 0xd, 0xff, 0x34, 0xff, 0x90,
    0x0, 0x0, 0x7f, 0xf6, 0x4f, 0xf9, 0x0, 0x0,
    0x7, 0xff, 0x74, 0xff, 0x90, 0x0, 0x0, 0xbf,
    0xf4, 0x4f, 0xf9, 0x0, 0x2, 0x9f, 0xfe, 0x4,
    0xff, 0xff, 0xff, 0xff, 0xff, 0x40, 0x4f, 0xff,
    0xff, 0xff, 0xfb, 0x20, 0x4, 0xff, 0xb4, 0x44,
    0x30, 0x0, 0x0, 0x4f, 0xf9, 0x0, 0x0, 0x0,
    0x0, 0x4, 0xff, 0x90, 0x0, 0x0, 0x0, 0x0,
    0x4f, 0xf9, 0x0, 0x0, 0x0, 0x0, 0x0,

    /* U+00DF "ß" */
    0x0, 0x0, 0x24, 0x30, 0x0, 0x0, 0x0, 0x5,
    0xef, 0xff, 0xf9, 0x0, 0x0, 0x5, 0xff, 0xff,
    0xff, 0xfb, 0x0, 0x0, 0xef, 0xf5, 0x3, 0xef,
    0xf3, 0x0, 0x3f, 0xfa, 0x0, 0x7, 0xff, 0x50,
    0x5, 0xff, 0x70, 0x0, 0x6f, 0xf5, 0x0, 0x6f,
    0xf7, 0x0, 0xc, 0xff, 0x10, 0x6, 0xff, 0x70,
    0x4, 0xff, 0x90, 0x0, 0x6f, 0xf7, 0x0, 0xaf,
    0xf2, 0x0, 0x6, 0xff, 0x70, 0xc, 0xff, 0x10,
    0x0, 0x6f, 0xf7, 0x0, 0x9f, 0xfa, 0x0, 0x6,
    0xff, 0x70, 0x2, 0xef, 0xfb, 0x0, 0x6f, 0xf7,
    0x0, 0x3, 0xef, 0xfc, 0x6, 0xff, 0x70, 0x0,
    0x1, 0xdf, 0xf7, 0x6f, 0xf7, 0x0, 0x0, 0x3,
    0xff, 0xc6, 0xff, 0x70, 0x0, 0x0, 0x1f, 0xfc,
    0x6f, 0xf7, 0x9, 0x41, 0x2a, 0xff, 0x86, 0xff,
    0x73, 0xff, 0xff, 0xff, 0xd1, 0x6f, 0xf7, 0x3b,
    0xef, 0xfd, 0x81, 0x0,

    /* U+00E0 "à" */
    0x1, 0xdf, 0xf3, 0x0, 0x0, 0x0, 0x2, 0xef,
    0xc0, 0x0, 0x0, 0x0, 0x2, 0xff, 0x70, 0x0,
    0x0, 0x0, 0x3, 0x77, 0x0, 0x0, 0x0, 0x0,
    0x0, 0x0, 0x0, 0x0, 0x4, 0xae, 0xfe, 0xb4,
    0x0, 0x9, 0xff, 0xff, 0xff, 0xf6, 0x5, 0xff,
    0xd5, 0x36, 0xff, 0xf1, 0x7c, 0xc3, 0x0, 0x8,
    0xff, 0x50, 0x0, 0x0, 0x0, 0x6f, 0xf7, 0x0,
    0x6b, 0xef, 0xff, 0xff, 0x71, 0xcf, 0xff, 0xdd,
    0xef, 0xf7, 0x9f, 0xf9, 0x10, 0x6, 0xff, 0x7d,
    0xff, 0x0, 0x0, 0x6f, 0xf7, 0xef, 0xf1, 0x0,
    0xa, 0xff, 0x7a, 0xff, 0xc5, 0x6b, 0xff, 0xf7,
    0x2e, 0xff, 0xff, 0xff, 0xff, 0x90, 0x2a, 0xef,
    0xd8, 0x2f, 0xfc,

    /* U+00E1 "á" */
    0x0, 0x0, 0x0, 0xdf, 0xf4, 0x0, 0x0, 0x0,
    0x8f, 0xf5, 0x0, 0x0, 0x0, 0x2f, 0xf6, 0x0,
    0x0, 0x0, 0x4, 0x75, 0x0, 0x0, 0x0, 0x0,
    0x0, 0x0, 0x0, 0x0, 0x4, 0xae, 0xfe, 0xb4,
    0x0, 0x9, 0xff, 0xff, 0xff, 0xf6, 0x5, 0xff,
    0xd5, 0x36, 0xff, 0xf1, 0x7c, 0xc3, 0x0, 0x8,
    0xff, 0x50, 0x0, 0x0, 0x0, 0x6f, 0xf7, 0x0,
    0x6b, 0xef, 0xff, 0xff, 0x71, 0xcf, 0xff, 0xdd,
    0xef, 0xf7, 0x9f, 0xf9, 0x10, 0x6, 0xff, 0x7d,
    0xff, 0x0, 0x0, 0x6f, 0xf7, 0xef, 0xf1, 0x0,
    0xa, 0xff, 0x7a, 0xff, 0xc5, 0x6b, 0xff, 0xf7,
    0x2e, 0xff, 0xff, 0xff, 0xff, 0x90, 0x2a, 0xef,
    0xd8, 0x2f, 0xfc,

    /* U+00E2 "â" */
    0x0, 0x0, 0xaf, 0xd1, 0x0, 0x0, 0x0, 0xaf,
    0xcf, 0xd1, 0x0, 0x0, 0xbf, 0xa0, 0x6f, 0xd1,
    0x0, 0x14, 0x40, 0x0, 0x34, 0x20, 0x0, 0x0,
    0x0, 0x0, 0x0, 0x0, 0x4, 0xae, 0xfe, 0xb4,
    0x0, 0x9, 0xff, 0xff, 0xff, 0xf6, 0x5, 0xff,
    0xd5, 0x36, 0xff, 0xf1, 0x7c, 0xc3, 0x0, 0x8,
    0xff, 0x50, 0x0, 0x0, 0x0, 0x6f, 0xf7, 0x0,
    0x6b, 0xef, 0xff, 0xff, 0x71, 0xcf, 0xff, 0xdd,
    0xef, 0xf7, 0x9f, 0xf9, 0x10, 0x6, 0xff, 0x7d,
    0xff, 0x0, 0x0, 0x6f, 0xf7, 0xef, 0xf1, 0x0,
    0xa, 0xff, 0x7a, 0xff, 0xc5, 0x6b, 0xff, 0xf7,
    0x2e, 0xff, 0xff, 0xff, 0xff, 0x90, 0x2a, 0xef,
    0xd8, 0x2f, 0xfc,

    /* U+00E3 "ã" */
    0x0, 0x0, 0x0, 0x0, 0x10, 0x0, 0x7, 0xee,
    0x82, 0x2f, 0xd0, 0x4, 0xff, 0xff, 0xff, 0xf8,
    0x0, 0x8f, 0x40, 0x5c, 0xe9, 0x0, 0x0, 0x0,
    0x0, 0x0, 0x0, 0x0, 0x0, 0x0, 0x0, 0x0,
    0x0, 0x0, 0x4a, 0xef, 0xeb, 0x40, 0x0, 0x9f,
    0xff, 0xff, 0xff, 0x60, 0x5f, 0xfd, 0x53, 0x6f,
    0xff, 0x17, 0xcc, 0x30, 0x0, 0x8f, 0xf5, 0x0,
    0x0, 0x0, 0x6, 0xff, 0x70, 0x6, 0xbe, 0xff,
    0xff, 0xf7, 0x1c, 0xff, 0xfd, 0xde, 0xff, 0x79,
    0xff, 0x91, 0x0, 0x6f, 0xf7, 0xdf, 0xf0, 0x0,
    0x6, 0xff, 0x7e, 0xff, 0x10, 0x0, 0xaf, 0xf7,
    0xaf, 0xfc, 0x56, 0xbf, 0xff, 0x72, 0xef, 0xff,
    0xff, 0xff, 0xf9, 0x2, 0xae, 0xfd, 0x82, 0xff,
    0xc0,

    /* U+00E4 "ä" */
    0x2, 0xed, 0x20, 0xb, 0xf6, 0x0, 0x7f, 0xf6,
    0x1, 0xff, 0xc0, 0x1, 0xaa, 0x10, 0x8, 0xb4,
    0x0, 0x0, 0x0, 0x0, 0x0, 0x0, 0x0, 0x4a,
    0xef, 0xeb, 0x40, 0x0, 0x9f, 0xff, 0xff, 0xff,
    0x60, 0x5f, 0xfd, 0x53, 0x6f, 0xff, 0x17, 0xcc,
    0x30, 0x0, 0x8f, 0xf5, 0x0, 0x0, 0x0, 0x6,
    0xff, 0x70, 0x6, 0xbe, 0xff, 0xff, 0xf7, 0x1c,
    0xff, 0xfd, 0xde, 0xff, 0x79, 0xff, 0x91, 0x0,
    0x6f, 0xf7, 0xdf, 0xf0, 0x0, 0x6, 0xff, 0x7e,
    0xff, 0x10, 0x0, 0xaf, 0xf7, 0xaf, 0xfc, 0x56,
    0xbf, 0xff, 0x72, 0xef, 0xff, 0xff, 0xff, 0xf9,
    0x2, 0xae, 0xfd, 0x82, 0xff, 0xc0,

    /* U+00E5 "å" */
    0x0, 0x2, 0xbe, 0xd4, 0x0, 0x0, 0x0, 0xcb,
    0x37, 0xf1, 0x0, 0x0, 0xd, 0x90, 0x4f, 0x20,
    0x0, 0x0, 0x4e, 0xff, 0x70, 0x0, 0x0, 0x0,
    0x1, 0x0, 0x0, 0x0, 0x0, 0x0, 0x0, 0x0,
    0x0, 0x0, 0x4a, 0xef, 0xeb, 0x40, 0x0, 0x9f,
    0xff, 0xff, 0xff, 0x60, 0x5f, 0xfd, 0x53, 0x6f,
    0xff, 0x17, 0xcc, 0x30, 0x0, 0x8f, 0xf5, 0x0,
    0x0, 0x0, 0x6, 0xff, 0x70, 0x6, 0xbe, 0xff,
    0xff, 0xf7, 0x1c, 0xff, 0xfd, 0xde, 0xff, 0x79,
    0xff, 0x91, 0x0, 0x6f, 0xf7, 0xdf, 0xf0, 0x0,
    0x6, 0xff, 0x7e, 0xff, 0x10, 0x0, 0xaf, 0xf7,
    0xaf, 0xfc, 0x56, 0xbf, 0xff, 0x72, 0xef, 0xff,
    0xff, 0xff, 0xf9, 0x2, 0xae, 0xfd, 0x82, 0xff,
    0xc0,

    /* U+00E6 "æ" */
    0x0, 0x6, 0xce, 0xfe, 0xa3, 0x4, 0xbe, 0xfe,
    0x92, 0x0, 0x0, 0xcf, 0xff, 0xff, 0xff, 0xaf,
    0xff, 0xff, 0xff, 0x30, 0x8, 0xff, 0xe7, 0x58,
    0xff, 0xff, 0xd6, 0x59, 0xff, 0xd0, 0x8, 0xcd,
    0x20, 0x0, 0x9f, 0xfe, 0x10, 0x0, 0x9f, 0xf4,
    0x0, 0x0, 0x0, 0x0, 0x6f, 0xf9, 0x0, 0x0,
    0x4f, 0xf7, 0x0, 0x29, 0xdf, 0xff, 0xff, 0xff,
    0xff, 0xff, 0xff, 0xf8, 0x4, 0xff, 0xff, 0xff,
    0xff, 0xff, 0xff, 0xff, 0xff, 0xf8, 0xd, 0xff,
    0x92, 0x0, 0x6f, 0xf8, 0x0, 0x0, 0x0, 0x0,
    0x1f, 0xfd, 0x0, 0x0, 0x6f, 0xfb, 0x0, 0x0,
    0x0, 0x0, 0x1f, 0xfc, 0x0, 0x0, 0x8f, 0xff,
    0x40, 0x0, 0x0, 0x20, 0xe, 0xff, 0x95, 0x6b,
    0xff, 0xff, 0xf9, 0x55, 0x8e, 0xd0, 0x5, 0xff,
    0xff, 0xff, 0xfa, 0x7f, 0xff, 0xff, 0xff, 0xf2,
    0x0, 0x4b, 0xff, 0xea, 0x40, 0x3, 0xae, 0xff,
    0xc8, 0x10,

    /* U+00E7 "ç" */
    0x0, 0x2, 0x9e, 0xfe, 0xb4, 0x0, 0x0, 0x4f,
    0xff, 0xff, 0xff, 0x80, 0x2, 0xff, 0xf9, 0x57,
    0xef, 0xf4, 0x9, 0xff, 0x70, 0x0, 0x3f, 0xfa,
    0xe, 0xff, 0x0, 0x0, 0xa, 0xb9, 0xf, 0xfd,
    0x0, 0x0, 0x0, 0x0, 0x1f, 0xfc, 0x0, 0x0,
    0x0, 0x0, 0xf, 0xfd, 0x0, 0x0, 0x0, 0x0,
    0xd, 0xff, 0x0, 0x0, 0x5, 0x65, 0x9, 0xff,
    0x60, 0x0, 0x2f, 0xfb, 0x2, 0xff, 0xf9, 0x56,
    0xef, 0xf4, 0x0, 0x4f, 0xff, 0xff, 0xff, 0x70,
    0x0, 0x2, 0x9f, 0xff, 0xa3, 0x0, 0x0, 0x0,
    0xc, 0xfa, 0x10, 0x0, 0x0, 0x0, 0x7, 0xcf,
    0xd0, 0x0, 0x0, 0x0, 0x0, 0x5f, 0xf0, 0x0,
    0x0, 0x0, 0x8, 0xef, 0xc0, 0x0, 0x0, 0x0,
    0xc, 0xd8, 0x10, 0x0,

    /* U+00E8 "è" */
    0x0, 0x2e, 0xfe, 0x10, 0x0, 0x0, 0x0, 0x0,
    0x3f, 0xfb, 0x0, 0x0, 0x0, 0x0, 0x0, 0x4f,
    0xf5, 0x0, 0x0, 0x0, 0x0, 0x0, 0x47, 0x60,
    0x0, 0x0, 0x0, 0x0, 0x0, 0x0, 0x0, 0x0,
    0x0, 0x0, 0x17, 0xdf, 0xeb, 0x50, 0x0, 0x0,
    0x2d, 0xff, 0xff, 0xff, 0x90, 0x0, 0xd, 0xff,
    0x95, 0x6d, 0xff, 0x50, 0x6, 0xff, 0x70, 0x0,
    0x2f, 0xfc, 0x0, 0xcf, 0xf0, 0x0, 0x0, 0xcf,
    0xf0, 0xe, 0xff, 0xff, 0xff, 0xff, 0xff, 0x10,
    0xff, 0xff, 0xff, 0xff, 0xff, 0xf2, 0xf, 0xff,
    0x11, 0x11, 0x11, 0x11, 0x0, 0xdf, 0xf2, 0x0,
    0x0, 0x0, 0x0, 0x8, 0xff, 0xb0, 0x0, 0x2,
    0xb0, 0x0, 0x1e, 0xff, 0xc6, 0x58, 0xff, 0xb0,
    0x0, 0x3e, 0xff, 0xff, 0xff, 0xe3, 0x0, 0x0,
    0x18, 0xdf, 0xfd, 0x81, 0x0,

    /* U+00E9 "é" */
    0x0, 0x0, 0x0, 0x1e, 0xff, 0x30, 0x0, 0x0,
    0x0, 0xa, 0xff, 0x30, 0x0, 0x0, 0x0, 0x4,
    0xff, 0x40, 0x0, 0x0, 0x0, 0x0, 0x67, 0x40,
    0x0, 0x0, 0x0, 0x0, 0x0, 0x0, 0x0, 0x0,
    0x0, 0x0, 0x17, 0xdf, 0xeb, 0x50, 0x0, 0x0,
    0x2d, 0xff, 0xff, 0xff, 0x90, 0x0, 0xd, 0xff,
    0x95, 0x6d, 0xff, 0x50, 0x6, 0xff, 0x70, 0x0,
    0x2f, 0xfc, 0x0, 0xcf, 0xf0, 0x0, 0x0, 0xcf,
    0xf0, 0xe, 0xff, 0xff, 0xff, 0xff, 0xff, 0x10,
    0xff, 0xff, 0xff, 0xff, 0xff, 0xf2, 0xf, 0xff,
    0x11, 0x11, 0x11, 0x11, 0x0, 0xdf, 0xf2, 0x0,
    0x0, 0x0, 0x0, 0x8, 0xff, 0xb0, 0x0, 0x2,
    0xb0, 0x0, 0x1e, 0xff, 0xc6, 0x58, 0xff, 0xb0,
    0x0, 0x3e, 0xff, 0xff, 0xff, 0xe3, 0x0, 0x0,
    0x18, 0xdf, 0xfd, 0x81, 0x0,

    /* U+00EA "ê" */
    0x0, 0x0, 0xc, 0xfc, 0x0, 0x0, 0x0, 0x0,
    0x1c, 0xfc, 0xfc, 0x0, 0x0, 0x0, 0x1c, 0xf8,
    0x8, 0xfc, 0x0, 0x0, 0x2, 0x43, 0x0, 0x3,
    0x41, 0x0, 0x0, 0x0, 0x0, 0x0, 0x0, 0x0,
    0x0, 0x0, 0x17, 0xdf, 0xeb, 0x50, 0x0, 0x0,
    0x2d, 0xff, 0xff, 0xff, 0x90, 0x0, 0xd, 0xff,
    0x95, 0x6d, 0xff, 0x50, 0x6, 0xff, 0x70, 0x0,
    0x2f, 0xfc, 0x0, 0xcf, 0xf0, 0x0, 0x0, 0xcf,
    0xf0, 0xe, 0xff, 0xff, 0xff, 0xff, 0xff, 0x10,
    0xff, 0xff, 0xff, 0xff, 0xff, 0xf2, 0xf, 0xff,
    0x11, 0x11, 0x11, 0x11, 0x0, 0xdf, 0xf2, 0x0,
    0x0, 0x0, 0x0, 0x8, 0xff, 0xb0, 0x0, 0x2,
    0xb0, 0x0, 0x1e, 0xff, 0xc6, 0x58, 0xff, 0xb0,
    0x0, 0x3e, 0xff, 0xff, 0xff, 0xe3, 0x0, 0x0,
    0x18, 0xdf, 0xfd, 0x81, 0x0,

    /* U+00EB "ë" */
    0x0, 0x4e, 0xd1, 0x0, 0xce, 0x40, 0x0, 0x9,
    0xff, 0x40, 0x3f, 0xf9, 0x0, 0x0, 0x2b, 0x90,
    0x0, 0x9b, 0x20, 0x0, 0x0, 0x0, 0x0, 0x0,
    0x0, 0x0, 0x0, 0x1, 0x7d, 0xfe, 0xb5, 0x0,
    0x0, 0x2, 0xdf, 0xff, 0xff, 0xf9, 0x0, 0x0,
    0xdf, 0xf9, 0x56, 0xdf, 0xf5, 0x0, 0x6f, 0xf7,
    0x0, 0x2, 0xff, 0xc0, 0xc, 0xff, 0x0, 0x0,
    0xc, 0xff, 0x0, 0xef, 0xff, 0xff, 0xff, 0xff,
    0xf1, 0xf, 0xff, 0xff, 0xff, 0xff, 0xff, 0x20,
    0xff, 0xf1, 0x11, 0x11, 0x11, 0x10, 0xd, 0xff,
    0x20, 0x0, 0x0, 0x0, 0x0, 0x8f, 0xfb, 0x0,
    0x0, 0x2b, 0x0, 0x1, 0xef, 0xfc, 0x65, 0x8f,
    0xfb, 0x0, 0x3, 0xef, 0xff, 0xff, 0xfe, 0x30,
    0x0, 0x1, 0x8d, 0xff, 0xd8, 0x10, 0x0,

    /* U+00EC "ì" */
    0x6f, 0xfb, 0x0, 0x7, 0xff, 0x50, 0x0, 0x8f,
    0xe1, 0x0, 0x5, 0x63, 0x0, 0x0, 0x0, 0x0,
    0x5f, 0xf8, 0x0, 0x5f, 0xf8, 0x0, 0x5f, 0xf8,
    0x0, 0x5f, 0xf8, 0x0, 0x5f, 0xf8, 0x0, 0x5f,
    0xf8, 0x0, 0x5f, 0xf8, 0x0, 0x5f, 0xf8, 0x0,
    0x5f, 0xf8, 0x0, 0x5f, 0xf8, 0x0, 0x5f, 0xf8,
    0x0, 0x5f, 0xf8, 0x0, 0x5f, 0xf8,

    /* U+00ED "í" */
    0x0, 0x5f, 0xfb, 0x0, 0x1e, 0xfc, 0x0, 0xb,
    0xfc, 0x0, 0x1, 0x66, 0x10, 0x0, 0x0, 0x0,
    0x0, 0x5, 0xff, 0x80, 0x0, 0x5f, 0xf8, 0x0,
    0x5, 0xff, 0x80, 0x0, 0x5f, 0xf8, 0x0, 0x5,
    0xff, 0x80, 0x0, 0x5f, 0xf8, 0x0, 0x5, 0xff,
    0x80, 0x0, 0x5f, 0xf8, 0x0, 0x5, 0xff, 0x80,
    0x0, 0x5f, 0xf8, 0x0, 0x5, 0xff, 0x80, 0x0,
    0x5f, 0xf8, 0x0, 0x5, 0xff, 0x80, 0x0,

    /* U+00EE "î" */
    0x0, 0x3f, 0xf8, 0x0, 0x0, 0x4f, 0xec, 0xf8,
    0x0, 0x5f, 0xe2, 0xb, 0xf8, 0x2, 0x21, 0x0,
    0x2, 0x20, 0x0, 0x0, 0x0, 0x0, 0x0, 0x5,
    0xff, 0x80, 0x0, 0x0, 0x5f, 0xf8, 0x0, 0x0,
    0x5, 0xff, 0x80, 0x0, 0x0, 0x5f, 0xf8, 0x0,
    0x0, 0x5, 0xff, 0x80, 0x0, 0x0, 0x5f, 0xf8,
    0x0, 0x0, 0x5, 0xff, 0x80, 0x0, 0x0, 0x5f,
    0xf8, 0x0, 0x0, 0x5, 0xff, 0x80, 0x0, 0x0,
    0x5f, 0xf8, 0x0, 0x0, 0x5, 0xff, 0x80, 0x0,
    0x0, 0x5f, 0xf8, 0x0, 0x0, 0x5, 0xff, 0x80,
    0x0,

    /* U+00EF "ï" */
    0x9f, 0x80, 0x4, 0xed, 0x1f, 0xfe, 0x0, 0x9f,
    0xf4, 0x6b, 0x50, 0x2, 0xb9, 0x0, 0x0, 0x0,
    0x0, 0x0, 0x0, 0x5f, 0xf8, 0x0, 0x0, 0x5,
    0xff, 0x80, 0x0, 0x0, 0x5f, 0xf8, 0x0, 0x0,
    0x5, 0xff, 0x80, 0x0, 0x0, 0x5f, 0xf8, 0x0,
    0x0, 0x5, 0xff, 0x80, 0x0, 0x0, 0x5f, 0xf8,
    0x0, 0x0, 0x5, 0xff, 0x80, 0x0, 0x0, 0x5f,
    0xf8, 0x0, 0x0, 0x5, 0xff, 0x80, 0x0, 0x0,
    0x5f, 0xf8, 0x0, 0x0, 0x5, 0xff, 0x80, 0x0,
    0x0, 0x5f, 0xf8, 0x0, 0x0,

    /* U+00F0 "ð" */
    0x0, 0x0, 0x0, 0x0, 0x0, 0x0, 0x0, 0x9e,
    0x93, 0x0, 0x2, 0x0, 0x0, 0xef, 0xff, 0x92,
    0x9f, 0x40, 0x0, 0x6b, 0xff, 0xff, 0xfa, 0x0,
    0x0, 0x0, 0x4f, 0xff, 0xf2, 0x0, 0x0, 0x4,
    0xef, 0xdf, 0xfc, 0x0, 0x0, 0x7, 0xe4, 0xc,
    0xff, 0x60, 0x0, 0x0, 0x0, 0x2, 0xff, 0xe0,
    0x0, 0x19, 0xdf, 0xe8, 0xcf, 0xf3, 0x3, 0xef,
    0xff, 0xff, 0xff, 0xf7, 0xd, 0xff, 0xb4, 0x47,
    0xef, 0xf9, 0x5f, 0xfc, 0x0, 0x0, 0x3f, 0xfb,
    0x9f, 0xf4, 0x0, 0x0, 0x1f, 0xfb, 0xbf, 0xf2,
    0x0, 0x0, 0x2f, 0xfb, 0xcf, 0xf1, 0x0, 0x0,
    0x3f, 0xf9, 0x9f, 0xf4, 0x0, 0x0, 0x7f, 0xf6,
    0x4f, 0xfc, 0x0, 0x0, 0xef, 0xf1, 0xc, 0xff,
    0xb5, 0x5c, 0xff, 0x70, 0x1, 0xdf, 0xff, 0xff,
    0xfa, 0x0, 0x0, 0x7, 0xcf, 0xeb, 0x50, 0x0,

    /* U+00F1 "ñ" */
    0x0, 0x0, 0x0, 0x0, 0x10, 0x0, 0x6, 0xee,
    0x82, 0x1e, 0xe0, 0x3, 0xff, 0xff, 0xff, 0xf9,
    0x0, 0x7f, 0x50, 0x5c, 0xe9, 0x0, 0x0, 0x0,
    0x0, 0x0, 0x0, 0x0, 0x0, 0x0, 0x0, 0x0,
    0x0, 0x9f, 0xf2, 0x6c, 0xff, 0xb3, 0x9, 0xff,
    0xbf, 0xff, 0xff, 0xf2, 0x9f, 0xff, 0xa6, 0x7d,
    0xff, 0x99, 0xff, 0x90, 0x0, 0x2f, 0xfc, 0x9f,
    0xf4, 0x0, 0x0, 0xff, 0xe9, 0xff, 0x40, 0x0,
    0xf, 0xfe, 0x9f, 0xf4, 0x0, 0x0, 0xff, 0xe9,
    0xff, 0x40, 0x0, 0xf, 0xfe, 0x9f, 0xf4, 0x0,
    0x0, 0xff, 0xe9, 0xff, 0x40, 0x0, 0xf, 0xfe,
    0x9f, 0xf4, 0x0, 0x0, 0xff, 0xe9, 0xff, 0x40,
    0x0, 0xf, 0xfe, 0x9f, 0xf4, 0x0, 0x0, 0xff,
    0xe0,

    /* U+00F2 "ò" */
    0x0, 0xc, 0xff, 0x40, 0x0, 0x0, 0x0, 0x0,
    0x1d, 0xfe, 0x0, 0x0, 0x0, 0x0, 0x0, 0x1e,
    0xf9, 0x0, 0x0, 0x0, 0x0, 0x0, 0x27, 0x70,
    0x0, 0x0, 0x0, 0x0, 0x0, 0x0, 0x0, 0x0,
    0x0, 0x0, 0x18, 0xdf, 0xfc, 0x60, 0x0, 0x0,
    0x3e, 0xff, 0xff, 0xff, 0xb0, 0x0, 0x1e, 0xff,
    0xa5, 0x6d, 0xff, 0xa0, 0x7, 0xff, 0x80, 0x0,
    0xe, 0xff, 0x20, 0xdf, 0xf1, 0x0, 0x0, 0x7f,
    0xf7, 0xf, 0xfd, 0x0, 0x0, 0x3, 0xff, 0xa1,
    0xff, 0xc0, 0x0, 0x0, 0x2f, 0xfb, 0xf, 0xfe,
    0x0, 0x0, 0x3, 0xff, 0xa0, 0xdf, 0xf1, 0x0,
    0x0, 0x6f, 0xf7, 0x8, 0xff, 0x80, 0x0, 0xd,
    0xff, 0x20, 0x1e, 0xff, 0x95, 0x5c, 0xff, 0xa0,
    0x0, 0x3e, 0xff, 0xff, 0xff, 0xb0, 0x0, 0x0,
    0x18, 0xdf, 0xec, 0x60, 0x0,

    /* U+00F3 "ó" */
    0x0, 0x0, 0x0, 0xb, 0xff, 0x60, 0x0, 0x0,
    0x0, 0x6, 0xff, 0x70, 0x0, 0x0, 0x0, 0x1,
    0xff, 0x80, 0x0, 0x0, 0x0, 0x0, 0x47, 0x60,
    0x0, 0x0, 0x0, 0x0, 0x0, 0x0, 0x0, 0x0,
    0x0, 0x0, 0x18, 0xdf, 0xfc, 0x60, 0x0, 0x0,
    0x3e, 0xff, 0xff, 0xff, 0xb0, 0x0, 0x1e, 0xff,
    0xa5, 0x6d, 0xff, 0xa0, 0x7, 0xff, 0x80, 0x0,
    0xe, 0xff, 0x20, 0xdf, 0xf1, 0x0, 0x0, 0x7f,
    0xf7, 0xf, 0xfd, 0x0, 0x0, 0x3, 0xff, 0xa1,
    0xff, 0xc0, 0x0, 0x0, 0x2f, 0xfb, 0xf, 0xfe,
    0x0, 0x0, 0x3, 0xff, 0xa0, 0xdf, 0xf1, 0x0,
    0x0, 0x6f, 0xf7, 0x8, 0xff, 0x80, 0x0, 0xd,
    0xff, 0x20, 0x1e, 0xff, 0x95, 0x5c, 0xff, 0xa0,
    0x0, 0x3e, 0xff, 0xff, 0xff, 0xb0, 0x0, 0x0,
    0x18, 0xdf, 0xec, 0x60, 0x0,

    /* U+00F4 "ô" */
    0x0, 0x0, 0x9, 0xfe, 0x20, 0x0, 0x0, 0x0,
    0x9, 0xfc, 0xfe, 0x20, 0x0, 0x0, 0x9, 0xfb,
    0x4, 0xfe, 0x20, 0x0, 0x0, 0x44, 0x0, 0x2,
    0x42, 0x0, 0x0, 0x0, 0x0, 0x0, 0x0, 0x0,
    0x0, 0x0, 0x18, 0xdf, 0xfc, 0x60, 0x0, 0x0,
    0x3e, 0xff, 0xff, 0xff, 0xb0, 0x0, 0x1e, 0xff,
    0xa5, 0x6d, 0xff, 0xa0, 0x7, 0xff, 0x80, 0x0,
    0xe, 0xff, 0x20, 0xdf, 0xf1, 0x0, 0x0, 0x7f,
    0xf7, 0xf, 0xfd, 0x0, 0x0, 0x3, 0xff, 0xa1,
    0xff, 0xc0, 0x0, 0x0, 0x2f, 0xfb, 0xf, 0xfe,
    0x0, 0x0, 0x3, 0xff, 0xa0, 0xdf, 0xf1, 0x0,
    0x0, 0x6f, 0xf7, 0x8, 0xff, 0x80, 0x0, 0xd,
    0xff, 0x20, 0x1e, 0xff, 0x95, 0x5c, 0xff, 0xa0,
    0x0, 0x3e, 0xff, 0xff, 0xff, 0xb0, 0x0, 0x0,
    0x18, 0xdf, 0xec, 0x60, 0x0,

    /* U+00F5 "õ" */
    0x0, 0x0, 0x0, 0x0, 0x1, 0x0, 0x0, 0x0,
    0x5e, 0xe9, 0x21, 0xef, 0x0, 0x0, 0x2f, 0xff,
    0xff, 0xff, 0xa0, 0x0, 0x6, 0xf6, 0x5, 0xce,
    0xa1, 0x0, 0x0, 0x0, 0x0, 0x0, 0x0, 0x0,
    0x0, 0x0, 0x0, 0x0, 0x0, 0x0, 0x0, 0x0,
    0x1, 0x8d, 0xff, 0xc6, 0x0, 0x0, 0x3, 0xef,
    0xff, 0xff, 0xfb, 0x0, 0x1, 0xef, 0xfa, 0x56,
    0xdf, 0xfa, 0x0, 0x7f, 0xf8, 0x0, 0x0, 0xef,
    0xf2, 0xd, 0xff, 0x10, 0x0, 0x7, 0xff, 0x70,
    0xff, 0xd0, 0x0, 0x0, 0x3f, 0xfa, 0x1f, 0xfc,
    0x0, 0x0, 0x2, 0xff, 0xb0, 0xff, 0xe0, 0x0,
    0x0, 0x3f, 0xfa, 0xd, 0xff, 0x10, 0x0, 0x6,
    0xff, 0x70, 0x8f, 0xf8, 0x0, 0x0, 0xdf, 0xf2,
    0x1, 0xef, 0xf9, 0x55, 0xcf, 0xfa, 0x0, 0x3,
    0xef, 0xff, 0xff, 0xfb, 0x0, 0x0, 0x1, 0x8d,
    0xfe, 0xc6, 0x0, 0x0,

    /* U+00F6 "ö" */
    0x0, 0x1d, 0xe3, 0x0, 0xaf, 0x80, 0x0, 0x5,
    0xff, 0x80, 0xf, 0xfd, 0x0, 0x0, 0xa, 0xb1,
    0x0, 0x6b, 0x50, 0x0, 0x0, 0x0, 0x0, 0x0,
    0x0, 0x0, 0x0, 0x1, 0x8d, 0xff, 0xc6, 0x0,
    0x0, 0x3, 0xef, 0xff, 0xff, 0xfb, 0x0, 0x1,
    0xef, 0xfa, 0x56, 0xdf, 0xfa, 0x0, 0x7f, 0xf8,
    0x0, 0x0, 0xef, 0xf2, 0xd, 0xff, 0x10, 0x0,
    0x7, 0xff, 0x70, 0xff, 0xd0, 0x0, 0x0, 0x3f,
    0xfa, 0x1f, 0xfc, 0x0, 0x0, 0x2, 0xff, 0xb0,
    0xff, 0xe0, 0x0, 0x0, 0x3f, 0xfa, 0xd, 0xff,
    0x10, 0x0, 0x6, 0xff, 0x70, 0x8f, 0xf8, 0x0,
    0x0, 0xdf, 0xf2, 0x1, 0xef, 0xf9, 0x55, 0xcf,
    0xfa, 0x0, 0x3, 0xef, 0xff, 0xff, 0xfb, 0x0,
    0x0, 0x1, 0x8d, 0xfe, 0xc6, 0x0, 0x0,

    /* U+00F7 "÷" */
    0x0, 0x0, 0x6, 0xfc, 0x10, 0x0, 0x0, 0x0,
    0x0, 0xdf, 0xf5, 0x0, 0x0, 0x0, 0x0, 0x8,
    0xfe, 0x20, 0x0, 0x0, 0x0, 0x0, 0x1, 0x0,
    0x0, 0x0, 0x0, 0x0, 0x0, 0x0, 0x0, 0x0,
    0x1, 0x88, 0x88, 0x88, 0x88, 0x88, 0x85, 0x3f,
    0xff, 0xff, 0xff, 0xff, 0xff, 0xa3, 0xff, 0xff,
    0xff, 0xff, 0xff, 0xfa, 0x0, 0x0, 0x0, 0x0,
    0x0, 0x0, 0x0, 0x0, 0x0, 0x1, 0x0, 0x0,
    0x0, 0x0, 0x0, 0x8, 0xfe, 0x20, 0x0, 0x0,
    0x0, 0x0, 0xdf, 0xf6, 0x0, 0x0, 0x0, 0x0,
    0x6, 0xfd, 0x10, 0x0, 0x0,

    /* U+00F8 "ø" */
    0x0, 0x0, 0x0, 0x0, 0x1, 0x83, 0x0, 0x0,
    0x0, 0x0, 0x0, 0x8f, 0x20, 0x0, 0x1, 0x8d,
    0xff, 0xce, 0xb0, 0x0, 0x3, 0xef, 0xff, 0xff,
    0xfb, 0x0, 0x1, 0xef, 0xfa, 0x57, 0xff, 0xf9,
    0x0, 0x7f, 0xf8, 0x0, 0x7f, 0xef, 0xf2, 0xd,
    0xff, 0x10, 0xe, 0xc7, 0xff, 0x70, 0xff, 0xd0,
    0x7, 0xf4, 0x3f, 0xf9, 0xf, 0xfc, 0x0, 0xec,
    0x2, 0xff, 0xb0, 0xff, 0xe0, 0x7f, 0x40, 0x3f,
    0xfa, 0xd, 0xff, 0x2e, 0xb0, 0x6, 0xff, 0x70,
    0x8f, 0xfd, 0xf3, 0x0, 0xdf, 0xf2, 0x1, 0xef,
    0xfe, 0x55, 0xcf, 0xfa, 0x0, 0x3, 0xef, 0xff,
    0xff, 0xfb, 0x0, 0x0, 0xe, 0xdd, 0xfe, 0xc6,
    0x0, 0x0, 0x6, 0xf4, 0x0, 0x0, 0x0, 0x0,
    0x0, 0x57, 0x0, 0x0, 0x0, 0x0, 0x0,

    /* U+00F9 "ù" */
    0x1, 0xdf, 0xf3, 0x0, 0x0, 0x0, 0x1, 0xdf,
    0xd0, 0x0, 0x0, 0x0, 0x1, 0xef, 0x90, 0x0,
    0x0, 0x0, 0x2, 0x55, 0x0, 0x0, 0x0, 0x0,
    0x0, 0x0, 0x0, 0x9, 0xff, 0x40, 0x0, 0xf,
    0xfe, 0x9f, 0xf4, 0x0, 0x0, 0xff, 0xe9, 0xff,
    0x40, 0x0, 0xf, 0xfe, 0x9f, 0xf4, 0x0, 0x0,
    0xff, 0xe9, 0xff, 0x40, 0x0, 0xf, 0xfe, 0x9f,
    0xf4, 0x0, 0x0, 0xff, 0xe9, 0xff, 0x40, 0x0,
    0xf, 0xfe, 0x9f, 0xf4, 0x0, 0x0, 0xff, 0xe9,
    0xff, 0x40, 0x0, 0xf, 0xfe, 0x8f, 0xf7, 0x0,
    0x3, 0xff, 0xe4, 0xff, 0xf7, 0x58, 0xff, 0xfe,
    0xb, 0xff, 0xff, 0xfe, 0xef, 0xe0, 0x8, 0xef,
    0xea, 0x2c, 0xfe,

    /* U+00FA "ú" */
    0x0, 0x0, 0x0, 0xcf, 0xf4, 0x0, 0x0, 0x0,
    0x8f, 0xf5, 0x0, 0x0, 0x0, 0x3f, 0xf5, 0x0,
    0x0, 0x0, 0x3, 0x53, 0x0, 0x0, 0x0, 0x0,
    0x0, 0x0, 0x0, 0x9, 0xff, 0x40, 0x0, 0xf,
    0xfe, 0x9f, 0xf4, 0x0, 0x0, 0xff, 0xe9, 0xff,
    0x40, 0x0, 0xf, 0xfe, 0x9f, 0xf4, 0x0, 0x0,
    0xff, 0xe9, 0xff, 0x40, 0x0, 0xf, 0xfe, 0x9f,
    0xf4, 0x0, 0x0, 0xff, 0xe9, 0xff, 0x40, 0x0,
    0xf, 0xfe, 0x9f, 0xf4, 0x0, 0x0, 0xff, 0xe9,
    0xff, 0x40, 0x0, 0xf, 0xfe, 0x8f, 0xf7, 0x0,
    0x3, 0xff, 0xe4, 0xff, 0xf7, 0x58, 0xff, 0xfe,
    0xb, 0xff, 0xff, 0xfe, 0xef, 0xe0, 0x8, 0xef,
    0xea, 0x2c, 0xfe,

    /* U+00FB "û" */
    0x0, 0x0, 0xaf, 0xe2, 0x0, 0x0, 0x0, 0xbf,
    0xbf, 0xe2, 0x0, 0x0, 0xcf, 0x90, 0x4f, 0xe2,
    0x0, 0x2, 0x10, 0x0, 0x12, 0x10, 0x0, 0x0,
    0x0, 0x0, 0x0, 0x9, 0xff, 0x40, 0x0, 0xf,
    0xfe, 0x9f, 0xf4, 0x0, 0x0, 0xff, 0xe9, 0xff,
    0x40, 0x0, 0xf, 0xfe, 0x9f, 0xf4, 0x0, 0x0,
    0xff, 0xe9, 0xff, 0x40, 0x0, 0xf, 0xfe, 0x9f,
    0xf4, 0x0, 0x0, 0xff, 0xe9, 0xff, 0x40, 0x0,
    0xf, 0xfe, 0x9f, 0xf4, 0x0, 0x0, 0xff, 0xe9,
    0xff, 0x40, 0x0, 0xf, 0xfe, 0x8f, 0xf7, 0x0,
    0x3, 0xff, 0xe4, 0xff, 0xf7, 0x58, 0xff, 0xfe,
    0xb, 0xff, 0xff, 0xfe, 0xef, 0xe0, 0x8, 0xef,
    0xea, 0x2c, 0xfe,

    /* U+00FC "ü" */
    0x2, 0xee, 0x20, 0xb, 0xf6, 0x0, 0x6f, 0xf6,
    0x1, 0xff, 0xc0, 0x1, 0xaa, 0x10, 0x7, 0xb4,
    0x0, 0x0, 0x0, 0x0, 0x0, 0x0, 0x9f, 0xf4,
    0x0, 0x0, 0xff, 0xe9, 0xff, 0x40, 0x0, 0xf,
    0xfe, 0x9f, 0xf4, 0x0, 0x0, 0xff, 0xe9, 0xff,
    0x40, 0x0, 0xf, 0xfe, 0x9f, 0xf4, 0x0, 0x0,
    0xff, 0xe9, 0xff, 0x40, 0x0, 0xf, 0xfe, 0x9f,
    0xf4, 0x0, 0x0, 0xff, 0xe9, 0xff, 0x40, 0x0,
    0xf, 0xfe, 0x9f, 0xf4, 0x0, 0x0, 0xff, 0xe8,
    0xff, 0x70, 0x0, 0x3f, 0xfe, 0x4f, 0xff, 0x75,
    0x8f, 0xff, 0xe0, 0xbf, 0xff, 0xff, 0xee, 0xfe,
    0x0, 0x8e, 0xfe, 0xa2, 0xcf, 0xe0,

    /* U+00FD "ý" */
    0x0, 0x0, 0x0, 0x7f, 0xf9, 0x0, 0x0, 0x0,
    0x2, 0xff, 0xa0, 0x0, 0x0, 0x0, 0xd, 0xfa,
    0x0, 0x0, 0x0, 0x0, 0x15, 0x50, 0x0, 0x0,
    0x0, 0x0, 0x0, 0x0, 0x0, 0x0, 0xbf, 0xf5,
    0x0, 0x0, 0xaf, 0xf5, 0x5f, 0xfa, 0x0, 0x0,
    0xff, 0xf0, 0xf, 0xff, 0x0, 0x4, 0xff, 0xa0,
    0xa, 0xff, 0x40, 0x9, 0xff, 0x50, 0x4, 0xff,
    0x90, 0xd, 0xff, 0x0, 0x0, 0xef, 0xe0, 0x2f,
    0xfa, 0x0, 0x0, 0x9f, 0xf3, 0x7f, 0xf4, 0x0,
    0x0, 0x3f, 0xf8, 0xcf, 0xe0, 0x0, 0x0, 0xe,
    0xfe, 0xff, 0x90, 0x0, 0x0, 0x8, 0xff, 0xff,
    0x40, 0x0, 0x0, 0x3, 0xff, 0xfe, 0x0, 0x0,
    0x0, 0x0, 0xdf, 0xf9, 0x0, 0x0, 0x0, 0x0,
    0x8f, 0xf3, 0x0, 0x0, 0x0, 0x0, 0xaf, 0xe0,
    0x0, 0x0, 0x0, 0x2, 0xff, 0x80, 0x0, 0x0,
    0x5, 0x8e, 0xff, 0x20, 0x0, 0x0, 0xd, 0xff,
    0xf8, 0x0, 0x0, 0x0, 0xb, 0xfd, 0x60, 0x0,
    0x0, 0x0,

    /* U+00FE "þ" */
    0x7f, 0xf6, 0x0, 0x0, 0x0, 0x0, 0x7f, 0xf6,
    0x0, 0x0, 0x0, 0x0, 0x7f, 0xf6, 0x0, 0x0,
    0x0, 0x0, 0x7f, 0xf6, 0x0, 0x0, 0x0, 0x0,
    0x7f, 0xf6, 0x0, 0x0, 0x0, 0x0, 0x7f, 0xf6,
    0x7d, 0xfe, 0xa2, 0x0, 0x7f, 0xfe, 0xff, 0xff,
    0xfe, 0x20, 0x7f, 0xff, 0xa6, 0x6d, 0xff, 0xc0,
    0x7f, 0xf9, 0x0, 0x1, 0xef, 0xf3, 0x7f, 0xf6,
    0x0, 0x0, 0x7f, 0xf7, 0x7f, 0xf6, 0x0, 0x0,
    0x4f, 0xf9, 0x7f, 0xf6, 0x0, 0x0, 0x3f, 0xfa,
    0x7f, 0xf6, 0x0, 0x0, 0x4f, 0xf9, 0x7f, 0xf6,
    0x0, 0x0, 0x7f, 0xf7, 0x7f, 0xf9, 0x0, 0x0,
    0xdf, 0xf3, 0x7f, 0xff, 0xa5, 0x5c, 0xff, 0xc0,
    0x7f, 0xfe, 0xff, 0xff, 0xfe, 0x20, 0x7f, 0xf6,
    0x7d, 0xfe, 0xa1, 0x0, 0x7f, 0xf6, 0x0, 0x0,
    0x0, 0x0, 0x7f, 0xf6, 0x0, 0x0, 0x0, 0x0,
    0x7f, 0xf6, 0x0, 0x0, 0x0, 0x0, 0x7f, 0xf6,
    0x0, 0x0, 0x0, 0x0, 0x7f, 0xf6, 0x0, 0x0,
    0x0, 0x0,

    /* U+00FF "ÿ" */
    0x0, 0xbf, 0x60, 0x6, 0xfb, 0x0, 0x1, 0xff,
    0xc0, 0xb, 0xff, 0x20, 0x0, 0x7b, 0x40, 0x4,
    0xb8, 0x0, 0x0, 0x0, 0x0, 0x0, 0x0, 0x0,
    0xbf, 0xf5, 0x0, 0x0, 0xaf, 0xf5, 0x5f, 0xfa,
    0x0, 0x0, 0xff, 0xf0, 0xf, 0xff, 0x0, 0x4,
    0xff, 0xa0, 0xa, 0xff, 0x40, 0x9, 0xff, 0x50,
    0x4, 0xff, 0x90, 0xd, 0xff, 0x0, 0x0, 0xef,
    0xe0, 0x2f, 0xfa, 0x0, 0x0, 0x9f, 0xf3, 0x7f,
    0xf4, 0x0, 0x0, 0x3f, 0xf8, 0xcf, 0xe0, 0x0,
    0x0, 0xe, 0xfe, 0xff, 0x90, 0x0, 0x0, 0x8,
    0xff, 0xff, 0x40, 0x0, 0x0, 0x3, 0xff, 0xfe,
    0x0, 0x0, 0x0, 0x0, 0xdf, 0xf9, 0x0, 0x0,
    0x0, 0x0, 0x8f, 0xf3, 0x0, 0x0, 0x0, 0x0,
    0xaf, 0xe0, 0x0, 0x0, 0x0, 0x2, 0xff, 0x80,
    0x0, 0x0, 0x5, 0x8e, 0xff, 0x20, 0x0, 0x0,
    0xd, 0xff, 0xf8, 0x0, 0x0, 0x0, 0xb, 0xfd,
    0x60, 0x0, 0x0, 0x0,

    /* U+0100 "Ā" */
    0x0, 0x2, 0xee, 0xee, 0xee, 0xee, 0x40, 0x0,
    0x0, 0x3, 0xff, 0xff, 0xff, 0xff, 0x50, 0x0,
    0x0, 0x0, 0x0, 0x0, 0x0, 0x0, 0x0, 0x0,
    0x0, 0x0, 0x0, 0x0, 0x0, 0x0, 0x0, 0x0,
    0x0, 0x0, 0x0, 0x8f, 0xf8, 0x0, 0x0, 0x0,
    0x0, 0x0, 0x0, 0xef, 0xfe, 0x0, 0x0, 0x0,
    0x0, 0x0, 0x4, 0xff, 0xff, 0x40, 0x0, 0x0,
    0x0, 0x0, 0xa, 0xff, 0xff, 0xa0, 0x0, 0x0,
    0x0, 0x0, 0x1f, 0xfa, 0xbf, 0xf0, 0x0, 0x0,
    0x0, 0x0, 0x6f, 0xf4, 0x5f, 0xf6, 0x0, 0x0,
    0x0, 0x0, 0xcf, 0xe0, 0xf, 0xfc, 0x0, 0x0,
    0x0, 0x2, 0xff, 0x90, 0xa, 0xff, 0x20, 0x0,
    0x0, 0x9, 0xff, 0x40, 0x4, 0xff, 0x80, 0x0,
    0x0, 0xe, 0xfe, 0x0, 0x0, 0xef, 0xe0, 0x0,
    0x0, 0x5f, 0xfc, 0x66, 0x66, 0xcf, 0xf4, 0x0,
    0x0, 0xbf, 0xff, 0xff, 0xff, 0xff, 0xfa, 0x0,
    0x1, 0xff, 0xff, 0xff, 0xff, 0xff, 0xff, 0x10,
    0x7, 0xff, 0x70, 0x0, 0x0, 0x8, 0xff, 0x70,
    0xd, 0xff, 0x20, 0x0, 0x0, 0x3, 0xff, 0xd0,
    0x3f, 0xfc, 0x0, 0x0, 0x0, 0x0, 0xdf, 0xf3,
    0x9f, 0xf7, 0x0, 0x0, 0x0, 0x0, 0x7f, 0xf9,

    /* U+0101 "ā" */
    0x9, 0xff, 0xff, 0xff, 0xff, 0x0, 0x8e, 0xee,
    0xee, 0xee, 0xd0, 0x0, 0x0, 0x0, 0x0, 0x0,
    0x0, 0x0, 0x0, 0x0, 0x0, 0x0, 0x0, 0x4a,
    0xef, 0xeb, 0x40, 0x0, 0x9f, 0xff, 0xff, 0xff,
    0x60, 0x5f, 0xfd, 0x53, 0x6f, 0xff, 0x17, 0xcc,
    0x30, 0x0, 0x8f, 0xf5, 0x0, 0x0, 0x0, 0x6,
    0xff, 0x70, 0x6, 0xbe, 0xff, 0xff, 0xf7, 0x1c,
    0xff, 0xfd, 0xde, 0xff, 0x79, 0xff, 0x91, 0x0,
    0x6f, 0xf7, 0xdf, 0xf0, 0x0, 0x6, 0xff, 0x7e,
    0xff, 0x10, 0x0, 0xaf, 0xf7, 0xaf, 0xfc, 0x56,
    0xbf, 0xff, 0x72, 0xef, 0xff, 0xff, 0xff, 0xf9,
    0x2, 0xae, 0xfd, 0x82, 0xff, 0xc0,

    /* U+0102 "Ă" */
    0x0, 0x0, 0x58, 0x30, 0x2, 0x86, 0x0, 0x0,
    0x0, 0x0, 0x9f, 0xa0, 0x9, 0xfa, 0x0, 0x0,
    0x0, 0x0, 0x2f, 0xfc, 0xcf, 0xf3, 0x0, 0x0,
    0x0, 0x0, 0x2, 0xbe, 0xeb, 0x30, 0x0, 0x0,
    0x0, 0x0, 0x0, 0x0, 0x0, 0x0, 0x0, 0x0,
    0x0, 0x0, 0x0, 0x8f, 0xf8, 0x0, 0x0, 0x0,
    0x0, 0x0, 0x0, 0xef, 0xfe, 0x0, 0x0, 0x0,
    0x0, 0x0, 0x4, 0xff, 0xff, 0x40, 0x0, 0x0,
    0x0, 0x0, 0xa, 0xff, 0xff, 0xa0, 0x0, 0x0,
    0x0, 0x0, 0x1f, 0xfa, 0xbf, 0xf0, 0x0, 0x0,
    0x0, 0x0, 0x6f, 0xf4, 0x5f, 0xf6, 0x0, 0x0,
    0x0, 0x0, 0xcf, 0xe0, 0xf, 0xfc, 0x0, 0x0,
    0x0, 0x2, 0xff, 0x90, 0xa, 0xff, 0x20, 0x0,
    0x0, 0x9, 0xff, 0x40, 0x4, 0xff, 0x80, 0x0,
    0x0, 0xe, 0xfe, 0x0, 0x0, 0xef, 0xe0, 0x0,
    0x0, 0x5f, 0xfc, 0x66, 0x66, 0xcf, 0xf4, 0x0,
    0x0, 0xbf, 0xff, 0xff, 0xff, 0xff, 0xfa, 0x0,
    0x1, 0xff, 0xff, 0xff, 0xff, 0xff, 0xff, 0x10,
    0x7, 0xff, 0x70, 0x0, 0x0, 0x8, 0xff, 0x70,
    0xd, 0xff, 0x20, 0x0, 0x0, 0x3, 0xff, 0xd0,
    0x3f, 0xfc, 0x0, 0x0, 0x0, 0x0, 0xdf, 0xf3,
    0x9f, 0xf7, 0x0, 0x0, 0x0, 0x0, 0x7f, 0xf9,

    /* U+0103 "ă" */
    0x1, 0xff, 0x20, 0xd, 0xf5, 0x0, 0xa, 0xfe,
    0xbd, 0xfe, 0x10, 0x0, 0x7, 0xdf, 0xea, 0x20,
    0x0, 0x0, 0x0, 0x0, 0x0, 0x0, 0x0, 0x0,
    0x0, 0x0, 0x0, 0x0, 0x4, 0xae, 0xfe, 0xb4,
    0x0, 0x9, 0xff, 0xff, 0xff, 0xf6, 0x5, 0xff,
    0xd5, 0x36, 0xff, 0xf1, 0x7b, 0xb3, 0x0, 0x8,
    0xff, 0x50, 0x0, 0x0, 0x0, 0x6f, 0xf7, 0x0,
    0x6b, 0xef, 0xff, 0xff, 0x71, 0xcf, 0xff, 0xdd,
    0xef, 0xf7, 0x9f, 0xf9, 0x10, 0x6, 0xff, 0x7d,
    0xff, 0x0, 0x0, 0x6f, 0xf7, 0xef, 0xf1, 0x0,
    0xa, 0xff, 0x7a, 0xff, 0xc5, 0x6b, 0xff, 0xf7,
    0x2e, 0xff, 0xff, 0xff, 0xff, 0x90, 0x2a, 0xef,
    0xd8, 0x2f, 0xfc,

    /* U+0104 "Ą" */
    0x0, 0x0, 0x0, 0x8f, 0xf8, 0x0, 0x0, 0x0,
    0x0, 0x0, 0x0, 0xef, 0xfe, 0x0, 0x0, 0x0,
    0x0, 0x0, 0x4, 0xff, 0xff, 0x40, 0x0, 0x0,
    0x0, 0x0, 0xa, 0xff, 0xff, 0xa0, 0x0, 0x0,
    0x0, 0x0, 0x1f, 0xfa, 0xbf, 0xf0, 0x0, 0x0,
    0x0, 0x0, 0x6f, 0xf4, 0x5f, 0xf6, 0x0, 0x0,
    0x0, 0x0, 0xcf, 0xe0, 0xf, 0xfc, 0x0, 0x0,
    0x0, 0x2, 0xff, 0x90, 0xa, 0xff, 0x20, 0x0,
    0x0, 0x9, 0xff, 0x40, 0x4, 0xff, 0x80, 0x0,
    0x0, 0xe, 0xfe, 0x0, 0x0, 0xef, 0xe0, 0x0,
    0x0, 0x5f, 0xfc, 0x66, 0x66, 0xcf, 0xf4, 0x0,
    0x0, 0xbf, 0xff, 0xff, 0xff, 0xff, 0xfa, 0x0,
    0x1, 0xff, 0xff, 0xff, 0xff, 0xff, 0xff, 0x10,
    0x7, 0xff, 0x70, 0x0, 0x0, 0x8, 0xff, 0x70,
    0xd, 0xff, 0x20, 0x0, 0x0, 0x3, 0xff, 0xd0,
    0x3f, 0xfc, 0x0, 0x0, 0x0, 0x0, 0xdf, 0xf3,
    0x9f, 0xf7, 0x0, 0x0, 0x0, 0x0, 0x8f, 0xf9,
    0x0, 0x0, 0x0, 0x0, 0x0, 0x2, 0xef, 0x60,
    0x0, 0x0, 0x0, 0x0, 0x0, 0xd, 0xf6, 0x0,
    0x0, 0x0, 0x0, 0x0, 0x0, 0x1f, 0xf4, 0x0,
    0x0, 0x0, 0x0, 0x0, 0x0, 0xe, 0xff, 0xf2,
    0x0, 0x0, 0x0, 0x0, 0x0, 0x4, 0xdf, 0xc2,

    /* U+0105 "ą" */
    0x0, 0x4a, 0xef, 0xeb, 0x40, 0x0, 0x8f, 0xff,
    0xff, 0xff, 0x70, 0x4f, 0xfe, 0x53, 0x7f, 0xff,
    0x18, 0xee, 0x40, 0x0, 0x9f, 0xf6, 0x0, 0x0,
    0x0, 0x6, 0xff, 0x70, 0x3, 0x8b, 0xcd, 0xef,
    0xf7, 0xa, 0xff, 0xff, 0xff, 0xff, 0x78, 0xff,
    0xb3, 0x0, 0x6f, 0xf7, 0xdf, 0xf0, 0x0, 0x6,
    0xff, 0x7e, 0xff, 0x0, 0x0, 0x9f, 0xf7, 0xbf,
    0xfc, 0x56, 0xbf, 0xff, 0x82, 0xff, 0xff, 0xff,
    0xef, 0xfa, 0x2, 0xae, 0xfd, 0x72, 0xff, 0xc0,
    0x0, 0x0, 0x0, 0xdf, 0x80, 0x0, 0x0, 0x0,
    0x7f, 0xc0, 0x0, 0x0, 0x0, 0xa, 0xfa, 0x0,
    0x0, 0x0, 0x0, 0x8f, 0xff, 0x80, 0x0, 0x0,
    0x0, 0xaf, 0xe6,

    /* U+0106 "Ć" */
    0x0, 0x0, 0x0, 0x2, 0x88, 0x70, 0x0, 0x0,
    0x0, 0x0, 0xb, 0xff, 0x40, 0x0, 0x0, 0x0,
    0x0, 0x4f, 0xf7, 0x0, 0x0, 0x0, 0x0, 0x0,
    0xdf, 0xa0, 0x0, 0x0, 0x0, 0x0, 0x2, 0x87,
    0x0, 0x0, 0x0, 0x0, 0x0, 0x0, 0x0, 0x0,
    0x0, 0x0, 0x0, 0x1, 0x7c, 0xef, 0xea, 0x40,
    0x0, 0x0, 0x3e, 0xff, 0xff, 0xff, 0xfa, 0x0,
    0x2, 0xff, 0xfc, 0x77, 0x9f, 0xff, 0x90, 0xc,
    0xff, 0x80, 0x0, 0x2, 0xff, 0xf2, 0x3f, 0xfd,
    0x0, 0x0, 0x0, 0x8f, 0xf8, 0x8f, 0xf7, 0x0,
    0x0, 0x0, 0x3b, 0xb8, 0xaf, 0xf4, 0x0, 0x0,
    0x0, 0x0, 0x0, 0xcf, 0xf3, 0x0, 0x0, 0x0,
    0x0, 0x0, 0xcf, 0xf2, 0x0, 0x0, 0x0, 0x0,
    0x0, 0xcf, 0xf2, 0x0, 0x0, 0x0, 0x0, 0x0,
    0xaf, 0xf4, 0x0, 0x0, 0x0, 0x0, 0x0, 0x8f,
    0xf6, 0x0, 0x0, 0x0, 0x3a, 0xa7, 0x3f, 0xfc,
    0x0, 0x0, 0x0, 0x8f, 0xf8, 0xd, 0xff, 0x70,
    0x0, 0x2, 0xff, 0xf3, 0x3, 0xff, 0xfb, 0x77,
    0x9f, 0xff, 0x90, 0x0, 0x4f, 0xff, 0xff, 0xff,
    0xfa, 0x0, 0x0, 0x1, 0x8c, 0xef, 0xea, 0x40,
    0x0,

    /* U+0107 "ć" */
    0x0, 0x0, 0x0, 0x4f, 0xfc, 0x0, 0x0, 0x0,
    0x0, 0xdf, 0xd1, 0x0, 0x0, 0x0, 0x8, 0xfe,
    0x10, 0x0, 0x0, 0x0, 0x7, 0x72, 0x0, 0x0,
    0x0, 0x0, 0x0, 0x0, 0x0, 0x0, 0x0, 0x2,
    0x9e, 0xfe, 0xb4, 0x0, 0x0, 0x4f, 0xff, 0xff,
    0xff, 0x80, 0x2, 0xff, 0xf9, 0x57, 0xef, 0xf4,
    0x9, 0xff, 0x70, 0x0, 0x3f, 0xfa, 0xe, 0xff,
    0x0, 0x0, 0xa, 0xb9, 0xf, 0xfd, 0x0, 0x0,
    0x0, 0x0, 0x1f, 0xfc, 0x0, 0x0, 0x0, 0x0,
    0xf, 0xfd, 0x0, 0x0, 0x0, 0x0, 0xd, 0xff,
    0x0, 0x0, 0x5, 0x65, 0x9, 0xff, 0x60, 0x0,
    0x2f, 0xfb, 0x2, 0xff, 0xf9, 0x56, 0xef, 0xf4,
    0x0, 0x4f, 0xff, 0xff, 0xff, 0x70, 0x0, 0x2,
    0x9e, 0xfe, 0xa3, 0x0,

    /* U+0108 "Ĉ" */
    0x0, 0x0, 0x0, 0x77, 0x0, 0x0, 0x0, 0x0,
    0x0, 0xb, 0xff, 0xb0, 0x0, 0x0, 0x0, 0x0,
    0xbf, 0xaa, 0xfa, 0x0, 0x0, 0x0, 0xa, 0xfb,
    0x0, 0xbf, 0x90, 0x0, 0x0, 0x0, 0x0, 0x0,
    0x0, 0x0, 0x0, 0x0, 0x0, 0x0, 0x0, 0x0,
    0x0, 0x0, 0x0, 0x1, 0x7c, 0xef, 0xea, 0x40,
    0x0, 0x0, 0x3e, 0xff, 0xff, 0xff, 0xfa, 0x0,
    0x2, 0xff, 0xfc, 0x77, 0x9f, 0xff, 0x90, 0xc,
    0xff, 0x80, 0x0, 0x2, 0xff, 0xf2, 0x3f, 0xfd,
    0x0, 0x0, 0x0, 0x8f, 0xf8, 0x8f, 0xf7, 0x0,
    0x0, 0x0, 0x3b, 0xb8, 0xaf, 0xf4, 0x0, 0x0,
    0x0, 0x0, 0x0, 0xcf, 0xf3, 0x0, 0x0, 0x0,
    0x0, 0x0, 0xcf, 0xf2, 0x0, 0x0, 0x0, 0x0,
    0x0, 0xcf, 0xf2, 0x0, 0x0, 0x0, 0x0, 0x0,
    0xaf, 0xf4, 0x0, 0x0, 0x0, 0x0, 0x0, 0x8f,
    0xf6, 0x0, 0x0, 0x0, 0x3a, 0xa7, 0x3f, 0xfc,
    0x0, 0x0, 0x0, 0x8f, 0xf8, 0xd, 0xff, 0x70,
    0x0, 0x2, 0xff, 0xf3, 0x3, 0xff, 0xfb, 0x77,
    0x9f, 0xff, 0x90, 0x0, 0x4f, 0xff, 0xff, 0xff,
    0xfa, 0x0, 0x0, 0x1, 0x8c, 0xef, 0xea, 0x40,
    0x0,

    /* U+0109 "ĉ" */
    0x0, 0x0, 0x2e, 0xf9, 0x0, 0x0, 0x0, 0x3,
    0xef, 0xcf, 0x80, 0x0, 0x0, 0x3e, 0xf4, 0xb,
    0xf8, 0x0, 0x0, 0x34, 0x20, 0x0, 0x44, 0x0,
    0x0, 0x0, 0x0, 0x0, 0x0, 0x0, 0x0, 0x2,
    0x9e, 0xfe, 0xb4, 0x0, 0x0, 0x4f, 0xff, 0xff,
    0xff, 0x80, 0x2, 0xff, 0xf9, 0x57, 0xef, 0xf4,
    0x9, 0xff, 0x70, 0x0, 0x3f, 0xfa, 0xe, 0xff,
    0x0, 0x0, 0xa, 0xb9, 0xf, 0xfd, 0x0, 0x0,
    0x0, 0x0, 0x1f, 0xfc, 0x0, 0x0, 0x0, 0x0,
    0xf, 0xfd, 0x0, 0x0, 0x0, 0x0, 0xd, 0xff,
    0x0, 0x0, 0x5, 0x65, 0x9, 0xff, 0x60, 0x0,
    0x2f, 0xfb, 0x2, 0xff, 0xf9, 0x56, 0xef, 0xf4,
    0x0, 0x4f, 0xff, 0xff, 0xff, 0x70, 0x0, 0x2,
    0x9e, 0xfe, 0xa3, 0x0,

    /* U+010A "Ċ" */
    0x0, 0x0, 0x2, 0xcc, 0x20, 0x0, 0x0, 0x0,
    0x0, 0x7, 0xff, 0x80, 0x0, 0x0, 0x0, 0x0,
    0x3, 0xee, 0x30, 0x0, 0x0, 0x0, 0x0, 0x0,
    0x0, 0x0, 0x0, 0x0, 0x0, 0x0, 0x0, 0x0,
    0x0, 0x0, 0x0, 0x0, 0x1, 0x7c, 0xef, 0xea,
    0x40, 0x0, 0x0, 0x3e, 0xff, 0xff, 0xff, 0xfa,
    0x0, 0x2, 0xff, 0xfc, 0x77, 0x9f, 0xff, 0x90,
    0xc, 0xff, 0x80, 0x0, 0x2, 0xff, 0xf2, 0x3f,
    0xfd, 0x0, 0x0, 0x0, 0x8f, 0xf8, 0x8f, 0xf7,
    0x0, 0x0, 0x0, 0x3b, 0xb8, 0xaf, 0xf4, 0x0,
    0x0, 0x0, 0x0, 0x0, 0xcf, 0xf3, 0x0, 0x0,
    0x0, 0x0, 0x0, 0xcf, 0xf2, 0x0, 0x0, 0x0,
    0x0, 0x0, 0xcf, 0xf2, 0x0, 0x0, 0x0, 0x0,
    0x0, 0xaf, 0xf4, 0x0, 0x0, 0x0, 0x0, 0x0,
    0x8f, 0xf6, 0x0, 0x0, 0x0, 0x3a, 0xa7, 0x3f,
    0xfc, 0x0, 0x0, 0x0, 0x8f, 0xf8, 0xd, 0xff,
    0x70, 0x0, 0x2, 0xff, 0xf3, 0x3, 0xff, 0xfb,
    0x77, 0x9f, 0xff, 0x90, 0x0, 0x4f, 0xff, 0xff,
    0xff, 0xfa, 0x0, 0x0, 0x1, 0x8c, 0xef, 0xea,
    0x40, 0x0,

    /* U+010B "ċ" */
    0x0, 0x0, 0xc, 0xf5, 0x0, 0x0, 0x0, 0x0,
    0x4f, 0xfb, 0x0, 0x0, 0x0, 0x0, 0xb, 0xd4,
    0x0, 0x0, 0x0, 0x0, 0x0, 0x0, 0x0, 0x0,
    0x0, 0x0, 0x0, 0x0, 0x0, 0x0, 0x0, 0x2,
    0x9e, 0xfe, 0xb4, 0x0, 0x0, 0x4f, 0xff, 0xff,
    0xff, 0x80, 0x2, 0xff, 0xf9, 0x57, 0xef, 0xf4,
    0x9, 0xff, 0x70, 0x0, 0x3f, 0xfa, 0xe, 0xff,
    0x0, 0x0, 0xa, 0xb9, 0xf, 0xfd, 0x0, 0x0,
    0x0, 0x0, 0x1f, 0xfc, 0x0, 0x0, 0x0, 0x0,
    0xf, 0xfd, 0x0, 0x0, 0x0, 0x0, 0xd, 0xff,
    0x0, 0x0, 0x5, 0x65, 0x9, 0xff, 0x60, 0x0,
    0x2f, 0xfb, 0x2, 0xff, 0xf9, 0x56, 0xef, 0xf4,
    0x0, 0x4f, 0xff, 0xff, 0xff, 0x70, 0x0, 0x2,
    0x9e, 0xfe, 0xa3, 0x0,

    /* U+010C "Č" */
    0x0, 0x7, 0x84, 0x0, 0x48, 0x70, 0x0, 0x0,
    0x3, 0xff, 0x44, 0xff, 0x40, 0x0, 0x0, 0x0,
    0x4f, 0xff, 0xf5, 0x0, 0x0, 0x0, 0x0, 0x5,
    0xff, 0x50, 0x0, 0x0, 0x0, 0x0, 0x0, 0x0,
    0x0, 0x0, 0x0, 0x0, 0x0, 0x0, 0x0, 0x0,
    0x0, 0x0, 0x0, 0x1, 0x7c, 0xef, 0xea, 0x40,
    0x0, 0x0, 0x3e, 0xff, 0xff, 0xff, 0xfa, 0x0,
    0x2, 0xff, 0xfc, 0x77, 0x9f, 0xff, 0x90, 0xc,
    0xff, 0x80, 0x0, 0x2, 0xff, 0xf2, 0x3f, 0xfd,
    0x0, 0x0, 0x0, 0x8f, 0xf8, 0x8f, 0xf7, 0x0,
    0x0, 0x0, 0x3b, 0xb8, 0xaf, 0xf4, 0x0, 0x0,
    0x0, 0x0, 0x0, 0xcf, 0xf3, 0x0, 0x0, 0x0,
    0x0, 0x0, 0xcf, 0xf2, 0x0, 0x0, 0x0, 0x0,
    0x0, 0xcf, 0xf2, 0x0, 0x0, 0x0, 0x0, 0x0,
    0xaf, 0xf4, 0x0, 0x0, 0x0, 0x0, 0x0, 0x8f,
    0xf6, 0x0, 0x0, 0x0, 0x3a, 0xa7, 0x3f, 0xfc,
    0x0, 0x0, 0x0, 0x8f, 0xf8, 0xd, 0xff, 0x70,
    0x0, 0x2, 0xff, 0xf3, 0x3, 0xff, 0xfb, 0x77,
    0x9f, 0xff, 0x90, 0x0, 0x4f, 0xff, 0xff, 0xff,
    0xfa, 0x0, 0x0, 0x1, 0x8c, 0xef, 0xea, 0x40,
    0x0,

    /* U+010D "č" */
    0x0, 0x6f, 0xd1, 0x8, 0xfd, 0x10, 0x0, 0x7,
    0xfd, 0x8f, 0xd1, 0x0, 0x0, 0x0, 0x7f, 0xfd,
    0x10, 0x0, 0x0, 0x0, 0x4, 0x51, 0x0, 0x0,
    0x0, 0x0, 0x0, 0x0, 0x0, 0x0, 0x0, 0x2,
    0x9e, 0xfe, 0xb4, 0x0, 0x0, 0x4f, 0xff, 0xff,
    0xff, 0x70, 0x2, 0xff, 0xf9, 0x57, 0xff, 0xf3,
    0x9, 0xff, 0x70, 0x0, 0x4f, 0xfa, 0xe, 0xff,
    0x0, 0x0, 0xd, 0xfc, 0xf, 0xfd, 0x0, 0x0,
    0x0, 0x0, 0x1f, 0xfc, 0x0, 0x0, 0x0, 0x0,
    0xf, 0xfd, 0x0, 0x0, 0x0, 0x0, 0xd, 0xff,
    0x0, 0x0, 0x4, 0x54, 0x9, 0xff, 0x60, 0x0,
    0x1f, 0xfb, 0x2, 0xff, 0xf9, 0x56, 0xef, 0xf4,
    0x0, 0x4f, 0xff, 0xff, 0xff, 0x70, 0x0, 0x2,
    0x9e, 0xfe, 0xb4, 0x0,

    /* U+010E "Ď" */
    0x1, 0xef, 0x60, 0x2e, 0xf7, 0x0, 0x0, 0x0,
    0x2e, 0xf7, 0xef, 0x70, 0x0, 0x0, 0x0, 0x3,
    0xff, 0xf8, 0x0, 0x0, 0x0, 0x0, 0x0, 0x38,
    0x60, 0x0, 0x0, 0x0, 0x0, 0x0, 0x0, 0x0,
    0x0, 0x0, 0x0, 0x4f, 0xff, 0xff, 0xfd, 0x82,
    0x0, 0x0, 0x4f, 0xff, 0xff, 0xff, 0xff, 0x60,
    0x0, 0x4f, 0xfd, 0x66, 0x7b, 0xff, 0xf8, 0x0,
    0x4f, 0xfb, 0x0, 0x0, 0x3e, 0xff, 0x30, 0x4f,
    0xfb, 0x0, 0x0, 0x5, 0xff, 0xb0, 0x4f, 0xfb,
    0x0, 0x0, 0x0, 0xef, 0xf1, 0x4f, 0xfb, 0x0,
    0x0, 0x0, 0xaf, 0xf4, 0x4f, 0xfb, 0x0, 0x0,
    0x0, 0x8f, 0xf6, 0x4f, 0xfb, 0x0, 0x0, 0x0,
    0x8f, 0xf7, 0x4f, 0xfb, 0x0, 0x0, 0x0, 0x8f,
    0xf6, 0x4f, 0xfb, 0x0, 0x0, 0x0, 0xaf, 0xf4,
    0x4f, 0xfb, 0x0, 0x0, 0x0, 0xef, 0xf1, 0x4f,
    0xfb, 0x0, 0x0, 0x5, 0xff, 0xc0, 0x4f, 0xfb,
    0x0, 0x0, 0x3e, 0xff, 0x40, 0x4f, 0xfd, 0x66,
    0x7b, 0xff, 0xf8, 0x0, 0x4f, 0xff, 0xff, 0xff,
    0xff, 0x70, 0x0, 0x4f, 0xff, 0xff, 0xec, 0x71,
    0x0, 0x0,

    /* U+010F "ď" */
    0x0, 0x0, 0x0, 0x0, 0xd, 0xff, 0x4, 0xff,
    0x0, 0x0, 0x0, 0x0, 0x0, 0xdf, 0xf0, 0x5f,
    0xf0, 0x0, 0x0, 0x0, 0x0, 0xd, 0xff, 0x8,
    0xfb, 0x0, 0x0, 0x0, 0x0, 0x0, 0xdf, 0xf1,
    0xef, 0x40, 0x0, 0x0, 0x0, 0x0, 0xd, 0xff,
    0x4, 0x70, 0x0, 0x0, 0x5c, 0xff, 0xb3, 0xdf,
    0xf0, 0x0, 0x0, 0x0, 0x7f, 0xff, 0xff, 0xff,
    0xff, 0x0, 0x0, 0x0, 0x3f, 0xff, 0xa5, 0x7e,
    0xff, 0xf0, 0x0, 0x0, 0x9, 0xff, 0x80, 0x0,
    0x2f, 0xff, 0x0, 0x0, 0x0, 0xef, 0xf1, 0x0,
    0x0, 0xdf, 0xf0, 0x0, 0x0, 0xf, 0xfd, 0x0,
    0x0, 0xd, 0xff, 0x0, 0x0, 0x1, 0xff, 0xc0,
    0x0, 0x0, 0xdf, 0xf0, 0x0, 0x0, 0xf, 0xfd,
    0x0, 0x0, 0xd, 0xff, 0x0, 0x0, 0x0, 0xdf,
    0xf0, 0x0, 0x0, 0xdf, 0xf0, 0x0, 0x0, 0x9,
    0xff, 0x60, 0x0, 0xe, 0xff, 0x0, 0x0, 0x0,
    0x2f, 0xff, 0x51, 0x3c, 0xff, 0xf0, 0x0, 0x0,
    0x0, 0x7f, 0xff, 0xff, 0xff, 0xff, 0x0, 0x0,
    0x0, 0x0, 0x4c, 0xff, 0xc4, 0x9f, 0xf0, 0x0,
    0x0,

    /* U+0110 "Đ" */
    0x0, 0xe, 0xff, 0xff, 0xfe, 0xa4, 0x0, 0x0,
    0x0, 0xe, 0xff, 0xff, 0xff, 0xff, 0xb0, 0x0,
    0x0, 0xe, 0xff, 0x66, 0x79, 0xef, 0xfd, 0x0,
    0x0, 0xe, 0xff, 0x0, 0x0, 0xb, 0xff, 0x90,
    0x0, 0xe, 0xff, 0x0, 0x0, 0x0, 0xef, 0xf1,
    0x0, 0xe, 0xff, 0x0, 0x0, 0x0, 0x8f, 0xf7,
    0x0, 0xe, 0xff, 0x0, 0x0, 0x0, 0x4f, 0xfa,
    0x1f, 0xff, 0xff, 0xff, 0xb0, 0x0, 0x3f, 0xfb,
    0x1f, 0xff, 0xff, 0xff, 0xb0, 0x0, 0x2f, 0xfc,
    0x0, 0xe, 0xff, 0x0, 0x0, 0x0, 0x3f, 0xfc,
    0x0, 0xe, 0xff, 0x0, 0x0, 0x0, 0x4f, 0xfa,
    0x0, 0xe, 0xff, 0x0, 0x0, 0x0, 0x8f, 0xf7,
    0x0, 0xe, 0xff, 0x0, 0x0, 0x1, 0xef, 0xf1,
    0x0, 0xe, 0xff, 0x0, 0x0, 0xb, 0xff, 0x90,
    0x0, 0xe, 0xff, 0x66, 0x69, 0xef, 0xfd, 0x0,
    0x0, 0xe, 0xff, 0xff, 0xff, 0xff, 0xb1, 0x0,
    0x0, 0xe, 0xff, 0xff, 0xfd, 0xa3, 0x0, 0x0,

    /* U+0111 "đ" */
    0x0, 0x0, 0x0, 0x0, 0xd, 0xff, 0x0, 0x0,
    0x0, 0x0, 0x0, 0x0, 0xdf, 0xf0, 0x0, 0x0,
    0x0, 0x0, 0xcf, 0xff, 0xff, 0xff, 0x10, 0x0,
    0x0, 0xc, 0xff, 0xff, 0xff, 0xf1, 0x0, 0x0,
    0x0, 0x0, 0xd, 0xff, 0x0, 0x0, 0x0, 0x5c,
    0xff, 0xb3, 0xdf, 0xf0, 0x0, 0x0, 0x7f, 0xff,
    0xff, 0xff, 0xff, 0x0, 0x0, 0x3f, 0xff, 0xa5,
    0x7e, 0xff, 0xf0, 0x0, 0x9, 0xff, 0x80, 0x0,
    0x2f, 0xff, 0x0, 0x0, 0xef, 0xf1, 0x0, 0x0,
    0xdf, 0xf0, 0x0, 0xf, 0xfd, 0x0, 0x0, 0xd,
    0xff, 0x0, 0x1, 0xff, 0xc0, 0x0, 0x0, 0xdf,
    0xf0, 0x0, 0xf, 0xfd, 0x0, 0x0, 0xd, 0xff,
    0x0, 0x0, 0xdf, 0xf0, 0x0, 0x0, 0xdf, 0xf0,
    0x0, 0x9, 0xff, 0x60, 0x0, 0xe, 0xff, 0x0,
    0x0, 0x2f, 0xff, 0x51, 0x3c, 0xff, 0xf0, 0x0,
    0x0, 0x7f, 0xff, 0xff, 0xff, 0xff, 0x0, 0x0,
    0x0, 0x4c, 0xff, 0xc4, 0x9f, 0xf0, 0x0,

    /* U+0112 "Ē" */
    0x0, 0xef, 0xff, 0xff, 0xff, 0xa0, 0x0, 0xcd,
    0xdd, 0xdd, 0xdd, 0x80, 0x0, 0x0, 0x0, 0x0,
    0x0, 0x0, 0x0, 0x0, 0x0, 0x0, 0x0, 0x0,
    0x4f, 0xff, 0xff, 0xff, 0xff, 0xfd, 0x4f, 0xff,
    0xff, 0xff, 0xff, 0xfd, 0x4f, 0xfd, 0x66, 0x66,
    0x66, 0x65, 0x4f, 0xfb, 0x0, 0x0, 0x0, 0x0,
    0x4f, 0xfb, 0x0, 0x0, 0x0, 0x0, 0x4f, 0xfb,
    0x0, 0x0, 0x0, 0x0, 0x4f, 0xfb, 0x0, 0x0,
    0x0, 0x0, 0x4f, 0xff, 0xff, 0xff, 0xff, 0xb0,
    0x4f, 0xff, 0xff, 0xff, 0xff, 0xb0, 0x4f, 0xfc,
    0x55, 0x55, 0x55, 0x40, 0x4f, 0xfb, 0x0, 0x0,
    0x0, 0x0, 0x4f, 0xfb, 0x0, 0x0, 0x0, 0x0,
    0x4f, 0xfb, 0x0, 0x0, 0x0, 0x0, 0x4f, 0xfb,
    0x0, 0x0, 0x0, 0x0, 0x4f, 0xfd, 0x66, 0x66,
    0x66, 0x65, 0x4f, 0xff, 0xff, 0xff, 0xff, 0xfe,
    0x4f, 0xff, 0xff, 0xff, 0xff, 0xfe,

    /* U+0113 "ē" */
    0x0, 0xbf, 0xff, 0xff, 0xff, 0xd0, 0x0, 0xa,
    0xee, 0xee, 0xee, 0xeb, 0x0, 0x0, 0x0, 0x0,
    0x0, 0x0, 0x0, 0x0, 0x0, 0x0, 0x0, 0x0,
    0x0, 0x0, 0x0, 0x1, 0x7d, 0xfe, 0xb5, 0x0,
    0x0, 0x2, 0xdf, 0xff, 0xff, 0xf9, 0x0, 0x0,
    0xdf, 0xf9, 0x56, 0xdf, 0xf5, 0x0, 0x6f, 0xf7,
    0x0, 0x2, 0xff, 0xc0, 0xc, 0xff, 0x0, 0x0,
    0xc, 0xff, 0x0, 0xef, 0xff, 0xff, 0xff, 0xff,
    0xf1, 0xf, 0xff, 0xff, 0xff, 0xff, 0xff, 0x20,
    0xff, 0xf1, 0x11, 0x11, 0x11, 0x10, 0xd, 0xff,
    0x20, 0x0, 0x0, 0x0, 0x0, 0x8f, 0xfb, 0x0,
    0x0, 0x2b, 0x0, 0x1, 0xef, 0xfc, 0x65, 0x8f,
    0xfb, 0x0, 0x3, 0xef, 0xff, 0xff, 0xfe, 0x30,
    0x0, 0x1, 0x8d, 0xff, 0xd8, 0x10, 0x0,

    /* U+0114 "Ĕ" */
    0x0, 0x38, 0x50, 0x0, 0x88, 0x0, 0x0, 0x4f,
    0xf3, 0x7, 0xff, 0x0, 0x0, 0xa, 0xff, 0xff,
    0xf6, 0x0, 0x0, 0x0, 0x49, 0xa8, 0x20, 0x0,
    0x0, 0x0, 0x0, 0x0, 0x0, 0x0, 0x4f, 0xff,
    0xff, 0xff, 0xff, 0xfd, 0x4f, 0xff, 0xff, 0xff,
    0xff, 0xfd, 0x4f, 0xfd, 0x66, 0x66, 0x66, 0x65,
    0x4f, 0xfb, 0x0, 0x0, 0x0, 0x0, 0x4f, 0xfb,
    0x0, 0x0, 0x0, 0x0, 0x4f, 0xfb, 0x0, 0x0,
    0x0, 0x0, 0x4f, 0xfb, 0x0, 0x0, 0x0, 0x0,
    0x4f, 0xff, 0xff, 0xff, 0xff, 0xb0, 0x4f, 0xff,
    0xff, 0xff, 0xff, 0xb0, 0x4f, 0xfc, 0x55, 0x55,
    0x55, 0x40, 0x4f, 0xfb, 0x0, 0x0, 0x0, 0x0,
    0x4f, 0xfb, 0x0, 0x0, 0x0, 0x0, 0x4f, 0xfb,
    0x0, 0x0, 0x0, 0x0, 0x4f, 0xfb, 0x0, 0x0,
    0x0, 0x0, 0x4f, 0xfd, 0x66, 0x66, 0x66, 0x65,
    0x4f, 0xff, 0xff, 0xff, 0xff, 0xfe, 0x4f, 0xff,
    0xff, 0xff, 0xff, 0xfe,

    /* U+0115 "ĕ" */
    0x0, 0x3f, 0xf0, 0x0, 0xff, 0x30, 0x0, 0x0,
    0xcf, 0xeb, 0xef, 0xd0, 0x0, 0x0, 0x1, 0x8d,
    0xfd, 0x91, 0x0, 0x0, 0x0, 0x0, 0x0, 0x0,
    0x0, 0x0, 0x0, 0x0, 0x0, 0x0, 0x0, 0x0,
    0x0, 0x0, 0x17, 0xdf, 0xeb, 0x50, 0x0, 0x0,
    0x2d, 0xff, 0xff, 0xff, 0x90, 0x0, 0xd, 0xff,
    0x95, 0x6d, 0xff, 0x50, 0x6, 0xff, 0x70, 0x0,
    0x2f, 0xfc, 0x0, 0xcf, 0xf0, 0x0, 0x0, 0xcf,
    0xf0, 0xe, 0xff, 0xff, 0xff, 0xff, 0xff, 0x10,
    0xff, 0xff, 0xff, 0xff, 0xff, 0xf2, 0xf, 0xff,
    0x11, 0x11, 0x11, 0x11, 0x0, 0xdf, 0xf2, 0x0,
    0x0, 0x0, 0x0, 0x8, 0xff, 0xb0, 0x0, 0x2,
    0xb0, 0x0, 0x1e, 0xff, 0xc6, 0x58, 0xff, 0xb0,
    0x0, 0x3e, 0xff, 0xff, 0xff, 0xe3, 0x0, 0x0,
    0x18, 0xdf, 0xfd, 0x81, 0x0,

    /* U+0116 "Ė" */
    0x0, 0x0, 0xb, 0xf7, 0x0, 0x0, 0x0, 0x0,
    0x2f, 0xfd, 0x0, 0x0, 0x0, 0x0, 0xa, 0xd5,
    0x0, 0x0, 0x0, 0x0, 0x0, 0x0, 0x0, 0x0,
    0x4f, 0xff, 0xff, 0xff, 0xff, 0xfd, 0x4f, 0xff,
    0xff, 0xff, 0xff, 0xfd, 0x4f, 0xfd, 0x66, 0x66,
    0x66, 0x65, 0x4f, 0xfb, 0x0, 0x0, 0x0, 0x0,
    0x4f, 0xfb, 0x0, 0x0, 0x0, 0x0, 0x4f, 0xfb,
    0x0, 0x0, 0x0, 0x0, 0x4f, 0xfb, 0x0, 0x0,
    0x0, 0x0, 0x4f, 0xff, 0xff, 0xff, 0xff, 0xb0,
    0x4f, 0xff, 0xff, 0xff, 0xff, 0xb0, 0x4f, 0xfc,
    0x55, 0x55, 0x55, 0x40, 0x4f, 0xfb, 0x0, 0x0,
    0x0, 0x0, 0x4f, 0xfb, 0x0, 0x0, 0x0, 0x0,
    0x4f, 0xfb, 0x0, 0x0, 0x0, 0x0, 0x4f, 0xfb,
    0x0, 0x0, 0x0, 0x0, 0x4f, 0xfd, 0x66, 0x66,
    0x66, 0x65, 0x4f, 0xff, 0xff, 0xff, 0xff, 0xfe,
    0x4f, 0xff, 0xff, 0xff, 0xff, 0xfe,

    /* U+0117 "ė" */
    0x0, 0x0, 0x9, 0xf9, 0x0, 0x0, 0x0, 0x0,
    0x0, 0xff, 0xf0, 0x0, 0x0, 0x0, 0x0, 0x8,
    0xd8, 0x0, 0x0, 0x0, 0x0, 0x0, 0x0, 0x0,
    0x0, 0x0, 0x0, 0x0, 0x0, 0x0, 0x0, 0x0,
    0x0, 0x0, 0x17, 0xdf, 0xeb, 0x50, 0x0, 0x0,
    0x2d, 0xff, 0xff, 0xff, 0x90, 0x0, 0xd, 0xff,
    0x95, 0x6d, 0xff, 0x50, 0x6, 0xff, 0x70, 0x0,
    0x2f, 0xfc, 0x0, 0xcf, 0xf0, 0x0, 0x0, 0xcf,
    0xf0, 0xe, 0xff, 0xff, 0xff, 0xff, 0xff, 0x10,
    0xff, 0xff, 0xff, 0xff, 0xff, 0xf2, 0xf, 0xff,
    0x11, 0x11, 0x11, 0x11, 0x0, 0xdf, 0xf2, 0x0,
    0x0, 0x0, 0x0, 0x8, 0xff, 0xb0, 0x0, 0x2,
    0xb0, 0x0, 0x1e, 0xff, 0xc6, 0x58, 0xff, 0xb0,
    0x0, 0x3e, 0xff, 0xff, 0xff, 0xe3, 0x0, 0x0,
    0x18, 0xdf, 0xfd, 0x81, 0x0,

    /* U+0118 "Ę" */
    0x4f, 0xff, 0xff, 0xff, 0xff, 0xfd, 0x4f, 0xff,
    0xff, 0xff, 0xff, 0xfd, 0x4f, 0xfd, 0x66, 0x66,
    0x66, 0x65, 0x4f, 0xfb, 0x0, 0x0, 0x0, 0x0,
    0x4f, 0xfb, 0x0, 0x0, 0x0, 0x0, 0x4f, 0xfb,
    0x0, 0x0, 0x0, 0x0, 0x4f, 0xfb, 0x0, 0x0,
    0x0, 0x0, 0x4f, 0xff, 0xff, 0xff, 0xff, 0xb0,
    0x4f, 0xff, 0xff, 0xff, 0xff, 0xb0, 0x4f, 0xfc,
    0x55, 0x55, 0x55, 0x40, 0x4f, 0xfb, 0x0, 0x0,
    0x0, 0x0, 0x4f, 0xfb, 0x0, 0x0, 0x0, 0x0,
    0x4f, 0xfb, 0x0, 0x0, 0x0, 0x0, 0x4f, 0xfb,
    0x0, 0x0, 0x0, 0x0, 0x4f, 0xfd, 0x66, 0x66,
    0x66, 0x65, 0x4f, 0xff, 0xff, 0xff, 0xff, 0xfe,
    0x4f, 0xff, 0xff, 0xff, 0xff, 0xfe, 0x0, 0x0,
    0x0, 0x8, 0xfc, 0x10, 0x0, 0x0, 0x0, 0x4f,
    0xe0, 0x0, 0x0, 0x0, 0x0, 0x8f, 0xc0, 0x0,
    0x0, 0x0, 0x0, 0x6f, 0xff, 0xb0, 0x0, 0x0,
    0x0, 0x9, 0xee, 0x80,

    /* U+0119 "ę" */
    0x0, 0x1, 0x7d, 0xfe, 0xb4, 0x0, 0x0, 0x2,
    0xdf, 0xff, 0xff, 0xf7, 0x0, 0x0, 0xdf, 0xfb,
    0x57, 0xff, 0xf2, 0x0, 0x6f, 0xfb, 0x0, 0x4,
    0xff, 0x90, 0xc, 0xff, 0x30, 0x0, 0xe, 0xfe,
    0x0, 0xef, 0xf1, 0x11, 0x11, 0xcf, 0xf0, 0xf,
    0xff, 0xff, 0xff, 0xff, 0xff, 0x10, 0xff, 0xff,
    0xff, 0xff, 0xff, 0xf2, 0xd, 0xff, 0x0, 0x0,
    0x0, 0x0, 0x0, 0x9f, 0xf7, 0x0, 0x0, 0x4,
    0x0, 0x2, 0xff, 0xf9, 0x43, 0x6c, 0xf6, 0x0,
    0x4, 0xff, 0xff, 0xff, 0xff, 0x70, 0x0, 0x2,
    0xae, 0xff, 0xff, 0x60, 0x0, 0x0, 0x0, 0xc,
    0xfd, 0x20, 0x0, 0x0, 0x0, 0x3, 0xff, 0x10,
    0x0, 0x0, 0x0, 0x0, 0x5f, 0xf0, 0x10, 0x0,
    0x0, 0x0, 0x2, 0xff, 0xfd, 0x0, 0x0, 0x0,
    0x0, 0x6, 0xef, 0xa0, 0x0,

    /* U+011A "Ě" */
    0x0, 0x5f, 0xe2, 0x6, 0xfe, 0x20, 0x0, 0x6,
    0xfe, 0x7f, 0xf3, 0x0, 0x0, 0x0, 0x7f, 0xff,
    0x30, 0x0, 0x0, 0x0, 0x6, 0x83, 0x0, 0x0,
    0x0, 0x0, 0x0, 0x0, 0x0, 0x0, 0x4f, 0xff,
    0xff, 0xff, 0xff, 0xfd, 0x4f, 0xff, 0xff, 0xff,
    0xff, 0xfd, 0x4f, 0xfd, 0x66, 0x66, 0x66, 0x65,
    0x4f, 0xfb, 0x0, 0x0, 0x0, 0x0, 0x4f, 0xfb,
    0x0, 0x0, 0x0, 0x0, 0x4f, 0xfb, 0x0, 0x0,
    0x0, 0x0, 0x4f, 0xfb, 0x0, 0x0, 0x0, 0x0,
    0x4f, 0xff, 0xff, 0xff, 0xff, 0xb0, 0x4f, 0xff,
    0xff, 0xff, 0xff, 0xb0, 0x4f, 0xfc, 0x55, 0x55,
    0x55, 0x40, 0x4f, 0xfb, 0x0, 0x0, 0x0, 0x0,
    0x4f, 0xfb, 0x0, 0x0, 0x0, 0x0, 0x4f, 0xfb,
    0x0, 0x0, 0x0, 0x0, 0x4f, 0xfb, 0x0, 0x0,
    0x0, 0x0, 0x4f, 0xfd, 0x66, 0x66, 0x66, 0x65,
    0x4f, 0xff, 0xff, 0xff, 0xff, 0xfe, 0x4f, 0xff,
    0xff, 0xff, 0xff, 0xfe,

    /* U+011B "ě" */
    0x0, 0x3f, 0xf4, 0x4, 0xff, 0x40, 0x0, 0x0,
    0x3f, 0xf7, 0xff, 0x40, 0x0, 0x0, 0x0, 0x3f,
    0xff, 0x40, 0x0, 0x0, 0x0, 0x0, 0x25, 0x20,
    0x0, 0x0, 0x0, 0x0, 0x0, 0x0, 0x0, 0x0,
    0x0, 0x0, 0x17, 0xdf, 0xeb, 0x50, 0x0, 0x0,
    0x2d, 0xff, 0xff, 0xff, 0x90, 0x0, 0xd, 0xff,
    0x95, 0x6d, 0xff, 0x50, 0x6, 0xff, 0x70, 0x0,
    0x2f, 0xfc, 0x0, 0xcf, 0xf0, 0x0, 0x0, 0xcf,
    0xf0, 0xe, 0xff, 0xff, 0xff, 0xff, 0xff, 0x10,
    0xff, 0xff, 0xff, 0xff, 0xff, 0xf2, 0xf, 0xff,
    0x11, 0x11, 0x11, 0x11, 0x0, 0xdf, 0xf2, 0x0,
    0x0, 0x0, 0x0, 0x8, 0xff, 0xb0, 0x0, 0x2,
    0xb0, 0x0, 0x1e, 0xff, 0xc6, 0x58, 0xff, 0xb0,
    0x0, 0x3e, 0xff, 0xff, 0xff, 0xe3, 0x0, 0x0,
    0x18, 0xdf, 0xfd, 0x81, 0x0,

    /* U+011C "Ĝ" */
    0x0, 0x0, 0x0, 0x77, 0x0, 0x0, 0x0, 0x0,
    0x0, 0xc, 0xff, 0xb0, 0x0, 0x0, 0x0, 0x0,
    0xbf, 0x9a, 0xfa, 0x0, 0x0, 0x0, 0xb, 0xfa,
    0x0, 0xbf, 0x80, 0x0, 0x0, 0x0, 0x0, 0x0,
    0x0, 0x0, 0x0, 0x0, 0x0, 0x0, 0x0, 0x0,
    0x0, 0x0, 0x0, 0x1, 0x8c, 0xef, 0xeb, 0x60,
    0x0, 0x0, 0x4f, 0xff, 0xff, 0xff, 0xfc, 0x10,
    0x3, 0xff, 0xfc, 0x76, 0x8e, 0xff, 0xc0, 0xc,
    0xff, 0x80, 0x0, 0x1, 0xdf, 0xf5, 0x3f, 0xfd,
    0x0, 0x0, 0x0, 0x5f, 0xfa, 0x7f, 0xf8, 0x0,
    0x0, 0x0, 0x3, 0x32, 0xaf, 0xf5, 0x0, 0x0,
    0x0, 0x0, 0x0, 0xbf, 0xf3, 0x0, 0x0, 0x0,
    0x0, 0x0, 0xcf, 0xf3, 0x0, 0xa, 0xff, 0xff,
    0xfd, 0xbf, 0xf3, 0x0, 0xa, 0xff, 0xff, 0xfd,
    0x9f, 0xf5, 0x0, 0x2, 0x44, 0x5f, 0xfd, 0x7f,
    0xf8, 0x0, 0x0, 0x0, 0x2f, 0xfd, 0x2f, 0xfe,
    0x0, 0x0, 0x0, 0x2f, 0xfd, 0xb, 0xff, 0xb0,
    0x0, 0x0, 0x3f, 0xfd, 0x1, 0xef, 0xfd, 0x86,
    0x6a, 0xff, 0xfb, 0x0, 0x2d, 0xff, 0xff, 0xff,
    0xff, 0xb0, 0x0, 0x0, 0x5b, 0xef, 0xed, 0x93,
    0x0,

    /* U+011D "ĝ" */
    0x0, 0x0, 0x1c, 0xfc, 0x0, 0x0, 0x0, 0x0,
    0x1c, 0xfc, 0xfc, 0x0, 0x0, 0x0, 0x1c, 0xf8,
    0x8, 0xfb, 0x0, 0x0, 0x2, 0x43, 0x0, 0x3,
    0x41, 0x0, 0x0, 0x0, 0x0, 0x0, 0x0, 0x0,
    0x0, 0x0, 0x4b, 0xff, 0xc4, 0x7f, 0xf2, 0x0,
    0x6f, 0xff, 0xff, 0xfd, 0xff, 0x20, 0x2f, 0xff,
    0xa6, 0x7d, 0xff, 0xf2, 0x9, 0xff, 0x90, 0x0,
    0xd, 0xff, 0x20, 0xdf, 0xf1, 0x0, 0x0, 0xbf,
    0xf2, 0xf, 0xfe, 0x0, 0x0, 0xb, 0xff, 0x20,
    0xff, 0xd0, 0x0, 0x0, 0xbf, 0xf2, 0xf, 0xfe,
    0x0, 0x0, 0xb, 0xff, 0x20, 0xdf, 0xf1, 0x0,
    0x0, 0xbf, 0xf2, 0x8, 0xff, 0x80, 0x0, 0xe,
    0xff, 0x20, 0x2f, 0xff, 0xa5, 0x7d, 0xff, 0xf2,
    0x0, 0x6f, 0xff, 0xff, 0xfe, 0xff, 0x20, 0x0,
    0x4b, 0xff, 0xc4, 0xbf, 0xf2, 0x0, 0x0, 0x0,
    0x0, 0xd, 0xff, 0x0, 0x5, 0x60, 0x0, 0x4,
    0xff, 0xd0, 0x1, 0xef, 0xb5, 0x48, 0xff, 0xf6,
    0x0, 0xb, 0xff, 0xff, 0xff, 0xf9, 0x0, 0x0,
    0x5, 0xbe, 0xfe, 0xb4, 0x0, 0x0,

    /* U+011E "Ğ" */
    0x0, 0xc, 0xf6, 0x0, 0x7f, 0xb0, 0x0, 0x0,
    0x8, 0xfc, 0x12, 0xdf, 0x70, 0x0, 0x0, 0x0,
    0xdf, 0xff, 0xfc, 0x0, 0x0, 0x0, 0x0, 0x6,
    0xaa, 0x60, 0x0, 0x0, 0x0, 0x0, 0x0, 0x0,
    0x0, 0x0, 0x0, 0x0, 0x1, 0x8c, 0xef, 0xeb,
    0x60, 0x0, 0x0, 0x4f, 0xff, 0xff, 0xff, 0xfc,
    0x10, 0x3, 0xff, 0xfc, 0x76, 0x8e, 0xff, 0xc0,
    0xc, 0xff, 0x80, 0x0, 0x1, 0xdf, 0xf5, 0x3f,
    0xfd, 0x0, 0x0, 0x0, 0x5f, 0xfa, 0x7f, 0xf8,
    0x0, 0x0, 0x0, 0x3, 0x32, 0xaf, 0xf5, 0x0,
    0x0, 0x0, 0x0, 0x0, 0xbf, 0xf3, 0x0, 0x0,
    0x0, 0x0, 0x0, 0xcf, 0xf3, 0x0, 0xa, 0xff,
    0xff, 0xfd, 0xbf, 0xf3, 0x0, 0xa, 0xff, 0xff,
    0xfd, 0x9f, 0xf5, 0x0, 0x2, 0x44, 0x5f, 0xfd,
    0x7f, 0xf8, 0x0, 0x0, 0x0, 0x2f, 0xfd, 0x2f,
    0xfe, 0x0, 0x0, 0x0, 0x2f, 0xfd, 0xb, 0xff,
    0xb0, 0x0, 0x0, 0x3f, 0xfd, 0x1, 0xef, 0xfd,
    0x86, 0x6a, 0xff, 0xfb, 0x0, 0x2d, 0xff, 0xff,
    0xff, 0xff, 0xb0, 0x0, 0x0, 0x5b, 0xef, 0xed,
    0x93, 0x0,

    /* U+011F "ğ" */
    0x0, 0x3f, 0xe0, 0x0, 0xef, 0x30, 0x0, 0x0,
    0xff, 0x60, 0x6f, 0xf0, 0x0, 0x0, 0x5, 0xff,
    0xff, 0xf6, 0x0, 0x0, 0x0, 0x3, 0x8a, 0x83,
    0x0, 0x0, 0x0, 0x0, 0x0, 0x0, 0x0, 0x0,
    0x0, 0x0, 0x4b, 0xff, 0xc4, 0x7f, 0xf2, 0x0,
    0x6f, 0xff, 0xff, 0xfd, 0xff, 0x20, 0x2f, 0xff,
    0xa6, 0x7d, 0xff, 0xf2, 0x9, 0xff, 0x90, 0x0,
    0xd, 0xff, 0x20, 0xdf, 0xf1, 0x0, 0x0, 0xbf,
    0xf2, 0xf, 0xfe, 0x0, 0x0, 0xb, 0xff, 0x20,
    0xff, 0xd0, 0x0, 0x0, 0xbf, 0xf2, 0xf, 0xfe,
    0x0, 0x0, 0xb, 0xff, 0x20, 0xdf, 0xf1, 0x0,
    0x0, 0xbf, 0xf2, 0x8, 0xff, 0x80, 0x0, 0xe,
    0xff, 0x20, 0x2f, 0xff, 0xa5, 0x7d, 0xff, 0xf2,
    0x0, 0x6f, 0xff, 0xff, 0xfe, 0xff, 0x20, 0x0,
    0x4b, 0xff, 0xc4, 0xbf, 0xf2, 0x0, 0x0, 0x0,
    0x0, 0xd, 0xff, 0x0, 0x5, 0x60, 0x0, 0x4,
    0xff, 0xd0, 0x1, 0xef, 0xb5, 0x48, 0xff, 0xf6,
    0x0, 0xb, 0xff, 0xff, 0xff, 0xf9, 0x0, 0x0,
    0x5, 0xbe, 0xfe, 0xb4, 0x0, 0x0,

    /* U+0120 "Ġ" */
    0x0, 0x0, 0x2, 0xcc, 0x10, 0x0, 0x0, 0x0,
    0x0, 0x8, 0xff, 0x70, 0x0, 0x0, 0x0, 0x0,
    0x3, 0xee, 0x20, 0x0, 0x0, 0x0, 0x0, 0x0,
    0x0, 0x0, 0x0, 0x0, 0x0, 0x0, 0x0, 0x0,
    0x0, 0x0, 0x0, 0x0, 0x1, 0x8c, 0xef, 0xeb,
    0x60, 0x0, 0x0, 0x4f, 0xff, 0xff, 0xff, 0xfc,
    0x10, 0x3, 0xff, 0xfc, 0x76, 0x8e, 0xff, 0xc0,
    0xc, 0xff, 0x80, 0x0, 0x1, 0xdf, 0xf5, 0x3f,
    0xfd, 0x0, 0x0, 0x0, 0x5f, 0xfa, 0x7f, 0xf8,
    0x0, 0x0, 0x0, 0x3, 0x32, 0xaf, 0xf5, 0x0,
    0x0, 0x0, 0x0, 0x0, 0xbf, 0xf3, 0x0, 0x0,
    0x0, 0x0, 0x0, 0xcf, 0xf3, 0x0, 0xa, 0xff,
    0xff, 0xfd, 0xbf, 0xf3, 0x0, 0xa, 0xff, 0xff,
    0xfd, 0x9f, 0xf5, 0x0, 0x2, 0x44, 0x5f, 0xfd,
    0x7f, 0xf8, 0x0, 0x0, 0x0, 0x2f, 0xfd, 0x2f,
    0xfe, 0x0, 0x0, 0x0, 0x2f, 0xfd, 0xb, 0xff,
    0xb0, 0x0, 0x0, 0x3f, 0xfd, 0x1, 0xef, 0xfd,
    0x86, 0x6a, 0xff, 0xfb, 0x0, 0x2d, 0xff, 0xff,
    0xff, 0xff, 0xb0, 0x0, 0x0, 0x5b, 0xef, 0xed,
    0x93, 0x0,

    /* U+0121 "ġ" */
    0x0, 0x0, 0x9, 0xf9, 0x0, 0x0, 0x0, 0x0,
    0x0, 0xff, 0xf0, 0x0, 0x0, 0x0, 0x0, 0x8,
    0xd7, 0x0, 0x0, 0x0, 0x0, 0x0, 0x0, 0x0,
    0x0, 0x0, 0x0, 0x0, 0x0, 0x0, 0x0, 0x0,
    0x0, 0x0, 0x4b, 0xff, 0xc4, 0x7f, 0xf2, 0x0,
    0x6f, 0xff, 0xff, 0xfd, 0xff, 0x20, 0x2f, 0xff,
    0xa6, 0x7d, 0xff, 0xf2, 0x9, 0xff, 0x90, 0x0,
    0xd, 0xff, 0x20, 0xdf, 0xf1, 0x0, 0x0, 0xbf,
    0xf2, 0xf, 0xfe, 0x0, 0x0, 0xb, 0xff, 0x20,
    0xff, 0xd0, 0x0, 0x0, 0xbf, 0xf2, 0xf, 0xfe,
    0x0, 0x0, 0xb, 0xff, 0x20, 0xdf, 0xf1, 0x0,
    0x0, 0xbf, 0xf2, 0x8, 0xff, 0x80, 0x0, 0xe,
    0xff, 0x20, 0x2f, 0xff, 0xa5, 0x7d, 0xff, 0xf2,
    0x0, 0x6f, 0xff, 0xff, 0xfe, 0xff, 0x20, 0x0,
    0x4b, 0xff, 0xc4, 0xbf, 0xf2, 0x0, 0x0, 0x0,
    0x0, 0xd, 0xff, 0x0, 0x5, 0x60, 0x0, 0x4,
    0xff, 0xd0, 0x1, 0xef, 0xb5, 0x48, 0xff, 0xf6,
    0x0, 0xb, 0xff, 0xff, 0xff, 0xf9, 0x0, 0x0,
    0x5, 0xbe, 0xfe, 0xb4, 0x0, 0x0,

    /* U+0122 "Ģ" */
    0x0, 0x1, 0x8c, 0xef, 0xeb, 0x60, 0x0, 0x0,
    0x4f, 0xff, 0xff, 0xff, 0xfc, 0x10, 0x3, 0xff,
    0xfc, 0x76, 0x8e, 0xff, 0xc0, 0xc, 0xff, 0x80,
    0x0, 0x1, 0xdf, 0xf5, 0x3f, 0xfd, 0x0, 0x0,
    0x0, 0x5f, 0xfa, 0x7f, 0xf8, 0x0, 0x0, 0x0,
    0x3, 0x32, 0xaf, 0xf5, 0x0, 0x0, 0x0, 0x0,
    0x0, 0xbf, 0xf3, 0x0, 0x0, 0x0, 0x0, 0x0,
    0xcf, 0xf3, 0x0, 0xa, 0xff, 0xff, 0xfd, 0xbf,
    0xf3, 0x0, 0xa, 0xff, 0xff, 0xfd, 0x9f, 0xf5,
    0x0, 0x2, 0x44, 0x5f, 0xfd, 0x7f, 0xf8, 0x0,
    0x0, 0x0, 0x2f, 0xfd, 0x2f, 0xfe, 0x0, 0x0,
    0x0, 0x2f, 0xfd, 0xb, 0xff, 0xb0, 0x0, 0x0,
    0x3f, 0xfd, 0x1, 0xef, 0xfd, 0x86, 0x6a, 0xff,
    0xfb, 0x0, 0x2d, 0xff, 0xff, 0xff, 0xff, 0xb0,
    0x0, 0x0, 0x5b, 0xef, 0xed, 0x93, 0x0, 0x0,
    0x0, 0x0, 0x0, 0x0, 0x0, 0x0, 0x0, 0x0,
    0x1, 0xff, 0x30, 0x0, 0x0, 0x0, 0x0, 0x2,
    0xff, 0x20, 0x0, 0x0, 0x0, 0x0, 0x5, 0xfe,
    0x0, 0x0, 0x0, 0x0, 0x0, 0xc, 0xf8, 0x0,
    0x0, 0x0, 0x0, 0x0, 0x4, 0xb0, 0x0, 0x0,
    0x0,

    /* U+0123 "ģ" */
    0x0, 0x0, 0x0, 0x10, 0x0, 0x0, 0x0, 0x0,
    0x0, 0xc, 0xe2, 0x0, 0x0, 0x0, 0x0, 0x5,
    0xff, 0x10, 0x0, 0x0, 0x0, 0x0, 0xaf, 0xc0,
    0x0, 0x0, 0x0, 0x0, 0xc, 0xfa, 0x0, 0x0,
    0x0, 0x0, 0x0, 0xdf, 0xa0, 0x0, 0x0, 0x0,
    0x0, 0x0, 0x0, 0x0, 0x0, 0x0, 0x0, 0x0,
    0x0, 0x0, 0x0, 0x0, 0x0, 0x4, 0xbf, 0xfc,
    0x47, 0xff, 0x20, 0x6, 0xff, 0xff, 0xff, 0xdf,
    0xf2, 0x2, 0xff, 0xfa, 0x67, 0xdf, 0xff, 0x20,
    0x9f, 0xf9, 0x0, 0x0, 0xdf, 0xf2, 0xd, 0xff,
    0x10, 0x0, 0xb, 0xff, 0x20, 0xff, 0xe0, 0x0,
    0x0, 0xbf, 0xf2, 0xf, 0xfd, 0x0, 0x0, 0xb,
    0xff, 0x20, 0xff, 0xe0, 0x0, 0x0, 0xbf, 0xf2,
    0xd, 0xff, 0x10, 0x0, 0xb, 0xff, 0x20, 0x8f,
    0xf8, 0x0, 0x0, 0xef, 0xf2, 0x2, 0xff, 0xfa,
    0x57, 0xdf, 0xff, 0x20, 0x6, 0xff, 0xff, 0xff,
    0xef, 0xf2, 0x0, 0x4, 0xbf, 0xfc, 0x4b, 0xff,
    0x20, 0x0, 0x0, 0x0, 0x0, 0xdf, 0xf0, 0x0,
    0x56, 0x0, 0x0, 0x4f, 0xfd, 0x0, 0x1e, 0xfb,
    0x54, 0x8f, 0xff, 0x60, 0x0, 0xbf, 0xff, 0xff,
    0xff, 0x90, 0x0, 0x0, 0x5b, 0xef, 0xeb, 0x40,
    0x0,

    /* U+0124 "Ĥ" */
    0x0, 0x0, 0x1, 0xdf, 0xa0, 0x0, 0x0, 0x0,
    0x0, 0x0, 0xcf, 0xef, 0x90, 0x0, 0x0, 0x0,
    0x0, 0xcf, 0x90, 0xcf, 0x80, 0x0, 0x0, 0x0,
    0x38, 0x60, 0x0, 0x77, 0x10, 0x0, 0x0, 0x0,
    0x0, 0x0, 0x0, 0x0, 0x0, 0x4, 0xff, 0xb0,
    0x0, 0x0, 0x0, 0xaf, 0xf4, 0x4f, 0xfb, 0x0,
    0x0, 0x0, 0xa, 0xff, 0x44, 0xff, 0xb0, 0x0,
    0x0, 0x0, 0xaf, 0xf4, 0x4f, 0xfb, 0x0, 0x0,
    0x0, 0xa, 0xff, 0x44, 0xff, 0xb0, 0x0, 0x0,
    0x0, 0xaf, 0xf4, 0x4f, 0xfb, 0x0, 0x0, 0x0,
    0xa, 0xff, 0x44, 0xff, 0xb0, 0x0, 0x0, 0x0,
    0xaf, 0xf4, 0x4f, 0xff, 0xff, 0xff, 0xff, 0xff,
    0xff, 0x44, 0xff, 0xff, 0xff, 0xff, 0xff, 0xff,
    0xf4, 0x4f, 0xfd, 0x66, 0x66, 0x66, 0x6c, 0xff,
    0x44, 0xff, 0xb0, 0x0, 0x0, 0x0, 0xaf, 0xf4,
    0x4f, 0xfb, 0x0, 0x0, 0x0, 0xa, 0xff, 0x44,
    0xff, 0xb0, 0x0, 0x0, 0x0, 0xaf, 0xf4, 0x4f,
    0xfb, 0x0, 0x0, 0x0, 0xa, 0xff, 0x44, 0xff,
    0xb0, 0x0, 0x0, 0x0, 0xaf, 0xf4, 0x4f, 0xfb,
    0x0, 0x0, 0x0, 0xa, 0xff, 0x44, 0xff, 0xb0,
    0x0, 0x0, 0x0, 0xaf, 0xf4,

    /* U+0125 "ĥ" */
    0x0, 0x6, 0xff, 0x60, 0x0, 0x0, 0x7, 0xfd,
    0xcf, 0x70, 0x0, 0x9, 0xfc, 0x0, 0xbf, 0x80,
    0x0, 0x0, 0x0, 0x0, 0x0, 0x0, 0x9f, 0xf4,
    0x0, 0x0, 0x0, 0x9, 0xff, 0x40, 0x0, 0x0,
    0x0, 0x9f, 0xf4, 0x0, 0x0, 0x0, 0x9, 0xff,
    0x40, 0x0, 0x0, 0x0, 0x9f, 0xf4, 0x0, 0x0,
    0x0, 0x9, 0xff, 0x46, 0xcf, 0xeb, 0x20, 0x9f,
    0xfc, 0xff, 0xff, 0xff, 0x19, 0xff, 0xfa, 0x67,
    0xdf, 0xf8, 0x9f, 0xf8, 0x0, 0x3, 0xff, 0xc9,
    0xff, 0x40, 0x0, 0xf, 0xfe, 0x9f, 0xf4, 0x0,
    0x0, 0xff, 0xe9, 0xff, 0x40, 0x0, 0xf, 0xfe,
    0x9f, 0xf4, 0x0, 0x0, 0xff, 0xe9, 0xff, 0x40,
    0x0, 0xf, 0xfe, 0x9f, 0xf4, 0x0, 0x0, 0xff,
    0xe9, 0xff, 0x40, 0x0, 0xf, 0xfe, 0x9f, 0xf4,
    0x0, 0x0, 0xff, 0xe9, 0xff, 0x40, 0x0, 0xf,
    0xfe,

    /* U+0126 "Ħ" */
    0x3, 0xff, 0xc0, 0x0, 0x0, 0x0, 0x9f, 0xf5,
    0x0, 0x3f, 0xfc, 0x0, 0x0, 0x0, 0x9, 0xff,
    0x50, 0x3, 0xff, 0xc0, 0x0, 0x0, 0x0, 0x9f,
    0xf5, 0xa, 0xff, 0xff, 0xff, 0xff, 0xff, 0xff,
    0xff, 0xfd, 0x9e, 0xff, 0xfe, 0xee, 0xee, 0xee,
    0xff, 0xff, 0xc0, 0x3f, 0xfc, 0x0, 0x0, 0x0,
    0x9, 0xff, 0x50, 0x3, 0xff, 0xc0, 0x0, 0x0,
    0x0, 0x9f, 0xf5, 0x0, 0x3f, 0xff, 0xff, 0xff,
    0xff, 0xff, 0xff, 0x50, 0x3, 0xff, 0xff, 0xff,
    0xff, 0xff, 0xff, 0xf5, 0x0, 0x3f, 0xfd, 0x66,
    0x66, 0x66, 0x6c, 0xff, 0x50, 0x3, 0xff, 0xc0,
    0x0, 0x0, 0x0, 0x9f, 0xf5, 0x0, 0x3f, 0xfc,
    0x0, 0x0, 0x0, 0x9, 0xff, 0x50, 0x3, 0xff,
    0xc0, 0x0, 0x0, 0x0, 0x9f, 0xf5, 0x0, 0x3f,
    0xfc, 0x0, 0x0, 0x0, 0x9, 0xff, 0x50, 0x3,
    0xff, 0xc0, 0x0, 0x0, 0x0, 0x9f, 0xf5, 0x0,
    0x3f, 0xfc, 0x0, 0x0, 0x0, 0x9, 0xff, 0x50,
    0x3, 0xff, 0xc0, 0x0, 0x0, 0x0, 0x9f, 0xf5,
    0x0,

    /* U+0127 "ħ" */
    0x0, 0x3f, 0xfa, 0x0, 0x0, 0x0, 0x0, 0x0,
    0x3f, 0xfa, 0x0, 0x0, 0x0, 0x0, 0x8f, 0xff,
    0xff, 0xff, 0x50, 0x0, 0x0, 0x8f, 0xff, 0xff,
    0xff, 0x50, 0x0, 0x0, 0x0, 0x3f, 0xfa, 0x0,
    0x0, 0x0, 0x0, 0x0, 0x3f, 0xfa, 0x2a, 0xef,
    0xd6, 0x0, 0x0, 0x3f, 0xfd, 0xff, 0xff, 0xff,
    0x60, 0x0, 0x3f, 0xff, 0xd7, 0x6b, 0xff, 0xe0,
    0x0, 0x3f, 0xfd, 0x0, 0x0, 0xdf, 0xf2, 0x0,
    0x3f, 0xfa, 0x0, 0x0, 0xaf, 0xf3, 0x0, 0x3f,
    0xfa, 0x0, 0x0, 0x9f, 0xf4, 0x0, 0x3f, 0xfa,
    0x0, 0x0, 0x9f, 0xf4, 0x0, 0x3f, 0xfa, 0x0,
    0x0, 0x9f, 0xf4, 0x0, 0x3f, 0xfa, 0x0, 0x0,
    0x9f, 0xf4, 0x0, 0x3f, 0xfa, 0x0, 0x0, 0x9f,
    0xf4, 0x0, 0x3f, 0xfa, 0x0, 0x0, 0x9f, 0xf4,
    0x0, 0x3f, 0xfa, 0x0, 0x0, 0x9f, 0xf4, 0x0,
    0x3f, 0xfa, 0x0, 0x0, 0x9f, 0xf4,

    /* U+0128 "Ĩ" */
    0x0, 0x0, 0x0, 0x1, 0x0, 0x8e, 0xc5, 0x4,
    0xf9, 0x8f, 0xff, 0xff, 0xff, 0x5d, 0xf2, 0x19,
    0xee, 0x70, 0x0, 0x0, 0x0, 0x0, 0x0, 0x0,
    0x0, 0x0, 0x0, 0x0, 0x1f, 0xfd, 0x0, 0x0,
    0x1, 0xff, 0xd0, 0x0, 0x0, 0x1f, 0xfd, 0x0,
    0x0, 0x1, 0xff, 0xd0, 0x0, 0x0, 0x1f, 0xfd,
    0x0, 0x0, 0x1, 0xff, 0xd0, 0x0, 0x0, 0x1f,
    0xfd, 0x0, 0x0, 0x1, 0xff, 0xd0, 0x0, 0x0,
    0x1f, 0xfd, 0x0, 0x0, 0x1, 0xff, 0xd0, 0x0,
    0x0, 0x1f, 0xfd, 0x0, 0x0, 0x1, 0xff, 0xd0,
    0x0, 0x0, 0x1f, 0xfd, 0x0, 0x0, 0x1, 0xff,
    0xd0, 0x0, 0x0, 0x1f, 0xfd, 0x0, 0x0, 0x1,
    0xff, 0xd0, 0x0, 0x0, 0x1f, 0xfd, 0x0, 0x0,

    /* U+0129 "ĩ" */
    0x0, 0x0, 0x0, 0x0, 0x10, 0x1, 0xbf, 0xb5,
    0x8, 0xf5, 0xc, 0xff, 0xff, 0xff, 0xf1, 0xe,
    0xb0, 0x29, 0xec, 0x40, 0x0, 0x0, 0x0, 0x0,
    0x0, 0x0, 0x0, 0x0, 0x0, 0x0, 0x0, 0x5,
    0xff, 0x80, 0x0, 0x0, 0x5, 0xff, 0x80, 0x0,
    0x0, 0x5, 0xff, 0x80, 0x0, 0x0, 0x5, 0xff,
    0x80, 0x0, 0x0, 0x5, 0xff, 0x80, 0x0, 0x0,
    0x5, 0xff, 0x80, 0x0, 0x0, 0x5, 0xff, 0x80,
    0x0, 0x0, 0x5, 0xff, 0x80, 0x0, 0x0, 0x5,
    0xff, 0x80, 0x0, 0x0, 0x5, 0xff, 0x80, 0x0,
    0x0, 0x5, 0xff, 0x80, 0x0, 0x0, 0x5, 0xff,
    0x80, 0x0, 0x0, 0x5, 0xff, 0x80, 0x0,

    /* U+012A "Ī" */
    0xdf, 0xff, 0xff, 0xff, 0xbb, 0xdd, 0xdd, 0xdd,
    0xd9, 0x0, 0x0, 0x0, 0x0, 0x0, 0x0, 0x0,
    0x0, 0x0, 0x0, 0x1f, 0xfd, 0x0, 0x0, 0x1,
    0xff, 0xd0, 0x0, 0x0, 0x1f, 0xfd, 0x0, 0x0,
    0x1, 0xff, 0xd0, 0x0, 0x0, 0x1f, 0xfd, 0x0,
    0x0, 0x1, 0xff, 0xd0, 0x0, 0x0, 0x1f, 0xfd,
    0x0, 0x0, 0x1, 0xff, 0xd0, 0x0, 0x0, 0x1f,
    0xfd, 0x0, 0x0, 0x1, 0xff, 0xd0, 0x0, 0x0,
    0x1f, 0xfd, 0x0, 0x0, 0x1, 0xff, 0xd0, 0x0,
    0x0, 0x1f, 0xfd, 0x0, 0x0, 0x1, 0xff, 0xd0,
    0x0, 0x0, 0x1f, 0xfd, 0x0, 0x0, 0x1, 0xff,
    0xd0, 0x0, 0x0, 0x1f, 0xfd, 0x0, 0x0,

    /* U+012B "ī" */
    0x1f, 0xff, 0xff, 0xff, 0xf7, 0xd, 0xdd, 0xdd,
    0xdd, 0xd6, 0x0, 0x0, 0x0, 0x0, 0x0, 0x0,
    0x0, 0x0, 0x0, 0x0, 0x0, 0x5, 0xff, 0x80,
    0x0, 0x0, 0x5, 0xff, 0x80, 0x0, 0x0, 0x5,
    0xff, 0x80, 0x0, 0x0, 0x5, 0xff, 0x80, 0x0,
    0x0, 0x5, 0xff, 0x80, 0x0, 0x0, 0x5, 0xff,
    0x80, 0x0, 0x0, 0x5, 0xff, 0x80, 0x0, 0x0,
    0x5, 0xff, 0x80, 0x0, 0x0, 0x5, 0xff, 0x80,
    0x0, 0x0, 0x5, 0xff, 0x80, 0x0, 0x0, 0x5,
    0xff, 0x80, 0x0, 0x0, 0x5, 0xff, 0x80, 0x0,
    0x0, 0x5, 0xff, 0x80, 0x0,

    /* U+012C "Ĭ" */
    0x28, 0x60, 0x0, 0x78, 0x13, 0xff, 0x30, 0x6f,
    0xf0, 0x9, 0xff, 0xff, 0xf6, 0x0, 0x4, 0x9a,
    0x82, 0x0, 0x0, 0x0, 0x0, 0x0, 0x0, 0x1,
    0xff, 0xd0, 0x0, 0x0, 0x1f, 0xfd, 0x0, 0x0,
    0x1, 0xff, 0xd0, 0x0, 0x0, 0x1f, 0xfd, 0x0,
    0x0, 0x1, 0xff, 0xd0, 0x0, 0x0, 0x1f, 0xfd,
    0x0, 0x0, 0x1, 0xff, 0xd0, 0x0, 0x0, 0x1f,
    0xfd, 0x0, 0x0, 0x1, 0xff, 0xd0, 0x0, 0x0,
    0x1f, 0xfd, 0x0, 0x0, 0x1, 0xff, 0xd0, 0x0,
    0x0, 0x1f, 0xfd, 0x0, 0x0, 0x1, 0xff, 0xd0,
    0x0, 0x0, 0x1f, 0xfd, 0x0, 0x0, 0x1, 0xff,
    0xd0, 0x0, 0x0, 0x1f, 0xfd, 0x0, 0x0, 0x1,
    0xff, 0xd0, 0x0,

    /* U+012D "ĭ" */
    0x9f, 0x90, 0x4, 0xfe, 0x5f, 0xe2, 0x1b, 0xfa,
    0xb, 0xff, 0xff, 0xe2, 0x0, 0x5a, 0xa7, 0x10,
    0x0, 0x0, 0x0, 0x0, 0x0, 0x5f, 0xf8, 0x0,
    0x0, 0x5f, 0xf8, 0x0, 0x0, 0x5f, 0xf8, 0x0,
    0x0, 0x5f, 0xf8, 0x0, 0x0, 0x5f, 0xf8, 0x0,
    0x0, 0x5f, 0xf8, 0x0, 0x0, 0x5f, 0xf8, 0x0,
    0x0, 0x5f, 0xf8, 0x0, 0x0, 0x5f, 0xf8, 0x0,
    0x0, 0x5f, 0xf8, 0x0, 0x0, 0x5f, 0xf8, 0x0,
    0x0, 0x5f, 0xf8, 0x0, 0x0, 0x5f, 0xf8, 0x0,

    /* U+012E "Į" */
    0x1, 0xff, 0xd0, 0x1f, 0xfd, 0x1, 0xff, 0xd0,
    0x1f, 0xfd, 0x1, 0xff, 0xd0, 0x1f, 0xfd, 0x1,
    0xff, 0xd0, 0x1f, 0xfd, 0x1, 0xff, 0xd0, 0x1f,
    0xfd, 0x1, 0xff, 0xd0, 0x1f, 0xfd, 0x1, 0xff,
    0xd0, 0x1f, 0xfd, 0x1, 0xff, 0xd0, 0x1f, 0xfd,
    0x1, 0xff, 0xe0, 0xbf, 0xa0, 0x7f, 0xc0, 0xb,
    0xfa, 0x0, 0x8f, 0xff, 0x81, 0xaf, 0xe6,

    /* U+012F "į" */
    0x2, 0xde, 0x40, 0x7f, 0xfa, 0x3, 0xef, 0x40,
    0x0, 0x0, 0x5, 0xff, 0x70, 0x5f, 0xf7, 0x5,
    0xff, 0x70, 0x5f, 0xf7, 0x5, 0xff, 0x70, 0x5f,
    0xf7, 0x5, 0xff, 0x70, 0x5f, 0xf7, 0x5, 0xff,
    0x70, 0x5f, 0xf7, 0x5, 0xff, 0x70, 0x5f, 0xf7,
    0x6, 0xff, 0x72, 0xdf, 0x70, 0xbf, 0x80, 0xf,
    0xf6, 0x0, 0xdf, 0xff, 0x43, 0xcf, 0xd3,

    /* U+0130 "İ" */
    0xb, 0xf7, 0x1f, 0xfd, 0x9, 0xd6, 0x0, 0x0,
    0x1f, 0xfd, 0x1f, 0xfd, 0x1f, 0xfd, 0x1f, 0xfd,
    0x1f, 0xfd, 0x1f, 0xfd, 0x1f, 0xfd, 0x1f, 0xfd,
    0x1f, 0xfd, 0x1f, 0xfd, 0x1f, 0xfd, 0x1f, 0xfd,
    0x1f, 0xfd, 0x1f, 0xfd, 0x1f, 0xfd, 0x1f, 0xfd,
    0x1f, 0xfd,

    /* U+0131 "ı" */
    0x5f, 0xf8, 0x5f, 0xf8, 0x5f, 0xf8, 0x5f, 0xf8,
    0x5f, 0xf8, 0x5f, 0xf8, 0x5f, 0xf8, 0x5f, 0xf8,
    0x5f, 0xf8, 0x5f, 0xf8, 0x5f, 0xf8, 0x5f, 0xf8,
    0x5f, 0xf8,

    /* U+0132 "Ĳ" */
    0x1f, 0xfd, 0x0, 0x0, 0x0, 0x0, 0x0, 0x8f,
    0xf7, 0x1f, 0xfd, 0x0, 0x0, 0x0, 0x0, 0x0,
    0x8f, 0xf7, 0x1f, 0xfd, 0x0, 0x0, 0x0, 0x0,
    0x0, 0x8f, 0xf7, 0x1f, 0xfd, 0x0, 0x0, 0x0,
    0x0, 0x0, 0x8f, 0xf7, 0x1f, 0xfd, 0x0, 0x0,
    0x0, 0x0, 0x0, 0x8f, 0xf7, 0x1f, 0xfd, 0x0,
    0x0, 0x0, 0x0, 0x0, 0x8f, 0xf7, 0x1f, 0xfd,
    0x0, 0x0, 0x0, 0x0, 0x0, 0x8f, 0xf7, 0x1f,
    0xfd, 0x0, 0x0, 0x0, 0x0, 0x0, 0x8f, 0xf7,
    0x1f, 0xfd, 0x0, 0x0, 0x0, 0x0, 0x0, 0x8f,
    0xf7, 0x1f, 0xfd, 0x0, 0x0, 0x0, 0x0, 0x0,
    0x8f, 0xf7, 0x1f, 0xfd, 0x0, 0x0, 0x0, 0x0,
    0x0, 0x8f, 0xf7, 0x1f, 0xfd, 0x0, 0x0, 0x0,
    0x0, 0x0, 0x8f, 0xf7, 0x1f, 0xfd, 0x0, 0x9d,
    0xd4, 0x0, 0x0, 0x9f, 0xf6, 0x1f, 0xfd, 0x0,
    0x8f, 0xf8, 0x0, 0x0, 0xdf, 0xf2, 0x1f, 0xfd,
    0x0, 0x2f, 0xff, 0x73, 0x4b, 0xff, 0xb0, 0x1f,
    0xfd, 0x0, 0x6, 0xff, 0xff, 0xff, 0xfd, 0x10,
    0x1f, 0xfd, 0x0, 0x0, 0x3a, 0xef, 0xfc, 0x70,
    0x0,

    /* U+0133 "ĳ" */
    0x2d, 0xe4, 0x0, 0x2d, 0xe4, 0x7f, 0xfa, 0x0,
    0x7f, 0xfa, 0x3e, 0xf4, 0x0, 0x3e, 0xf4, 0x0,
    0x0, 0x0, 0x0, 0x0, 0x5f, 0xf7, 0x0, 0x4f,
    0xf9, 0x5f, 0xf7, 0x0, 0x4f, 0xf9, 0x5f, 0xf7,
    0x0, 0x4f, 0xf9, 0x5f, 0xf7, 0x0, 0x4f, 0xf9,
    0x5f, 0xf7, 0x0, 0x4f, 0xf9, 0x5f, 0xf7, 0x0,
    0x4f, 0xf9, 0x5f, 0xf7, 0x0, 0x4f, 0xf9, 0x5f,
    0xf7, 0x0, 0x4f, 0xf9, 0x5f, 0xf7, 0x0, 0x4f,
    0xf9, 0x5f, 0xf7, 0x0, 0x4f, 0xf9, 0x5f, 0xf7,
    0x0, 0x4f, 0xf9, 0x5f, 0xf7, 0x0, 0x4f, 0xf9,
    0x5f, 0xf7, 0x0, 0x4f, 0xf9, 0x0, 0x0, 0x0,
    0x4f, 0xf8, 0x0, 0x0, 0x0, 0x5f, 0xf7, 0x0,
    0x0, 0x56, 0xdf, 0xf5, 0x0, 0x0, 0xcf, 0xff,
    0xd0, 0x0, 0x0, 0xaf, 0xea, 0x20,

    /* U+0134 "Ĵ" */
    0x0, 0x0, 0x0, 0x0, 0x5f, 0xf4, 0x0, 0x0,
    0x0, 0x0, 0x4, 0xfe, 0xff, 0x30, 0x0, 0x0,
    0x0, 0x4f, 0xf3, 0x4f, 0xe2, 0x0, 0x0, 0x0,
    0x78, 0x30, 0x4, 0x86, 0x0, 0x0, 0x0, 0x0,
    0x0, 0x0, 0x0, 0x0, 0x0, 0x0, 0x0, 0x4f,
    0xfa, 0x0, 0x0, 0x0, 0x0, 0x0, 0x4f, 0xfa,
    0x0, 0x0, 0x0, 0x0, 0x0, 0x4f, 0xfa, 0x0,
    0x0, 0x0, 0x0, 0x0, 0x4f, 0xfa, 0x0, 0x0,
    0x0, 0x0, 0x0, 0x4f, 0xfa, 0x0, 0x0, 0x0,
    0x0, 0x0, 0x4f, 0xfa, 0x0, 0x0, 0x0, 0x0,
    0x0, 0x4f, 0xfa, 0x0, 0x0, 0x0, 0x0, 0x0,
    0x4f, 0xfa, 0x0, 0x0, 0x0, 0x0, 0x0, 0x4f,
    0xfa, 0x0, 0x0, 0x0, 0x0, 0x0, 0x4f, 0xfa,
    0x0, 0x0, 0x0, 0x0, 0x0, 0x4f, 0xfa, 0x0,
    0x0, 0x0, 0x0, 0x0, 0x4f, 0xfa, 0x0, 0x6f,
    0xf8, 0x0, 0x0, 0x6f, 0xf9, 0x0, 0x4f, 0xfd,
    0x0, 0x0, 0xcf, 0xf6, 0x0, 0xd, 0xff, 0xd7,
    0x7c, 0xff, 0xe0, 0x0, 0x3, 0xef, 0xff, 0xff,
    0xfe, 0x30, 0x0, 0x0, 0x18, 0xdf, 0xfd, 0x91,
    0x0, 0x0,

    /* U+0135 "ĵ" */
    0x0, 0x3e, 0xf8, 0x0, 0x0, 0x2e, 0xfd, 0xf7,
    0x0, 0x2e, 0xf5, 0x1c, 0xf6, 0x4, 0x53, 0x0,
    0x15, 0x50, 0x0, 0x0, 0x0, 0x0, 0x0, 0x1,
    0xff, 0xb0, 0x0, 0x0, 0x1f, 0xfb, 0x0, 0x0,
    0x1, 0xff, 0xb0, 0x0, 0x0, 0x1f, 0xfb, 0x0,
    0x0, 0x1, 0xff, 0xb0, 0x0, 0x0, 0x1f, 0xfb,
    0x0, 0x0, 0x1, 0xff, 0xb0, 0x0, 0x0, 0x1f,
    0xfb, 0x0, 0x0, 0x1, 0xff, 0xb0, 0x0, 0x0,
    0x1f, 0xfb, 0x0, 0x0, 0x1, 0xff, 0xb0, 0x0,
    0x0, 0x1f, 0xfb, 0x0, 0x0, 0x1, 0xff, 0xb0,
    0x0, 0x0, 0x2f, 0xfb, 0x0, 0x0, 0x4, 0xff,
    0xa0, 0x0, 0x45, 0xcf, 0xf6, 0x0, 0xc, 0xff,
    0xfd, 0x0, 0x0, 0xbf, 0xe9, 0x10, 0x0, 0x0,

    /* U+0136 "Ķ" */
    0x4f, 0xfb, 0x0, 0x0, 0x2, 0xef, 0xf7, 0x4,
    0xff, 0xb0, 0x0, 0x1, 0xdf, 0xfa, 0x0, 0x4f,
    0xfb, 0x0, 0x0, 0xbf, 0xfc, 0x0, 0x4, 0xff,
    0xb0, 0x0, 0x9f, 0xfe, 0x10, 0x0, 0x4f, 0xfb,
    0x0, 0x7f, 0xff, 0x20, 0x0, 0x4, 0xff, 0xb0,
    0x4f, 0xff, 0x40, 0x0, 0x0, 0x4f, 0xfb, 0x2f,
    0xff, 0x70, 0x0, 0x0, 0x4, 0xff, 0xcd, 0xff,
    0xc0, 0x0, 0x0, 0x0, 0x4f, 0xff, 0xff, 0xff,
    0x40, 0x0, 0x0, 0x4, 0xff, 0xff, 0xef, 0xfe,
    0x10, 0x0, 0x0, 0x4f, 0xff, 0xc0, 0xcf, 0xfa,
    0x0, 0x0, 0x4, 0xff, 0xd1, 0x1, 0xff, 0xf6,
    0x0, 0x0, 0x4f, 0xfb, 0x0, 0x5, 0xff, 0xf2,
    0x0, 0x4, 0xff, 0xb0, 0x0, 0xa, 0xff, 0xc0,
    0x0, 0x4f, 0xfb, 0x0, 0x0, 0x1e, 0xff, 0x80,
    0x4, 0xff, 0xb0, 0x0, 0x0, 0x4f, 0xff, 0x30,
    0x4f, 0xfb, 0x0, 0x0, 0x0, 0x9f, 0xfd, 0x0,
    0x0, 0x0, 0x0, 0x0, 0x0, 0x0, 0x0, 0x0,
    0x0, 0x7, 0xfe, 0x0, 0x0, 0x0, 0x0, 0x0,
    0x0, 0x8f, 0xd0, 0x0, 0x0, 0x0, 0x0, 0x0,
    0xb, 0xf9, 0x0, 0x0, 0x0, 0x0, 0x0, 0x2,
    0xff, 0x30, 0x0, 0x0, 0x0, 0x0, 0x0, 0x8,
    0x70, 0x0, 0x0, 0x0, 0x0,

    /* U+0137 "ķ" */
    0x8f, 0xf5, 0x0, 0x0, 0x0, 0x0, 0x8f, 0xf5,
    0x0, 0x0, 0x0, 0x0, 0x8f, 0xf5, 0x0, 0x0,
    0x0, 0x0, 0x8f, 0xf5, 0x0, 0x0, 0x0, 0x0,
    0x8f, 0xf5, 0x0, 0x0, 0x0, 0x0, 0x8f, 0xf5,
    0x0, 0xb, 0xff, 0xa0, 0x8f, 0xf5, 0x0, 0x9f,
    0xfc, 0x0, 0x8f, 0xf5, 0x7, 0xff, 0xd1, 0x0,
    0x8f, 0xf5, 0x5f, 0xfe, 0x20, 0x0, 0x8f, 0xf8,
    0xff, 0xf3, 0x0, 0x0, 0x8f, 0xff, 0xff, 0x90,
    0x0, 0x0, 0x8f, 0xff, 0xff, 0xf2, 0x0, 0x0,
    0x8f, 0xff, 0xcf, 0xfd, 0x0, 0x0, 0x8f, 0xf9,
    0xb, 0xff, 0x80, 0x0, 0x8f, 0xf5, 0x1, 0xef,
    0xf3, 0x0, 0x8f, 0xf5, 0x0, 0x5f, 0xfd, 0x0,
    0x8f, 0xf5, 0x0, 0xa, 0xff, 0x90, 0x8f, 0xf5,
    0x0, 0x1, 0xef, 0xf4, 0x0, 0x0, 0x0, 0x0,
    0x0, 0x0, 0x0, 0x0, 0xcf, 0x90, 0x0, 0x0,
    0x0, 0x0, 0xdf, 0x80, 0x0, 0x0, 0x0, 0x0,
    0xff, 0x40, 0x0, 0x0, 0x0, 0x6, 0xfd, 0x0,
    0x0, 0x0, 0x0, 0x2, 0xa3, 0x0, 0x0, 0x0,

    /* U+0138 "ĸ" */
    0x5f, 0xf8, 0x0, 0x0, 0xdf, 0xf9, 0x5, 0xff,
    0x80, 0x0, 0xaf, 0xfc, 0x0, 0x5f, 0xf8, 0x0,
    0x6f, 0xff, 0x20, 0x5, 0xff, 0x80, 0x2f, 0xff,
    0x50, 0x0, 0x5f, 0xf8, 0xd, 0xff, 0x90, 0x0,
    0x5, 0xff, 0xcb, 0xff, 0xc0, 0x0, 0x0, 0x5f,
    0xff, 0xff, 0xf4, 0x0, 0x0, 0x5, 0xff, 0xff,
    0xff, 0xd0, 0x0, 0x0, 0x5f, 0xf8, 0xc, 0xff,
    0xa0, 0x0, 0x5, 0xff, 0x80, 0x1e, 0xff, 0x70,
    0x0, 0x5f, 0xf8, 0x0, 0x4f, 0xff, 0x40, 0x5,
    0xff, 0x80, 0x0, 0x8f, 0xfe, 0x20, 0x5f, 0xf8,
    0x0, 0x0, 0xbf, 0xfd, 0x0,

    /* U+0139 "Ĺ" */
    0x0, 0x3f, 0xfd, 0x10, 0x0, 0x0, 0x0, 0xcf,
    0xf2, 0x0, 0x0, 0x0, 0x5, 0xff, 0x40, 0x0,
    0x0, 0x0, 0xe, 0xf7, 0x0, 0x0, 0x0, 0x0,
    0x0, 0x0, 0x0, 0x0, 0x0, 0x0, 0x4f, 0xfb,
    0x0, 0x0, 0x0, 0x0, 0x4f, 0xfb, 0x0, 0x0,
    0x0, 0x0, 0x4f, 0xfb, 0x0, 0x0, 0x0, 0x0,
    0x4f, 0xfb, 0x0, 0x0, 0x0, 0x0, 0x4f, 0xfb,
    0x0, 0x0, 0x0, 0x0, 0x4f, 0xfb, 0x0, 0x0,
    0x0, 0x0, 0x4f, 0xfb, 0x0, 0x0, 0x0, 0x0,
    0x4f, 0xfb, 0x0, 0x0, 0x0, 0x0, 0x4f, 0xfb,
    0x0, 0x0, 0x0, 0x0, 0x4f, 0xfb, 0x0, 0x0,
    0x0, 0x0, 0x4f, 0xfb, 0x0, 0x0, 0x0, 0x0,
    0x4f, 0xfb, 0x0, 0x0, 0x0, 0x0, 0x4f, 0xfb,
    0x0, 0x0, 0x0, 0x0, 0x4f, 0xfb, 0x0, 0x0,
    0x0, 0x0, 0x4f, 0xfd, 0x66, 0x66, 0x66, 0x62,
    0x4f, 0xff, 0xff, 0xff, 0xff, 0xf7, 0x4f, 0xff,
    0xff, 0xff, 0xff, 0xf7,

    /* U+013A "ĺ" */
    0x0, 0x6f, 0xfa, 0x0, 0x1f, 0xfb, 0x0, 0xb,
    0xfc, 0x0, 0x1, 0x87, 0x10, 0x0, 0x0, 0x0,
    0x0, 0x5, 0xff, 0x70, 0x0, 0x5f, 0xf7, 0x0,
    0x5, 0xff, 0x70, 0x0, 0x5f, 0xf7, 0x0, 0x5,
    0xff, 0x70, 0x0, 0x5f, 0xf7, 0x0, 0x5, 0xff,
    0x70, 0x0, 0x5f, 0xf7, 0x0, 0x5, 0xff, 0x70,
    0x0, 0x5f, 0xf7, 0x0, 0x5, 0xff, 0x70, 0x0,
    0x5f, 0xf7, 0x0, 0x5, 0xff, 0x70, 0x0, 0x5f,
    0xf7, 0x0, 0x5, 0xff, 0x70, 0x0, 0x5f, 0xf7,
    0x0, 0x5, 0xff, 0x70, 0x0, 0x5f, 0xf7, 0x0,
    0x0,

    /* U+013B "Ļ" */
    0x4f, 0xfb, 0x0, 0x0, 0x0, 0x0, 0x4f, 0xfb,
    0x0, 0x0, 0x0, 0x0, 0x4f, 0xfb, 0x0, 0x0,
    0x0, 0x0, 0x4f, 0xfb, 0x0, 0x0, 0x0, 0x0,
    0x4f, 0xfb, 0x0, 0x0, 0x0, 0x0, 0x4f, 0xfb,
    0x0, 0x0, 0x0, 0x0, 0x4f, 0xfb, 0x0, 0x0,
    0x0, 0x0, 0x4f, 0xfb, 0x0, 0x0, 0x0, 0x0,
    0x4f, 0xfb, 0x0, 0x0, 0x0, 0x0, 0x4f, 0xfb,
    0x0, 0x0, 0x0, 0x0, 0x4f, 0xfb, 0x0, 0x0,
    0x0, 0x0, 0x4f, 0xfb, 0x0, 0x0, 0x0, 0x0,
    0x4f, 0xfb, 0x0, 0x0, 0x0, 0x0, 0x4f, 0xfb,
    0x0, 0x0, 0x0, 0x0, 0x4f, 0xfd, 0x66, 0x66,
    0x66, 0x62, 0x4f, 0xff, 0xff, 0xff, 0xff, 0xf7,
    0x4f, 0xff, 0xff, 0xff, 0xff, 0xf7, 0x0, 0x0,
    0x0, 0x0, 0x0, 0x0, 0x0, 0x0, 0xf, 0xf5,
    0x0, 0x0, 0x0, 0x0, 0x1f, 0xf4, 0x0, 0x0,
    0x0, 0x0, 0x4f, 0xf1, 0x0, 0x0, 0x0, 0x0,
    0xaf, 0x90, 0x0, 0x0, 0x0, 0x0, 0x4b, 0x10,
    0x0, 0x0,

    /* U+013C "ļ" */
    0x5f, 0xf7, 0x5f, 0xf7, 0x5f, 0xf7, 0x5f, 0xf7,
    0x5f, 0xf7, 0x5f, 0xf7, 0x5f, 0xf7, 0x5f, 0xf7,
    0x5f, 0xf7, 0x5f, 0xf7, 0x5f, 0xf7, 0x5f, 0xf7,
    0x5f, 0xf7, 0x5f, 0xf7, 0x5f, 0xf7, 0x5f, 0xf7,
    0x5f, 0xf7, 0x5f, 0xf7, 0x0, 0x0, 0x1f, 0xf3,
    0x2f, 0xf2, 0x5f, 0xe0, 0xcf, 0x80, 0x4b, 0x0,

    /* U+013D "Ľ" */
    0x4f, 0xfb, 0x0, 0x3f, 0xf2, 0x0, 0x4f, 0xfb,
    0x0, 0x3f, 0xf1, 0x0, 0x4f, 0xfb, 0x0, 0x7f,
    0xd0, 0x0, 0x4f, 0xfb, 0x0, 0xdf, 0x60, 0x0,
    0x4f, 0xfb, 0x0, 0x49, 0x0, 0x0, 0x4f, 0xfb,
    0x0, 0x0, 0x0, 0x0, 0x4f, 0xfb, 0x0, 0x0,
    0x0, 0x0, 0x4f, 0xfb, 0x0, 0x0, 0x0, 0x0,
    0x4f, 0xfb, 0x0, 0x0, 0x0, 0x0, 0x4f, 0xfb,
    0x0, 0x0, 0x0, 0x0, 0x4f, 0xfb, 0x0, 0x0,
    0x0, 0x0, 0x4f, 0xfb, 0x0, 0x0, 0x0, 0x0,
    0x4f, 0xfb, 0x0, 0x0, 0x0, 0x0, 0x4f, 0xfb,
    0x0, 0x0, 0x0, 0x0, 0x4f, 0xfd, 0x66, 0x66,
    0x66, 0x62, 0x4f, 0xff, 0xff, 0xff, 0xff, 0xf7,
    0x4f, 0xff, 0xff, 0xff, 0xff, 0xf7,

    /* U+013E "ľ" */
    0x5f, 0xf7, 0xa, 0xfb, 0x5f, 0xf7, 0xb, 0xfa,
    0x5f, 0xf7, 0xe, 0xf6, 0x5f, 0xf7, 0x5f, 0xe0,
    0x5f, 0xf7, 0x8, 0x40, 0x5f, 0xf7, 0x0, 0x0,
    0x5f, 0xf7, 0x0, 0x0, 0x5f, 0xf7, 0x0, 0x0,
    0x5f, 0xf7, 0x0, 0x0, 0x5f, 0xf7, 0x0, 0x0,
    0x5f, 0xf7, 0x0, 0x0, 0x5f, 0xf7, 0x0, 0x0,
    0x5f, 0xf7, 0x0, 0x0, 0x5f, 0xf7, 0x0, 0x0,
    0x5f, 0xf7, 0x0, 0x0, 0x5f, 0xf7, 0x0, 0x0,
    0x5f, 0xf7, 0x0, 0x0, 0x5f, 0xf7, 0x0, 0x0,

    /* U+013F "Ŀ" */
    0x4f, 0xfb, 0x0, 0x0, 0x0, 0x0, 0x4f, 0xfb,
    0x0, 0x0, 0x0, 0x0, 0x4f, 0xfb, 0x0, 0x0,
    0x0, 0x0, 0x4f, 0xfb, 0x0, 0x0, 0x0, 0x0,
    0x4f, 0xfb, 0x0, 0x0, 0x0, 0x0, 0x4f, 0xfb,
    0x0, 0x0, 0x0, 0x0, 0x4f, 0xfb, 0x0, 0xaf,
    0x80, 0x0, 0x4f, 0xfb, 0x1, 0xff, 0xe0, 0x0,
    0x4f, 0xfb, 0x0, 0x9d, 0x70, 0x0, 0x4f, 0xfb,
    0x0, 0x0, 0x0, 0x0, 0x4f, 0xfb, 0x0, 0x0,
    0x0, 0x0, 0x4f, 0xfb, 0x0, 0x0, 0x0, 0x0,
    0x4f, 0xfb, 0x0, 0x0, 0x0, 0x0, 0x4f, 0xfb,
    0x0, 0x0, 0x0, 0x0, 0x4f, 0xfd, 0x66, 0x66,
    0x66, 0x62, 0x4f, 0xff, 0xff, 0xff, 0xff, 0xf7,
    0x4f, 0xff, 0xff, 0xff, 0xff, 0xf7,

    /* U+0140 "ŀ" */
    0x5f, 0xf7, 0x0, 0x0, 0x5f, 0xf7, 0x0, 0x0,
    0x5f, 0xf7, 0x0, 0x0, 0x5f, 0xf7, 0x0, 0x0,
    0x5f, 0xf7, 0x0, 0x0, 0x5f, 0xf7, 0x0, 0x0,
    0x5f, 0xf7, 0x0, 0x0, 0x5f, 0xf7, 0xb, 0xd4,
    0x5f, 0xf7, 0x4f, 0xfb, 0x5f, 0xf7, 0x1c, 0xf5,
    0x5f, 0xf7, 0x0, 0x0, 0x5f, 0xf7, 0x0, 0x0,
    0x5f, 0xf7, 0x0, 0x0, 0x5f, 0xf7, 0x0, 0x0,
    0x5f, 0xf7, 0x0, 0x0, 0x5f, 0xf7, 0x0, 0x0,
    0x5f, 0xf7, 0x0, 0x0, 0x5f, 0xf7, 0x0, 0x0,

    /* U+0141 "Ł" */
    0x1, 0xff, 0xe0, 0x0, 0x0, 0x0, 0x0, 0x1f,
    0xfe, 0x0, 0x0, 0x0, 0x0, 0x1, 0xff, 0xe0,
    0x0, 0x0, 0x0, 0x0, 0x1f, 0xfe, 0x0, 0x0,
    0x0, 0x0, 0x1, 0xff, 0xe0, 0x0, 0x0, 0x0,
    0x0, 0x1f, 0xfe, 0x0, 0x0, 0x0, 0x0, 0x1,
    0xff, 0xe5, 0xa9, 0x0, 0x0, 0x0, 0x3f, 0xff,
    0xff, 0x70, 0x0, 0x0, 0x8f, 0xff, 0xf5, 0x10,
    0x0, 0x0, 0x7, 0x9f, 0xfe, 0x0, 0x0, 0x0,
    0x0, 0x1, 0xff, 0xe0, 0x0, 0x0, 0x0, 0x0,
    0x1f, 0xfe, 0x0, 0x0, 0x0, 0x0, 0x1, 0xff,
    0xe0, 0x0, 0x0, 0x0, 0x0, 0x1f, 0xfe, 0x0,
    0x0, 0x0, 0x0, 0x1, 0xff, 0xe6, 0x66, 0x66,
    0x66, 0x30, 0x1f, 0xff, 0xff, 0xff, 0xff, 0xfa,
    0x1, 0xff, 0xff, 0xff, 0xff, 0xff, 0xa0,

    /* U+0142 "ł" */
    0x0, 0xff, 0xd0, 0x0, 0xf, 0xfd, 0x0, 0x0,
    0xff, 0xd0, 0x0, 0xf, 0xfd, 0x0, 0x0, 0xff,
    0xd0, 0x0, 0xf, 0xfd, 0x0, 0x0, 0xff, 0xd0,
    0x0, 0xf, 0xfe, 0xa8, 0x4, 0xff, 0xff, 0x69,
    0xff, 0xfd, 0x10, 0x78, 0xff, 0xd0, 0x0, 0xf,
    0xfd, 0x0, 0x0, 0xff, 0xd0, 0x0, 0xf, 0xfd,
    0x0, 0x0, 0xff, 0xd0, 0x0, 0xf, 0xfd, 0x0,
    0x0, 0xff, 0xd0, 0x0, 0xf, 0xfd, 0x0,

    /* U+0143 "Ń" */
    0x0, 0x0, 0x0, 0x0, 0xef, 0xf3, 0x0, 0x0,
    0x0, 0x0, 0x0, 0x8f, 0xf6, 0x0, 0x0, 0x0,
    0x0, 0x0, 0x1f, 0xf9, 0x0, 0x0, 0x0, 0x0,
    0x0, 0xa, 0xfb, 0x0, 0x0, 0x0, 0x0, 0x0,
    0x0, 0x0, 0x0, 0x0, 0x0, 0x4, 0xff, 0xe1,
    0x0, 0x0, 0x0, 0xaf, 0xf4, 0x4f, 0xff, 0xa0,
    0x0, 0x0, 0xa, 0xff, 0x44, 0xff, 0xff, 0x40,
    0x0, 0x0, 0xaf, 0xf4, 0x4f, 0xff, 0xfd, 0x0,
    0x0, 0xa, 0xff, 0x44, 0xff, 0xff, 0xf8, 0x0,
    0x0, 0xaf, 0xf4, 0x4f, 0xfc, 0xef, 0xf2, 0x0,
    0xa, 0xff, 0x44, 0xff, 0xb5, 0xff, 0xc0, 0x0,
    0xaf, 0xf4, 0x4f, 0xfb, 0xa, 0xff, 0x60, 0xa,
    0xff, 0x44, 0xff, 0xb0, 0x1f, 0xff, 0x10, 0xaf,
    0xf4, 0x4f, 0xfb, 0x0, 0x6f, 0xfa, 0xa, 0xff,
    0x44, 0xff, 0xb0, 0x0, 0xcf, 0xf5, 0xaf, 0xf4,
    0x4f, 0xfb, 0x0, 0x2, 0xff, 0xeb, 0xff, 0x44,
    0xff, 0xb0, 0x0, 0x8, 0xff, 0xff, 0xf4, 0x4f,
    0xfb, 0x0, 0x0, 0xd, 0xff, 0xff, 0x44, 0xff,
    0xb0, 0x0, 0x0, 0x4f, 0xff, 0xf4, 0x4f, 0xfb,
    0x0, 0x0, 0x0, 0xaf, 0xff, 0x44, 0xff, 0xb0,
    0x0, 0x0, 0x1, 0xef, 0xf4,

    /* U+0144 "ń" */
    0x0, 0x0, 0x0, 0xcf, 0xf5, 0x0, 0x0, 0x0,
    0x6f, 0xf6, 0x0, 0x0, 0x0, 0x1f, 0xf7, 0x0,
    0x0, 0x0, 0x4, 0x76, 0x0, 0x0, 0x0, 0x0,
    0x0, 0x0, 0x0, 0x9, 0xff, 0x26, 0xcf, 0xfb,
    0x30, 0x9f, 0xfb, 0xff, 0xff, 0xff, 0x29, 0xff,
    0xfa, 0x67, 0xdf, 0xf9, 0x9f, 0xf9, 0x0, 0x2,
    0xff, 0xc9, 0xff, 0x40, 0x0, 0xf, 0xfe, 0x9f,
    0xf4, 0x0, 0x0, 0xff, 0xe9, 0xff, 0x40, 0x0,
    0xf, 0xfe, 0x9f, 0xf4, 0x0, 0x0, 0xff, 0xe9,
    0xff, 0x40, 0x0, 0xf, 0xfe, 0x9f, 0xf4, 0x0,
    0x0, 0xff, 0xe9, 0xff, 0x40, 0x0, 0xf, 0xfe,
    0x9f, 0xf4, 0x0, 0x0, 0xff, 0xe9, 0xff, 0x40,
    0x0, 0xf, 0xfe,

    /* U+0145 "Ņ" */
    0x4f, 0xfe, 0x10, 0x0, 0x0, 0xa, 0xff, 0x44,
    0xff, 0xfa, 0x0, 0x0, 0x0, 0xaf, 0xf4, 0x4f,
    0xff, 0xf4, 0x0, 0x0, 0xa, 0xff, 0x44, 0xff,
    0xff, 0xd0, 0x0, 0x0, 0xaf, 0xf4, 0x4f, 0xff,
    0xff, 0x80, 0x0, 0xa, 0xff, 0x44, 0xff, 0xce,
    0xff, 0x20, 0x0, 0xaf, 0xf4, 0x4f, 0xfb, 0x5f,
    0xfc, 0x0, 0xa, 0xff, 0x44, 0xff, 0xb0, 0xaf,
    0xf6, 0x0, 0xaf, 0xf4, 0x4f, 0xfb, 0x1, 0xff,
    0xf1, 0xa, 0xff, 0x44, 0xff, 0xb0, 0x6, 0xff,
    0xa0, 0xaf, 0xf4, 0x4f, 0xfb, 0x0, 0xc, 0xff,
    0x5a, 0xff, 0x44, 0xff, 0xb0, 0x0, 0x2f, 0xfe,
    0xbf, 0xf4, 0x4f, 0xfb, 0x0, 0x0, 0x8f, 0xff,
    0xff, 0x44, 0xff, 0xb0, 0x0, 0x0, 0xdf, 0xff,
    0xf4, 0x4f, 0xfb, 0x0, 0x0, 0x4, 0xff, 0xff,
    0x44, 0xff, 0xb0, 0x0, 0x0, 0xa, 0xff, 0xf4,
    0x4f, 0xfb, 0x0, 0x0, 0x0, 0x1e, 0xff, 0x40,
    0x0, 0x0, 0x0, 0x0, 0x0, 0x0, 0x0, 0x0,
    0x0, 0x0, 0xbf, 0xa0, 0x0, 0x0, 0x0, 0x0,
    0x0, 0xc, 0xf9, 0x0, 0x0, 0x0, 0x0, 0x0,
    0x0, 0xff, 0x50, 0x0, 0x0, 0x0, 0x0, 0x0,
    0x6f, 0xe0, 0x0, 0x0, 0x0, 0x0, 0x0, 0x1,
    0xa4, 0x0, 0x0, 0x0, 0x0,

    /* U+0146 "ņ" */
    0x9f, 0xf2, 0x6c, 0xff, 0xb3, 0x9, 0xff, 0xbf,
    0xff, 0xff, 0xf2, 0x9f, 0xff, 0xa6, 0x7d, 0xff,
    0x99, 0xff, 0x90, 0x0, 0x2f, 0xfc, 0x9f, 0xf4,
    0x0, 0x0, 0xff, 0xe9, 0xff, 0x40, 0x0, 0xf,
    0xfe, 0x9f, 0xf4, 0x0, 0x0, 0xff, 0xe9, 0xff,
    0x40, 0x0, 0xf, 0xfe, 0x9f, 0xf4, 0x0, 0x0,
    0xff, 0xe9, 0xff, 0x40, 0x0, 0xf, 0xfe, 0x9f,
    0xf4, 0x0, 0x0, 0xff, 0xe9, 0xff, 0x40, 0x0,
    0xf, 0xfe, 0x9f, 0xf4, 0x0, 0x0, 0xff, 0xe0,
    0x0, 0x0, 0x0, 0x0, 0x0, 0x0, 0x0, 0x8f,
    0xc0, 0x0, 0x0, 0x0, 0x9, 0xfb, 0x0, 0x0,
    0x0, 0x0, 0xcf, 0x80, 0x0, 0x0, 0x0, 0x3f,
    0xf2, 0x0, 0x0, 0x0, 0x0, 0x86, 0x0, 0x0,
    0x0,

    /* U+0147 "Ň" */
    0x0, 0x3, 0xff, 0x40, 0x4f, 0xf4, 0x0, 0x0,
    0x0, 0x4, 0xff, 0x7f, 0xf5, 0x0, 0x0, 0x0,
    0x0, 0x5, 0xff, 0xf5, 0x0, 0x0, 0x0, 0x0,
    0x0, 0x4, 0x84, 0x0, 0x0, 0x0, 0x0, 0x0,
    0x0, 0x0, 0x0, 0x0, 0x0, 0x4, 0xff, 0xe1,
    0x0, 0x0, 0x0, 0xaf, 0xf4, 0x4f, 0xff, 0xa0,
    0x0, 0x0, 0xa, 0xff, 0x44, 0xff, 0xff, 0x40,
    0x0, 0x0, 0xaf, 0xf4, 0x4f, 0xff, 0xfd, 0x0,
    0x0, 0xa, 0xff, 0x44, 0xff, 0xff, 0xf8, 0x0,
    0x0, 0xaf, 0xf4, 0x4f, 0xfc, 0xef, 0xf2, 0x0,
    0xa, 0xff, 0x44, 0xff, 0xb5, 0xff, 0xc0, 0x0,
    0xaf, 0xf4, 0x4f, 0xfb, 0xa, 0xff, 0x60, 0xa,
    0xff, 0x44, 0xff, 0xb0, 0x1f, 0xff, 0x10, 0xaf,
    0xf4, 0x4f, 0xfb, 0x0, 0x6f, 0xfa, 0xa, 0xff,
    0x44, 0xff, 0xb0, 0x0, 0xcf, 0xf5, 0xaf, 0xf4,
    0x4f, 0xfb, 0x0, 0x2, 0xff, 0xeb, 0xff, 0x44,
    0xff, 0xb0, 0x0, 0x8, 0xff, 0xff, 0xf4, 0x4f,
    0xfb, 0x0, 0x0, 0xd, 0xff, 0xff, 0x44, 0xff,
    0xb0, 0x0, 0x0, 0x4f, 0xff, 0xf4, 0x4f, 0xfb,
    0x0, 0x0, 0x0, 0xaf, 0xff, 0x44, 0xff, 0xb0,
    0x0, 0x0, 0x1, 0xef, 0xf4,

    /* U+0148 "ň" */
    0x1, 0xdf, 0x70, 0x2e, 0xf7, 0x0, 0x1, 0xdf,
    0x7e, 0xf7, 0x0, 0x0, 0x1, 0xdf, 0xf6, 0x0,
    0x0, 0x0, 0x1, 0x53, 0x0, 0x0, 0x0, 0x0,
    0x0, 0x0, 0x0, 0x9, 0xff, 0x26, 0xcf, 0xfb,
    0x30, 0x9f, 0xfb, 0xff, 0xff, 0xff, 0x29, 0xff,
    0xfa, 0x67, 0xdf, 0xf9, 0x9f, 0xf9, 0x0, 0x2,
    0xff, 0xc9, 0xff, 0x40, 0x0, 0xf, 0xfe, 0x9f,
    0xf4, 0x0, 0x0, 0xff, 0xe9, 0xff, 0x40, 0x0,
    0xf, 0xfe, 0x9f, 0xf4, 0x0, 0x0, 0xff, 0xe9,
    0xff, 0x40, 0x0, 0xf, 0xfe, 0x9f, 0xf4, 0x0,
    0x0, 0xff, 0xe9, 0xff, 0x40, 0x0, 0xf, 0xfe,
    0x9f, 0xf4, 0x0, 0x0, 0xff, 0xe9, 0xff, 0x40,
    0x0, 0xf, 0xfe,

    /* U+0149 "ŉ" */
    0x2, 0xff, 0x20, 0x0, 0x0, 0x0, 0x0, 0x3,
    0xff, 0x10, 0x0, 0x0, 0x0, 0x0, 0x7, 0xfd,
    0x0, 0x0, 0x0, 0x0, 0x0, 0xd, 0xf6, 0x0,
    0x0, 0x0, 0x0, 0x0, 0x3, 0x80, 0x0, 0x0,
    0x0, 0x0, 0x0, 0x0, 0x9, 0xff, 0x26, 0xcf,
    0xfb, 0x30, 0x0, 0x9, 0xff, 0xbf, 0xff, 0xff,
    0xf2, 0x0, 0x9, 0xff, 0xfa, 0x67, 0xdf, 0xf9,
    0x0, 0x9, 0xff, 0x90, 0x0, 0x2f, 0xfc, 0x0,
    0x9, 0xff, 0x40, 0x0, 0xf, 0xfe, 0x0, 0x9,
    0xff, 0x40, 0x0, 0xf, 0xfe, 0x0, 0x9, 0xff,
    0x40, 0x0, 0xf, 0xfe, 0x0, 0x9, 0xff, 0x40,
    0x0, 0xf, 0xfe, 0x0, 0x9, 0xff, 0x40, 0x0,
    0xf, 0xfe, 0x0, 0x9, 0xff, 0x40, 0x0, 0xf,
    0xfe, 0x0, 0x9, 0xff, 0x40, 0x0, 0xf, 0xfe,
    0x0, 0x9, 0xff, 0x40, 0x0, 0xf, 0xfe, 0x0,
    0x9, 0xff, 0x40, 0x0, 0xf, 0xfe,

    /* U+014A "Ŋ" */
    0x5f, 0xfe, 0x0, 0x0, 0x0, 0xe, 0xff, 0x15,
    0xff, 0xf8, 0x0, 0x0, 0x0, 0xef, 0xf1, 0x5f,
    0xff, 0xf3, 0x0, 0x0, 0xe, 0xff, 0x15, 0xff,
    0xff, 0xc0, 0x0, 0x0, 0xef, 0xf1, 0x5f, 0xff,
    0xff, 0x60, 0x0, 0xe, 0xff, 0x15, 0xff, 0xae,
    0xfe, 0x10, 0x0, 0xef, 0xf1, 0x5f, 0xfa, 0x5f,
    0xfa, 0x0, 0xe, 0xff, 0x15, 0xff, 0xa0, 0xbf,
    0xf3, 0x0, 0xef, 0xf1, 0x5f, 0xfa, 0x2, 0xff,
    0xd0, 0xe, 0xff, 0x15, 0xff, 0xa0, 0x7, 0xff,
    0x70, 0xef, 0xf1, 0x5f, 0xfa, 0x0, 0xd, 0xff,
    0x2e, 0xff, 0x15, 0xff, 0xa0, 0x0, 0x4f, 0xfb,
    0xef, 0xf1, 0x5f, 0xfa, 0x0, 0x0, 0xaf, 0xff,
    0xff, 0x15, 0xff, 0xa0, 0x0, 0x1, 0xef, 0xff,
    0xf1, 0x5f, 0xfa, 0x0, 0x0, 0x6, 0xff, 0xff,
    0x15, 0xff, 0xa0, 0x0, 0x0, 0xc, 0xff, 0xf1,
    0x5f, 0xfa, 0x0, 0x0, 0x0, 0x3f, 0xff, 0x10,
    0x0, 0x0, 0x0, 0x0, 0x0, 0xef, 0xf1, 0x0,
    0x0, 0x0, 0x0, 0x0, 0xf, 0xff, 0x0, 0x0,
    0x0, 0x0, 0x3, 0x7b, 0xff, 0xc0, 0x0, 0x0,
    0x0, 0x0, 0x8f, 0xff, 0xf4, 0x0, 0x0, 0x0,
    0x0, 0x8, 0xff, 0xb3, 0x0,

    /* U+014B "ŋ" */
    0x8f, 0xf1, 0x4c, 0xff, 0xb3, 0x0, 0x8f, 0xf8,
    0xff, 0xff, 0xff, 0x20, 0x8f, 0xff, 0xa6, 0x6d,
    0xff, 0xa0, 0x8f, 0xf7, 0x0, 0x1, 0xff, 0xe0,
    0x8f, 0xf5, 0x0, 0x0, 0xdf, 0xf0, 0x8f, 0xf5,
    0x0, 0x0, 0xcf, 0xf1, 0x8f, 0xf5, 0x0, 0x0,
    0xcf, 0xf1, 0x8f, 0xf5, 0x0, 0x0, 0xcf, 0xf1,
    0x8f, 0xf5, 0x0, 0x0, 0xcf, 0xf1, 0x8f, 0xf5,
    0x0, 0x0, 0xcf, 0xf1, 0x8f, 0xf5, 0x0, 0x0,
    0xcf, 0xf1, 0x8f, 0xf5, 0x0, 0x0, 0xcf, 0xf1,
    0x8f, 0xf5, 0x0, 0x0, 0xcf, 0xf1, 0x0, 0x0,
    0x0, 0x0, 0xcf, 0xf1, 0x0, 0x0, 0x0, 0x0,
    0xef, 0xf0, 0x0, 0x0, 0x3, 0x6a, 0xff, 0xc0,
    0x0, 0x0, 0x7, 0xff, 0xff, 0x40, 0x0, 0x0,
    0x6, 0xff, 0xb3, 0x0,

    /* U+014C "Ō" */
    0x0, 0xe, 0xff, 0xff, 0xff, 0xf9, 0x0, 0x0,
    0x0, 0xce, 0xee, 0xee, 0xee, 0x80, 0x0, 0x0,
    0x0, 0x0, 0x0, 0x0, 0x0, 0x0, 0x0, 0x0,
    0x0, 0x0, 0x0, 0x0, 0x0, 0x0, 0x0, 0x0,
    0x6c, 0xef, 0xda, 0x30, 0x0, 0x0, 0x2, 0xdf,
    0xff, 0xff, 0xff, 0x90, 0x0, 0x1, 0xef, 0xfe,
    0x98, 0xaf, 0xff, 0x90, 0x0, 0xbf, 0xfa, 0x0,
    0x0, 0x3e, 0xff, 0x40, 0x2f, 0xfe, 0x0, 0x0,
    0x0, 0x5f, 0xfb, 0x7, 0xff, 0x80, 0x0, 0x0,
    0x0, 0xef, 0xf0, 0xaf, 0xf4, 0x0, 0x0, 0x0,
    0xb, 0xff, 0x3b, 0xff, 0x20, 0x0, 0x0, 0x0,
    0xaf, 0xf4, 0xcf, 0xf2, 0x0, 0x0, 0x0, 0x9,
    0xff, 0x5c, 0xff, 0x20, 0x0, 0x0, 0x0, 0xaf,
    0xf4, 0xaf, 0xf4, 0x0, 0x0, 0x0, 0xb, 0xff,
    0x37, 0xff, 0x80, 0x0, 0x0, 0x0, 0xef, 0xf1,
    0x2f, 0xfe, 0x0, 0x0, 0x0, 0x5f, 0xfb, 0x0,
    0xbf, 0xfa, 0x0, 0x0, 0x2e, 0xff, 0x40, 0x1,
    0xff, 0xfd, 0x87, 0xaf, 0xff, 0xa0, 0x0, 0x2,
    0xdf, 0xff, 0xff, 0xff, 0x90, 0x0, 0x0, 0x0,
    0x6c, 0xef, 0xda, 0x30, 0x0, 0x0,

    /* U+014D "ō" */
    0x0, 0x7f, 0xff, 0xff, 0xff, 0xf0, 0x0, 0x6,
    0xee, 0xee, 0xee, 0xee, 0x0, 0x0, 0x0, 0x0,
    0x0, 0x0, 0x0, 0x0, 0x0, 0x0, 0x0, 0x0,
    0x0, 0x0, 0x0, 0x1, 0x8d, 0xff, 0xc6, 0x0,
    0x0, 0x3, 0xef, 0xff, 0xff, 0xfb, 0x0, 0x1,
    0xef, 0xfa, 0x56, 0xdf, 0xfa, 0x0, 0x7f, 0xf8,
    0x0, 0x0, 0xef, 0xf2, 0xd, 0xff, 0x10, 0x0,
    0x7, 0xff, 0x70, 0xff, 0xd0, 0x0, 0x0, 0x3f,
    0xfa, 0x1f, 0xfc, 0x0, 0x0, 0x2, 0xff, 0xb0,
    0xff, 0xe0, 0x0, 0x0, 0x3f, 0xfa, 0xd, 0xff,
    0x10, 0x0, 0x6, 0xff, 0x70, 0x8f, 0xf8, 0x0,
    0x0, 0xdf, 0xf2, 0x1, 0xef, 0xf9, 0x55, 0xcf,
    0xfa, 0x0, 0x3, 0xef, 0xff, 0xff, 0xfb, 0x0,
    0x0, 0x1, 0x8d, 0xfe, 0xc6, 0x0, 0x0,

    /* U+014E "Ŏ" */
    0x0, 0x3, 0x85, 0x0, 0x8, 0x80, 0x0, 0x0,
    0x0, 0x4f, 0xe3, 0x7, 0xfe, 0x0, 0x0, 0x0,
    0x0, 0xbf, 0xff, 0xff, 0x50, 0x0, 0x0, 0x0,
    0x0, 0x59, 0xa8, 0x20, 0x0, 0x0, 0x0, 0x0,
    0x0, 0x0, 0x0, 0x0, 0x0, 0x0, 0x0, 0x6,
    0xce, 0xfd, 0xa3, 0x0, 0x0, 0x0, 0x2d, 0xff,
    0xff, 0xff, 0xf9, 0x0, 0x0, 0x1e, 0xff, 0xe9,
    0x8a, 0xff, 0xf9, 0x0, 0xb, 0xff, 0xa0, 0x0,
    0x3, 0xef, 0xf4, 0x2, 0xff, 0xe0, 0x0, 0x0,
    0x5, 0xff, 0xb0, 0x7f, 0xf8, 0x0, 0x0, 0x0,
    0xe, 0xff, 0xa, 0xff, 0x40, 0x0, 0x0, 0x0,
    0xbf, 0xf3, 0xbf, 0xf2, 0x0, 0x0, 0x0, 0xa,
    0xff, 0x4c, 0xff, 0x20, 0x0, 0x0, 0x0, 0x9f,
    0xf5, 0xcf, 0xf2, 0x0, 0x0, 0x0, 0xa, 0xff,
    0x4a, 0xff, 0x40, 0x0, 0x0, 0x0, 0xbf, 0xf3,
    0x7f, 0xf8, 0x0, 0x0, 0x0, 0xe, 0xff, 0x12,
    0xff, 0xe0, 0x0, 0x0, 0x5, 0xff, 0xb0, 0xb,
    0xff, 0xa0, 0x0, 0x2, 0xef, 0xf4, 0x0, 0x1f,
    0xff, 0xd8, 0x7a, 0xff, 0xfa, 0x0, 0x0, 0x2d,
    0xff, 0xff, 0xff, 0xf9, 0x0, 0x0, 0x0, 0x6,
    0xce, 0xfd, 0xa3, 0x0, 0x0,

    /* U+014F "ŏ" */
    0x0, 0xf, 0xf4, 0x0, 0xbf, 0x70, 0x0, 0x0,
    0x8f, 0xfb, 0xdf, 0xf2, 0x0, 0x0, 0x0, 0x6d,
    0xfe, 0xa2, 0x0, 0x0, 0x0, 0x0, 0x0, 0x0,
    0x0, 0x0, 0x0, 0x0, 0x0, 0x0, 0x0, 0x0,
    0x0, 0x0, 0x18, 0xdf, 0xfc, 0x60, 0x0, 0x0,
    0x3e, 0xff, 0xff, 0xff, 0xb0, 0x0, 0x1e, 0xff,
    0xa5, 0x6d, 0xff, 0xa0, 0x7, 0xff, 0x80, 0x0,
    0xe, 0xff, 0x20, 0xdf, 0xf1, 0x0, 0x0, 0x7f,
    0xf7, 0xf, 0xfd, 0x0, 0x0, 0x3, 0xff, 0xa1,
    0xff, 0xc0, 0x0, 0x0, 0x2f, 0xfb, 0xf, 0xfe,
    0x0, 0x0, 0x3, 0xff, 0xa0, 0xdf, 0xf1, 0x0,
    0x0, 0x6f, 0xf7, 0x8, 0xff, 0x80, 0x0, 0xd,
    0xff, 0x20, 0x1e, 0xff, 0x95, 0x5c, 0xff, 0xa0,
    0x0, 0x3e, 0xff, 0xff, 0xff, 0xb0, 0x0, 0x0,
    0x18, 0xdf, 0xec, 0x60, 0x0,

    /* U+0150 "Ő" */
    0x0, 0x0, 0x3, 0xff, 0x61, 0xef, 0xb0, 0x0,
    0x0, 0x0, 0xcf, 0xa0, 0xbf, 0xc0, 0x0, 0x0,
    0x0, 0x6f, 0xe1, 0x7f, 0xe1, 0x0, 0x0, 0x0,
    0x7, 0x93, 0x8, 0x92, 0x0, 0x0, 0x0, 0x0,
    0x0, 0x0, 0x0, 0x0, 0x0, 0x0, 0x0, 0x6,
    0xce, 0xfd, 0xa3, 0x0, 0x0, 0x0, 0x2d, 0xff,
    0xff, 0xff, 0xf9, 0x0, 0x0, 0x1e, 0xff, 0xe9,
    0x8a, 0xff, 0xf9, 0x0, 0xb, 0xff, 0xa0, 0x0,
    0x3, 0xef, 0xf4, 0x2, 0xff, 0xe0, 0x0, 0x0,
    0x5, 0xff, 0xb0, 0x7f, 0xf8, 0x0, 0x0, 0x0,
    0xe, 0xff, 0xa, 0xff, 0x40, 0x0, 0x0, 0x0,
    0xbf, 0xf3, 0xbf, 0xf2, 0x0, 0x0, 0x0, 0xa,
    0xff, 0x4c, 0xff, 0x20, 0x0, 0x0, 0x0, 0x9f,
    0xf5, 0xcf, 0xf2, 0x0, 0x0, 0x0, 0xa, 0xff,
    0x4a, 0xff, 0x40, 0x0, 0x0, 0x0, 0xbf, 0xf3,
    0x7f, 0xf8, 0x0, 0x0, 0x0, 0xe, 0xff, 0x12,
    0xff, 0xe0, 0x0, 0x0, 0x5, 0xff, 0xb0, 0xb,
    0xff, 0xa0, 0x0, 0x2, 0xef, 0xf4, 0x0, 0x1f,
    0xff, 0xd8, 0x7a, 0xff, 0xfa, 0x0, 0x0, 0x2d,
    0xff, 0xff, 0xff, 0xf9, 0x0, 0x0, 0x0, 0x6,
    0xce, 0xfd, 0xa3, 0x0, 0x0,

    /* U+0151 "ő" */
    0x0, 0x0, 0xc, 0xfd, 0x8, 0xff, 0x30, 0x0,
    0x5, 0xff, 0x24, 0xff, 0x50, 0x0, 0x0, 0xef,
    0x61, 0xef, 0x60, 0x0, 0x0, 0x39, 0x70, 0x59,
    0x60, 0x0, 0x0, 0x0, 0x0, 0x0, 0x0, 0x0,
    0x0, 0x0, 0x18, 0xdf, 0xfc, 0x60, 0x0, 0x0,
    0x3e, 0xff, 0xff, 0xff, 0xb0, 0x0, 0x1e, 0xff,
    0xa5, 0x6d, 0xff, 0xa0, 0x7, 0xff, 0x80, 0x0,
    0xe, 0xff, 0x20, 0xdf, 0xf1, 0x0, 0x0, 0x7f,
    0xf7, 0xf, 0xfd, 0x0, 0x0, 0x3, 0xff, 0xa1,
    0xff, 0xc0, 0x0, 0x0, 0x2f, 0xfb, 0xf, 0xfe,
    0x0, 0x0, 0x3, 0xff, 0xa0, 0xdf, 0xf1, 0x0,
    0x0, 0x6f, 0xf7, 0x8, 0xff, 0x80, 0x0, 0xd,
    0xff, 0x20, 0x1e, 0xff, 0x95, 0x5c, 0xff, 0xa0,
    0x0, 0x3e, 0xff, 0xff, 0xff, 0xb0, 0x0, 0x0,
    0x18, 0xdf, 0xec, 0x60, 0x0,

    /* U+0152 "Œ" */
    0x0, 0x2, 0x8d, 0xff, 0xff, 0xff, 0xff, 0xff,
    0xff, 0xff, 0x70, 0x7, 0xff, 0xff, 0xff, 0xff,
    0xff, 0xff, 0xff, 0xff, 0xf7, 0x6, 0xff, 0xf8,
    0x55, 0x6c, 0xff, 0xca, 0xaa, 0xaa, 0xaa, 0x41,
    0xff, 0xf2, 0x0, 0x0, 0xaf, 0xf5, 0x0, 0x0,
    0x0, 0x0, 0x7f, 0xf8, 0x0, 0x0, 0xa, 0xff,
    0x50, 0x0, 0x0, 0x0, 0xa, 0xff, 0x30, 0x0,
    0x0, 0xaf, 0xf5, 0x0, 0x0, 0x0, 0x0, 0xcf,
    0xf0, 0x0, 0x0, 0xa, 0xff, 0x50, 0x0, 0x0,
    0x0, 0xd, 0xff, 0x0, 0x0, 0x0, 0xaf, 0xff,
    0xff, 0xff, 0xff, 0x50, 0xdf, 0xf0, 0x0, 0x0,
    0xa, 0xff, 0xff, 0xff, 0xff, 0xf5, 0xd, 0xff,
    0x0, 0x0, 0x0, 0xaf, 0xf9, 0x55, 0x55, 0x55,
    0x10, 0xcf, 0xf0, 0x0, 0x0, 0xa, 0xff, 0x50,
    0x0, 0x0, 0x0, 0xa, 0xff, 0x10, 0x0, 0x0,
    0xaf, 0xf5, 0x0, 0x0, 0x0, 0x0, 0x7f, 0xf5,
    0x0, 0x0, 0xa, 0xff, 0x50, 0x0, 0x0, 0x0,
    0x1, 0xff, 0xd0, 0x0, 0x0, 0xaf, 0xf5, 0x0,
    0x0, 0x0, 0x0, 0x6, 0xff, 0xd4, 0x11, 0x2b,
    0xff, 0x96, 0x66, 0x66, 0x66, 0x30, 0x7, 0xff,
    0xff, 0xff, 0xff, 0xff, 0xff, 0xff, 0xff, 0xf8,
    0x0, 0x2, 0x8d, 0xff, 0xff, 0xff, 0xff, 0xff,
    0xff, 0xff, 0x80,

    /* U+0153 "œ" */
    0x0, 0x18, 0xdf, 0xfc, 0x60, 0x1, 0x8d, 0xfe,
    0xb4, 0x0, 0x2, 0xef, 0xff, 0xff, 0xfb, 0x3e,
    0xff, 0xff, 0xff, 0x60, 0xd, 0xff, 0xa5, 0x6c,
    0xff, 0xff, 0xf9, 0x57, 0xef, 0xf2, 0x6f, 0xfa,
    0x0, 0x0, 0xdf, 0xff, 0x80, 0x0, 0x4f, 0xf8,
    0xbf, 0xf2, 0x0, 0x0, 0x7f, 0xff, 0x10, 0x0,
    0xf, 0xfc, 0xef, 0xf0, 0x0, 0x0, 0x3f, 0xff,
    0xff, 0xff, 0xff, 0xfd, 0xef, 0xe0, 0x0, 0x0,
    0x2f, 0xff, 0xff, 0xff, 0xff, 0xfd, 0xdf, 0xf0,
    0x0, 0x0, 0x3f, 0xff, 0x11, 0x11, 0x11, 0x11,
    0xbf, 0xf2, 0x0, 0x0, 0x6f, 0xff, 0x20, 0x0,
    0x0, 0x0, 0x6f, 0xfa, 0x0, 0x0, 0xdf, 0xff,
    0xa0, 0x0, 0x0, 0x20, 0xd, 0xff, 0xa5, 0x5c,
    0xff, 0xff, 0xfb, 0x65, 0x7c, 0xf1, 0x2, 0xef,
    0xff, 0xff, 0xfc, 0x3e, 0xff, 0xff, 0xff, 0xf4,
    0x0, 0x18, 0xdf, 0xfc, 0x60, 0x1, 0x8d, 0xff,
    0xd9, 0x20,

    /* U+0154 "Ŕ" */
    0x0, 0x0, 0x0, 0x5f, 0xfb, 0x0, 0x0, 0x0,
    0x0, 0x0, 0xef, 0xd1, 0x0, 0x0, 0x0, 0x0,
    0x8, 0xff, 0x20, 0x0, 0x0, 0x0, 0x0, 0x1f,
    0xf5, 0x0, 0x0, 0x0, 0x0, 0x0, 0x0, 0x0,
    0x0, 0x0, 0x0, 0x4f, 0xff, 0xff, 0xff, 0xd9,
    0x30, 0x0, 0x4f, 0xff, 0xff, 0xff, 0xff, 0xf7,
    0x0, 0x4f, 0xfd, 0x66, 0x68, 0xcf, 0xff, 0x40,
    0x4f, 0xfb, 0x0, 0x0, 0xa, 0xff, 0xa0, 0x4f,
    0xfb, 0x0, 0x0, 0x2, 0xff, 0xd0, 0x4f, 0xfb,
    0x0, 0x0, 0x1, 0xff, 0xd0, 0x4f, 0xfb, 0x0,
    0x0, 0x6, 0xff, 0xb0, 0x4f, 0xfb, 0x0, 0x1,
    0x6f, 0xff, 0x40, 0x4f, 0xff, 0xff, 0xff, 0xff,
    0xf8, 0x0, 0x4f, 0xff, 0xff, 0xff, 0xff, 0x40,
    0x0, 0x4f, 0xfd, 0x66, 0x6e, 0xff, 0x30, 0x0,
    0x4f, 0xfb, 0x0, 0x6, 0xff, 0xb0, 0x0, 0x4f,
    0xfb, 0x0, 0x0, 0xef, 0xf3, 0x0, 0x4f, 0xfb,
    0x0, 0x0, 0x6f, 0xfc, 0x0, 0x4f, 0xfb, 0x0,
    0x0, 0xd, 0xff, 0x40, 0x4f, 0xfb, 0x0, 0x0,
    0x5, 0xff, 0xc0, 0x4f, 0xfb, 0x0, 0x0, 0x0,
    0xdf, 0xf5,

    /* U+0155 "ŕ" */
    0x0, 0x0, 0xbf, 0xf6, 0x0, 0x6, 0xff, 0x60,
    0x0, 0x2f, 0xf7, 0x0, 0x0, 0x25, 0x40, 0x0,
    0x0, 0x0, 0x0, 0x0, 0x8f, 0xf4, 0x9e, 0xf1,
    0x8f, 0xfe, 0xff, 0xf1, 0x8f, 0xff, 0xd9, 0x90,
    0x8f, 0xfa, 0x0, 0x0, 0x8f, 0xf4, 0x0, 0x0,
    0x8f, 0xf4, 0x0, 0x0, 0x8f, 0xf4, 0x0, 0x0,
    0x8f, 0xf4, 0x0, 0x0, 0x8f, 0xf4, 0x0, 0x0,
    0x8f, 0xf4, 0x0, 0x0, 0x8f, 0xf4, 0x0, 0x0,
    0x8f, 0xf4, 0x0, 0x0, 0x8f, 0xf4, 0x0, 0x0,

    /* U+0156 "Ŗ" */
    0x4f, 0xff, 0xff, 0xff, 0xd9, 0x30, 0x0, 0x4f,
    0xff, 0xff, 0xff, 0xff, 0xf7, 0x0, 0x4f, 0xfd,
    0x66, 0x68, 0xcf, 0xff, 0x40, 0x4f, 0xfb, 0x0,
    0x0, 0xa, 0xff, 0xa0, 0x4f, 0xfb, 0x0, 0x0,
    0x2, 0xff, 0xd0, 0x4f, 0xfb, 0x0, 0x0, 0x1,
    0xff, 0xd0, 0x4f, 0xfb, 0x0, 0x0, 0x6, 0xff,
    0xb0, 0x4f, 0xfb, 0x0, 0x1, 0x6f, 0xff, 0x40,
    0x4f, 0xff, 0xff, 0xff, 0xff, 0xf8, 0x0, 0x4f,
    0xff, 0xff, 0xff, 0xff, 0x40, 0x0, 0x4f, 0xfd,
    0x66, 0x6e, 0xff, 0x30, 0x0, 0x4f, 0xfb, 0x0,
    0x6, 0xff, 0xb0, 0x0, 0x4f, 0xfb, 0x0, 0x0,
    0xef, 0xf3, 0x0, 0x4f, 0xfb, 0x0, 0x0, 0x6f,
    0xfc, 0x0, 0x4f, 0xfb, 0x0, 0x0, 0xd, 0xff,
    0x40, 0x4f, 0xfb, 0x0, 0x0, 0x5, 0xff, 0xc0,
    0x4f, 0xfb, 0x0, 0x0, 0x0, 0xdf, 0xf5, 0x0,
    0x0, 0x0, 0x0, 0x0, 0x0, 0x0, 0x0, 0x0,
    0xf, 0xf5, 0x0, 0x0, 0x0, 0x0, 0x0, 0x1f,
    0xf4, 0x0, 0x0, 0x0, 0x0, 0x0, 0x4f, 0xf1,
    0x0, 0x0, 0x0, 0x0, 0x0, 0xaf, 0xa0, 0x0,
    0x0, 0x0, 0x0, 0x0, 0x4b, 0x10, 0x0, 0x0,
    0x0,

    /* U+0157 "ŗ" */
    0x0, 0x0, 0x0, 0x0, 0x0, 0x8f, 0xf4, 0x9e,
    0xf1, 0x8, 0xff, 0xef, 0xff, 0x10, 0x8f, 0xff,
    0xd9, 0x90, 0x8, 0xff, 0xa0, 0x0, 0x0, 0x8f,
    0xf4, 0x0, 0x0, 0x8, 0xff, 0x40, 0x0, 0x0,
    0x8f, 0xf4, 0x0, 0x0, 0x8, 0xff, 0x40, 0x0,
    0x0, 0x8f, 0xf4, 0x0, 0x0, 0x8, 0xff, 0x40,
    0x0, 0x0, 0x8f, 0xf4, 0x0, 0x0, 0x8, 0xff,
    0x40, 0x0, 0x0, 0x8f, 0xf4, 0x0, 0x0, 0x0,
    0x0, 0x0, 0x0, 0x0, 0x3f, 0xf2, 0x0, 0x0,
    0x3, 0xff, 0x10, 0x0, 0x0, 0x6f, 0xe0, 0x0,
    0x0, 0xd, 0xf7, 0x0, 0x0, 0x0, 0x5a, 0x0,
    0x0, 0x0,

    /* U+0158 "Ř" */
    0x0, 0x9f, 0xc0, 0xa, 0xfc, 0x0, 0x0, 0x0,
    0xa, 0xfb, 0xaf, 0xd1, 0x0, 0x0, 0x0, 0x0,
    0xbf, 0xfd, 0x10, 0x0, 0x0, 0x0, 0x0, 0x7,
    0x71, 0x0, 0x0, 0x0, 0x0, 0x0, 0x0, 0x0,
    0x0, 0x0, 0x0, 0x4f, 0xff, 0xff, 0xff, 0xd9,
    0x30, 0x0, 0x4f, 0xff, 0xff, 0xff, 0xff, 0xf7,
    0x0, 0x4f, 0xfd, 0x66, 0x68, 0xcf, 0xff, 0x40,
    0x4f, 0xfb, 0x0, 0x0, 0xa, 0xff, 0xa0, 0x4f,
    0xfb, 0x0, 0x0, 0x2, 0xff, 0xd0, 0x4f, 0xfb,
    0x0, 0x0, 0x1, 0xff, 0xd0, 0x4f, 0xfb, 0x0,
    0x0, 0x6, 0xff, 0xb0, 0x4f, 0xfb, 0x0, 0x1,
    0x6f, 0xff, 0x40, 0x4f, 0xff, 0xff, 0xff, 0xff,
    0xf8, 0x0, 0x4f, 0xff, 0xff, 0xff, 0xff, 0x40,
    0x0, 0x4f, 0xfd, 0x66, 0x6e, 0xff, 0x30, 0x0,
    0x4f, 0xfb, 0x0, 0x6, 0xff, 0xb0, 0x0, 0x4f,
    0xfb, 0x0, 0x0, 0xef, 0xf3, 0x0, 0x4f, 0xfb,
    0x0, 0x0, 0x6f, 0xfc, 0x0, 0x4f, 0xfb, 0x0,
    0x0, 0xd, 0xff, 0x40, 0x4f, 0xfb, 0x0, 0x0,
    0x5, 0xff, 0xc0, 0x4f, 0xfb, 0x0, 0x0, 0x0,
    0xdf, 0xf5,

    /* U+0159 "ř" */
    0xc, 0xf8, 0x1, 0xdf, 0x80, 0xc, 0xf8, 0xdf,
    0x70, 0x0, 0xb, 0xff, 0x60, 0x0, 0x0, 0x2,
    0x20, 0x0, 0x0, 0x0, 0x0, 0x0, 0x0, 0x8f,
    0xf4, 0x9e, 0xf1, 0x8, 0xff, 0xef, 0xff, 0x10,
    0x8f, 0xff, 0xd9, 0x90, 0x8, 0xff, 0xa0, 0x0,
    0x0, 0x8f, 0xf4, 0x0, 0x0, 0x8, 0xff, 0x40,
    0x0, 0x0, 0x8f, 0xf4, 0x0, 0x0, 0x8, 0xff,
    0x40, 0x0, 0x0, 0x8f, 0xf4, 0x0, 0x0, 0x8,
    0xff, 0x40, 0x0, 0x0, 0x8f, 0xf4, 0x0, 0x0,
    0x8, 0xff, 0x40, 0x0, 0x0, 0x8f, 0xf4, 0x0,
    0x0,

    /* U+015A "Ś" */
    0x0, 0x0, 0x0, 0x1, 0xff, 0xe2, 0x0, 0x0,
    0x0, 0x0, 0xb, 0xfe, 0x20, 0x0, 0x0, 0x0,
    0x0, 0x5f, 0xf3, 0x0, 0x0, 0x0, 0x0, 0x0,
    0x68, 0x30, 0x0, 0x0, 0x0, 0x0, 0x0, 0x0,
    0x0, 0x0, 0x0, 0x0, 0x1, 0x7c, 0xef, 0xeb,
    0x50, 0x0, 0x0, 0x3e, 0xff, 0xff, 0xff, 0xfc,
    0x10, 0x1, 0xef, 0xfd, 0x86, 0x8e, 0xff, 0xc0,
    0x7, 0xff, 0xb0, 0x0, 0x0, 0xdf, 0xf4, 0x9,
    0xff, 0x60, 0x0, 0x0, 0x7f, 0xf8, 0x7, 0xff,
    0xa0, 0x0, 0x0, 0x1, 0x11, 0x1, 0xff, 0xfa,
    0x30, 0x0, 0x0, 0x0, 0x0, 0x4f, 0xff, 0xfd,
    0x82, 0x0, 0x0, 0x0, 0x2, 0xaf, 0xff, 0xff,
    0xb3, 0x0, 0x0, 0x0, 0x1, 0x6b, 0xff, 0xff,
    0x50, 0x0, 0x0, 0x0, 0x0, 0x18, 0xff, 0xf2,
    0x4, 0x43, 0x0, 0x0, 0x0, 0x9f, 0xf7, 0xf,
    0xff, 0x0, 0x0, 0x0, 0x6f, 0xf9, 0xc, 0xff,
    0x70, 0x0, 0x0, 0xbf, 0xf7, 0x3, 0xff, 0xfc,
    0x76, 0x7c, 0xff, 0xf2, 0x0, 0x4e, 0xff, 0xff,
    0xff, 0xff, 0x50, 0x0, 0x0, 0x7b, 0xef, 0xfc,
    0x81, 0x0,

    /* U+015B "ś" */
    0x0, 0x0, 0x0, 0x1f, 0xfe, 0x20, 0x0, 0x0,
    0x0, 0xbf, 0xf3, 0x0, 0x0, 0x0, 0x5, 0xff,
    0x30, 0x0, 0x0, 0x0, 0x6, 0x73, 0x0, 0x0,
    0x0, 0x0, 0x0, 0x0, 0x0, 0x0, 0x0, 0x6,
    0xcf, 0xfd, 0x92, 0x0, 0x0, 0xbf, 0xff, 0xff,
    0xff, 0x30, 0x6, 0xff, 0xc4, 0x38, 0xff, 0xe0,
    0xa, 0xff, 0x20, 0x0, 0xbf, 0xf3, 0x9, 0xff,
    0x70, 0x0, 0x13, 0x30, 0x2, 0xff, 0xfe, 0xa6,
    0x10, 0x0, 0x0, 0x2b, 0xff, 0xff, 0xfa, 0x10,
    0x0, 0x0, 0x26, 0xaf, 0xff, 0xd0, 0x2, 0x21,
    0x0, 0x0, 0xcf, 0xf4, 0xf, 0xfd, 0x0, 0x0,
    0x8f, 0xf5, 0xa, 0xff, 0xa3, 0x25, 0xef, 0xf1,
    0x1, 0xdf, 0xff, 0xff, 0xff, 0x70, 0x0, 0x7,
    0xce, 0xfe, 0xa3, 0x0,

    /* U+015C "Ŝ" */
    0x0, 0x0, 0x1, 0xdf, 0xb0, 0x0, 0x0, 0x0,
    0x0, 0xc, 0xfe, 0xfa, 0x0, 0x0, 0x0, 0x0,
    0xbf, 0x90, 0xbf, 0x80, 0x0, 0x0, 0x3, 0x87,
    0x0, 0x7, 0x81, 0x0, 0x0, 0x0, 0x0, 0x0,
    0x0, 0x0, 0x0, 0x0, 0x1, 0x7c, 0xef, 0xeb,
    0x50, 0x0, 0x0, 0x3e, 0xff, 0xff, 0xff, 0xfc,
    0x10, 0x1, 0xef, 0xfd, 0x86, 0x8e, 0xff, 0xc0,
    0x7, 0xff, 0xb0, 0x0, 0x0, 0xdf, 0xf4, 0x9,
    0xff, 0x60, 0x0, 0x0, 0x7f, 0xf8, 0x7, 0xff,
    0xa0, 0x0, 0x0, 0x1, 0x11, 0x1, 0xff, 0xfa,
    0x30, 0x0, 0x0, 0x0, 0x0, 0x4f, 0xff, 0xfd,
    0x82, 0x0, 0x0, 0x0, 0x2, 0xaf, 0xff, 0xff,
    0xb3, 0x0, 0x0, 0x0, 0x1, 0x6b, 0xff, 0xff,
    0x50, 0x0, 0x0, 0x0, 0x0, 0x18, 0xff, 0xf2,
    0x4, 0x43, 0x0, 0x0, 0x0, 0x9f, 0xf7, 0xf,
    0xff, 0x0, 0x0, 0x0, 0x6f, 0xf9, 0xc, 0xff,
    0x70, 0x0, 0x0, 0xbf, 0xf7, 0x3, 0xff, 0xfc,
    0x76, 0x7c, 0xff, 0xf2, 0x0, 0x4e, 0xff, 0xff,
    0xff, 0xff, 0x50, 0x0, 0x0, 0x7b, 0xef, 0xfc,
    0x81, 0x0,

    /* U+015D "ŝ" */
    0x0, 0x0, 0x1d, 0xfb, 0x0, 0x0, 0x0, 0x1,
    0xdf, 0xcf, 0xb0, 0x0, 0x0, 0x1d, 0xf7, 0x9,
    0xfb, 0x0, 0x0, 0x24, 0x30, 0x0, 0x34, 0x10,
    0x0, 0x0, 0x0, 0x0, 0x0, 0x0, 0x0, 0x6,
    0xcf, 0xfe, 0x92, 0x0, 0x0, 0xbf, 0xff, 0xff,
    0xff, 0x40, 0x6, 0xff, 0xc4, 0x38, 0xff, 0xe0,
    0xa, 0xff, 0x20, 0x0, 0xbf, 0xf3, 0x9, 0xff,
    0x70, 0x0, 0x0, 0x0, 0x2, 0xff, 0xfe, 0xa6,
    0x10, 0x0, 0x0, 0x2b, 0xff, 0xff, 0xfa, 0x10,
    0x0, 0x0, 0x26, 0xaf, 0xff, 0xd0, 0x3, 0x32,
    0x0, 0x0, 0xcf, 0xf4, 0xf, 0xfd, 0x0, 0x0,
    0x8f, 0xf5, 0xa, 0xff, 0xa3, 0x25, 0xef, 0xf1,
    0x1, 0xcf, 0xff, 0xff, 0xff, 0x70, 0x0, 0x7,
    0xce, 0xfe, 0xa3, 0x0,

    /* U+015E "Ş" */
    0x0, 0x1, 0x7c, 0xef, 0xeb, 0x50, 0x0, 0x0,
    0x3e, 0xff, 0xff, 0xff, 0xfc, 0x10, 0x1, 0xef,
    0xfd, 0x86, 0x8e, 0xff, 0xc0, 0x7, 0xff, 0xb0,
    0x0, 0x0, 0xdf, 0xf4, 0x9, 0xff, 0x60, 0x0,
    0x0, 0x7f, 0xf8, 0x7, 0xff, 0xa0, 0x0, 0x0,
    0x1, 0x11, 0x1, 0xff, 0xfa, 0x30, 0x0, 0x0,
    0x0, 0x0, 0x4f, 0xff, 0xfd, 0x82, 0x0, 0x0,
    0x0, 0x2, 0xaf, 0xff, 0xff, 0xb3, 0x0, 0x0,
    0x0, 0x1, 0x6b, 0xff, 0xff, 0x50, 0x0, 0x0,
    0x0, 0x0, 0x18, 0xff, 0xf2, 0x4, 0x43, 0x0,
    0x0, 0x0, 0x9f, 0xf7, 0xf, 0xff, 0x0, 0x0,
    0x0, 0x6f, 0xf9, 0xc, 0xff, 0x70, 0x0, 0x0,
    0xbf, 0xf7, 0x3, 0xff, 0xfc, 0x76, 0x7c, 0xff,
    0xf2, 0x0, 0x4e, 0xff, 0xff, 0xff, 0xff, 0x50,
    0x0, 0x0, 0x7b, 0xff, 0xfc, 0x81, 0x0, 0x0,
    0x0, 0x0, 0xaf, 0xc3, 0x0, 0x0, 0x0, 0x0,
    0x0, 0x5b, 0xff, 0x0, 0x0, 0x0, 0x0, 0x0,
    0x3, 0xff, 0x20, 0x0, 0x0, 0x0, 0x0, 0x7e,
    0xfe, 0x0, 0x0, 0x0, 0x0, 0x0, 0xae, 0x91,
    0x0, 0x0,

    /* U+015F "ş" */
    0x0, 0x6, 0xcf, 0xfe, 0x92, 0x0, 0x0, 0xbf,
    0xff, 0xff, 0xff, 0x40, 0x6, 0xff, 0xc4, 0x38,
    0xff, 0xe0, 0xa, 0xff, 0x20, 0x0, 0xbf, 0xf3,
    0x9, 0xff, 0x70, 0x0, 0x0, 0x0, 0x2, 0xff,
    0xfe, 0xa6, 0x10, 0x0, 0x0, 0x2b, 0xff, 0xff,
    0xfa, 0x10, 0x0, 0x0, 0x26, 0xaf, 0xff, 0xd0,
    0x3, 0x32, 0x0, 0x0, 0xcf, 0xf4, 0xf, 0xfd,
    0x0, 0x0, 0x8f, 0xf5, 0xa, 0xff, 0xa3, 0x25,
    0xef, 0xf1, 0x1, 0xcf, 0xff, 0xff, 0xff, 0x70,
    0x0, 0x7, 0xcf, 0xff, 0xa3, 0x0, 0x0, 0x0,
    0xb, 0xfa, 0x10, 0x0, 0x0, 0x0, 0x6, 0xcf,
    0xe0, 0x0, 0x0, 0x0, 0x0, 0x3f, 0xf1, 0x0,
    0x0, 0x0, 0x7, 0xef, 0xd0, 0x0, 0x0, 0x0,
    0xa, 0xe9, 0x10, 0x0,

    /* U+0160 "Š" */
    0x0, 0x4, 0xff, 0x30, 0x5f, 0xf4, 0x0, 0x0,
    0x0, 0x7f, 0xe7, 0xff, 0x60, 0x0, 0x0, 0x0,
    0xa, 0xff, 0xf7, 0x0, 0x0, 0x0, 0x0, 0x0,
    0xbe, 0x90, 0x0, 0x0, 0x0, 0x0, 0x0, 0x0,
    0x0, 0x0, 0x0, 0x0, 0x1, 0x7c, 0xef, 0xeb,
    0x60, 0x0, 0x0, 0x3e, 0xff, 0xff, 0xff, 0xfd,
    0x20, 0x1, 0xef, 0xfd, 0x86, 0x8d, 0xff, 0xe0,
    0x7, 0xff, 0xb0, 0x0, 0x0, 0xbf, 0xf6, 0x9,
    0xff, 0x60, 0x0, 0x0, 0x4a, 0xa5, 0x7, 0xff,
    0xa0, 0x0, 0x0, 0x0, 0x0, 0x1, 0xff, 0xfa,
    0x30, 0x0, 0x0, 0x0, 0x0, 0x4f, 0xff, 0xfd,
    0x82, 0x0, 0x0, 0x0, 0x2, 0xaf, 0xff, 0xff,
    0xb3, 0x0, 0x0, 0x0, 0x1, 0x6b, 0xff, 0xff,
    0x50, 0x0, 0x0, 0x0, 0x0, 0x18, 0xff, 0xf2,
    0x6, 0x65, 0x0, 0x0, 0x0, 0x9f, 0xf7, 0xf,
    0xff, 0x0, 0x0, 0x0, 0x6f, 0xf9, 0xb, 0xff,
    0x80, 0x0, 0x0, 0xbf, 0xf7, 0x2, 0xff, 0xfc,
    0x76, 0x7c, 0xff, 0xf2, 0x0, 0x3e, 0xff, 0xff,
    0xff, 0xff, 0x50, 0x0, 0x0, 0x6b, 0xef, 0xfc,
    0x81, 0x0,

    /* U+0161 "š" */
    0x0, 0x4f, 0xf3, 0x5, 0xff, 0x30, 0x0, 0x4,
    0xfe, 0x7f, 0xf3, 0x0, 0x0, 0x0, 0x4f, 0xfe,
    0x30, 0x0, 0x0, 0x0, 0x3, 0x52, 0x0, 0x0,
    0x0, 0x0, 0x0, 0x0, 0x0, 0x0, 0x0, 0x6,
    0xcf, 0xfd, 0x92, 0x0, 0x0, 0xbf, 0xff, 0xff,
    0xff, 0x30, 0x6, 0xff, 0xc4, 0x38, 0xff, 0xe0,
    0xa, 0xff, 0x20, 0x0, 0xbf, 0xf3, 0x9, 0xff,
    0x70, 0x0, 0x13, 0x30, 0x2, 0xff, 0xfe, 0xa6,
    0x10, 0x0, 0x0, 0x2b, 0xff, 0xff, 0xfa, 0x10,
    0x0, 0x0, 0x26, 0xaf, 0xff, 0xd0, 0x2, 0x21,
    0x0, 0x0, 0xcf, 0xf4, 0xf, 0xfd, 0x0, 0x0,
    0x8f, 0xf5, 0xa, 0xff, 0xa3, 0x25, 0xef, 0xf1,
    0x1, 0xdf, 0xff, 0xff, 0xff, 0x70, 0x0, 0x7,
    0xce, 0xfe, 0xa3, 0x0,

    /* U+0162 "Ţ" */
    0x7f, 0xff, 0xff, 0xff, 0xff, 0xff, 0xff, 0x17,
    0xff, 0xff, 0xff, 0xff, 0xff, 0xff, 0xf1, 0x36,
    0x66, 0x68, 0xff, 0xd6, 0x66, 0x66, 0x0, 0x0,
    0x0, 0x3f, 0xfc, 0x0, 0x0, 0x0, 0x0, 0x0,
    0x3, 0xff, 0xc0, 0x0, 0x0, 0x0, 0x0, 0x0,
    0x3f, 0xfc, 0x0, 0x0, 0x0, 0x0, 0x0, 0x3,
    0xff, 0xc0, 0x0, 0x0, 0x0, 0x0, 0x0, 0x3f,
    0xfc, 0x0, 0x0, 0x0, 0x0, 0x0, 0x3, 0xff,
    0xc0, 0x0, 0x0, 0x0, 0x0, 0x0, 0x3f, 0xfc,
    0x0, 0x0, 0x0, 0x0, 0x0, 0x3, 0xff, 0xc0,
    0x0, 0x0, 0x0, 0x0, 0x0, 0x3f, 0xfc, 0x0,
    0x0, 0x0, 0x0, 0x0, 0x3, 0xff, 0xc0, 0x0,
    0x0, 0x0, 0x0, 0x0, 0x3f, 0xfc, 0x0, 0x0,
    0x0, 0x0, 0x0, 0x3, 0xff, 0xc0, 0x0, 0x0,
    0x0, 0x0, 0x0, 0x3f, 0xfc, 0x0, 0x0, 0x0,
    0x0, 0x0, 0x3, 0xff, 0xc0, 0x0, 0x0, 0x0,
    0x0, 0x0, 0xd, 0xf8, 0x0, 0x0, 0x0, 0x0,
    0x0, 0x0, 0x8d, 0xfb, 0x0, 0x0, 0x0, 0x0,
    0x0, 0x0, 0x6f, 0xf0, 0x0, 0x0, 0x0, 0x0,
    0x0, 0x9f, 0xfb, 0x0, 0x0, 0x0, 0x0, 0x0,
    0xd, 0xd8, 0x0, 0x0, 0x0,

    /* U+0163 "ţ" */
    0x0, 0xdf, 0xf0, 0x0, 0x0, 0xdf, 0xf0, 0x0,
    0x0, 0xdf, 0xf0, 0x0, 0xef, 0xff, 0xff, 0xf4,
    0xef, 0xff, 0xff, 0xf4, 0x11, 0xdf, 0xf2, 0x10,
    0x0, 0xdf, 0xf0, 0x0, 0x0, 0xdf, 0xf0, 0x0,
    0x0, 0xdf, 0xf0, 0x0, 0x0, 0xdf, 0xf0, 0x0,
    0x0, 0xdf, 0xf0, 0x0, 0x0, 0xdf, 0xf0, 0x0,
    0x0, 0xcf, 0xf1, 0x0, 0x0, 0xaf, 0xfa, 0x62,
    0x0, 0x5f, 0xff, 0xf5, 0x0, 0x6, 0xff, 0xf4,
    0x0, 0x0, 0xef, 0x91, 0x0, 0x0, 0x7d, 0xfb,
    0x0, 0x0, 0x7, 0xfe, 0x0, 0x0, 0xaf, 0xfa,
    0x0, 0x0, 0xed, 0x70,

    /* U+0164 "Ť" */
    0x0, 0x6, 0xfe, 0x10, 0x8f, 0xe2, 0x0, 0x0,
    0x0, 0x7, 0xfd, 0x8f, 0xe2, 0x0, 0x0, 0x0,
    0x0, 0x9, 0xff, 0xe2, 0x0, 0x0, 0x0, 0x0,
    0x0, 0x6, 0x82, 0x0, 0x0, 0x0, 0x0, 0x0,
    0x0, 0x0, 0x0, 0x0, 0x0, 0x7, 0xff, 0xff,
    0xff, 0xff, 0xff, 0xff, 0xf1, 0x7f, 0xff, 0xff,
    0xff, 0xff, 0xff, 0xff, 0x13, 0x66, 0x66, 0x8f,
    0xfd, 0x66, 0x66, 0x60, 0x0, 0x0, 0x3, 0xff,
    0xc0, 0x0, 0x0, 0x0, 0x0, 0x0, 0x3f, 0xfc,
    0x0, 0x0, 0x0, 0x0, 0x0, 0x3, 0xff, 0xc0,
    0x0, 0x0, 0x0, 0x0, 0x0, 0x3f, 0xfc, 0x0,
    0x0, 0x0, 0x0, 0x0, 0x3, 0xff, 0xc0, 0x0,
    0x0, 0x0, 0x0, 0x0, 0x3f, 0xfc, 0x0, 0x0,
    0x0, 0x0, 0x0, 0x3, 0xff, 0xc0, 0x0, 0x0,
    0x0, 0x0, 0x0, 0x3f, 0xfc, 0x0, 0x0, 0x0,
    0x0, 0x0, 0x3, 0xff, 0xc0, 0x0, 0x0, 0x0,
    0x0, 0x0, 0x3f, 0xfc, 0x0, 0x0, 0x0, 0x0,
    0x0, 0x3, 0xff, 0xc0, 0x0, 0x0, 0x0, 0x0,
    0x0, 0x3f, 0xfc, 0x0, 0x0, 0x0, 0x0, 0x0,
    0x3, 0xff, 0xc0, 0x0, 0x0, 0x0, 0x0, 0x0,
    0x3f, 0xfc, 0x0, 0x0, 0x0,

    /* U+0165 "ť" */
    0x0, 0x0, 0x0, 0xe, 0xf7, 0x0, 0x0, 0x0,
    0xe, 0xf6, 0x0, 0x0, 0x0, 0x1f, 0xf3, 0x0,
    0x0, 0x0, 0x7f, 0xd0, 0x0, 0xdf, 0xf0, 0x5e,
    0x30, 0x0, 0xdf, 0xf0, 0x0, 0x0, 0x0, 0xdf,
    0xf0, 0x0, 0x0, 0xef, 0xff, 0xff, 0xf4, 0x0,
    0xef, 0xff, 0xff, 0xf4, 0x0, 0x11, 0xdf, 0xf2,
    0x10, 0x0, 0x0, 0xdf, 0xf0, 0x0, 0x0, 0x0,
    0xdf, 0xf0, 0x0, 0x0, 0x0, 0xdf, 0xf0, 0x0,
    0x0, 0x0, 0xdf, 0xf0, 0x0, 0x0, 0x0, 0xdf,
    0xf0, 0x0, 0x0, 0x0, 0xdf, 0xf0, 0x0, 0x0,
    0x0, 0xcf, 0xf1, 0x0, 0x0, 0x0, 0xaf, 0xfa,
    0x62, 0x0, 0x0, 0x5f, 0xff, 0xf5, 0x0, 0x0,
    0x6, 0xdf, 0xe4, 0x0,

    /* U+0166 "Ŧ" */
    0x7f, 0xff, 0xff, 0xff, 0xff, 0xff, 0xff, 0x17,
    0xff, 0xff, 0xff, 0xff, 0xff, 0xff, 0xf1, 0x36,
    0x66, 0x68, 0xff, 0xd6, 0x66, 0x66, 0x0, 0x0,
    0x0, 0x3f, 0xfc, 0x0, 0x0, 0x0, 0x0, 0x0,
    0x3, 0xff, 0xc0, 0x0, 0x0, 0x0, 0x0, 0x0,
    0x3f, 0xfc, 0x0, 0x0, 0x0, 0x0, 0xa, 0xff,
    0xff, 0xff, 0xf2, 0x0, 0x0, 0x0, 0xaf, 0xff,
    0xff, 0xff, 0x20, 0x0, 0x0, 0x0, 0x3, 0xff,
    0xc0, 0x0, 0x0, 0x0, 0x0, 0x0, 0x3f, 0xfc,
    0x0, 0x0, 0x0, 0x0, 0x0, 0x3, 0xff, 0xc0,
    0x0, 0x0, 0x0, 0x0, 0x0, 0x3f, 0xfc, 0x0,
    0x0, 0x0, 0x0, 0x0, 0x3, 0xff, 0xc0, 0x0,
    0x0, 0x0, 0x0, 0x0, 0x3f, 0xfc, 0x0, 0x0,
    0x0, 0x0, 0x0, 0x3, 0xff, 0xc0, 0x0, 0x0,
    0x0, 0x0, 0x0, 0x3f, 0xfc, 0x0, 0x0, 0x0,
    0x0, 0x0, 0x3, 0xff, 0xc0, 0x0, 0x0, 0x0,

    /* U+0167 "ŧ" */
    0x0, 0xd, 0xff, 0x0, 0x0, 0x0, 0xdf, 0xf0,
    0x0, 0x0, 0xd, 0xff, 0x0, 0x0, 0xef, 0xff,
    0xff, 0xf4, 0xe, 0xff, 0xff, 0xff, 0x40, 0x11,
    0xdf, 0xf2, 0x10, 0x0, 0xd, 0xff, 0x0, 0x4,
    0xff, 0xff, 0xff, 0xf9, 0x4f, 0xff, 0xff, 0xff,
    0x90, 0x0, 0xdf, 0xf0, 0x0, 0x0, 0xd, 0xff,
    0x0, 0x0, 0x0, 0xdf, 0xf0, 0x0, 0x0, 0xc,
    0xff, 0x10, 0x0, 0x0, 0xaf, 0xfa, 0x62, 0x0,
    0x4, 0xff, 0xff, 0x50, 0x0, 0x6, 0xdf, 0xe4,

    /* U+0168 "Ũ" */
    0x0, 0x0, 0x0, 0x0, 0x0, 0x0, 0x0, 0x0,
    0x4, 0xde, 0x82, 0xd, 0xf0, 0x0, 0x0, 0x1f,
    0xff, 0xff, 0xff, 0xc0, 0x0, 0x0, 0x6f, 0x80,
    0x5c, 0xfb, 0x10, 0x0, 0x0, 0x0, 0x0, 0x0,
    0x0, 0x0, 0x0, 0x0, 0x0, 0x0, 0x0, 0x0,
    0x0, 0x0, 0x8f, 0xf6, 0x0, 0x0, 0x0, 0xbf,
    0xf3, 0x8f, 0xf6, 0x0, 0x0, 0x0, 0xbf, 0xf3,
    0x8f, 0xf6, 0x0, 0x0, 0x0, 0xbf, 0xf3, 0x8f,
    0xf6, 0x0, 0x0, 0x0, 0xbf, 0xf3, 0x8f, 0xf6,
    0x0, 0x0, 0x0, 0xbf, 0xf3, 0x8f, 0xf6, 0x0,
    0x0, 0x0, 0xbf, 0xf3, 0x8f, 0xf6, 0x0, 0x0,
    0x0, 0xbf, 0xf3, 0x8f, 0xf6, 0x0, 0x0, 0x0,
    0xbf, 0xf3, 0x8f, 0xf6, 0x0, 0x0, 0x0, 0xbf,
    0xf3, 0x8f, 0xf6, 0x0, 0x0, 0x0, 0xbf, 0xf3,
    0x8f, 0xf6, 0x0, 0x0, 0x0, 0xbf, 0xf3, 0x8f,
    0xf7, 0x0, 0x0, 0x0, 0xcf, 0xf3, 0x6f, 0xfa,
    0x0, 0x0, 0x0, 0xff, 0xf1, 0x2f, 0xff, 0x30,
    0x0, 0x7, 0xff, 0xc0, 0x9, 0xff, 0xf9, 0x67,
    0xbf, 0xff, 0x40, 0x0, 0xaf, 0xff, 0xff, 0xff,
    0xf6, 0x0, 0x0, 0x4, 0xae, 0xff, 0xd9, 0x20,
    0x0,

    /* U+0169 "ũ" */
    0x0, 0x0, 0x0, 0x0, 0x10, 0x0, 0x6, 0xee,
    0x82, 0x1e, 0xe0, 0x4, 0xff, 0xff, 0xff, 0xf9,
    0x0, 0x8f, 0x40, 0x5c, 0xe9, 0x0, 0x0, 0x0,
    0x0, 0x0, 0x0, 0x0, 0x0, 0x0, 0x0, 0x0,
    0x0, 0x9f, 0xf4, 0x0, 0x0, 0xff, 0xe9, 0xff,
    0x40, 0x0, 0xf, 0xfe, 0x9f, 0xf4, 0x0, 0x0,
    0xff, 0xe9, 0xff, 0x40, 0x0, 0xf, 0xfe, 0x9f,
    0xf4, 0x0, 0x0, 0xff, 0xe9, 0xff, 0x40, 0x0,
    0xf, 0xfe, 0x9f, 0xf4, 0x0, 0x0, 0xff, 0xe9,
    0xff, 0x40, 0x0, 0xf, 0xfe, 0x9f, 0xf4, 0x0,
    0x0, 0xff, 0xe8, 0xff, 0x70, 0x0, 0x3f, 0xfe,
    0x4f, 0xff, 0x75, 0x8f, 0xff, 0xe0, 0xbf, 0xff,
    0xff, 0xee, 0xfe, 0x0, 0x8e, 0xfe, 0xa2, 0xcf,
    0xe0,

    /* U+016A "Ū" */
    0x0, 0x6f, 0xff, 0xff, 0xff, 0xf2, 0x0, 0x0,
    0x5e, 0xee, 0xee, 0xee, 0xe1, 0x0, 0x0, 0x0,
    0x0, 0x0, 0x0, 0x0, 0x0, 0x0, 0x0, 0x0,
    0x0, 0x0, 0x0, 0x0, 0x8f, 0xf6, 0x0, 0x0,
    0x0, 0xbf, 0xf3, 0x8f, 0xf6, 0x0, 0x0, 0x0,
    0xbf, 0xf3, 0x8f, 0xf6, 0x0, 0x0, 0x0, 0xbf,
    0xf3, 0x8f, 0xf6, 0x0, 0x0, 0x0, 0xbf, 0xf3,
    0x8f, 0xf6, 0x0, 0x0, 0x0, 0xbf, 0xf3, 0x8f,
    0xf6, 0x0, 0x0, 0x0, 0xbf, 0xf3, 0x8f, 0xf6,
    0x0, 0x0, 0x0, 0xbf, 0xf3, 0x8f, 0xf6, 0x0,
    0x0, 0x0, 0xbf, 0xf3, 0x8f, 0xf6, 0x0, 0x0,
    0x0, 0xbf, 0xf3, 0x8f, 0xf6, 0x0, 0x0, 0x0,
    0xbf, 0xf3, 0x8f, 0xf6, 0x0, 0x0, 0x0, 0xbf,
    0xf3, 0x8f, 0xf7, 0x0, 0x0, 0x0, 0xcf, 0xf3,
    0x6f, 0xfa, 0x0, 0x0, 0x0, 0xff, 0xf1, 0x2f,
    0xff, 0x30, 0x0, 0x7, 0xff, 0xc0, 0x9, 0xff,
    0xf9, 0x67, 0xbf, 0xff, 0x40, 0x0, 0xaf, 0xff,
    0xff, 0xff, 0xf6, 0x0, 0x0, 0x4, 0xae, 0xff,
    0xd9, 0x20, 0x0,

    /* U+016B "ū" */
    0x8, 0xff, 0xff, 0xff, 0xff, 0x0, 0x7e, 0xee,
    0xee, 0xee, 0xd0, 0x0, 0x0, 0x0, 0x0, 0x0,
    0x0, 0x0, 0x0, 0x0, 0x0, 0x0, 0x9f, 0xf4,
    0x0, 0x0, 0xff, 0xe9, 0xff, 0x40, 0x0, 0xf,
    0xfe, 0x9f, 0xf4, 0x0, 0x0, 0xff, 0xe9, 0xff,
    0x40, 0x0, 0xf, 0xfe, 0x9f, 0xf4, 0x0, 0x0,
    0xff, 0xe9, 0xff, 0x40, 0x0, 0xf, 0xfe, 0x9f,
    0xf4, 0x0, 0x0, 0xff, 0xe9, 0xff, 0x40, 0x0,
    0xf, 0xfe, 0x9f, 0xf4, 0x0, 0x0, 0xff, 0xe8,
    0xff, 0x70, 0x0, 0x3f, 0xfe, 0x4f, 0xff, 0x75,
    0x8f, 0xff, 0xe0, 0xbf, 0xff, 0xff, 0xee, 0xfe,
    0x0, 0x8e, 0xfe, 0xa2, 0xcf, 0xe0,

    /* U+016C "Ŭ" */
    0x0, 0x7, 0x81, 0x0, 0x48, 0x40, 0x0, 0x0,
    0xc, 0xf9, 0x2, 0xdf, 0x60, 0x0, 0x0, 0x3,
    0xff, 0xff, 0xfc, 0x0, 0x0, 0x0, 0x0, 0x17,
    0xa9, 0x50, 0x0, 0x0, 0x0, 0x0, 0x0, 0x0,
    0x0, 0x0, 0x0, 0x8f, 0xf6, 0x0, 0x0, 0x0,
    0xbf, 0xf3, 0x8f, 0xf6, 0x0, 0x0, 0x0, 0xbf,
    0xf3, 0x8f, 0xf6, 0x0, 0x0, 0x0, 0xbf, 0xf3,
    0x8f, 0xf6, 0x0, 0x0, 0x0, 0xbf, 0xf3, 0x8f,
    0xf6, 0x0, 0x0, 0x0, 0xbf, 0xf3, 0x8f, 0xf6,
    0x0, 0x0, 0x0, 0xbf, 0xf3, 0x8f, 0xf6, 0x0,
    0x0, 0x0, 0xbf, 0xf3, 0x8f, 0xf6, 0x0, 0x0,
    0x0, 0xbf, 0xf3, 0x8f, 0xf6, 0x0, 0x0, 0x0,
    0xbf, 0xf3, 0x8f, 0xf6, 0x0, 0x0, 0x0, 0xbf,
    0xf3, 0x8f, 0xf6, 0x0, 0x0, 0x0, 0xbf, 0xf3,
    0x8f, 0xf7, 0x0, 0x0, 0x0, 0xcf, 0xf3, 0x6f,
    0xfa, 0x0, 0x0, 0x0, 0xff, 0xf1, 0x2f, 0xff,
    0x30, 0x0, 0x7, 0xff, 0xc0, 0x9, 0xff, 0xf9,
    0x67, 0xbf, 0xff, 0x40, 0x0, 0xaf, 0xff, 0xff,
    0xff, 0xf6, 0x0, 0x0, 0x4, 0xae, 0xff, 0xd9,
    0x20, 0x0,

    /* U+016D "ŭ" */
    0x0, 0xff, 0x20, 0xd, 0xf6, 0x0, 0xa, 0xff,
    0xbd, 0xfe, 0x10, 0x0, 0x7, 0xdf, 0xea, 0x20,
    0x0, 0x0, 0x0, 0x0, 0x0, 0x0, 0x0, 0x0,
    0x0, 0x0, 0x0, 0x9, 0xff, 0x40, 0x0, 0xf,
    0xfe, 0x9f, 0xf4, 0x0, 0x0, 0xff, 0xe9, 0xff,
    0x40, 0x0, 0xf, 0xfe, 0x9f, 0xf4, 0x0, 0x0,
    0xff, 0xe9, 0xff, 0x40, 0x0, 0xf, 0xfe, 0x9f,
    0xf4, 0x0, 0x0, 0xff, 0xe9, 0xff, 0x40, 0x0,
    0xf, 0xfe, 0x9f, 0xf4, 0x0, 0x0, 0xff, 0xe9,
    0xff, 0x40, 0x0, 0xf, 0xfe, 0x8f, 0xf7, 0x0,
    0x3, 0xff, 0xe4, 0xff, 0xf7, 0x58, 0xff, 0xfe,
    0xb, 0xff, 0xff, 0xfe, 0xef, 0xe0, 0x8, 0xef,
    0xea, 0x2c, 0xfe,

    /* U+016E "Ů" */
    0x0, 0x0, 0x8, 0xed, 0x40, 0x0, 0x0, 0x0,
    0x0, 0x7e, 0x46, 0xf2, 0x0, 0x0, 0x0, 0x0,
    0xb8, 0x0, 0xe5, 0x0, 0x0, 0x0, 0x0, 0x8d,
    0x13, 0xf3, 0x0, 0x0, 0x0, 0x0, 0x1c, 0xff,
    0x70, 0x0, 0x0, 0x0, 0x0, 0x0, 0x10, 0x0,
    0x0, 0x0, 0x8f, 0xf6, 0x0, 0x0, 0x0, 0xbf,
    0xf3, 0x8f, 0xf6, 0x0, 0x0, 0x0, 0xbf, 0xf3,
    0x8f, 0xf6, 0x0, 0x0, 0x0, 0xbf, 0xf3, 0x8f,
    0xf6, 0x0, 0x0, 0x0, 0xbf, 0xf3, 0x8f, 0xf6,
    0x0, 0x0, 0x0, 0xbf, 0xf3, 0x8f, 0xf6, 0x0,
    0x0, 0x0, 0xbf, 0xf3, 0x8f, 0xf6, 0x0, 0x0,
    0x0, 0xbf, 0xf3, 0x8f, 0xf6, 0x0, 0x0, 0x0,
    0xbf, 0xf3, 0x8f, 0xf6, 0x0, 0x0, 0x0, 0xbf,
    0xf3, 0x8f, 0xf6, 0x0, 0x0, 0x0, 0xbf, 0xf3,
    0x8f, 0xf6, 0x0, 0x0, 0x0, 0xbf, 0xf3, 0x8f,
    0xf7, 0x0, 0x0, 0x0, 0xcf, 0xf3, 0x6f, 0xfa,
    0x0, 0x0, 0x0, 0xff, 0xf1, 0x2f, 0xff, 0x30,
    0x0, 0x7, 0xff, 0xc0, 0x9, 0xff, 0xf9, 0x67,
    0xbf, 0xff, 0x40, 0x0, 0xaf, 0xff, 0xff, 0xff,
    0xf6, 0x0, 0x0, 0x4, 0xae, 0xff, 0xd9, 0x20,
    0x0,

    /* U+016F "ů" */
    0x0, 0x2, 0xbe, 0xd4, 0x0, 0x0, 0x0, 0xcb,
    0x36, 0xf1, 0x0, 0x0, 0xd, 0x90, 0x3f, 0x20,
    0x0, 0x0, 0x3e, 0xff, 0x70, 0x0, 0x0, 0x0,
    0x1, 0x0, 0x0, 0x0, 0x0, 0x0, 0x0, 0x0,
    0x0, 0x9f, 0xf4, 0x0, 0x0, 0xff, 0xe9, 0xff,
    0x40, 0x0, 0xf, 0xfe, 0x9f, 0xf4, 0x0, 0x0,
    0xff, 0xe9, 0xff, 0x40, 0x0, 0xf, 0xfe, 0x9f,
    0xf4, 0x0, 0x0, 0xff, 0xe9, 0xff, 0x40, 0x0,
    0xf, 0xfe, 0x9f, 0xf4, 0x0, 0x0, 0xff, 0xe9,
    0xff, 0x40, 0x0, 0xf, 0xfe, 0x9f, 0xf4, 0x0,
    0x0, 0xff, 0xe8, 0xff, 0x70, 0x0, 0x3f, 0xfe,
    0x4f, 0xff, 0x75, 0x8f, 0xff, 0xe0, 0xbf, 0xff,
    0xff, 0xee, 0xfe, 0x0, 0x8e, 0xfe, 0xa2, 0xcf,
    0xe0,

    /* U+0170 "Ű" */
    0x0, 0x0, 0xb, 0xfe, 0x17, 0xff, 0x40, 0x0,
    0x0, 0x4f, 0xf3, 0x3f, 0xf6, 0x0, 0x0, 0x0,
    0xdf, 0x71, 0xef, 0x80, 0x0, 0x0, 0x2, 0x98,
    0x4, 0x97, 0x0, 0x0, 0x0, 0x0, 0x0, 0x0,
    0x0, 0x0, 0x0, 0x8f, 0xf6, 0x0, 0x0, 0x0,
    0xbf, 0xf3, 0x8f, 0xf6, 0x0, 0x0, 0x0, 0xbf,
    0xf3, 0x8f, 0xf6, 0x0, 0x0, 0x0, 0xbf, 0xf3,
    0x8f, 0xf6, 0x0, 0x0, 0x0, 0xbf, 0xf3, 0x8f,
    0xf6, 0x0, 0x0, 0x0, 0xbf, 0xf3, 0x8f, 0xf6,
    0x0, 0x0, 0x0, 0xbf, 0xf3, 0x8f, 0xf6, 0x0,
    0x0, 0x0, 0xbf, 0xf3, 0x8f, 0xf6, 0x0, 0x0,
    0x0, 0xbf, 0xf3, 0x8f, 0xf6, 0x0, 0x0, 0x0,
    0xbf, 0xf3, 0x8f, 0xf6, 0x0, 0x0, 0x0, 0xbf,
    0xf3, 0x8f, 0xf6, 0x0, 0x0, 0x0, 0xbf, 0xf3,
    0x8f, 0xf7, 0x0, 0x0, 0x0, 0xcf, 0xf3, 0x6f,
    0xfa, 0x0, 0x0, 0x0, 0xff, 0xf1, 0x2f, 0xff,
    0x30, 0x0, 0x7, 0xff, 0xc0, 0x9, 0xff, 0xf9,
    0x67, 0xbf, 0xff, 0x40, 0x0, 0xaf, 0xff, 0xff,
    0xff, 0xf6, 0x0, 0x0, 0x4, 0xae, 0xff, 0xd9,
    0x20, 0x0,

    /* U+0171 "ű" */
    0x0, 0x0, 0xdf, 0xc0, 0x9f, 0xf2, 0x0, 0x6,
    0xff, 0x25, 0xff, 0x40, 0x0, 0x1e, 0xf5, 0x2f,
    0xf5, 0x0, 0x0, 0x49, 0x60, 0x69, 0x60, 0x0,
    0x0, 0x0, 0x0, 0x0, 0x0, 0x0, 0x9f, 0xf4,
    0x0, 0x0, 0xff, 0xe0, 0x9f, 0xf4, 0x0, 0x0,
    0xff, 0xe0, 0x9f, 0xf4, 0x0, 0x0, 0xff, 0xe0,
    0x9f, 0xf4, 0x0, 0x0, 0xff, 0xe0, 0x9f, 0xf4,
    0x0, 0x0, 0xff, 0xe0, 0x9f, 0xf4, 0x0, 0x0,
    0xff, 0xe0, 0x9f, 0xf4, 0x0, 0x0, 0xff, 0xe0,
    0x9f, 0xf4, 0x0, 0x0, 0xff, 0xe0, 0x9f, 0xf4,
    0x0, 0x0, 0xff, 0xe0, 0x8f, 0xf7, 0x0, 0x3,
    0xff, 0xe0, 0x4f, 0xff, 0x75, 0x8f, 0xff, 0xe0,
    0xb, 0xff, 0xff, 0xfe, 0xef, 0xe0, 0x0, 0x8e,
    0xfe, 0xa2, 0xcf, 0xe0,

    /* U+0172 "Ų" */
    0x8f, 0xf6, 0x0, 0x0, 0x0, 0xbf, 0xf3, 0x8f,
    0xf6, 0x0, 0x0, 0x0, 0xbf, 0xf3, 0x8f, 0xf6,
    0x0, 0x0, 0x0, 0xbf, 0xf3, 0x8f, 0xf6, 0x0,
    0x0, 0x0, 0xbf, 0xf3, 0x8f, 0xf6, 0x0, 0x0,
    0x0, 0xbf, 0xf3, 0x8f, 0xf6, 0x0, 0x0, 0x0,
    0xbf, 0xf3, 0x8f, 0xf6, 0x0, 0x0, 0x0, 0xbf,
    0xf3, 0x8f, 0xf6, 0x0, 0x0, 0x0, 0xbf, 0xf3,
    0x8f, 0xf6, 0x0, 0x0, 0x0, 0xbf, 0xf3, 0x8f,
    0xf6, 0x0, 0x0, 0x0, 0xbf, 0xf3, 0x8f, 0xf6,
    0x0, 0x0, 0x0, 0xbf, 0xf3, 0x8f, 0xf7, 0x0,
    0x0, 0x0, 0xcf, 0xf3, 0x6f, 0xfa, 0x0, 0x0,
    0x0, 0xff, 0xf2, 0x2f, 0xff, 0x30, 0x0, 0x7,
    0xff, 0xf0, 0x9, 0xff, 0xf9, 0x67, 0xbf, 0xff,
    0x90, 0x0, 0xaf, 0xff, 0xff, 0xff, 0xfe, 0x10,
    0x0, 0x4, 0xae, 0xff, 0xff, 0xc2, 0x0, 0x0,
    0x0, 0x0, 0x5f, 0xfa, 0x0, 0x0, 0x0, 0x0,
    0x0, 0xaf, 0xc0, 0x0, 0x0, 0x0, 0x0, 0x0,
    0xaf, 0xa0, 0x10, 0x0, 0x0, 0x0, 0x0, 0x7f,
    0xff, 0x80, 0x0, 0x0, 0x0, 0x0, 0x9, 0xfe,
    0x60, 0x0,

    /* U+0173 "ų" */
    0x9f, 0xf4, 0x0, 0x0, 0xff, 0xe9, 0xff, 0x40,
    0x0, 0xf, 0xfe, 0x9f, 0xf4, 0x0, 0x0, 0xff,
    0xe9, 0xff, 0x40, 0x0, 0xf, 0xfe, 0x9f, 0xf4,
    0x0, 0x0, 0xff, 0xe9, 0xff, 0x40, 0x0, 0xf,
    0xfe, 0x9f, 0xf4, 0x0, 0x0, 0xff, 0xe9, 0xff,
    0x40, 0x0, 0xf, 0xfe, 0x9f, 0xf4, 0x0, 0x0,
    0xff, 0xe8, 0xff, 0x70, 0x0, 0x3f, 0xfe, 0x4f,
    0xff, 0x75, 0x8f, 0xff, 0xe0, 0xbf, 0xff, 0xff,
    0xee, 0xfe, 0x0, 0x8e, 0xfe, 0xa2, 0xdf, 0xe0,
    0x0, 0x0, 0x0, 0xaf, 0xd2, 0x0, 0x0, 0x0,
    0x4f, 0xf1, 0x0, 0x0, 0x0, 0x7, 0xfd, 0x0,
    0x0, 0x0, 0x0, 0x4f, 0xff, 0xb0, 0x0, 0x0,
    0x0, 0x8e, 0xe9,

    /* U+0174 "Ŵ" */
    0x0, 0x0, 0x0, 0x0, 0x9, 0xfe, 0x10, 0x0,
    0x0, 0x0, 0x0, 0x0, 0x0, 0x0, 0x8, 0xfe,
    0xfd, 0x10, 0x0, 0x0, 0x0, 0x0, 0x0, 0x0,
    0x7, 0xfd, 0x17, 0xfc, 0x0, 0x0, 0x0, 0x0,
    0x0, 0x0, 0x1, 0x77, 0x10, 0x6, 0x84, 0x0,
    0x0, 0x0, 0x0, 0x0, 0x0, 0x0, 0x0, 0x0,
    0x0, 0x0, 0x0, 0x0, 0x5, 0xff, 0x90, 0x0,
    0x0, 0xbf, 0xf0, 0x0, 0x0, 0x5f, 0xf9, 0x1f,
    0xfc, 0x0, 0x0, 0xf, 0xff, 0x40, 0x0, 0x8,
    0xff, 0x50, 0xdf, 0xf0, 0x0, 0x3, 0xff, 0xf8,
    0x0, 0x0, 0xcf, 0xf1, 0xa, 0xff, 0x30, 0x0,
    0x7f, 0xff, 0xc0, 0x0, 0xf, 0xfe, 0x0, 0x6f,
    0xf6, 0x0, 0xb, 0xff, 0xff, 0x0, 0x2, 0xff,
    0xa0, 0x2, 0xff, 0xa0, 0x0, 0xff, 0x8f, 0xf4,
    0x0, 0x5f, 0xf6, 0x0, 0xe, 0xfd, 0x0, 0x4f,
    0xf2, 0xdf, 0x80, 0x9, 0xff, 0x20, 0x0, 0xbf,
    0xf1, 0x8, 0xfe, 0x9, 0xfc, 0x0, 0xcf, 0xf0,
    0x0, 0x7, 0xff, 0x40, 0xcf, 0x90, 0x4f, 0xf0,
    0xf, 0xfb, 0x0, 0x0, 0x3f, 0xf7, 0xf, 0xf5,
    0x0, 0xff, 0x42, 0xff, 0x70, 0x0, 0x0, 0xff,
    0xa4, 0xff, 0x10, 0xc, 0xf8, 0x6f, 0xf4, 0x0,
    0x0, 0xc, 0xfe, 0x8f, 0xd0, 0x0, 0x8f, 0xc9,
    0xff, 0x0, 0x0, 0x0, 0x8f, 0xfd, 0xf8, 0x0,
    0x4, 0xff, 0xdf, 0xc0, 0x0, 0x0, 0x5, 0xff,
    0xff, 0x40, 0x0, 0xf, 0xff, 0xf8, 0x0, 0x0,
    0x0, 0x1f, 0xff, 0xf0, 0x0, 0x0, 0xbf, 0xff,
    0x50, 0x0, 0x0, 0x0, 0xdf, 0xfb, 0x0, 0x0,
    0x7, 0xff, 0xf1, 0x0, 0x0, 0x0, 0x9, 0xff,
    0x70, 0x0, 0x0, 0x3f, 0xfd, 0x0, 0x0,

    /* U+0175 "ŵ" */
    0x0, 0x0, 0x0, 0x7, 0xff, 0x40, 0x0, 0x0,
    0x0, 0x0, 0x0, 0x0, 0x8f, 0xce, 0xf4, 0x0,
    0x0, 0x0, 0x0, 0x0, 0x9, 0xfb, 0x2, 0xef,
    0x40, 0x0, 0x0, 0x0, 0x0, 0x2, 0x20, 0x0,
    0x2, 0x10, 0x0, 0x0, 0x0, 0x0, 0x0, 0x0,
    0x0, 0x0, 0x0, 0x0, 0x0, 0x7f, 0xf4, 0x0,
    0x5, 0xff, 0x10, 0x0, 0x8f, 0xf4, 0x3f, 0xf8,
    0x0, 0xa, 0xff, 0x60, 0x0, 0xbf, 0xf0, 0xe,
    0xfb, 0x0, 0xe, 0xff, 0xb0, 0x0, 0xff, 0xb0,
    0xa, 0xff, 0x0, 0x3f, 0xff, 0xf0, 0x3, 0xff,
    0x70, 0x6, 0xff, 0x30, 0x8f, 0xcf, 0xf4, 0x6,
    0xff, 0x30, 0x2, 0xff, 0x70, 0xcf, 0x7b, 0xf9,
    0xa, 0xfe, 0x0, 0x0, 0xef, 0xa1, 0xff, 0x26,
    0xfe, 0xe, 0xfa, 0x0, 0x0, 0x9f, 0xe6, 0xfd,
    0x1, 0xff, 0x5f, 0xf6, 0x0, 0x0, 0x5f, 0xfc,
    0xf8, 0x0, 0xcf, 0xdf, 0xf2, 0x0, 0x0, 0x1f,
    0xff, 0xf3, 0x0, 0x7f, 0xff, 0xd0, 0x0, 0x0,
    0xc, 0xff, 0xe0, 0x0, 0x2f, 0xff, 0x90, 0x0,
    0x0, 0x8, 0xff, 0xa0, 0x0, 0xd, 0xff, 0x50,
    0x0, 0x0, 0x4, 0xff, 0x50, 0x0, 0x8, 0xff,
    0x10, 0x0,

    /* U+0176 "Ŷ" */
    0x0, 0x0, 0x0, 0xac, 0x60, 0x0, 0x0, 0x0,
    0x0, 0x0, 0xbf, 0xff, 0x50, 0x0, 0x0, 0x0,
    0x0, 0xaf, 0xb2, 0xef, 0x40, 0x0, 0x0, 0x0,
    0x5b, 0x90, 0x2, 0xba, 0x10, 0x0, 0x0, 0x0,
    0x0, 0x0, 0x0, 0x0, 0x0, 0xa, 0xff, 0x90,
    0x0, 0x0, 0x1, 0xff, 0xf3, 0x2f, 0xff, 0x10,
    0x0, 0x0, 0x7f, 0xfb, 0x0, 0x9f, 0xf9, 0x0,
    0x0, 0xe, 0xff, 0x30, 0x1, 0xff, 0xf1, 0x0,
    0x7, 0xff, 0xa0, 0x0, 0x8, 0xff, 0x80, 0x0,
    0xef, 0xf2, 0x0, 0x0, 0xe, 0xff, 0x10, 0x6f,
    0xf9, 0x0, 0x0, 0x0, 0x7f, 0xf8, 0xe, 0xff,
    0x10, 0x0, 0x0, 0x0, 0xef, 0xe7, 0xff, 0x80,
    0x0, 0x0, 0x0, 0x6, 0xff, 0xff, 0xe0, 0x0,
    0x0, 0x0, 0x0, 0xd, 0xff, 0xf7, 0x0, 0x0,
    0x0, 0x0, 0x0, 0x5f, 0xfe, 0x0, 0x0, 0x0,
    0x0, 0x0, 0x3, 0xff, 0xc0, 0x0, 0x0, 0x0,
    0x0, 0x0, 0x3f, 0xfc, 0x0, 0x0, 0x0, 0x0,
    0x0, 0x3, 0xff, 0xc0, 0x0, 0x0, 0x0, 0x0,
    0x0, 0x3f, 0xfc, 0x0, 0x0, 0x0, 0x0, 0x0,
    0x3, 0xff, 0xc0, 0x0, 0x0, 0x0, 0x0, 0x0,
    0x3f, 0xfc, 0x0, 0x0, 0x0,

    /* U+0177 "ŷ" */
    0x0, 0x0, 0x5f, 0xf6, 0x0, 0x0, 0x0, 0x6,
    0xfd, 0xdf, 0x60, 0x0, 0x0, 0x7f, 0xd1, 0x1c,
    0xf6, 0x0, 0x0, 0x22, 0x0, 0x0, 0x21, 0x0,
    0x0, 0x0, 0x0, 0x0, 0x0, 0x0, 0xbf, 0xf5,
    0x0, 0x0, 0xaf, 0xf5, 0x5f, 0xfa, 0x0, 0x0,
    0xff, 0xf0, 0xf, 0xff, 0x0, 0x4, 0xff, 0xa0,
    0xa, 0xff, 0x40, 0x9, 0xff, 0x50, 0x4, 0xff,
    0x90, 0xd, 0xff, 0x0, 0x0, 0xef, 0xe0, 0x2f,
    0xfa, 0x0, 0x0, 0x9f, 0xf3, 0x7f, 0xf4, 0x0,
    0x0, 0x3f, 0xf8, 0xcf, 0xe0, 0x0, 0x0, 0xe,
    0xfe, 0xff, 0x90, 0x0, 0x0, 0x8, 0xff, 0xff,
    0x40, 0x0, 0x0, 0x3, 0xff, 0xfe, 0x0, 0x0,
    0x0, 0x0, 0xdf, 0xf9, 0x0, 0x0, 0x0, 0x0,
    0x8f, 0xf3, 0x0, 0x0, 0x0, 0x0, 0xaf, 0xe0,
    0x0, 0x0, 0x0, 0x2, 0xff, 0x80, 0x0, 0x0,
    0x5, 0x8e, 0xff, 0x20, 0x0, 0x0, 0xd, 0xff,
    0xf8, 0x0, 0x0, 0x0, 0xb, 0xfd, 0x60, 0x0,
    0x0, 0x0,

    /* U+0178 "Ÿ" */
    0x0, 0x6, 0xfb, 0x0, 0x2e, 0xe2, 0x0, 0x0,
    0x0, 0xcf, 0xf1, 0x6, 0xff, 0x70, 0x0, 0x0,
    0x4, 0xb8, 0x0, 0x1a, 0xa1, 0x0, 0x0, 0x0,
    0x0, 0x0, 0x0, 0x0, 0x0, 0x0, 0xaf, 0xf9,
    0x0, 0x0, 0x0, 0x1f, 0xff, 0x32, 0xff, 0xf1,
    0x0, 0x0, 0x7, 0xff, 0xb0, 0x9, 0xff, 0x90,
    0x0, 0x0, 0xef, 0xf3, 0x0, 0x1f, 0xff, 0x10,
    0x0, 0x7f, 0xfa, 0x0, 0x0, 0x8f, 0xf8, 0x0,
    0xe, 0xff, 0x20, 0x0, 0x0, 0xef, 0xf1, 0x6,
    0xff, 0x90, 0x0, 0x0, 0x7, 0xff, 0x80, 0xef,
    0xf1, 0x0, 0x0, 0x0, 0xe, 0xfe, 0x7f, 0xf8,
    0x0, 0x0, 0x0, 0x0, 0x6f, 0xff, 0xfe, 0x0,
    0x0, 0x0, 0x0, 0x0, 0xdf, 0xff, 0x70, 0x0,
    0x0, 0x0, 0x0, 0x5, 0xff, 0xe0, 0x0, 0x0,
    0x0, 0x0, 0x0, 0x3f, 0xfc, 0x0, 0x0, 0x0,
    0x0, 0x0, 0x3, 0xff, 0xc0, 0x0, 0x0, 0x0,
    0x0, 0x0, 0x3f, 0xfc, 0x0, 0x0, 0x0, 0x0,
    0x0, 0x3, 0xff, 0xc0, 0x0, 0x0, 0x0, 0x0,
    0x0, 0x3f, 0xfc, 0x0, 0x0, 0x0, 0x0, 0x0,
    0x3, 0xff, 0xc0, 0x0, 0x0, 0x0,

    /* U+0179 "Ź" */
    0x0, 0x0, 0x0, 0x2, 0xff, 0xe1, 0x0, 0x0,
    0x0, 0x0, 0xb, 0xff, 0x30, 0x0, 0x0, 0x0,
    0x0, 0x4f, 0xf5, 0x0, 0x0, 0x0, 0x0, 0x0,
    0xdf, 0x80, 0x0, 0x0, 0x0, 0x0, 0x0, 0x0,
    0x0, 0x0, 0x0, 0xf, 0xff, 0xff, 0xff, 0xff,
    0xff, 0xf5, 0xf, 0xff, 0xff, 0xff, 0xff, 0xff,
    0xf5, 0x6, 0x66, 0x66, 0x66, 0x6a, 0xff, 0xe0,
    0x0, 0x0, 0x0, 0x0, 0x1e, 0xff, 0x40, 0x0,
    0x0, 0x0, 0x0, 0xbf, 0xf8, 0x0, 0x0, 0x0,
    0x0, 0x6, 0xff, 0xd0, 0x0, 0x0, 0x0, 0x0,
    0x2f, 0xff, 0x20, 0x0, 0x0, 0x0, 0x0, 0xcf,
    0xf7, 0x0, 0x0, 0x0, 0x0, 0x7, 0xff, 0xc0,
    0x0, 0x0, 0x0, 0x0, 0x3f, 0xff, 0x20, 0x0,
    0x0, 0x0, 0x0, 0xdf, 0xf6, 0x0, 0x0, 0x0,
    0x0, 0x9, 0xff, 0xb0, 0x0, 0x0, 0x0, 0x0,
    0x4f, 0xfe, 0x10, 0x0, 0x0, 0x0, 0x1, 0xef,
    0xf4, 0x0, 0x0, 0x0, 0x0, 0xa, 0xff, 0xd6,
    0x66, 0x66, 0x66, 0x63, 0xf, 0xff, 0xff, 0xff,
    0xff, 0xff, 0xfa, 0x1f, 0xff, 0xff, 0xff, 0xff,
    0xff, 0xfa,

    /* U+017A "ź" */
    0x0, 0x0, 0x0, 0x6f, 0xfa, 0x0, 0x0, 0x0,
    0x2, 0xff, 0xa0, 0x0, 0x0, 0x0, 0xc, 0xfb,
    0x0, 0x0, 0x0, 0x0, 0x15, 0x50, 0x0, 0x0,
    0x0, 0x0, 0x0, 0x0, 0x0, 0x0, 0xe, 0xff,
    0xff, 0xff, 0xff, 0xf0, 0xe, 0xff, 0xff, 0xff,
    0xff, 0xf0, 0x4, 0x44, 0x44, 0x4e, 0xff, 0x70,
    0x0, 0x0, 0x0, 0x7f, 0xfb, 0x0, 0x0, 0x0,
    0x3, 0xff, 0xe1, 0x0, 0x0, 0x0, 0x1e, 0xff,
    0x40, 0x0, 0x0, 0x0, 0xaf, 0xf9, 0x0, 0x0,
    0x0, 0x6, 0xff, 0xd0, 0x0, 0x0, 0x0, 0x2f,
    0xff, 0x20, 0x0, 0x0, 0x0, 0xdf, 0xf6, 0x0,
    0x0, 0x0, 0x9, 0xff, 0xd4, 0x44, 0x44, 0x41,
    0xf, 0xff, 0xff, 0xff, 0xff, 0xf4, 0xf, 0xff,
    0xff, 0xff, 0xff, 0xf4,

    /* U+017B "Ż" */
    0x0, 0x0, 0x0, 0xcf, 0x60, 0x0, 0x0, 0x0,
    0x0, 0x3, 0xff, 0xc0, 0x0, 0x0, 0x0, 0x0,
    0x0, 0xad, 0x50, 0x0, 0x0, 0x0, 0x0, 0x0,
    0x0, 0x0, 0x0, 0x0, 0xf, 0xff, 0xff, 0xff,
    0xff, 0xff, 0xf5, 0xf, 0xff, 0xff, 0xff, 0xff,
    0xff, 0xf5, 0x6, 0x66, 0x66, 0x66, 0x6a, 0xff,
    0xe0, 0x0, 0x0, 0x0, 0x0, 0x1e, 0xff, 0x40,
    0x0, 0x0, 0x0, 0x0, 0xbf, 0xf8, 0x0, 0x0,
    0x0, 0x0, 0x6, 0xff, 0xd0, 0x0, 0x0, 0x0,
    0x0, 0x2f, 0xff, 0x20, 0x0, 0x0, 0x0, 0x0,
    0xcf, 0xf7, 0x0, 0x0, 0x0, 0x0, 0x7, 0xff,
    0xc0, 0x0, 0x0, 0x0, 0x0, 0x3f, 0xff, 0x20,
    0x0, 0x0, 0x0, 0x0, 0xdf, 0xf6, 0x0, 0x0,
    0x0, 0x0, 0x9, 0xff, 0xb0, 0x0, 0x0, 0x0,
    0x0, 0x4f, 0xfe, 0x10, 0x0, 0x0, 0x0, 0x1,
    0xef, 0xf4, 0x0, 0x0, 0x0, 0x0, 0xa, 0xff,
    0xd6, 0x66, 0x66, 0x66, 0x63, 0xf, 0xff, 0xff,
    0xff, 0xff, 0xff, 0xfa, 0x1f, 0xff, 0xff, 0xff,
    0xff, 0xff, 0xfa,

    /* U+017C "ż" */
    0x0, 0x0, 0x2d, 0xe3, 0x0, 0x0, 0x0, 0x0,
    0x6f, 0xf9, 0x0, 0x0, 0x0, 0x0, 0x1c, 0xc3,
    0x0, 0x0, 0x0, 0x0, 0x0, 0x0, 0x0, 0x0,
    0x0, 0x0, 0x0, 0x0, 0x0, 0x0, 0xe, 0xff,
    0xff, 0xff, 0xff, 0xf0, 0xe, 0xff, 0xff, 0xff,
    0xff, 0xf0, 0x4, 0x44, 0x44, 0x4e, 0xff, 0x70,
    0x0, 0x0, 0x0, 0x7f, 0xfb, 0x0, 0x0, 0x0,
    0x3, 0xff, 0xe1, 0x0, 0x0, 0x0, 0x1e, 0xff,
    0x40, 0x0, 0x0, 0x0, 0xaf, 0xf9, 0x0, 0x0,
    0x0, 0x6, 0xff, 0xd0, 0x0, 0x0, 0x0, 0x2f,
    0xff, 0x20, 0x0, 0x0, 0x0, 0xdf, 0xf6, 0x0,
    0x0, 0x0, 0x9, 0xff, 0xd4, 0x44, 0x44, 0x41,
    0xf, 0xff, 0xff, 0xff, 0xff, 0xf4, 0xf, 0xff,
    0xff, 0xff, 0xff, 0xf4,

    /* U+017D "Ž" */
    0x0, 0x6, 0xfe, 0x20, 0x7f, 0xe2, 0x0, 0x0,
    0x0, 0x7f, 0xd7, 0xfe, 0x20, 0x0, 0x0, 0x0,
    0x8, 0xff, 0xe3, 0x0, 0x0, 0x0, 0x0, 0x0,
    0x68, 0x30, 0x0, 0x0, 0x0, 0x0, 0x0, 0x0,
    0x0, 0x0, 0x0, 0xf, 0xff, 0xff, 0xff, 0xff,
    0xff, 0xf5, 0xf, 0xff, 0xff, 0xff, 0xff, 0xff,
    0xf5, 0x6, 0x66, 0x66, 0x66, 0x6a, 0xff, 0xe0,
    0x0, 0x0, 0x0, 0x0, 0x1e, 0xff, 0x40, 0x0,
    0x0, 0x0, 0x0, 0xbf, 0xf8, 0x0, 0x0, 0x0,
    0x0, 0x6, 0xff, 0xd0, 0x0, 0x0, 0x0, 0x0,
    0x2f, 0xff, 0x20, 0x0, 0x0, 0x0, 0x0, 0xcf,
    0xf7, 0x0, 0x0, 0x0, 0x0, 0x7, 0xff, 0xc0,
    0x0, 0x0, 0x0, 0x0, 0x3f, 0xff, 0x20, 0x0,
    0x0, 0x0, 0x0, 0xdf, 0xf6, 0x0, 0x0, 0x0,
    0x0, 0x9, 0xff, 0xb0, 0x0, 0x0, 0x0, 0x0,
    0x4f, 0xfe, 0x10, 0x0, 0x0, 0x0, 0x1, 0xef,
    0xf4, 0x0, 0x0, 0x0, 0x0, 0xa, 0xff, 0xd6,
    0x66, 0x66, 0x66, 0x63, 0xf, 0xff, 0xff, 0xff,
    0xff, 0xff, 0xfa, 0x1f, 0xff, 0xff, 0xff, 0xff,
    0xff, 0xfa,

    /* U+017E "ž" */
    0x0, 0x8f, 0xc0, 0xa, 0xfb, 0x0, 0x0, 0x8,
    0xfb, 0xaf, 0xb0, 0x0, 0x0, 0x0, 0x8f, 0xfa,
    0x0, 0x0, 0x0, 0x0, 0x2, 0x20, 0x0, 0x0,
    0x0, 0x0, 0x0, 0x0, 0x0, 0x0, 0xe, 0xff,
    0xff, 0xff, 0xff, 0xf0, 0xe, 0xff, 0xff, 0xff,
    0xff, 0xf0, 0x4, 0x44, 0x44, 0x4e, 0xff, 0x70,
    0x0, 0x0, 0x0, 0x7f, 0xfb, 0x0, 0x0, 0x0,
    0x3, 0xff, 0xe1, 0x0, 0x0, 0x0, 0x1e, 0xff,
    0x40, 0x0, 0x0, 0x0, 0xaf, 0xf9, 0x0, 0x0,
    0x0, 0x6, 0xff, 0xd0, 0x0, 0x0, 0x0, 0x2f,
    0xff, 0x20, 0x0, 0x0, 0x0, 0xdf, 0xf6, 0x0,
    0x0, 0x0, 0x9, 0xff, 0xd4, 0x44, 0x44, 0x41,
    0xf, 0xff, 0xff, 0xff, 0xff, 0xf4, 0xf, 0xff,
    0xff, 0xff, 0xff, 0xf4,

    /* U+017F "ſ" */
    0x0, 0x1, 0x44, 0x10, 0x1a, 0xff, 0xfa, 0xb,
    0xff, 0xff, 0x82, 0xff, 0xe3, 0x0, 0x5f, 0xf8,
    0x0, 0x5, 0xff, 0x70, 0x0, 0x6f, 0xf7, 0x0,
    0x6, 0xff, 0x70, 0x0, 0x6f, 0xf7, 0x0, 0x6,
    0xff, 0x70, 0x0, 0x6f, 0xf7, 0x0, 0x6, 0xff,
    0x70, 0x0, 0x6f, 0xf7, 0x0, 0x6, 0xff, 0x70,
    0x0, 0x6f, 0xf7, 0x0, 0x6, 0xff, 0x70, 0x0,
    0x6f, 0xf7, 0x0, 0x6, 0xff, 0x70, 0x0, 0x6f,
    0xf7, 0x0, 0x0,

    /* U+2013 "–" */
    0x4, 0x44, 0x44, 0x44, 0x44, 0x44, 0x32, 0xff,
    0xff, 0xff, 0xff, 0xff, 0xfc, 0x2f, 0xff, 0xff,
    0xff, 0xff, 0xff, 0xc0,

    /* U+2014 "—" */
    0x24, 0x44, 0x44, 0x44, 0x44, 0x44, 0x44, 0x44,
    0x27, 0xff, 0xff, 0xff, 0xff, 0xff, 0xff, 0xff,
    0xf7, 0x7f, 0xff, 0xff, 0xff, 0xff, 0xff, 0xff,
    0xff, 0x70,

    /* U+2018 "‘" */
    0x3, 0xc3, 0xd, 0xf7, 0x6f, 0xf0, 0xbf, 0xb0,
    0xdf, 0xa0, 0xdf, 0xa0,

    /* U+2019 "’" */
    0x5, 0xff, 0x30, 0x5f, 0xf2, 0x6, 0xff, 0x10,
    0x9f, 0xc0, 0x1f, 0xf4, 0x1, 0xb8, 0x0, 0x0,
    0x0, 0x0,

    /* U+201C "“" */
    0x2, 0xc4, 0x2, 0xc3, 0xc, 0xf8, 0xd, 0xf7,
    0x4f, 0xf1, 0x5f, 0xf0, 0x9f, 0xd0, 0xaf, 0xc0,
    0xbf, 0xc0, 0xcf, 0xb0, 0xbf, 0xc0, 0xcf, 0xb0,

    /* U+201D "”" */
    0x2, 0xff, 0x54, 0xff, 0x40, 0x2f, 0xf5, 0x4f,
    0xf3, 0x3, 0xff, 0x35, 0xff, 0x20, 0x7f, 0xe0,
    0x8f, 0xd0, 0xd, 0xf7, 0xe, 0xf5, 0x0, 0x9b,
    0x1, 0xaa, 0x0, 0x0, 0x0, 0x0, 0x0, 0x0,

    /* U+2022 "•" */
    0x0, 0x67, 0x30, 0xd, 0xff, 0xf4, 0x5f, 0xff,
    0xfb, 0x6f, 0xff, 0xfc, 0x2f, 0xff, 0xf8, 0x6,
    0xef, 0xa0,

    /* U+2026 "…" */
    0x0, 0x10, 0x0, 0x1, 0x0, 0x0, 0x10, 0x1,
    0xef, 0x90, 0xa, 0xfd, 0x0, 0x7f, 0xe2, 0x5f,
    0xfe, 0x0, 0xff, 0xf4, 0xc, 0xff, 0x61, 0xcf,
    0x70, 0x8, 0xfc, 0x0, 0x6f, 0xd1,

    /* U+2032 "′" */
    0x0, 0xbf, 0x70, 0x2f, 0xb0, 0xa, 0xe1, 0x1,
    0xf4, 0x0, 0x35, 0x0, 0x0,

    /* U+2033 "″" */
    0x0, 0xbf, 0x83, 0xfe, 0x10, 0x2f, 0xb0, 0xaf,
    0x40, 0x9, 0xe1, 0x1f, 0x80, 0x1, 0xf4, 0x8,
    0xc0, 0x0, 0x36, 0x0, 0x81, 0x0, 0x0,

    /* U+2122 "™" */
    0x8b, 0xbb, 0xbb, 0x34, 0xb9, 0x0, 0x9, 0xb4,
    0x46, 0xaf, 0x66, 0x15, 0xfe, 0x60, 0x5e, 0xf6,
    0x0, 0x6f, 0x0, 0x5, 0xf5, 0xf2, 0xe6, 0xe6,
    0x0, 0x6f, 0x0, 0x5, 0xf0, 0xaf, 0xc0, 0xe6,
    0x0, 0x6f, 0x0, 0x5, 0xf0, 0x1d, 0x20, 0xe6,
    0x0, 0x6f, 0x0, 0x5, 0xf0, 0x0, 0x0, 0xe6,
    0x0, 0x6f, 0x0, 0x5, 0xf0, 0x0, 0x0, 0xe6,
    0x0, 0x0, 0x0, 0x0, 0x0, 0x0, 0x0, 0x0,

    /* U+2190 "←" */
    0x0, 0x0, 0x92, 0x0, 0x0, 0x0, 0x0, 0x0,
    0x0, 0x0, 0xa, 0xfd, 0x0, 0x0, 0x0, 0x0,
    0x0, 0x0, 0x0, 0xaf, 0xe3, 0x0, 0x0, 0x0,
    0x0, 0x0, 0x0, 0xa, 0xfe, 0x30, 0x0, 0x0,
    0x0, 0x0, 0x0, 0x0, 0xaf, 0xfd, 0xbb, 0xbb,
    0xbb, 0xbb, 0xbb, 0xbb, 0xb7, 0xef, 0xff, 0xff,
    0xff, 0xff, 0xff, 0xff, 0xff, 0xfa, 0x3f, 0xfc,
    0x44, 0x44, 0x44, 0x44, 0x44, 0x44, 0x42, 0x3,
    0xff, 0x90, 0x0, 0x0, 0x0, 0x0, 0x0, 0x0,
    0x0, 0x3f, 0xf9, 0x0, 0x0, 0x0, 0x0, 0x0,
    0x0, 0x0, 0x3, 0xf9, 0x0, 0x0, 0x0, 0x0,
    0x0, 0x0, 0x0, 0x0, 0x20, 0x0, 0x0, 0x0,
    0x0, 0x0, 0x0,

    /* U+2191 "↑" */
    0x0, 0x0, 0x6, 0x70, 0x0, 0x0, 0x0, 0x0,
    0x8f, 0xfa, 0x0, 0x0, 0x0, 0x8, 0xff, 0xff,
    0xa0, 0x0, 0x0, 0x8f, 0xff, 0xff, 0xfa, 0x0,
    0x8, 0xff, 0x4f, 0xf4, 0xff, 0xa0, 0x9, 0xf4,
    0xf, 0xf0, 0x3f, 0xa0, 0x0, 0x20, 0xf, 0xf0,
    0x2, 0x0, 0x0, 0x0, 0xf, 0xf0, 0x0, 0x0,
    0x0, 0x0, 0xf, 0xf0, 0x0, 0x0, 0x0, 0x0,
    0xf, 0xf0, 0x0, 0x0, 0x0, 0x0, 0xf, 0xf0,
    0x0, 0x0, 0x0, 0x0, 0xf, 0xf0, 0x0, 0x0,
    0x0, 0x0, 0xf, 0xf0, 0x0, 0x0, 0x0, 0x0,
    0xf, 0xf0, 0x0, 0x0, 0x0, 0x0, 0xf, 0xf0,
    0x0, 0x0, 0x0, 0x0, 0xf, 0xf0, 0x0, 0x0,
    0x0, 0x0, 0xf, 0xf0, 0x0, 0x0, 0x0, 0x0,
    0xf, 0xf0, 0x0, 0x0,

    /* U+2192 "→" */
    0x0, 0x0, 0x0, 0x0, 0x0, 0x0, 0x29, 0x0,
    0x0, 0x0, 0x0, 0x0, 0x0, 0x0, 0x0, 0xdf,
    0xa0, 0x0, 0x0, 0x0, 0x0, 0x0, 0x0, 0x0,
    0x3e, 0xfa, 0x0, 0x0, 0x0, 0x0, 0x0, 0x0,
    0x0, 0x3, 0xef, 0xa0, 0x7b, 0xbb, 0xbb, 0xbb,
    0xbb, 0xbb, 0xbb, 0xdf, 0xfa, 0xaf, 0xff, 0xff,
    0xff, 0xff, 0xff, 0xff, 0xff, 0xfe, 0x24, 0x44,
    0x44, 0x44, 0x44, 0x44, 0x44, 0xcf, 0xf4, 0x0,
    0x0, 0x0, 0x0, 0x0, 0x0, 0x9, 0xff, 0x40,
    0x0, 0x0, 0x0, 0x0, 0x0, 0x0, 0x9f, 0xf4,
    0x0, 0x0, 0x0, 0x0, 0x0, 0x0, 0x0, 0x9f,
    0x40, 0x0, 0x0, 0x0, 0x0, 0x0, 0x0, 0x0,
    0x2, 0x0, 0x0,

    /* U+2193 "↓" */
    0x0, 0x0, 0x7, 0x80, 0x0, 0x0, 0x0, 0x0,
    0xf, 0xf0, 0x0, 0x0, 0x0, 0x0, 0xf, 0xf0,
    0x0, 0x0, 0x0, 0x0, 0xf, 0xf0, 0x0, 0x0,
    0x0, 0x0, 0xf, 0xf0, 0x0, 0x0, 0x0, 0x0,
    0xf, 0xf0, 0x0, 0x0, 0x0, 0x0, 0xf, 0xf0,
    0x0, 0x0, 0x0, 0x0, 0xf, 0xf0, 0x0, 0x0,
    0x0, 0x0, 0xf, 0xf0, 0x0, 0x0, 0x0, 0x0,
    0xf, 0xf0, 0x0, 0x0, 0x0, 0x0, 0xf, 0xf0,
    0x0, 0x0, 0x0, 0x0, 0xf, 0xf0, 0x0, 0x0,
    0x3, 0xb0, 0xf, 0xf0, 0xa, 0x40, 0xd, 0xfc,
    0xf, 0xf1, 0xaf, 0xe0, 0x2, 0xef, 0xcf, 0xfb,
    0xfe, 0x20, 0x0, 0x2e, 0xff, 0xff, 0xe2, 0x0,
    0x0, 0x2, 0xef, 0xfe, 0x30, 0x0, 0x0, 0x0,
    0x2e, 0xe3, 0x0, 0x0, 0x0, 0x0, 0x0, 0x0,
    0x0, 0x0,

    /* U+2605 "★" */
    0x0, 0x0, 0x0, 0x0, 0x0, 0x0, 0x0, 0x0,
    0x0, 0x0, 0x0, 0x0, 0x0, 0x0, 0x71, 0x0,
    0x0, 0x0, 0x0, 0x0, 0x0, 0x0, 0x0, 0xd,
    0x60, 0x0, 0x0, 0x0, 0x0, 0x0, 0x0, 0x0,
    0x2, 0xfb, 0x0, 0x0, 0x0, 0x0, 0x0, 0x0,
    0x0, 0x0, 0x8f, 0xf0, 0x0, 0x0, 0x0, 0x0,
    0x0, 0x0, 0x0, 0xd, 0xff, 0x50, 0x0, 0x0,
    0x0, 0x0, 0x0, 0x0, 0x2, 0xff, 0xfa, 0x0,
    0x0, 0x0, 0x1, 0x9b, 0xbb, 0xbb, 0xcf, 0xff,
    0xfb, 0xbb, 0xbb, 0xb5, 0x1, 0xbf, 0xff, 0xff,
    0xff, 0xff, 0xff, 0xff, 0xf6, 0x0, 0x0, 0x7f,
    0xff, 0xff, 0xff, 0xff, 0xff, 0xc2, 0x0, 0x0,
    0x0, 0x3d, 0xff, 0xff, 0xff, 0xff, 0x90, 0x0,
    0x0, 0x0, 0x0, 0xe, 0xff, 0xff, 0xff, 0x70,
    0x0, 0x0, 0x0, 0x0, 0x1, 0xff, 0xff, 0xff,
    0xfa, 0x0, 0x0, 0x0, 0x0, 0x0, 0x6f, 0xff,
    0xff, 0xff, 0xe0, 0x0, 0x0, 0x0, 0x0, 0xc,
    0xff, 0xd3, 0x8f, 0xff, 0x40, 0x0, 0x0, 0x0,
    0x1, 0xff, 0xa0, 0x0, 0x4e, 0xf9, 0x0, 0x0,
    0x0, 0x0, 0x6f, 0x50, 0x0, 0x0, 0x1a, 0xe0,
    0x0, 0x0, 0x0, 0x8, 0x20, 0x0, 0x0, 0x0,
    0x6, 0x30, 0x0, 0x0, 0x0, 0x0, 0x0, 0x0,
    0x0, 0x0, 0x0, 0x0, 0x0,

    /* U+2606 "☆" */
    0x0, 0x0, 0x0, 0x0, 0x0, 0x0, 0x0, 0x0,
    0x0, 0x0, 0x0, 0x0, 0x0, 0x0, 0x71, 0x0,
    0x0, 0x0, 0x0, 0x0, 0x0, 0x0, 0x0, 0xd,
    0x60, 0x0, 0x0, 0x0, 0x0, 0x0, 0x0, 0x0,
    0x2, 0x8a, 0x0, 0x0, 0x0, 0x0, 0x0, 0x0,
    0x0, 0x0, 0x83, 0xa0, 0x0, 0x0, 0x0, 0x0,
    0x0, 0x0, 0x0, 0xb, 0x5, 0x50, 0x0, 0x0,
    0x0, 0x0, 0x0, 0x0, 0x2, 0x80, 0xa, 0x0,
    0x0, 0x0, 0x1, 0x9a, 0x99, 0x99, 0xb3, 0x0,
    0x99, 0x99, 0x99, 0xa5, 0x1, 0xa4, 0x0, 0x0,
    0x0, 0x0, 0x0, 0x1, 0x96, 0x0, 0x0, 0x79,
    0x0, 0x0, 0x0, 0x0, 0x4, 0xb2, 0x0, 0x0,
    0x0, 0x3b, 0x30, 0x0, 0x0, 0x8, 0x80, 0x0,
    0x0, 0x0, 0x0, 0xc, 0x0, 0x0, 0x6, 0x70,
    0x0, 0x0, 0x0, 0x0, 0x1, 0x90, 0x0, 0x0,
    0x19, 0x0, 0x0, 0x0, 0x0, 0x0, 0x64, 0x1,
    0xa5, 0x0, 0xa0, 0x0, 0x0, 0x0, 0x0, 0xb,
    0x3, 0xb3, 0x89, 0x6, 0x40, 0x0, 0x0, 0x0,
    0x1, 0xa8, 0x90, 0x0, 0x4b, 0x39, 0x0, 0x0,
    0x0, 0x0, 0x6e, 0x50, 0x0, 0x0, 0x1a, 0xd0,
    0x0, 0x0, 0x0, 0x8, 0x20, 0x0, 0x0, 0x0,
    0x6, 0x30, 0x0, 0x0, 0x0, 0x0, 0x0, 0x0,
    0x0, 0x0, 0x0, 0x0, 0x0,

    /* U+2660 "♠" */
    0x0, 0x0, 0x0, 0x2, 0x0, 0x0, 0x0, 0x0,
    0x0, 0x0, 0x0, 0xd5, 0x0, 0x0, 0x0, 0x0,
    0x0, 0x0, 0x9f, 0xe1, 0x0, 0x0, 0x0, 0x0,
    0x0, 0x5f, 0xff, 0xb0, 0x0, 0x0, 0x0, 0x0,
    0x2f, 0xff, 0xff, 0x70, 0x0, 0x0, 0x0, 0xd,
    0xff, 0xff, 0xff, 0x30, 0x0, 0x0, 0xa, 0xff,
    0xff, 0xff, 0xfe, 0x10, 0x0, 0x7, 0xff, 0xff,
    0xff, 0xff, 0xfc, 0x0, 0x3, 0xff, 0xff, 0xff,
    0xff, 0xff, 0xf9, 0x0, 0xcf, 0xff, 0xff, 0xff,
    0xff, 0xff, 0xf2, 0x1f, 0xff, 0xff, 0xff, 0xff,
    0xff, 0xff, 0x83, 0xff, 0xff, 0xff, 0xff, 0xff,
    0xff, 0xfa, 0x3f, 0xff, 0xff, 0xfe, 0xef, 0xff,
    0xff, 0x90, 0xdf, 0xff, 0xf8, 0x92, 0xff, 0xff,
    0xf4, 0x3, 0xef, 0xfc, 0xa, 0x16, 0xff, 0xf8,
    0x0, 0x1, 0x54, 0x0, 0xc3, 0x2, 0x52, 0x0,
    0x0, 0x0, 0x0, 0xf, 0x60, 0x0, 0x0, 0x0,
    0x0, 0x0, 0x5, 0xfc, 0x0, 0x0, 0x0,

    /* U+2661 "♡" */
    0x0, 0x16, 0x86, 0x0, 0x0, 0x2, 0x78, 0x50,
    0x0, 0x4, 0x92, 0x3, 0x91, 0x0, 0x77, 0x10,
    0x4a, 0x10, 0x29, 0x0, 0x0, 0x8, 0x4, 0x60,
    0x0, 0x1, 0xa0, 0x81, 0x0, 0x0, 0x3, 0x59,
    0x0, 0x0, 0x0, 0x45, 0x90, 0x0, 0x0, 0x0,
    0xa6, 0x0, 0x0, 0x0, 0x18, 0x90, 0x0, 0x0,
    0x0, 0x81, 0x0, 0x0, 0x0, 0x17, 0x90, 0x0,
    0x0, 0x0, 0x30, 0x0, 0x0, 0x0, 0x35, 0x46,
    0x0, 0x0, 0x0, 0x0, 0x0, 0x0, 0x0, 0x80,
    0xa, 0x0, 0x0, 0x0, 0x0, 0x0, 0x0, 0x2,
    0x70, 0x2, 0x90, 0x0, 0x0, 0x0, 0x0, 0x0,
    0xa, 0x0, 0x0, 0x47, 0x0, 0x0, 0x0, 0x0,
    0x0, 0xa1, 0x0, 0x0, 0x7, 0x40, 0x0, 0x0,
    0x0, 0x8, 0x30, 0x0, 0x0, 0x0, 0x92, 0x0,
    0x0, 0x0, 0x65, 0x0, 0x0, 0x0, 0x0, 0xa,
    0x10, 0x0, 0x4, 0x70, 0x0, 0x0, 0x0, 0x0,
    0x1, 0xa0, 0x0, 0x29, 0x0, 0x0, 0x0, 0x0,
    0x0, 0x0, 0x38, 0x1, 0xa0, 0x0, 0x0, 0x0,
    0x0, 0x0, 0x0, 0x6, 0x6a, 0x10, 0x0, 0x0,
    0x0, 0x0, 0x0, 0x0, 0x0, 0x82, 0x0, 0x0,
    0x0, 0x0,

    /* U+2662 "♢" */
    0x0, 0x0, 0x0, 0x20, 0x0, 0x0, 0x0, 0x0,
    0x0, 0x1, 0xa8, 0x0, 0x0, 0x0, 0x0, 0x0,
    0x9, 0x6, 0x40, 0x0, 0x0, 0x0, 0x0, 0x82,
    0x0, 0x92, 0x0, 0x0, 0x0, 0x5, 0x60, 0x0,
    0xa, 0x0, 0x0, 0x0, 0x29, 0x0, 0x0, 0x2,
    0x90, 0x0, 0x0, 0xa0, 0x0, 0x0, 0x0, 0x56,
    0x0, 0x9, 0x20, 0x0, 0x0, 0x0, 0x8, 0x30,
    0x65, 0x0, 0x0, 0x0, 0x0, 0x0, 0xa0, 0xa1,
    0x0, 0x0, 0x0, 0x0, 0x0, 0x74, 0x1a, 0x0,
    0x0, 0x0, 0x0, 0x3, 0x80, 0x4, 0x70, 0x0,
    0x0, 0x0, 0x1a, 0x0, 0x0, 0x84, 0x0, 0x0,
    0x0, 0xa1, 0x0, 0x0, 0xa, 0x10, 0x0, 0x7,
    0x40, 0x0, 0x0, 0x1, 0xa0, 0x0, 0x47, 0x0,
    0x0, 0x0, 0x0, 0x38, 0x1, 0xa0, 0x0, 0x0,
    0x0, 0x0, 0x7, 0x5a, 0x10, 0x0, 0x0, 0x0,
    0x0, 0x0, 0x93, 0x0, 0x0, 0x0,

    /* U+2663 "♣" */
    0x0, 0x0, 0x0, 0x3, 0x76, 0x10, 0x0, 0x0,
    0x0, 0x0, 0x0, 0x9, 0xff, 0xff, 0x40, 0x0,
    0x0, 0x0, 0x0, 0x8, 0xff, 0xff, 0xff, 0x10,
    0x0, 0x0, 0x0, 0x0, 0xef, 0xff, 0xff, 0xf8,
    0x0, 0x0, 0x0, 0x0, 0xf, 0xff, 0xff, 0xff,
    0x90, 0x0, 0x0, 0x0, 0x0, 0xdf, 0xff, 0xff,
    0xf7, 0x0, 0x0, 0x0, 0x0, 0x6, 0xff, 0xff,
    0xfe, 0x10, 0x0, 0x0, 0x0, 0x0, 0xc, 0xff,
    0xff, 0x50, 0x0, 0x0, 0x0, 0x4b, 0xee, 0xcf,
    0xff, 0xed, 0xed, 0x81, 0x0, 0x7f, 0xff, 0xff,
    0xff, 0xff, 0xff, 0xff, 0xd1, 0x1f, 0xff, 0xff,
    0xff, 0xff, 0xff, 0xff, 0xff, 0x84, 0xff, 0xff,
    0xff, 0xff, 0xff, 0xff, 0xff, 0xfc, 0x4f, 0xff,
    0xff, 0xff, 0xee, 0xff, 0xff, 0xff, 0xb0, 0xef,
    0xff, 0xff, 0xe9, 0x8f, 0xff, 0xff, 0xf7, 0x4,
    0xff, 0xff, 0xf3, 0x91, 0xbf, 0xff, 0xfb, 0x0,
    0x2, 0x9b, 0x82, 0xb, 0x30, 0x6a, 0xa6, 0x0,
    0x0, 0x0, 0x0, 0x0, 0xe6, 0x0, 0x0, 0x0,
    0x0, 0x0, 0x0, 0x0, 0x4f, 0xc0, 0x0, 0x0,
    0x0,

    /* U+2664 "♤" */
    0x0, 0x0, 0x0, 0x22, 0x0, 0x0, 0x0, 0x0,
    0x0, 0x0, 0xaa, 0x0, 0x0, 0x0, 0x0, 0x0,
    0x7, 0x35, 0x60, 0x0, 0x0, 0x0, 0x0, 0x37,
    0x0, 0x92, 0x0, 0x0, 0x0, 0x1, 0xa0, 0x0,
    0xa, 0x0, 0x0, 0x0, 0xa, 0x10, 0x0, 0x2,
    0x90, 0x0, 0x0, 0x83, 0x0, 0x0, 0x0, 0x47,
    0x0, 0x6, 0x50, 0x0, 0x0, 0x0, 0x7, 0x50,
    0x28, 0x0, 0x0, 0x0, 0x0, 0x0, 0xa1, 0x81,
    0x0, 0x0, 0x0, 0x0, 0x0, 0x18, 0x90, 0x0,
    0x0, 0x0, 0x0, 0x0, 0x9, 0x90, 0x0, 0x0,
    0x0, 0x0, 0x0, 0x9, 0xa0, 0x0, 0x2, 0xbb,
    0x60, 0x0, 0xa, 0x64, 0x0, 0xb, 0x28, 0x82,
    0x0, 0x47, 0x7, 0xa9, 0xb2, 0x29, 0x9, 0x99,
    0x70, 0x0, 0x0, 0x0, 0x4b, 0x0, 0x0, 0x0,
    0x0, 0x0, 0x0, 0x8a, 0x0, 0x0, 0x0, 0x0,
    0x0, 0x0, 0xdc, 0x30, 0x0, 0x0,

    /* U+2665 "♥" */
    0x0, 0x5, 0x74, 0x0, 0x0, 0x1, 0x66, 0x30,
    0x0, 0x3, 0xef, 0xff, 0xc1, 0x0, 0x6f, 0xff,
    0xfa, 0x0, 0x2e, 0xff, 0xff, 0xfb, 0x3, 0xff,
    0xff, 0xff, 0x90, 0x9f, 0xff, 0xff, 0xff, 0x4c,
    0xff, 0xff, 0xff, 0xf1, 0xcf, 0xff, 0xff, 0xff,
    0xbf, 0xff, 0xff, 0xff, 0xf5, 0xcf, 0xff, 0xff,
    0xff, 0xff, 0xff, 0xff, 0xff, 0xf5, 0xaf, 0xff,
    0xff, 0xff, 0xff, 0xff, 0xff, 0xff, 0xf3, 0x5f,
    0xff, 0xff, 0xff, 0xff, 0xff, 0xff, 0xff, 0xe0,
    0xd, 0xff, 0xff, 0xff, 0xff, 0xff, 0xff, 0xff,
    0x60, 0x3, 0xff, 0xff, 0xff, 0xff, 0xff, 0xff,
    0xfc, 0x0, 0x0, 0x6f, 0xff, 0xff, 0xff, 0xff,
    0xff, 0xe1, 0x0, 0x0, 0x9, 0xff, 0xff, 0xff,
    0xff, 0xff, 0x30, 0x0, 0x0, 0x0, 0xcf, 0xff,
    0xff, 0xff, 0xf5, 0x0, 0x0, 0x0, 0x0, 0x1e,
    0xff, 0xff, 0xff, 0x80, 0x0, 0x0, 0x0, 0x0,
    0x3, 0xff, 0xff, 0xfa, 0x0, 0x0, 0x0, 0x0,
    0x0, 0x0, 0x5f, 0xff, 0xc0, 0x0, 0x0, 0x0,
    0x0, 0x0, 0x0, 0x8, 0xfe, 0x10, 0x0, 0x0,
    0x0, 0x0, 0x0, 0x0, 0x0, 0xa3, 0x0, 0x0,
    0x0, 0x0,

    /* U+2666 "♦" */
    0x0, 0x0, 0x0, 0x20, 0x0, 0x0, 0x0, 0x0,
    0x0, 0x1, 0xe8, 0x0, 0x0, 0x0, 0x0, 0x0,
    0xc, 0xff, 0x40, 0x0, 0x0, 0x0, 0x0, 0x8f,
    0xff, 0xe2, 0x0, 0x0, 0x0, 0x5, 0xff, 0xff,
    0xfc, 0x0, 0x0, 0x0, 0x2f, 0xff, 0xff, 0xff,
    0x90, 0x0, 0x0, 0xdf, 0xff, 0xff, 0xff, 0xf5,
    0x0, 0xa, 0xff, 0xff, 0xff, 0xff, 0xff, 0x20,
    0x6f, 0xff, 0xff, 0xff, 0xff, 0xff, 0xd0, 0xcf,
    0xff, 0xff, 0xff, 0xff, 0xff, 0xf4, 0x2e, 0xff,
    0xff, 0xff, 0xff, 0xff, 0x80, 0x4, 0xff, 0xff,
    0xff, 0xff, 0xfc, 0x0, 0x0, 0x8f, 0xff, 0xff,
    0xff, 0xe1, 0x0, 0x0, 0xb, 0xff, 0xff, 0xff,
    0x40, 0x0, 0x0, 0x1, 0xef, 0xff, 0xf7, 0x0,
    0x0, 0x0, 0x0, 0x3f, 0xff, 0xb0, 0x0, 0x0,
    0x0, 0x0, 0x6, 0xfd, 0x0, 0x0, 0x0, 0x0,
    0x0, 0x0, 0x92, 0x0, 0x0, 0x0,

    /* U+2667 "♧" */
    0x0, 0x0, 0x0, 0x5, 0x87, 0x20, 0x0, 0x0,
    0x0, 0x0, 0x0, 0x9, 0x40, 0x29, 0x50, 0x0,
    0x0, 0x0, 0x0, 0x8, 0x20, 0x0, 0x8, 0x20,
    0x0, 0x0, 0x0, 0x0, 0x90, 0x0, 0x0, 0x27,
    0x0, 0x0, 0x0, 0x0, 0x8, 0x0, 0x0, 0x0,
    0x80, 0x0, 0x0, 0x0, 0x0, 0x80, 0x0, 0x0,
    0x36, 0x0, 0x0, 0x0, 0x0, 0x7, 0x20, 0x0,
    0x9, 0x0, 0x0, 0x0, 0x0, 0x0, 0x9, 0x0,
    0x4, 0x60, 0x0, 0x0, 0x0, 0x69, 0x99, 0xa2,
    0x0, 0x99, 0x99, 0x80, 0x0, 0x93, 0x0, 0x0,
    0x0, 0x0, 0x0, 0x2, 0xa0, 0x46, 0x0, 0x0,
    0x0, 0x10, 0x0, 0x0, 0x4, 0x57, 0x10, 0x0,
    0x0, 0xc, 0x0, 0x0, 0x0, 0x9, 0x72, 0x0,
    0x0, 0x5, 0xd6, 0x0, 0x0, 0x1, 0x82, 0x80,
    0x0, 0x0, 0x9a, 0x81, 0x0, 0x0, 0x74, 0x6,
    0x70, 0x2, 0xa2, 0xb0, 0x92, 0x0, 0x68, 0x0,
    0x4, 0x99, 0x71, 0xe, 0x0, 0x69, 0x95, 0x0,
    0x0, 0x0, 0x0, 0x1, 0xb4, 0x0, 0x0, 0x0,
    0x0, 0x0, 0x0, 0x0, 0x7c, 0xa0, 0x0, 0x0,
    0x0,

    /* U+2669 "♩" */
    0x0, 0x0, 0x6, 0x0, 0x0, 0x0, 0xe2, 0x0,
    0x0, 0xe, 0x20, 0x0, 0x0, 0xe2, 0x0, 0x0,
    0xe, 0x20, 0x0, 0x0, 0xe2, 0x0, 0x0, 0xe,
    0x20, 0x0, 0x0, 0xe2, 0x0, 0x0, 0xe, 0x20,
    0x0, 0x0, 0xe2, 0x0, 0x0, 0xe, 0x20, 0x0,
    0x0, 0xe2, 0x0, 0x0, 0xe, 0x20, 0x0, 0x0,
    0xe2, 0x6, 0x99, 0x3e, 0x2c, 0xff, 0xff, 0xf1,
    0xef, 0xff, 0xfe, 0x5, 0xef, 0xfd, 0x30, 0x0,
    0x11, 0x0, 0x0,

    /* U+266A "♪" */
    0x0, 0x0, 0x7, 0x10, 0x0, 0x0, 0x0, 0x0,
    0x1f, 0x90, 0x0, 0x0, 0x0, 0x0, 0x1f, 0xff,
    0x93, 0x0, 0x0, 0x0, 0x1f, 0xaf, 0xff, 0x90,
    0x0, 0x0, 0x1f, 0x21, 0x7e, 0xf3, 0x0, 0x0,
    0x1f, 0x20, 0x1, 0xe3, 0x0, 0x0, 0x1f, 0x20,
    0x0, 0xc0, 0x0, 0x0, 0x1f, 0x20, 0x4, 0x20,
    0x0, 0x0, 0x1f, 0x20, 0x0, 0x0, 0x0, 0x0,
    0x1f, 0x20, 0x0, 0x0, 0x0, 0x0, 0x1f, 0x20,
    0x0, 0x0, 0x0, 0x0, 0x1f, 0x20, 0x0, 0x0,
    0x0, 0x0, 0x1f, 0x20, 0x0, 0x0, 0x0, 0x0,
    0x1f, 0x20, 0x0, 0x0, 0x6, 0xa8, 0x3f, 0x20,
    0x0, 0x0, 0xcf, 0xff, 0xff, 0x20, 0x0, 0x0,
    0xef, 0xff, 0xfe, 0x0, 0x0, 0x0, 0x5e, 0xff,
    0xd3, 0x0, 0x0, 0x0, 0x0, 0x11, 0x0, 0x0,
    0x0, 0x0,

    /* U+266B "♫" */
    0x0, 0x0, 0x3, 0x0, 0x0, 0x0, 0x0, 0x0,
    0x0, 0xf, 0xe9, 0x50, 0x0, 0x0, 0x0, 0x0,
    0xf, 0xff, 0xff, 0xb6, 0x10, 0x0, 0x0, 0xf,
    0xae, 0xff, 0xff, 0xf0, 0x0, 0x0, 0xe, 0x0,
    0x49, 0xef, 0xf0, 0x0, 0x0, 0xe, 0x0, 0x0,
    0x3, 0xe0, 0x0, 0x0, 0xe, 0x0, 0x0, 0x0,
    0xe0, 0x0, 0x0, 0xe, 0x0, 0x0, 0x0, 0xe0,
    0x0, 0x0, 0xe, 0x0, 0x0, 0x0, 0xe0, 0x0,
    0x0, 0xe, 0x0, 0x0, 0x0, 0xe0, 0x0, 0x0,
    0xe, 0x0, 0x0, 0x0, 0xe0, 0x0, 0x0, 0xe,
    0x0, 0x0, 0x0, 0xe0, 0x0, 0x0, 0xe, 0x0,
    0x0, 0x0, 0xe0, 0x0, 0x0, 0xe, 0x0, 0x0,
    0x0, 0xe0, 0x2, 0x77, 0x1e, 0x0, 0x0, 0x0,
    0xe0, 0x3f, 0xff, 0xfe, 0x0, 0x0, 0x0, 0xe0,
    0x7f, 0xff, 0xfc, 0x0, 0x0, 0x10, 0xe0, 0x2e,
    0xff, 0xe3, 0x0, 0xbf, 0xfc, 0xf0, 0x0, 0x23,
    0x0, 0x4, 0xff, 0xff, 0xf0, 0x0, 0x0, 0x0,
    0x2, 0xff, 0xff, 0x90, 0x0, 0x0, 0x0, 0x0,
    0x38, 0x95, 0x0,

    /* U+266C "♬" */
    0x0, 0x0, 0x6, 0x77, 0x77, 0x77, 0x77, 0x77,
    0x70, 0x0, 0x0, 0xe, 0xff, 0xff, 0xff, 0xff,
    0xff, 0xf2, 0x0, 0x0, 0xe, 0xff, 0xff, 0xff,
    0xff, 0xff, 0xf2, 0x0, 0x0, 0xe, 0x20, 0x0,
    0x0, 0x0, 0x0, 0xe2, 0x0, 0x0, 0xe, 0x20,
    0x0, 0x0, 0x0, 0x0, 0xe2, 0x0, 0x0, 0xe,
    0xff, 0xff, 0xff, 0xff, 0xff, 0xf2, 0x0, 0x0,
    0xe, 0xff, 0xff, 0xff, 0xff, 0xff, 0xf2, 0x0,
    0x0, 0xe, 0x98, 0x88, 0x88, 0x88, 0x88, 0xf2,
    0x0, 0x0, 0xe, 0x20, 0x0, 0x0, 0x0, 0x0,
    0xe2, 0x0, 0x0, 0xe, 0x20, 0x0, 0x0, 0x0,
    0x0, 0xe2, 0x0, 0x0, 0xe, 0x20, 0x0, 0x0,
    0x0, 0x0, 0xe2, 0x0, 0x0, 0xe, 0x20, 0x0,
    0x0, 0x0, 0x0, 0xe2, 0x0, 0x0, 0xe, 0x20,
    0x0, 0x0, 0x0, 0x0, 0xe2, 0x0, 0x0, 0xe,
    0x20, 0x0, 0x0, 0x0, 0x0, 0xe2, 0x5, 0x88,
    0x2e, 0x20, 0x0, 0x0, 0x59, 0x83, 0xe2, 0xaf,
    0xff, 0xff, 0x10, 0x0, 0xa, 0xff, 0xff, 0xf1,
    0xcf, 0xff, 0xfc, 0x0, 0x0, 0xc, 0xff, 0xff,
    0xd0, 0x3d, 0xff, 0xb2, 0x0, 0x0, 0x3, 0xcf,
    0xfb, 0x20, 0x0, 0x10, 0x0, 0x0, 0x0, 0x0,
    0x0, 0x0, 0x0,

    /* U+2713 "✓" */
    0x0, 0x0, 0x0, 0x0, 0x0, 0x5c, 0xc0, 0x0,
    0x0, 0x0, 0x0, 0x6, 0xff, 0x30, 0x0, 0x0,
    0x0, 0x0, 0x3f, 0xf6, 0x0, 0x0, 0x0, 0x0,
    0x1, 0xef, 0xa0, 0x0, 0x0, 0x0, 0x0, 0xb,
    0xfd, 0x0, 0x0, 0x0, 0x0, 0x0, 0x6f, 0xf2,
    0x0, 0x0, 0x0, 0x0, 0x2, 0xff, 0x50, 0x0,
    0x0, 0x3, 0x50, 0xc, 0xf9, 0x0, 0x0, 0x0,
    0x4f, 0xf1, 0x6f, 0xe0, 0x0, 0x0, 0x0, 0x4f,
    0xfa, 0xff, 0x40, 0x0, 0x0, 0x0, 0xf, 0xff,
    0xf9, 0x0, 0x0, 0x0, 0x0, 0x9, 0xff, 0xd0,
    0x0, 0x0, 0x0, 0x0, 0x2, 0xdc, 0x30, 0x0,
    0x0, 0x0, 0x0,

    /* U+2717 "✗" */
    0x0, 0x0, 0x0, 0x0, 0x0, 0x0, 0x43, 0x40,
    0x0, 0x3, 0x99, 0x0, 0x0, 0x4f, 0xfb, 0x0,
    0x0, 0x8f, 0xf2, 0x0, 0x4f, 0xfe, 0x10, 0x0,
    0x3, 0xff, 0x80, 0x3f, 0xff, 0x30, 0x0, 0x0,
    0xe, 0xff, 0x2e, 0xff, 0x40, 0x0, 0x0, 0x0,
    0x8f, 0xff, 0xff, 0x80, 0x0, 0x0, 0x0, 0x2,
    0xff, 0xff, 0xb0, 0x0, 0x0, 0x0, 0x0, 0xc,
    0xff, 0xf1, 0x0, 0x0, 0x0, 0x0, 0x2, 0xff,
    0xff, 0x30, 0x0, 0x0, 0x0, 0x0, 0xdf, 0xff,
    0xfa, 0x0, 0x0, 0x0, 0x0, 0xbf, 0xfd, 0xff,
    0xf3, 0x0, 0x0, 0x0, 0x7f, 0xff, 0x29, 0xff,
    0xb0, 0x0, 0x0, 0x2f, 0xff, 0x60, 0x1e, 0xff,
    0x40, 0x0, 0xd, 0xff, 0xb0, 0x0, 0x4f, 0xf6,
    0x0, 0x8, 0xff, 0xf1, 0x0, 0x0, 0x8c, 0x0,
    0x1, 0xff, 0xf6, 0x0, 0x0, 0x0, 0x0, 0x0,
    0x2f, 0xfc, 0x0, 0x0, 0x0, 0x0, 0x0, 0x0,
    0xcf, 0x30, 0x0, 0x0, 0x0, 0x0, 0x0, 0x1,
    0x10, 0x0, 0x0, 0x0, 0x0, 0x0, 0x0
};


/*---------------------
 *  GLYPH DESCRIPTION
 *--------------------*/

static const lv_font_fmt_txt_glyph_dsc_t glyph_dsc[] = {
    {.bitmap_index = 0, .adv_w = 0, .box_w = 0, .box_h = 0, .ofs_x = 0, .ofs_y = 0} /* id = 0 reserved */,
    {.bitmap_index = 0, .adv_w = 96, .box_w = 0, .box_h = 0, .ofs_x = 0, .ofs_y = 0},
    {.bitmap_index = 0, .adv_w = 103, .box_w = 4, .box_h = 17, .ofs_x = 1, .ofs_y = 0},
    {.bitmap_index = 34, .adv_w = 125, .box_w = 6, .box_h = 7, .ofs_x = 1, .ofs_y = 11},
    {.bitmap_index = 55, .adv_w = 234, .box_w = 14, .box_h = 17, .ofs_x = 1, .ofs_y = 0},
    {.bitmap_index = 174, .adv_w = 218, .box_w = 12, .box_h = 22, .ofs_x = 1, .ofs_y = -2},
    {.bitmap_index = 306, .adv_w = 282, .box_w = 16, .box_h = 17, .ofs_x = 1, .ofs_y = 0},
    {.bitmap_index = 442, .adv_w = 245, .box_w = 15, .box_h = 17, .ofs_x = 1, .ofs_y = 0},
    {.bitmap_index = 570, .adv_w = 65, .box_w = 4, .box_h = 7, .ofs_x = 0, .ofs_y = 11},
    {.bitmap_index = 584, .adv_w = 134, .box_w = 7, .box_h = 26, .ofs_x = 1, .ofs_y = -6},
    {.bitmap_index = 675, .adv_w = 135, .box_w = 7, .box_h = 26, .ofs_x = 0, .ofs_y = -6},
    {.bitmap_index = 766, .adv_w = 170, .box_w = 11, .box_h = 11, .ofs_x = 0, .ofs_y = 6},
    {.bitmap_index = 827, .adv_w = 214, .box_w = 13, .box_h = 13, .ofs_x = 0, .ofs_y = 2},
    {.bitmap_index = 912, .adv_w = 84, .box_w = 5, .box_h = 7, .ofs_x = 0, .ofs_y = -4},
    {.bitmap_index = 930, .adv_w = 126, .box_w = 7, .box_h = 3, .ofs_x = 0, .ofs_y = 6},
    {.bitmap_index = 941, .adv_w = 107, .box_w = 4, .box_h = 4, .ofs_x = 1, .ofs_y = 0},
    {.bitmap_index = 949, .adv_w = 152, .box_w = 9, .box_h = 19, .ofs_x = 0, .ofs_y = -2},
    {.bitmap_index = 1035, .adv_w = 218, .box_w = 12, .box_h = 17, .ofs_x = 1, .ofs_y = 0},
    {.bitmap_index = 1137, .adv_w = 218, .box_w = 8, .box_h = 17, .ofs_x = 1, .ofs_y = 0},
    {.bitmap_index = 1205, .adv_w = 218, .box_w = 13, .box_h = 17, .ofs_x = 0, .ofs_y = 0},
    {.bitmap_index = 1316, .adv_w = 218, .box_w = 13, .box_h = 17, .ofs_x = 0, .ofs_y = 0},
    {.bitmap_index = 1427, .adv_w = 218, .box_w = 14, .box_h = 17, .ofs_x = 0, .ofs_y = 0},
    {.bitmap_index = 1546, .adv_w = 218, .box_w = 12, .box_h = 17, .ofs_x = 1, .ofs_y = 0},
    {.bitmap_index = 1648, .adv_w = 218, .box_w = 12, .box_h = 17, .ofs_x = 1, .ofs_y = 0},
    {.bitmap_index = 1750, .adv_w = 218, .box_w = 13, .box_h = 17, .ofs_x = 0, .ofs_y = 0},
    {.bitmap_index = 1861, .adv_w = 218, .box_w = 12, .box_h = 17, .ofs_x = 1, .ofs_y = 0},
    {.bitmap_index = 1963, .adv_w = 218, .box_w = 12, .box_h = 17, .ofs_x = 1, .ofs_y = 0},
    {.bitmap_index = 2065, .adv_w = 102, .box_w = 4, .box_h = 13, .ofs_x = 1, .ofs_y = 0},
    {.bitmap_index = 2091, .adv_w = 91, .box_w = 5, .box_h = 17, .ofs_x = 0, .ofs_y = -4},
    {.bitmap_index = 2134, .adv_w = 195, .box_w = 11, .box_h = 12, .ofs_x = 0, .ofs_y = 1},
    {.bitmap_index = 2200, .adv_w = 215, .box_w = 11, .box_h = 8, .ofs_x = 1, .ofs_y = 4},
    {.bitmap_index = 2244, .adv_w = 200, .box_w = 11, .box_h = 12, .ofs_x = 1, .ofs_y = 1},
    {.bitmap_index = 2310, .adv_w = 187, .box_w = 11, .box_h = 17, .ofs_x = 0, .ofs_y = 0},
    {.bitmap_index = 2404, .adv_w = 344, .box_w = 20, .box_h = 22, .ofs_x = 1, .ofs_y = -5},
    {.bitmap_index = 2624, .adv_w = 256, .box_w = 16, .box_h = 17, .ofs_x = 0, .ofs_y = 0},
    {.bitmap_index = 2760, .adv_w = 242, .box_w = 13, .box_h = 17, .ofs_x = 1, .ofs_y = 0},
    {.bitmap_index = 2871, .adv_w = 251, .box_w = 14, .box_h = 17, .ofs_x = 1, .ofs_y = 0},
    {.bitmap_index = 2990, .adv_w = 251, .box_w = 14, .box_h = 17, .ofs_x = 1, .ofs_y = 0},
    {.bitmap_index = 3109, .adv_w = 217, .box_w = 12, .box_h = 17, .ofs_x = 1, .ofs_y = 0},
    {.bitmap_index = 3211, .adv_w = 211, .box_w = 12, .box_h = 17, .ofs_x = 1, .ofs_y = 0},
    {.bitmap_index = 3313, .adv_w = 261, .box_w = 14, .box_h = 17, .ofs_x = 1, .ofs_y = 0},
    {.bitmap_index = 3432, .adv_w = 273, .box_w = 15, .box_h = 17, .ofs_x = 1, .ofs_y = 0},
    {.bitmap_index = 3560, .adv_w = 108, .box_w = 4, .box_h = 17, .ofs_x = 1, .ofs_y = 0},
    {.bitmap_index = 3594, .adv_w = 213, .box_w = 12, .box_h = 17, .ofs_x = 0, .ofs_y = 0},
    {.bitmap_index = 3696, .adv_w = 242, .box_w = 15, .box_h = 17, .ofs_x = 1, .ofs_y = 0},
    {.bitmap_index = 3824, .adv_w = 208, .box_w = 12, .box_h = 17, .ofs_x = 1, .ofs_y = 0},
    {.bitmap_index = 3926, .adv_w = 336, .box_w = 19, .box_h = 17, .ofs_x = 1, .ofs_y = 0},
    {.bitmap_index = 4088, .adv_w = 273, .box_w = 15, .box_h = 17, .ofs_x = 1, .ofs_y = 0},
    {.bitmap_index = 4216, .adv_w = 265, .box_w = 15, .box_h = 17, .ofs_x = 1, .ofs_y = 0},
    {.bitmap_index = 4344, .adv_w = 245, .box_w = 14, .box_h = 17, .ofs_x = 1, .ofs_y = 0},
    {.bitmap_index = 4463, .adv_w = 265, .box_w = 15, .box_h = 20, .ofs_x = 1, .ofs_y = -3},
    {.bitmap_index = 4613, .adv_w = 240, .box_w = 14, .box_h = 17, .ofs_x = 1, .ofs_y = 0},
    {.bitmap_index = 4732, .adv_w = 232, .box_w = 14, .box_h = 17, .ofs_x = 0, .ofs_y = 0},
    {.bitmap_index = 4851, .adv_w = 233, .box_w = 15, .box_h = 17, .ofs_x = 0, .ofs_y = 0},
    {.bitmap_index = 4979, .adv_w = 250, .box_w = 14, .box_h = 17, .ofs_x = 1, .ofs_y = 0},
    {.bitmap_index = 5098, .adv_w = 248, .box_w = 16, .box_h = 17, .ofs_x = 0, .ofs_y = 0},
    {.bitmap_index = 5234, .adv_w = 338, .box_w = 21, .box_h = 17, .ofs_x = 0, .ofs_y = 0},
    {.bitmap_index = 5413, .adv_w = 243, .box_w = 15, .box_h = 17, .ofs_x = 0, .ofs_y = 0},
    {.bitmap_index = 5541, .adv_w = 234, .box_w = 15, .box_h = 17, .ofs_x = 0, .ofs_y = 0},
    {.bitmap_index = 5669, .adv_w = 231, .box_w = 14, .box_h = 17, .ofs_x = 0, .ofs_y = 0},
    {.bitmap_index = 5788, .adv_w = 105, .box_w = 6, .box_h = 24, .ofs_x = 1, .ofs_y = -4},
    {.bitmap_index = 5860, .adv_w = 161, .box_w = 11, .box_h = 19, .ofs_x = 0, .ofs_y = -2},
    {.bitmap_index = 5965, .adv_w = 105, .box_w = 5, .box_h = 24, .ofs_x = 0, .ofs_y = -4},
    {.bitmap_index = 6025, .adv_w = 164, .box_w = 10, .box_h = 9, .ofs_x = 0, .ofs_y = 9},
    {.bitmap_index = 6070, .adv_w = 173, .box_w = 11, .box_h = 3, .ofs_x = 0, .ofs_y = -2},
    {.bitmap_index = 6087, .adv_w = 124, .box_w = 7, .box_h = 4, .ofs_x = 0, .ofs_y = 15},
    {.bitmap_index = 6101, .adv_w = 208, .box_w = 11, .box_h = 13, .ofs_x = 1, .ofs_y = 0},
    {.bitmap_index = 6173, .adv_w = 216, .box_w = 12, .box_h = 18, .ofs_x = 1, .ofs_y = 0},
    {.bitmap_index = 6281, .adv_w = 201, .box_w = 12, .box_h = 13, .ofs_x = 0, .ofs_y = 0},
    {.bitmap_index = 6359, .adv_w = 217, .box_w = 13, .box_h = 18, .ofs_x = 0, .ofs_y = 0},
    {.bitmap_index = 6476, .adv_w = 206, .box_w = 13, .box_h = 13, .ofs_x = 0, .ofs_y = 0},
    {.bitmap_index = 6561, .adv_w = 136, .box_w = 9, .box_h = 19, .ofs_x = 0, .ofs_y = 0},
    {.bitmap_index = 6647, .adv_w = 218, .box_w = 13, .box_h = 18, .ofs_x = 0, .ofs_y = -5},
    {.bitmap_index = 6764, .adv_w = 213, .box_w = 11, .box_h = 18, .ofs_x = 1, .ofs_y = 0},
    {.bitmap_index = 6863, .adv_w = 98, .box_w = 4, .box_h = 17, .ofs_x = 1, .ofs_y = 0},
    {.bitmap_index = 6897, .adv_w = 96, .box_w = 6, .box_h = 22, .ofs_x = -1, .ofs_y = -5},
    {.bitmap_index = 6963, .adv_w = 200, .box_w = 12, .box_h = 18, .ofs_x = 1, .ofs_y = 0},
    {.bitmap_index = 7071, .adv_w = 98, .box_w = 4, .box_h = 18, .ofs_x = 1, .ofs_y = 0},
    {.bitmap_index = 7107, .adv_w = 334, .box_w = 19, .box_h = 13, .ofs_x = 1, .ofs_y = 0},
    {.bitmap_index = 7231, .adv_w = 214, .box_w = 11, .box_h = 13, .ofs_x = 1, .ofs_y = 0},
    {.bitmap_index = 7303, .adv_w = 219, .box_w = 13, .box_h = 13, .ofs_x = 0, .ofs_y = 0},
    {.bitmap_index = 7388, .adv_w = 216, .box_w = 12, .box_h = 18, .ofs_x = 1, .ofs_y = -5},
    {.bitmap_index = 7496, .adv_w = 218, .box_w = 13, .box_h = 18, .ofs_x = 0, .ofs_y = -5},
    {.bitmap_index = 7613, .adv_w = 135, .box_w = 8, .box_h = 14, .ofs_x = 1, .ofs_y = 0},
    {.bitmap_index = 7669, .adv_w = 198, .box_w = 12, .box_h = 13, .ofs_x = 0, .ofs_y = 0},
    {.bitmap_index = 7747, .adv_w = 128, .box_w = 8, .box_h = 16, .ofs_x = 0, .ofs_y = 0},
    {.bitmap_index = 7811, .adv_w = 213, .box_w = 11, .box_h = 13, .ofs_x = 1, .ofs_y = 0},
    {.bitmap_index = 7883, .adv_w = 190, .box_w = 12, .box_h = 13, .ofs_x = 0, .ofs_y = 0},
    {.bitmap_index = 7961, .adv_w = 285, .box_w = 18, .box_h = 13, .ofs_x = 0, .ofs_y = 0},
    {.bitmap_index = 8078, .adv_w = 193, .box_w = 12, .box_h = 13, .ofs_x = 0, .ofs_y = 0},
    {.bitmap_index = 8156, .adv_w = 187, .box_w = 12, .box_h = 18, .ofs_x = 0, .ofs_y = -5},
    {.bitmap_index = 8264, .adv_w = 193, .box_w = 12, .box_h = 13, .ofs_x = 0, .ofs_y = 0},
    {.bitmap_index = 8342, .adv_w = 129, .box_w = 8, .box_h = 24, .ofs_x = 0, .ofs_y = -5},
    {.bitmap_index = 8438, .adv_w = 96, .box_w = 2, .box_h = 21, .ofs_x = 2, .ofs_y = -4},
    {.bitmap_index = 8459, .adv_w = 129, .box_w = 8, .box_h = 24, .ofs_x = 0, .ofs_y = -5},
    {.bitmap_index = 8555, .adv_w = 255, .box_w = 14, .box_h = 5, .ofs_x = 1, .ofs_y = 5},
    {.bitmap_index = 8590, .adv_w = 96, .box_w = 0, .box_h = 0, .ofs_x = 0, .ofs_y = 0},
    {.bitmap_index = 8590, .adv_w = 102, .box_w = 4, .box_h = 18, .ofs_x = 1, .ofs_y = -5},
    {.bitmap_index = 8626, .adv_w = 215, .box_w = 12, .box_h = 18, .ofs_x = 1, .ofs_y = -3},
    {.bitmap_index = 8734, .adv_w = 226, .box_w = 13, .box_h = 17, .ofs_x = 1, .ofs_y = 0},
    {.bitmap_index = 8845, .adv_w = 269, .box_w = 15, .box_h = 17, .ofs_x = 1, .ofs_y = -1},
    {.bitmap_index = 8973, .adv_w = 234, .box_w = 15, .box_h = 17, .ofs_x = 0, .ofs_y = 0},
    {.bitmap_index = 9101, .adv_w = 95, .box_w = 4, .box_h = 21, .ofs_x = 1, .ofs_y = -4},
    {.bitmap_index = 9143, .adv_w = 239, .box_w = 13, .box_h = 22, .ofs_x = 1, .ofs_y = -5},
    {.bitmap_index = 9286, .adv_w = 169, .box_w = 9, .box_h = 3, .ofs_x = 1, .ofs_y = 15},
    {.bitmap_index = 9300, .adv_w = 301, .box_w = 17, .box_h = 19, .ofs_x = 1, .ofs_y = -1},
    {.bitmap_index = 9462, .adv_w = 171, .box_w = 9, .box_h = 9, .ofs_x = 1, .ofs_y = 8},
    {.bitmap_index = 9503, .adv_w = 186, .box_w = 10, .box_h = 10, .ofs_x = 1, .ofs_y = 2},
    {.bitmap_index = 9553, .adv_w = 212, .box_w = 11, .box_h = 6, .ofs_x = 1, .ofs_y = 4},
    {.bitmap_index = 9586, .adv_w = 126, .box_w = 7, .box_h = 3, .ofs_x = 0, .ofs_y = 6},
    {.bitmap_index = 9597, .adv_w = 301, .box_w = 17, .box_h = 19, .ofs_x = 1, .ofs_y = -1},
    {.bitmap_index = 9759, .adv_w = 185, .box_w = 10, .box_h = 2, .ofs_x = 1, .ofs_y = 15},
    {.bitmap_index = 9769, .adv_w = 146, .box_w = 7, .box_h = 6, .ofs_x = 1, .ofs_y = 11},
    {.bitmap_index = 9790, .adv_w = 206, .box_w = 11, .box_h = 15, .ofs_x = 1, .ofs_y = 0},
    {.bitmap_index = 9873, .adv_w = 142, .box_w = 9, .box_h = 9, .ofs_x = 0, .ofs_y = 8},
    {.bitmap_index = 9914, .adv_w = 142, .box_w = 8, .box_h = 9, .ofs_x = 0, .ofs_y = 8},
    {.bitmap_index = 9950, .adv_w = 125, .box_w = 6, .box_h = 4, .ofs_x = 1, .ofs_y = 15},
    {.bitmap_index = 9962, .adv_w = 227, .box_w = 12, .box_h = 18, .ofs_x = 1, .ofs_y = -5},
    {.bitmap_index = 10070, .adv_w = 188, .box_w = 11, .box_h = 17, .ofs_x = 0, .ofs_y = 0},
    {.bitmap_index = 10164, .adv_w = 108, .box_w = 4, .box_h = 4, .ofs_x = 1, .ofs_y = 7},
    {.bitmap_index = 10172, .adv_w = 99, .box_w = 5, .box_h = 5, .ofs_x = 1, .ofs_y = -5},
    {.bitmap_index = 10185, .adv_w = 142, .box_w = 6, .box_h = 10, .ofs_x = 1, .ofs_y = 8},
    {.bitmap_index = 10215, .adv_w = 175, .box_w = 9, .box_h = 9, .ofs_x = 1, .ofs_y = 8},
    {.bitmap_index = 10256, .adv_w = 186, .box_w = 10, .box_h = 10, .ofs_x = 1, .ofs_y = 2},
    {.bitmap_index = 10306, .adv_w = 279, .box_w = 16, .box_h = 18, .ofs_x = 1, .ofs_y = 0},
    {.bitmap_index = 10450, .adv_w = 296, .box_w = 18, .box_h = 18, .ofs_x = 0, .ofs_y = 0},
    {.bitmap_index = 10612, .adv_w = 304, .box_w = 17, .box_h = 17, .ofs_x = 1, .ofs_y = 0},
    {.bitmap_index = 10757, .adv_w = 187, .box_w = 11, .box_h = 18, .ofs_x = 0, .ofs_y = -5},
    {.bitmap_index = 10856, .adv_w = 256, .box_w = 16, .box_h = 22, .ofs_x = 0, .ofs_y = 0},
    {.bitmap_index = 11032, .adv_w = 256, .box_w = 16, .box_h = 22, .ofs_x = 0, .ofs_y = 0},
    {.bitmap_index = 11208, .adv_w = 256, .box_w = 16, .box_h = 22, .ofs_x = 0, .ofs_y = 0},
    {.bitmap_index = 11384, .adv_w = 256, .box_w = 16, .box_h = 23, .ofs_x = 0, .ofs_y = 0},
    {.bitmap_index = 11568, .adv_w = 256, .box_w = 16, .box_h = 21, .ofs_x = 0, .ofs_y = 0},
    {.bitmap_index = 11736, .adv_w = 256, .box_w = 16, .box_h = 23, .ofs_x = 0, .ofs_y = 0},
    {.bitmap_index = 11920, .adv_w = 361, .box_w = 24, .box_h = 17, .ofs_x = -1, .ofs_y = 0},
    {.bitmap_index = 12124, .adv_w = 251, .box_w = 14, .box_h = 22, .ofs_x = 1, .ofs_y = -5},
    {.bitmap_index = 12278, .adv_w = 217, .box_w = 12, .box_h = 22, .ofs_x = 1, .ofs_y = 0},
    {.bitmap_index = 12410, .adv_w = 217, .box_w = 12, .box_h = 22, .ofs_x = 1, .ofs_y = 0},
    {.bitmap_index = 12542, .adv_w = 217, .box_w = 12, .box_h = 22, .ofs_x = 1, .ofs_y = 0},
    {.bitmap_index = 12674, .adv_w = 217, .box_w = 12, .box_h = 21, .ofs_x = 1, .ofs_y = 0},
    {.bitmap_index = 12800, .adv_w = 108, .box_w = 6, .box_h = 22, .ofs_x = -1, .ofs_y = 0},
    {.bitmap_index = 12866, .adv_w = 108, .box_w = 7, .box_h = 22, .ofs_x = 1, .ofs_y = 0},
    {.bitmap_index = 12943, .adv_w = 108, .box_w = 9, .box_h = 22, .ofs_x = -1, .ofs_y = 0},
    {.bitmap_index = 13042, .adv_w = 108, .box_w = 9, .box_h = 21, .ofs_x = -1, .ofs_y = 0},
    {.bitmap_index = 13137, .adv_w = 257, .box_w = 16, .box_h = 17, .ofs_x = -1, .ofs_y = 0},
    {.bitmap_index = 13273, .adv_w = 273, .box_w = 15, .box_h = 23, .ofs_x = 1, .ofs_y = 0},
    {.bitmap_index = 13446, .adv_w = 265, .box_w = 15, .box_h = 22, .ofs_x = 1, .ofs_y = 0},
    {.bitmap_index = 13611, .adv_w = 265, .box_w = 15, .box_h = 22, .ofs_x = 1, .ofs_y = 0},
    {.bitmap_index = 13776, .adv_w = 265, .box_w = 15, .box_h = 22, .ofs_x = 1, .ofs_y = 0},
    {.bitmap_index = 13941, .adv_w = 265, .box_w = 15, .box_h = 23, .ofs_x = 1, .ofs_y = 0},
    {.bitmap_index = 14114, .adv_w = 265, .box_w = 15, .box_h = 21, .ofs_x = 1, .ofs_y = 0},
    {.bitmap_index = 14272, .adv_w = 205, .box_w = 12, .box_h = 12, .ofs_x = 0, .ofs_y = 2},
    {.bitmap_index = 14344, .adv_w = 265, .box_w = 15, .box_h = 19, .ofs_x = 1, .ofs_y = -1},
    {.bitmap_index = 14487, .adv_w = 250, .box_w = 14, .box_h = 22, .ofs_x = 1, .ofs_y = 0},
    {.bitmap_index = 14641, .adv_w = 250, .box_w = 14, .box_h = 22, .ofs_x = 1, .ofs_y = 0},
    {.bitmap_index = 14795, .adv_w = 250, .box_w = 14, .box_h = 22, .ofs_x = 1, .ofs_y = 0},
    {.bitmap_index = 14949, .adv_w = 250, .box_w = 14, .box_h = 21, .ofs_x = 1, .ofs_y = 0},
    {.bitmap_index = 15096, .adv_w = 234, .box_w = 15, .box_h = 22, .ofs_x = 0, .ofs_y = 0},
    {.bitmap_index = 15261, .adv_w = 230, .box_w = 13, .box_h = 17, .ofs_x = 1, .ofs_y = 0},
    {.bitmap_index = 15372, .adv_w = 235, .box_w = 13, .box_h = 19, .ofs_x = 1, .ofs_y = 0},
    {.bitmap_index = 15496, .adv_w = 208, .box_w = 11, .box_h = 18, .ofs_x = 1, .ofs_y = 0},
    {.bitmap_index = 15595, .adv_w = 208, .box_w = 11, .box_h = 18, .ofs_x = 1, .ofs_y = 0},
    {.bitmap_index = 15694, .adv_w = 208, .box_w = 11, .box_h = 18, .ofs_x = 1, .ofs_y = 0},
    {.bitmap_index = 15793, .adv_w = 208, .box_w = 11, .box_h = 19, .ofs_x = 1, .ofs_y = 0},
    {.bitmap_index = 15898, .adv_w = 208, .box_w = 11, .box_h = 17, .ofs_x = 1, .ofs_y = 0},
    {.bitmap_index = 15992, .adv_w = 208, .box_w = 11, .box_h = 19, .ofs_x = 1, .ofs_y = 0},
    {.bitmap_index = 16097, .adv_w = 324, .box_w = 20, .box_h = 13, .ofs_x = 0, .ofs_y = 0},
    {.bitmap_index = 16227, .adv_w = 201, .box_w = 12, .box_h = 18, .ofs_x = 0, .ofs_y = -5},
    {.bitmap_index = 16335, .adv_w = 206, .box_w = 13, .box_h = 18, .ofs_x = 0, .ofs_y = 0},
    {.bitmap_index = 16452, .adv_w = 206, .box_w = 13, .box_h = 18, .ofs_x = 0, .ofs_y = 0},
    {.bitmap_index = 16569, .adv_w = 206, .box_w = 13, .box_h = 18, .ofs_x = 0, .ofs_y = 0},
    {.bitmap_index = 16686, .adv_w = 206, .box_w = 13, .box_h = 17, .ofs_x = 0, .ofs_y = 0},
    {.bitmap_index = 16797, .adv_w = 101, .box_w = 6, .box_h = 18, .ofs_x = -1, .ofs_y = 0},
    {.bitmap_index = 16851, .adv_w = 101, .box_w = 7, .box_h = 18, .ofs_x = 1, .ofs_y = 0},
    {.bitmap_index = 16914, .adv_w = 101, .box_w = 9, .box_h = 18, .ofs_x = -1, .ofs_y = 0},
    {.bitmap_index = 16995, .adv_w = 101, .box_w = 9, .box_h = 17, .ofs_x = -1, .ofs_y = 0},
    {.bitmap_index = 17072, .adv_w = 223, .box_w = 12, .box_h = 20, .ofs_x = 1, .ofs_y = 0},
    {.bitmap_index = 17192, .adv_w = 214, .box_w = 11, .box_h = 19, .ofs_x = 1, .ofs_y = 0},
    {.bitmap_index = 17297, .adv_w = 219, .box_w = 13, .box_h = 18, .ofs_x = 0, .ofs_y = 0},
    {.bitmap_index = 17414, .adv_w = 219, .box_w = 13, .box_h = 18, .ofs_x = 0, .ofs_y = 0},
    {.bitmap_index = 17531, .adv_w = 219, .box_w = 13, .box_h = 18, .ofs_x = 0, .ofs_y = 0},
    {.bitmap_index = 17648, .adv_w = 219, .box_w = 13, .box_h = 19, .ofs_x = 0, .ofs_y = 0},
    {.bitmap_index = 17772, .adv_w = 219, .box_w = 13, .box_h = 17, .ofs_x = 0, .ofs_y = 0},
    {.bitmap_index = 17883, .adv_w = 219, .box_w = 13, .box_h = 13, .ofs_x = 0, .ofs_y = 2},
    {.bitmap_index = 17968, .adv_w = 218, .box_w = 13, .box_h = 17, .ofs_x = 0, .ofs_y = -2},
    {.bitmap_index = 18079, .adv_w = 213, .box_w = 11, .box_h = 18, .ofs_x = 1, .ofs_y = 0},
    {.bitmap_index = 18178, .adv_w = 213, .box_w = 11, .box_h = 18, .ofs_x = 1, .ofs_y = 0},
    {.bitmap_index = 18277, .adv_w = 213, .box_w = 11, .box_h = 18, .ofs_x = 1, .ofs_y = 0},
    {.bitmap_index = 18376, .adv_w = 213, .box_w = 11, .box_h = 17, .ofs_x = 1, .ofs_y = 0},
    {.bitmap_index = 18470, .adv_w = 187, .box_w = 12, .box_h = 23, .ofs_x = 0, .ofs_y = -5},
    {.bitmap_index = 18608, .adv_w = 220, .box_w = 12, .box_h = 23, .ofs_x = 1, .ofs_y = -5},
    {.bitmap_index = 18746, .adv_w = 187, .box_w = 12, .box_h = 22, .ofs_x = 0, .ofs_y = -5},
    {.bitmap_index = 18878, .adv_w = 256, .box_w = 16, .box_h = 21, .ofs_x = 0, .ofs_y = 0},
    {.bitmap_index = 19046, .adv_w = 208, .box_w = 11, .box_h = 17, .ofs_x = 1, .ofs_y = 0},
    {.bitmap_index = 19140, .adv_w = 256, .box_w = 16, .box_h = 22, .ofs_x = 0, .ofs_y = 0},
    {.bitmap_index = 19316, .adv_w = 208, .box_w = 11, .box_h = 18, .ofs_x = 1, .ofs_y = 0},
    {.bitmap_index = 19415, .adv_w = 256, .box_w = 16, .box_h = 22, .ofs_x = 0, .ofs_y = -5},
    {.bitmap_index = 19591, .adv_w = 208, .box_w = 11, .box_h = 18, .ofs_x = 1, .ofs_y = -5},
    {.bitmap_index = 19690, .adv_w = 251, .box_w = 14, .box_h = 23, .ofs_x = 1, .ofs_y = 0},
    {.bitmap_index = 19851, .adv_w = 201, .box_w = 12, .box_h = 18, .ofs_x = 0, .ofs_y = 0},
    {.bitmap_index = 19959, .adv_w = 251, .box_w = 14, .box_h = 23, .ofs_x = 1, .ofs_y = 0},
    {.bitmap_index = 20120, .adv_w = 201, .box_w = 12, .box_h = 18, .ofs_x = 0, .ofs_y = 0},
    {.bitmap_index = 20228, .adv_w = 251, .box_w = 14, .box_h = 22, .ofs_x = 1, .ofs_y = 0},
    {.bitmap_index = 20382, .adv_w = 201, .box_w = 12, .box_h = 18, .ofs_x = 0, .ofs_y = 0},
    {.bitmap_index = 20490, .adv_w = 251, .box_w = 14, .box_h = 23, .ofs_x = 1, .ofs_y = 0},
    {.bitmap_index = 20651, .adv_w = 201, .box_w = 12, .box_h = 18, .ofs_x = 0, .ofs_y = 0},
    {.bitmap_index = 20759, .adv_w = 251, .box_w = 14, .box_h = 22, .ofs_x = 1, .ofs_y = 0},
    {.bitmap_index = 20913, .adv_w = 245, .box_w = 17, .box_h = 18, .ofs_x = 0, .ofs_y = 0},
    {.bitmap_index = 21066, .adv_w = 257, .box_w = 16, .box_h = 17, .ofs_x = -1, .ofs_y = 0},
    {.bitmap_index = 21202, .adv_w = 222, .box_w = 15, .box_h = 18, .ofs_x = 0, .ofs_y = 0},
    {.bitmap_index = 21337, .adv_w = 217, .box_w = 12, .box_h = 21, .ofs_x = 1, .ofs_y = 0},
    {.bitmap_index = 21463, .adv_w = 206, .box_w = 13, .box_h = 17, .ofs_x = 0, .ofs_y = 0},
    {.bitmap_index = 21574, .adv_w = 217, .box_w = 12, .box_h = 22, .ofs_x = 1, .ofs_y = 0},
    {.bitmap_index = 21706, .adv_w = 206, .box_w = 13, .box_h = 18, .ofs_x = 0, .ofs_y = 0},
    {.bitmap_index = 21823, .adv_w = 217, .box_w = 12, .box_h = 21, .ofs_x = 1, .ofs_y = 0},
    {.bitmap_index = 21949, .adv_w = 206, .box_w = 13, .box_h = 18, .ofs_x = 0, .ofs_y = 0},
    {.bitmap_index = 22066, .adv_w = 217, .box_w = 12, .box_h = 22, .ofs_x = 1, .ofs_y = -5},
    {.bitmap_index = 22198, .adv_w = 206, .box_w = 13, .box_h = 18, .ofs_x = 0, .ofs_y = -5},
    {.bitmap_index = 22315, .adv_w = 217, .box_w = 12, .box_h = 22, .ofs_x = 1, .ofs_y = 0},
    {.bitmap_index = 22447, .adv_w = 206, .box_w = 13, .box_h = 18, .ofs_x = 0, .ofs_y = 0},
    {.bitmap_index = 22564, .adv_w = 261, .box_w = 14, .box_h = 23, .ofs_x = 1, .ofs_y = 0},
    {.bitmap_index = 22725, .adv_w = 218, .box_w = 13, .box_h = 23, .ofs_x = 0, .ofs_y = -5},
    {.bitmap_index = 22875, .adv_w = 261, .box_w = 14, .box_h = 22, .ofs_x = 1, .ofs_y = 0},
    {.bitmap_index = 23029, .adv_w = 218, .box_w = 13, .box_h = 23, .ofs_x = 0, .ofs_y = -5},
    {.bitmap_index = 23179, .adv_w = 261, .box_w = 14, .box_h = 22, .ofs_x = 1, .ofs_y = 0},
    {.bitmap_index = 23333, .adv_w = 218, .box_w = 13, .box_h = 23, .ofs_x = 0, .ofs_y = -5},
    {.bitmap_index = 23483, .adv_w = 261, .box_w = 14, .box_h = 23, .ofs_x = 1, .ofs_y = -6},
    {.bitmap_index = 23644, .adv_w = 218, .box_w = 13, .box_h = 26, .ofs_x = 0, .ofs_y = -5},
    {.bitmap_index = 23813, .adv_w = 273, .box_w = 15, .box_h = 22, .ofs_x = 1, .ofs_y = 0},
    {.bitmap_index = 23978, .adv_w = 213, .box_w = 11, .box_h = 22, .ofs_x = 1, .ofs_y = 0},
    {.bitmap_index = 24099, .adv_w = 273, .box_w = 17, .box_h = 17, .ofs_x = 0, .ofs_y = 0},
    {.bitmap_index = 24244, .adv_w = 219, .box_w = 14, .box_h = 18, .ofs_x = -1, .ofs_y = 0},
    {.bitmap_index = 24370, .adv_w = 108, .box_w = 9, .box_h = 23, .ofs_x = -1, .ofs_y = 0},
    {.bitmap_index = 24474, .adv_w = 101, .box_w = 10, .box_h = 19, .ofs_x = -2, .ofs_y = 0},
    {.bitmap_index = 24569, .adv_w = 108, .box_w = 9, .box_h = 21, .ofs_x = -1, .ofs_y = 0},
    {.bitmap_index = 24664, .adv_w = 101, .box_w = 10, .box_h = 17, .ofs_x = -2, .ofs_y = 0},
    {.bitmap_index = 24749, .adv_w = 108, .box_w = 9, .box_h = 22, .ofs_x = -1, .ofs_y = 0},
    {.bitmap_index = 24848, .adv_w = 101, .box_w = 8, .box_h = 18, .ofs_x = -1, .ofs_y = 0},
    {.bitmap_index = 24920, .adv_w = 108, .box_w = 5, .box_h = 22, .ofs_x = 0, .ofs_y = -5},
    {.bitmap_index = 24975, .adv_w = 98, .box_w = 5, .box_h = 22, .ofs_x = 0, .ofs_y = -5},
    {.bitmap_index = 25030, .adv_w = 108, .box_w = 4, .box_h = 21, .ofs_x = 1, .ofs_y = 0},
    {.bitmap_index = 25072, .adv_w = 101, .box_w = 4, .box_h = 13, .ofs_x = 1, .ofs_y = 0},
    {.bitmap_index = 25098, .adv_w = 322, .box_w = 18, .box_h = 17, .ofs_x = 1, .ofs_y = 0},
    {.bitmap_index = 25251, .adv_w = 194, .box_w = 10, .box_h = 22, .ofs_x = 1, .ofs_y = -5},
    {.bitmap_index = 25361, .adv_w = 213, .box_w = 14, .box_h = 22, .ofs_x = 0, .ofs_y = 0},
    {.bitmap_index = 25515, .adv_w = 103, .box_w = 9, .box_h = 23, .ofs_x = -1, .ofs_y = -5},
    {.bitmap_index = 25619, .adv_w = 242, .box_w = 15, .box_h = 23, .ofs_x = 1, .ofs_y = -6},
    {.bitmap_index = 25792, .adv_w = 200, .box_w = 12, .box_h = 24, .ofs_x = 1, .ofs_y = -6},
    {.bitmap_index = 25936, .adv_w = 221, .box_w = 13, .box_h = 13, .ofs_x = 1, .ofs_y = 0},
    {.bitmap_index = 26021, .adv_w = 208, .box_w = 12, .box_h = 22, .ofs_x = 1, .ofs_y = 0},
    {.bitmap_index = 26153, .adv_w = 98, .box_w = 7, .box_h = 23, .ofs_x = 1, .ofs_y = 0},
    {.bitmap_index = 26234, .adv_w = 208, .box_w = 12, .box_h = 23, .ofs_x = 1, .ofs_y = -6},
    {.bitmap_index = 26372, .adv_w = 98, .box_w = 4, .box_h = 24, .ofs_x = 1, .ofs_y = -6},
    {.bitmap_index = 26420, .adv_w = 208, .box_w = 12, .box_h = 17, .ofs_x = 1, .ofs_y = 0},
    {.bitmap_index = 26522, .adv_w = 126, .box_w = 8, .box_h = 18, .ofs_x = 1, .ofs_y = 0},
    {.bitmap_index = 26594, .adv_w = 208, .box_w = 12, .box_h = 17, .ofs_x = 1, .ofs_y = 0},
    {.bitmap_index = 26696, .adv_w = 139, .box_w = 8, .box_h = 18, .ofs_x = 1, .ofs_y = 0},
    {.bitmap_index = 26768, .adv_w = 211, .box_w = 13, .box_h = 17, .ofs_x = 0, .ofs_y = 0},
    {.bitmap_index = 26879, .adv_w = 111, .box_w = 7, .box_h = 18, .ofs_x = 0, .ofs_y = 0},
    {.bitmap_index = 26942, .adv_w = 273, .box_w = 15, .box_h = 22, .ofs_x = 1, .ofs_y = 0},
    {.bitmap_index = 27107, .adv_w = 214, .box_w = 11, .box_h = 18, .ofs_x = 1, .ofs_y = 0},
    {.bitmap_index = 27206, .adv_w = 273, .box_w = 15, .box_h = 23, .ofs_x = 1, .ofs_y = -6},
    {.bitmap_index = 27379, .adv_w = 214, .box_w = 11, .box_h = 19, .ofs_x = 1, .ofs_y = -6},
    {.bitmap_index = 27484, .adv_w = 273, .box_w = 15, .box_h = 22, .ofs_x = 1, .ofs_y = 0},
    {.bitmap_index = 27649, .adv_w = 214, .box_w = 11, .box_h = 18, .ofs_x = 1, .ofs_y = 0},
    {.bitmap_index = 27748, .adv_w = 214, .box_w = 14, .box_h = 18, .ofs_x = -2, .ofs_y = 0},
    {.bitmap_index = 27874, .adv_w = 268, .box_w = 15, .box_h = 22, .ofs_x = 1, .ofs_y = -5},
    {.bitmap_index = 28039, .adv_w = 218, .box_w = 12, .box_h = 18, .ofs_x = 1, .ofs_y = -5},
    {.bitmap_index = 28147, .adv_w = 265, .box_w = 15, .box_h = 21, .ofs_x = 1, .ofs_y = 0},
    {.bitmap_index = 28305, .adv_w = 219, .box_w = 13, .box_h = 17, .ofs_x = 0, .ofs_y = 0},
    {.bitmap_index = 28416, .adv_w = 265, .box_w = 15, .box_h = 22, .ofs_x = 1, .ofs_y = 0},
    {.bitmap_index = 28581, .adv_w = 219, .box_w = 13, .box_h = 18, .ofs_x = 0, .ofs_y = 0},
    {.bitmap_index = 28698, .adv_w = 265, .box_w = 15, .box_h = 22, .ofs_x = 1, .ofs_y = 0},
    {.bitmap_index = 28863, .adv_w = 219, .box_w = 13, .box_h = 18, .ofs_x = 0, .ofs_y = 0},
    {.bitmap_index = 28980, .adv_w = 370, .box_w = 21, .box_h = 17, .ofs_x = 1, .ofs_y = 0},
    {.bitmap_index = 29159, .adv_w = 347, .box_w = 20, .box_h = 13, .ofs_x = 1, .ofs_y = 0},
    {.bitmap_index = 29289, .adv_w = 240, .box_w = 14, .box_h = 22, .ofs_x = 1, .ofs_y = 0},
    {.bitmap_index = 29443, .adv_w = 135, .box_w = 8, .box_h = 18, .ofs_x = 1, .ofs_y = 0},
    {.bitmap_index = 29515, .adv_w = 240, .box_w = 14, .box_h = 23, .ofs_x = 1, .ofs_y = -6},
    {.bitmap_index = 29676, .adv_w = 135, .box_w = 9, .box_h = 20, .ofs_x = 0, .ofs_y = -6},
    {.bitmap_index = 29766, .adv_w = 240, .box_w = 14, .box_h = 22, .ofs_x = 1, .ofs_y = 0},
    {.bitmap_index = 29920, .adv_w = 135, .box_w = 9, .box_h = 18, .ofs_x = 0, .ofs_y = 0},
    {.bitmap_index = 30001, .adv_w = 232, .box_w = 14, .box_h = 22, .ofs_x = 0, .ofs_y = 0},
    {.bitmap_index = 30155, .adv_w = 198, .box_w = 12, .box_h = 18, .ofs_x = 0, .ofs_y = 0},
    {.bitmap_index = 30263, .adv_w = 232, .box_w = 14, .box_h = 22, .ofs_x = 0, .ofs_y = 0},
    {.bitmap_index = 30417, .adv_w = 198, .box_w = 12, .box_h = 18, .ofs_x = 0, .ofs_y = 0},
    {.bitmap_index = 30525, .adv_w = 232, .box_w = 14, .box_h = 22, .ofs_x = 0, .ofs_y = -5},
    {.bitmap_index = 30679, .adv_w = 198, .box_w = 12, .box_h = 18, .ofs_x = 0, .ofs_y = -5},
    {.bitmap_index = 30787, .adv_w = 232, .box_w = 14, .box_h = 22, .ofs_x = 0, .ofs_y = 0},
    {.bitmap_index = 30941, .adv_w = 198, .box_w = 12, .box_h = 18, .ofs_x = 0, .ofs_y = 0},
    {.bitmap_index = 31049, .adv_w = 233, .box_w = 15, .box_h = 22, .ofs_x = 0, .ofs_y = -5},
    {.bitmap_index = 31214, .adv_w = 128, .box_w = 8, .box_h = 21, .ofs_x = 0, .ofs_y = -5},
    {.bitmap_index = 31298, .adv_w = 233, .box_w = 15, .box_h = 22, .ofs_x = 0, .ofs_y = 0},
    {.bitmap_index = 31463, .adv_w = 135, .box_w = 10, .box_h = 20, .ofs_x = 0, .ofs_y = 0},
    {.bitmap_index = 31563, .adv_w = 233, .box_w = 15, .box_h = 17, .ofs_x = 0, .ofs_y = 0},
    {.bitmap_index = 31691, .adv_w = 128, .box_w = 9, .box_h = 16, .ofs_x = -1, .ofs_y = 0},
    {.bitmap_index = 31763, .adv_w = 250, .box_w = 14, .box_h = 23, .ofs_x = 1, .ofs_y = 0},
    {.bitmap_index = 31924, .adv_w = 213, .box_w = 11, .box_h = 19, .ofs_x = 1, .ofs_y = 0},
    {.bitmap_index = 32029, .adv_w = 250, .box_w = 14, .box_h = 21, .ofs_x = 1, .ofs_y = 0},
    {.bitmap_index = 32176, .adv_w = 213, .box_w = 11, .box_h = 17, .ofs_x = 1, .ofs_y = 0},
    {.bitmap_index = 32270, .adv_w = 250, .box_w = 14, .box_h = 22, .ofs_x = 1, .ofs_y = 0},
    {.bitmap_index = 32424, .adv_w = 213, .box_w = 11, .box_h = 18, .ofs_x = 1, .ofs_y = 0},
    {.bitmap_index = 32523, .adv_w = 250, .box_w = 14, .box_h = 23, .ofs_x = 1, .ofs_y = 0},
    {.bitmap_index = 32684, .adv_w = 213, .box_w = 11, .box_h = 19, .ofs_x = 1, .ofs_y = 0},
    {.bitmap_index = 32789, .adv_w = 250, .box_w = 14, .box_h = 22, .ofs_x = 1, .ofs_y = 0},
    {.bitmap_index = 32943, .adv_w = 213, .box_w = 12, .box_h = 18, .ofs_x = 1, .ofs_y = 0},
    {.bitmap_index = 33051, .adv_w = 250, .box_w = 14, .box_h = 22, .ofs_x = 1, .ofs_y = -5},
    {.bitmap_index = 33205, .adv_w = 213, .box_w = 11, .box_h = 18, .ofs_x = 1, .ofs_y = -5},
    {.bitmap_index = 33304, .adv_w = 338, .box_w = 21, .box_h = 22, .ofs_x = 0, .ofs_y = 0},
    {.bitmap_index = 33535, .adv_w = 285, .box_w = 18, .box_h = 18, .ofs_x = 0, .ofs_y = 0},
    {.bitmap_index = 33697, .adv_w = 234, .box_w = 15, .box_h = 22, .ofs_x = 0, .ofs_y = 0},
    {.bitmap_index = 33862, .adv_w = 187, .box_w = 12, .box_h = 23, .ofs_x = 0, .ofs_y = -5},
    {.bitmap_index = 34000, .adv_w = 234, .box_w = 15, .box_h = 21, .ofs_x = 0, .ofs_y = 0},
    {.bitmap_index = 34158, .adv_w = 231, .box_w = 14, .box_h = 22, .ofs_x = 0, .ofs_y = 0},
    {.bitmap_index = 34312, .adv_w = 193, .box_w = 12, .box_h = 18, .ofs_x = 0, .ofs_y = 0},
    {.bitmap_index = 34420, .adv_w = 231, .box_w = 14, .box_h = 21, .ofs_x = 0, .ofs_y = 0},
    {.bitmap_index = 34567, .adv_w = 193, .box_w = 12, .box_h = 18, .ofs_x = 0, .ofs_y = 0},
    {.bitmap_index = 34675, .adv_w = 231, .box_w = 14, .box_h = 22, .ofs_x = 0, .ofs_y = 0},
    {.bitmap_index = 34829, .adv_w = 193, .box_w = 12, .box_h = 18, .ofs_x = 0, .ofs_y = 0},
    {.bitmap_index = 34937, .adv_w = 98, .box_w = 7, .box_h = 19, .ofs_x = 1, .ofs_y = 0},
    {.bitmap_index = 35004, .adv_w = 248, .box_w = 13, .box_h = 3, .ofs_x = 1, .ofs_y = 7},
    {.bitmap_index = 35024, .adv_w = 297, .box_w = 17, .box_h = 3, .ofs_x = 1, .ofs_y = 7},
    {.bitmap_index = 35050, .adv_w = 84, .box_w = 4, .box_h = 6, .ofs_x = 1, .ofs_y = 12},
    {.bitmap_index = 35062, .adv_w = 83, .box_w = 5, .box_h = 7, .ofs_x = 0, .ofs_y = 11},
    {.bitmap_index = 35080, .adv_w = 148, .box_w = 8, .box_h = 6, .ofs_x = 1, .ofs_y = 12},
    {.bitmap_index = 35104, .adv_w = 149, .box_w = 9, .box_h = 7, .ofs_x = 0, .ofs_y = 11},
    {.bitmap_index = 35136, .adv_w = 134, .box_w = 6, .box_h = 6, .ofs_x = 1, .ofs_y = 6},
    {.bitmap_index = 35154, .adv_w = 271, .box_w = 15, .box_h = 4, .ofs_x = 1, .ofs_y = 0},
    {.bitmap_index = 35184, .adv_w = 87, .box_w = 5, .box_h = 5, .ofs_x = 0, .ofs_y = 13},
    {.bitmap_index = 35197, .adv_w = 143, .box_w = 9, .box_h = 5, .ofs_x = 0, .ofs_y = 13},
    {.bitmap_index = 35220, .adv_w = 384, .box_w = 16, .box_h = 8, .ofs_x = 3, .ofs_y = 10},
    {.bitmap_index = 35284, .adv_w = 322, .box_w = 18, .box_h = 11, .ofs_x = 1, .ofs_y = 2},
    {.bitmap_index = 35383, .adv_w = 322, .box_w = 12, .box_h = 18, .ofs_x = 4, .ofs_y = 0},
    {.bitmap_index = 35491, .adv_w = 322, .box_w = 18, .box_h = 11, .ofs_x = 1, .ofs_y = 2},
    {.bitmap_index = 35590, .adv_w = 322, .box_w = 12, .box_h = 19, .ofs_x = 4, .ofs_y = -1},
    {.bitmap_index = 35704, .adv_w = 344, .box_w = 19, .box_h = 19, .ofs_x = 1, .ofs_y = -1},
    {.bitmap_index = 35885, .adv_w = 344, .box_w = 19, .box_h = 19, .ofs_x = 1, .ofs_y = -1},
    {.bitmap_index = 36066, .adv_w = 344, .box_w = 15, .box_h = 18, .ofs_x = 3, .ofs_y = 0},
    {.bitmap_index = 36201, .adv_w = 344, .box_w = 18, .box_h = 18, .ofs_x = 2, .ofs_y = 0},
    {.bitmap_index = 36363, .adv_w = 344, .box_w = 14, .box_h = 18, .ofs_x = 4, .ofs_y = 0},
    {.bitmap_index = 36489, .adv_w = 344, .box_w = 17, .box_h = 18, .ofs_x = 2, .ofs_y = 0},
    {.bitmap_index = 36642, .adv_w = 344, .box_w = 14, .box_h = 18, .ofs_x = 4, .ofs_y = 0},
    {.bitmap_index = 36768, .adv_w = 344, .box_w = 18, .box_h = 18, .ofs_x = 2, .ofs_y = 0},
    {.bitmap_index = 36930, .adv_w = 344, .box_w = 14, .box_h = 18, .ofs_x = 4, .ofs_y = 0},
    {.bitmap_index = 37056, .adv_w = 344, .box_w = 17, .box_h = 18, .ofs_x = 2, .ofs_y = 0},
    {.bitmap_index = 37209, .adv_w = 181, .box_w = 7, .box_h = 19, .ofs_x = 2, .ofs_y = -1},
    {.bitmap_index = 37276, .adv_w = 245, .box_w = 12, .box_h = 19, .ofs_x = 2, .ofs_y = -1},
    {.bitmap_index = 37390, .adv_w = 344, .box_w = 14, .box_h = 21, .ofs_x = 4, .ofs_y = -3},
    {.bitmap_index = 37537, .adv_w = 344, .box_w = 18, .box_h = 19, .ofs_x = 2, .ofs_y = -1},
    {.bitmap_index = 37708, .adv_w = 322, .box_w = 14, .box_h = 13, .ofs_x = 3, .ofs_y = 2},
    {.bitmap_index = 37799, .adv_w = 322, .box_w = 15, .box_h = 19, .ofs_x = 2, .ofs_y = -1}
};

/*---------------------
 *  CHARACTER MAPPING
 *--------------------*/

static const uint16_t unicode_list_2[] = {
    0x0, 0x1, 0x5, 0x6, 0x9, 0xa, 0xf, 0x13,
    0x1f, 0x20, 0x10f, 0x17d, 0x17e, 0x17f, 0x180, 0x5f2,
    0x5f3, 0x64d, 0x64e, 0x64f, 0x650, 0x651, 0x652, 0x653,
    0x654, 0x656, 0x657, 0x658, 0x659, 0x700, 0x704
};

/*Collect the unicode lists and glyph_id offsets*/
static const lv_font_fmt_txt_cmap_t cmaps[] =
{
    {
        .range_start = 32, .range_length = 95, .glyph_id_start = 1,
        .unicode_list = NULL, .glyph_id_ofs_list = NULL, .list_length = 0, .type = LV_FONT_FMT_TXT_CMAP_FORMAT0_TINY
    },
    {
        .range_start = 160, .range_length = 224, .glyph_id_start = 96,
        .unicode_list = NULL, .glyph_id_ofs_list = NULL, .list_length = 0, .type = LV_FONT_FMT_TXT_CMAP_FORMAT0_TINY
    },
    {
        .range_start = 8211, .range_length = 1797, .glyph_id_start = 320,
        .unicode_list = unicode_list_2, .glyph_id_ofs_list = NULL, .list_length = 31, .type = LV_FONT_FMT_TXT_CMAP_SPARSE_TINY
    }
};

/*-----------------
 *    KERNING
 *----------------*/


/*Map glyph_ids to kern left classes*/
static const uint8_t kern_left_class_mapping[] =
{
    0, 1, 0, 2, 0, 0, 0, 0,
    2, 3, 0, 0, 0, 4, 0, 4,
    5, 0, 0, 0, 0, 0, 0, 0,
    0, 0, 0, 0, 0, 0, 0, 0,
    0, 0, 6, 7, 8, 9, 10, 11,
    0, 12, 12, 13, 14, 15, 12, 12,
    9, 16, 17, 18, 0, 19, 13, 20,
    21, 22, 23, 24, 25, 0, 0, 0,
    0, 0, 26, 27, 28, 0, 29, 30,
    0, 31, 0, 0, 32, 0, 33, 33,
    34, 27, 0, 35, 0, 36, 0, 37,
    38, 39, 37, 40, 41, 0, 0, 0,
    0, 0, 0, 0, 0, 0, 0, 0,
    0, 0, 0, 0, 0, 0, 0, 0,
    0, 0, 0, 0, 0, 0, 0, 0,
    0, 0, 0, 0, 0, 0, 0, 0,
    6, 6, 6, 6, 6, 6, 0, 8,
    10, 10, 10, 10, 12, 12, 12, 12,
    9, 12, 9, 9, 9, 9, 9, 0,
    0, 13, 13, 13, 13, 23, 0, 0,
    26, 26, 26, 26, 26, 26, 0, 28,
    29, 29, 29, 29, 0, 0, 0, 0,
    0, 33, 34, 34, 34, 34, 34, 0,
    0, 0, 0, 0, 0, 37, 27, 37,
    6, 26, 6, 26, 6, 26, 8, 28,
    8, 28, 8, 28, 8, 28, 9, 0,
    9, 0, 10, 29, 10, 29, 10, 29,
    10, 29, 10, 29, 0, 0, 0, 0,
    0, 0, 0, 0, 12, 33, 0, 0,
    12, 0, 12, 0, 12, 0, 12, 0,
    12, 0, 0, 0, 13, 0, 14, 0,
    0, 15, 0, 15, 0, 15, 0, 15,
    0, 0, 0, 12, 33, 12, 33, 12,
    33, 33, 0, 0, 9, 34, 9, 34,
    9, 34, 0, 0, 0, 35, 0, 35,
    0, 35, 0, 0, 0, 0, 0, 0,
    0, 0, 19, 0, 19, 0, 19, 0,
    13, 0, 13, 0, 13, 0, 13, 0,
    13, 0, 13, 0, 21, 0, 23, 37,
    23, 24, 40, 24, 40, 24, 40, 0,
    0, 0, 2, 42, 2, 2, 0, 4,
    0, 0, 0, 0, 0, 0, 0, 0,
    0, 0, 0, 0, 0, 0, 0, 0,
    0, 0, 0, 0, 0, 0, 0
};

/*Map glyph_ids to kern right classes*/
static const uint8_t kern_right_class_mapping[] =
{
    0, 1, 0, 2, 0, 0, 0, 3,
    2, 0, 4, 5, 0, 6, 7, 6,
    8, 0, 0, 0, 0, 0, 0, 0,
    0, 0, 0, 0, 0, 0, 0, 0,
    9, 0, 10, 0, 11, 0, 0, 0,
    11, 0, 0, 12, 0, 0, 0, 0,
    11, 0, 11, 0, 13, 14, 15, 16,
    17, 18, 19, 20, 0, 0, 21, 0,
    0, 0, 22, 0, 23, 23, 23, 24,
    23, 0, 0, 0, 0, 0, 25, 25,
    26, 25, 23, 27, 28, 29, 30, 31,
    32, 33, 31, 34, 0, 0, 35, 0,
    0, 0, 0, 0, 0, 0, 0, 0,
    0, 0, 0, 36, 0, 7, 0, 0,
    0, 0, 0, 0, 0, 0, 0, 0,
    0, 0, 0, 37, 0, 0, 0, 0,
    10, 10, 10, 10, 10, 10, 38, 11,
    0, 0, 0, 0, 0, 0, 0, 0,
    0, 0, 11, 11, 11, 11, 11, 0,
    11, 15, 15, 15, 15, 19, 0, 0,
    22, 22, 22, 22, 22, 22, 39, 23,
    23, 23, 23, 23, 0, 0, 0, 0,
    0, 25, 26, 26, 26, 26, 26, 0,
    40, 30, 30, 30, 30, 31, 0, 31,
    10, 22, 10, 22, 10, 22, 11, 23,
    11, 23, 11, 23, 11, 23, 0, 23,
    0, 0, 0, 23, 0, 23, 0, 23,
    0, 23, 0, 23, 11, 23, 11, 23,
    11, 23, 11, 23, 0, 0, 0, 0,
    0, 0, 0, 0, 0, 0, 0, 0,
    0, 0, 0, 0, 12, 0, 0, 0,
    0, 0, 0, 0, 0, 0, 0, 0,
    0, 0, 0, 0, 25, 0, 25, 0,
    25, 25, 0, 0, 11, 26, 11, 26,
    11, 26, 11, 23, 0, 0, 0, 0,
    0, 0, 13, 28, 13, 28, 13, 28,
    13, 28, 14, 0, 14, 0, 0, 0,
    15, 30, 15, 30, 15, 30, 15, 30,
    15, 30, 15, 30, 17, 0, 19, 31,
    19, 20, 34, 20, 34, 20, 34, 0,
    7, 7, 2, 41, 2, 2, 42, 6,
    0, 0, 0, 0, 0, 0, 0, 0,
    0, 0, 0, 0, 0, 0, 0, 0,
    0, 0, 0, 0, 0, 0, 0
};

/*Kern values between classes*/
static const int8_t kern_class_values[] =
{
    0, 0, 0, 0, 0, 0, 0, 0,
    0, 0, 0, 0, 0, -11, 0, 0,
    0, 0, 0, 0, 0, 0, 0, 0,
    0, 0, 0, 0, 0, 0, 0, 0,
    0, 0, 0, 0, 0, 0, 0, 0,
    0, 0, 0, -7, 0, 0, 0, 0,
    0, 0, 0, -22, 0, 0, 0, 0,
    0, 0, 0, 0, 0, 0, 0, -9,
    -11, 0, -4, -17, 0, -17, 0, 0,
    0, 2, 0, 0, 0, 0, 0, 0,
    0, 0, -7, 0, 0, 0, 0, 0,
    0, 0, 0, 0, 0, 0, 0, 0,
    0, 0, 0, 4, 7, 0, 4, 0,
    0, 0, 0, 0, 0, 0, 0, 0,
    0, 0, 0, 0, 0, 0, 0, 0,
    0, 0, 0, 0, 0, 0, 0, -53,
    0, 0, 0, 0, 0, 0, 0, 0,
    0, 0, 0, 0, 0, 0, 0, 0,
    0, 0, 0, 0, 0, 0, 0, 0,
    0, 0, 0, 0, 0, 0, 0, 0,
    0, 0, 0, 0, 0, 0, -53, 0,
    0, 0, 0, 0, 0, 0, 0, -46,
    0, 0, 0, 0, 0, 0, 0, 0,
    0, 0, 0, 0, 0, 0, 0, 0,
    0, 0, 0, 0, 0, 0, 0, 0,
    0, 0, 0, 0, 0, 0, 0, 0,
    0, 0, 0, -22, 0, 0, 0, 0,
    0, 0, -15, 0, -4, 0, 0, -22,
    -3, -14, -7, 0, -28, 0, 0, 0,
    0, 0, -9, -2, 0, 0, -3, -2,
    -9, -6, 0, 2, 0, 0, 0, 0,
    0, 0, -22, 0, 0, 0, 0, 0,
    0, 0, 0, 0, 0, 0, 0, 0,
    0, -5, 0, -4, 0, 0, -10, 0,
    0, 0, 0, 0, 0, 0, 0, 0,
    0, 0, 0, 0, 0, 0, 0, 0,
    0, 0, 0, 0, 0, 0, 0, 0,
    0, -5, 0, 0, 0, 0, 0, 0,
    0, 0, 0, -5, 0, 0, 0, 0,
    0, 0, -2, 0, 0, 0, 0, 0,
    0, 0, 0, 0, 0, 0, 0, 0,
    -3, 0, 0, 0, 0, 0, 0, 0,
    0, 0, 0, 0, 0, -23, 0, 0,
    0, -4, 0, 0, 0, -16, 0, -4,
    0, -4, -8, -4, 0, 0, 0, 0,
    0, 0, 0, 0, 0, 0, 0, 0,
    0, 0, 0, 0, 0, -6, 0, 0,
    0, 0, 0, 0, 0, 0, 0, 0,
    0, 0, 0, 0, 0, 0, 0, 4,
    0, 0, 0, 0, 0, 0, 0, 0,
    -4, -3, 0, -4, 0, 0, 0, -3,
    -5, -4, 0, 0, 0, 0, 0, 0,
    0, 0, 0, 0, 0, 0, 0, 0,
    0, -51, 0, 0, 0, -36, 0, -39,
    0, 4, 0, 0, 0, 0, 0, 0,
    0, -6, -4, 0, 0, -4, -5, 0,
    0, -4, -4, 0, 0, 0, 0, 0,
    0, 0, 0, 0, 0, 0, 0, 0,
    0, 0, 0, 0, 0, 0, 0, 3,
    0, 0, 0, -5, 0, 0, 0, 3,
    -5, 0, 0, 0, 0, 0, 0, 0,
    0, 0, 0, 0, 0, 0, 0, 0,
    0, 0, 0, 0, 0, 0, 0, 0,
    0, 0, 0, 0, 0, 0, 0, 0,
    0, -4, 0, 0, 0, 0, 0, 0,
    0, 0, 0, 0, 0, 0, 0, 0,
    0, 0, 0, 0, 0, 0, 0, 0,
    0, 0, 0, 0, 0, 0, 0, 0,
    0, 0, 0, 0, 0, 0, 0, 0,
    -31, 0, 0, 0, -6, 0, 0, 0,
    0, 0, 0, 0, 0, 0, 0, 0,
    -5, 0, 0, -5, 0, 0, 0, -4,
    -7, -12, 0, 0, 0, 0, 0, 0,
    0, 0, 0, 0, 0, -54, 0, 0,
    0, 0, 0, 0, 0, 4, -12, 0,
    0, -38, -4, -39, -17, 0, -52, 0,
    0, 0, 0, 0, 0, 0, 0, 0,
    0, -3, -23, -10, 0, 0, 0, 0,
    0, 0, 0, 0, -54, 0, 0, 0,
    0, 0, 0, -76, 0, 0, 0, -33,
    0, -34, 0, 0, 0, 0, 0, -10,
    0, -7, 0, -2, -2, 0, 0, -2,
    0, 0, 3, 0, 3, 0, 0, 0,
    0, 0, 0, -56, 0, 0, 0, 0,
    0, 0, 0, 0, 0, 0, 0, 0,
    0, 0, 0, 0, 0, -6, 0, -5,
    -4, 0, -7, 0, 0, 0, 0, 0,
    0, 0, 0, 0, 0, 0, 0, 0,
    0, 0, 0, 0, 0, 0, 0, 0,
    0, 0, 0, 0, 0, 0, 0, 0,
    0, 0, 0, 0, 0, 0, 0, -9,
    0, -4, 0, 0, -9, 0, 0, 0,
    0, 0, 0, 0, 0, 0, 0, 0,
    0, 0, 0, 0, 0, 0, 0, 0,
    0, 0, 0, 0, -11, 0, 0, 0,
    0, -48, -51, 0, 0, -22, -5, -40,
    -3, 3, 0, 3, 3, 0, 3, 0,
    0, -31, -17, 0, -17, -39, -12, -14,
    0, -12, -15, -9, -14, -11, 0, -28,
    -27, -35, -16, -18, 0, 0, 0, 0,
    0, 4, 0, -40, -29, 0, 0, -14,
    -2, 0, 0, 0, 0, 0, 0, 0,
    0, 0, 3, -9, -8, 0, 0, -9,
    -6, 0, 0, -5, -2, 0, 0, 0,
    4, 0, 0, 0, 0, 0, 0, 0,
    0, 0, 0, 3, 0, -27, -11, 0,
    0, -8, 0, 0, 0, 3, 0, 0,
    0, 0, 0, 0, 2, -6, -6, 0,
    0, -6, -4, 0, 0, -4, 0, 0,
    0, 0, 3, 0, 0, 0, 0, 0,
    0, 0, 0, 0, 0, 0, 0, 0,
    -29, 0, 0, 0, -5, 0, 0, 0,
    0, 3, 0, 0, 0, 0, 0, 0,
    -5, 0, 0, -4, 0, 0, 0, -4,
    -6, 0, 0, 0, 0, 0, 0, 0,
    0, 0, 0, 0, 0, 0, -6, 4,
    -9, -43, -28, 0, 0, -28, -5, -18,
    -3, 3, -18, 3, 3, 2, 3, 0,
    3, -12, -12, -4, -7, -12, -7, -11,
    -4, -7, -4, 0, -4, -6, 4, -15,
    -10, -18, -12, -12, 0, -8, 0, 0,
    0, 0, 0, 0, 0, 0, 0, 2,
    -5, 0, 0, 0, 0, 0, 0, 0,
    0, 0, 0, 0, -4, 0, 0, -4,
    0, 0, 0, -4, -5, -5, 0, 0,
    0, 0, 0, 0, 0, 0, 0, 0,
    0, 0, 0, 0, 0, 0, 0, 0,
    0, 0, 0, -3, 0, 0, -3, 0,
    0, 0, 0, 0, 0, 0, 0, 0,
    0, 0, 0, 0, 0, 0, 0, 0,
    0, 0, 0, 0, 0, 0, 0, 0,
    0, 0, 0, -3, 0, 0, 0, 0,
    0, 0, 0, 0, 0, 0, 0, 0,
    0, 0, 0, 0, 0, 0, 0, 0,
    0, 0, 0, 0, 0, 0, 0, 0,
    -3, 0, 0, 0, 0, 0, 0, 0,
    0, 0, -3, 0, 0, -5, 0, 0,
    0, 0, 0, 0, 0, 0, 0, 0,
    0, 0, 0, 0, 0, 0, 0, 0,
    0, 0, 0, 0, 0, 0, 0, 0,
    0, 0, -2, 0, -3, -3, 0, 0,
    0, 0, 0, 0, -5, 0, 0, -2,
    0, 0, 0, 0, 0, 0, 0, 0,
    0, 0, 0, 0, 0, 0, 0, 0,
    0, 0, 0, 0, 0, 0, 0, 0,
    0, 0, 0, 0, 0, 0, 0, 0,
    0, 0, 0, 0, 0, 0, -2, 0,
    0, -3, 0, 0, 0, 0, 0, 0,
    0, 0, 0, 0, 0, 0, 0, 0,
    0, 0, 0, 0, 0, 0, 0, 0,
    0, 0, 0, 0, 0, 0, -2, 0,
    0, 0, 0, 0, 0, 0, 0, 0,
    -12, 0, 0, 3, 0, 4, 0, 0,
    0, 0, 0, 0, 0, 0, 0, 0,
    0, 0, 0, 0, 0, 0, 3, 0,
    -4, 0, 0, 0, 0, 0, 0, 0,
    0, 0, 0, 0, 4, 0, 0, 0,
    0, 0, 3, 0, 0, -15, 0, 0,
    0, 0, 0, 0, 0, 0, 0, 0,
    0, 0, 0, 0, 0, 0, 0, 0,
    0, 0, 0, 0, 0, 0, 0, 0,
    0, 0, 0, 0, 0, 0, 0, 0,
    0, 0, 0, 0, -19, 0, 0, 0,
    0, 0, 0, 0, 0, 0, 0, 0,
    0, 0, 0, 0, 0, 0, 0, 0,
    0, 0, 0, 0, -4, 0, 0, 0,
    0, 0, 0, 0, 0, 0, 0, 0,
    0, 0, 0, 0, 0, 0, 0, 0,
    0, -15, 0, 0, 0, 0, 0, 0,
    0, 0, 0, 0, 0, 0, 0, 0,
    0, 0, 0, 0, 0, 0, 0, 0,
    0, 0, 0, 0, 0, 0, 0, 0,
    0, 0, 0, 0, 0, 0, 0, 0,
    -22, 0, 0, -16, 0, 0, 0, 0,
    0, 0, 0, 0, 0, 0, 0, 0,
    0, 0, 0, 0, 0, 0, 0, 0,
    0, 0, 0, 0, 0, 0, 0, 0,
    -3, 0, -4, -3, 0, 0, 0, 0,
    0, 0, -21, 0, 0, 3, 0, 0,
    0, -32, 0, 0, 0, 0, 0, 0,
    0, 0, 0, 0, 0, 0, 0, 0,
    0, -6, -4, 4, 0, -7, 0, 0,
    9, 0, 3, 3, 0, 0, 0, 0,
    0, 0, 0, 0, 3, 0, 0, 0,
    0, 0, 0, 0, 0, 0, 0, 0,
    0, 0, 0, 0, 0, 0, 0, 0,
    0, 0, 0, 0, 0, 0, 0, -6,
    0, 0, 0, 0, 0, 0, 0, 0,
    0, 0, 0, 0, 0, 0, 5, 0,
    0, 3, 0, 0, 0, -31, 0, 0,
    0, 0, 0, 0, 0, 0, 0, 0,
    0, 0, 0, 0, 0, -3, -2, 2,
    0, -3, 0, 0, 0, 0, 0, 0,
    0, 0, 0, 0, 0, 0, 0, 0,
    3, 0, 0, 0, 0, 0, 0, -23,
    0, 0, 0, 0, 0, 0, 0, 0,
    0, 0, 0, 0, 0, 0, 0, 0,
    0, 0, 0, 0, 0, 0, 0, 0,
    0, 0, 0, 0, 0, 0, 0, 0,
    0, 0, 0, 0, 0, 0, 0, 0,
    0, 0, 0, 0, 0, 0, 0, 0,
    0, 0, 0, 0, 0, 0, 0, 0,
    0, 0, -4, 0, 0, -7, 0, 0,
    0, 0, 0, 0, 0, 0, 0, 0,
    0, 0, 0, 0, 0, 0, 0, 0,
    0, 0, 0, 0, 0, 0, 0, 0,
    0, 0, 0, 0, 0, 0, 0, 0,
    0, 0, 0, 0, -3, 0, 0, -3,
    0, 0, 0, 0, 0, 0, 0, 0,
    0, 0, 0, 0, 0, 0, 0, 0,
    0, 0, 0, 0, 0, 0, 0, 0,
    0, 0, 0, -4, 0, 0, -4, 0,
    0, 0, 0, 0, 0, 0, 0, 0,
    0, 0, 0, 0, 0, 0, 0, 0,
    0, 0, 0, 0, 0, 0, 0, 0,
    0, 0, 0, -7, 0, 0, 0, 0,
    0, 0, 0, -22, 0, 0, 0, 0,
    0, 0, 0, 0, 0, 0, 0, -9,
    -19, 0, -4, -27, 0, -43, 0, 0,
    0, 2, 0, 0, 0, 0, 0, 0,
    0, 0, -7, 0
};


/*Collect the kern class' data in one place*/
static const lv_font_fmt_txt_kern_classes_t kern_classes =
{
    .class_pair_values   = kern_class_values,
    .left_class_mapping  = kern_left_class_mapping,
    .right_class_mapping = kern_right_class_mapping,
    .left_class_cnt      = 42,
    .right_class_cnt     = 42,
};

/*--------------------
 *  ALL CUSTOM DATA
 *--------------------*/

#if LVGL_VERSION_MAJOR == 8
/*Store all the custom data of the font*/
static  lv_font_fmt_txt_glyph_cache_t cache;
#endif

#if LVGL_VERSION_MAJOR >= 8
static const lv_font_fmt_txt_dsc_t font_dsc = {
#else
static lv_font_fmt_txt_dsc_t font_dsc = {
#endif
    .glyph_bitmap = glyph_bitmap,
    .glyph_dsc = glyph_dsc,
    .cmaps = cmaps,
    .kern_dsc = &kern_classes,
    .kern_scale = 16,
    .cmap_num = 3,
    .bpp = 4,
    .kern_classes = 1,
    .bitmap_format = 0,
#if LVGL_VERSION_MAJOR == 8
    .cache = &cache
#endif
};



/*-----------------
 *  PUBLIC FONT
 *----------------*/

/*Initialize a public general font descriptor*/
#if LVGL_VERSION_MAJOR >= 8
const lv_font_t mmk_text_24 = {
#else
lv_font_t mmk_text_24 = {
#endif
    .get_glyph_dsc = lv_font_get_glyph_dsc_fmt_txt,    /*Function pointer to get glyph's data*/
    .get_glyph_bitmap = lv_font_get_bitmap_fmt_txt,    /*Function pointer to get glyph's bitmap*/
    .line_height = 29,          /*The maximum line height required by the font*/
    .base_line = 6,             /*Baseline measured from the bottom of the line*/
#if !(LVGL_VERSION_MAJOR == 6 && LVGL_VERSION_MINOR == 0)
    .subpx = LV_FONT_SUBPX_NONE,
#endif
#if LV_VERSION_CHECK(7, 4, 0) || LVGL_VERSION_MAJOR >= 8
    .underline_position = -2,
    .underline_thickness = 1,
#endif
    .dsc = &font_dsc,          /*The custom font data. Will be accessed by `get_glyph_bitmap/dsc` */
#if LV_VERSION_CHECK(8, 2, 0) || LVGL_VERSION_MAJOR >= 9
    .fallback = NULL,
#endif
    .user_data = NULL,
};



#endif /*#if MMK_TEXT_24*/

