/*******************************************************************************
 * Size: 32 px
 * Bpp: 4
 * Opts: --size 32 --bpp 4 --format lvgl --no-compress --font ./Roboto-Medium.ttf -r 0x20-0x7F -r 0xA0-0x17F -r 0x2013-0x2014 -r 0x2018-0x2019 -r 0x201C-0x201D -r 0x2022 -r 0x2026 --font ./DejaVuSans.ttf -r 0x2122 -r 0x2190-0x2193 -r 0x2605-0x2606 -r 0x2660-0x2667 -r 0x2669-0x266C -r 0x2713 -r 0x2717 -r 0x2032-0x2033 -o mmk_text_32.c --lv-font-name mmk_text_32
 ******************************************************************************/

#ifdef LV_LVGL_H_INCLUDE_SIMPLE
#include "lvgl.h"
#else
#include "lvgl/lvgl.h"
#endif

#ifndef MMK_TEXT_32
#define MMK_TEXT_32 1
#endif

#if MMK_TEXT_32

/*-----------------
 *    BITMAPS
 *----------------*/

/*Store the image of the glyphs*/
static LV_ATTRIBUTE_LARGE_CONST const uint8_t glyph_bitmap[] = {
    /* U+0020 " " */

    /* U+0021 "!" */
    0xaf, 0xff, 0x5a, 0xff, 0xf4, 0x9f, 0xff, 0x49,
    0xff, 0xf4, 0x8f, 0xff, 0x38, 0xff, 0xf3, 0x8f,
    0xff, 0x37, 0xff, 0xf2, 0x7f, 0xff, 0x27, 0xff,
    0xf1, 0x6f, 0xff, 0x16, 0xff, 0xf1, 0x6f, 0xff,
    0x5, 0xff, 0xf0, 0x5f, 0xff, 0x4, 0xdd, 0xc0,
    0x0, 0x0, 0x0, 0x0, 0x0, 0x2d, 0xfb, 0xa,
    0xff, 0xf7, 0xaf, 0xff, 0x72, 0xcf, 0xb0,

    /* U+0022 "\"" */
    0x6f, 0xf4, 0xb, 0xff, 0x6f, 0xf4, 0xb, 0xff,
    0x6f, 0xf4, 0xb, 0xff, 0x6f, 0xf2, 0xb, 0xfd,
    0x6f, 0xf1, 0xb, 0xfc, 0x6f, 0xf0, 0xb, 0xfb,
    0x6f, 0xe0, 0xb, 0xf9, 0x6f, 0xc0, 0xb, 0xf8,
    0x1, 0x0, 0x0, 0x10,

    /* U+0023 "#" */
    0x0, 0x0, 0x0, 0xe, 0xfa, 0x0, 0xc, 0xfc,
    0x0, 0x0, 0x0, 0x0, 0x2f, 0xf7, 0x0, 0xf,
    0xf9, 0x0, 0x0, 0x0, 0x0, 0x5f, 0xf4, 0x0,
    0x3f, 0xf6, 0x0, 0x0, 0x0, 0x0, 0x8f, 0xf1,
    0x0, 0x6f, 0xf3, 0x0, 0x0, 0x0, 0x0, 0xbf,
    0xd0, 0x0, 0x9f, 0xf0, 0x0, 0x0, 0x0, 0x0,
    0xff, 0xa0, 0x0, 0xdf, 0xc0, 0x0, 0x5, 0xff,
    0xff, 0xff, 0xff, 0xff, 0xff, 0xff, 0xff, 0x5,
    0xff, 0xff, 0xff, 0xff, 0xff, 0xff, 0xff, 0xff,
    0x2, 0x77, 0x7c, 0xff, 0x77, 0x7b, 0xff, 0x87,
    0x76, 0x0, 0x0, 0xb, 0xfe, 0x0, 0x9, 0xff,
    0x0, 0x0, 0x0, 0x0, 0xe, 0xfb, 0x0, 0xc,
    0xfc, 0x0, 0x0, 0x0, 0x0, 0x1f, 0xf8, 0x0,
    0xf, 0xf9, 0x0, 0x0, 0x0, 0x0, 0x5f, 0xf4,
    0x0, 0x3f, 0xf6, 0x0, 0x0, 0x8f, 0xff, 0xff,
    0xff, 0xff, 0xff, 0xff, 0xff, 0xc0, 0x8f, 0xff,
    0xff, 0xff, 0xff, 0xff, 0xff, 0xff, 0xc0, 0x37,
    0x77, 0xff, 0xd7, 0x77, 0xef, 0xe7, 0x77, 0x50,
    0x0, 0x1, 0xff, 0x80, 0x0, 0xff, 0xa0, 0x0,
    0x0, 0x0, 0x4, 0xff, 0x50, 0x2, 0xff, 0x70,
    0x0, 0x0, 0x0, 0x7, 0xff, 0x20, 0x5, 0xff,
    0x40, 0x0, 0x0, 0x0, 0xa, 0xff, 0x0, 0x8,
    0xff, 0x10, 0x0, 0x0, 0x0, 0xc, 0xfd, 0x0,
    0xa, 0xfe, 0x0, 0x0, 0x0, 0x0, 0xf, 0xfa,
    0x0, 0xd, 0xfb, 0x0, 0x0, 0x0,

    /* U+0024 "$" */
    0x0, 0x0, 0x0, 0x4, 0x65, 0x0, 0x0, 0x0,
    0x0, 0x0, 0x0, 0xb, 0xfc, 0x0, 0x0, 0x0,
    0x0, 0x0, 0x0, 0xb, 0xfc, 0x0, 0x0, 0x0,
    0x0, 0x0, 0x0, 0xb, 0xfc, 0x0, 0x0, 0x0,
    0x0, 0x0, 0x3a, 0xef, 0xff, 0xd8, 0x10, 0x0,
    0x0, 0x7, 0xff, 0xff, 0xff, 0xff, 0xf4, 0x0,
    0x0, 0x6f, 0xff, 0xff, 0xff, 0xff, 0xff, 0x20,
    0x1, 0xff, 0xff, 0x82, 0x3, 0xcf, 0xff, 0xb0,
    0x5, 0xff, 0xfa, 0x0, 0x0, 0x1f, 0xff, 0xf1,
    0x8, 0xff, 0xf5, 0x0, 0x0, 0x8, 0xff, 0xf5,
    0x8, 0xff, 0xf4, 0x0, 0x0, 0x6, 0xff, 0xf7,
    0x6, 0xff, 0xf9, 0x0, 0x0, 0x1, 0x33, 0x31,
    0x1, 0xff, 0xff, 0x60, 0x0, 0x0, 0x0, 0x0,
    0x0, 0x9f, 0xff, 0xfc, 0x50, 0x0, 0x0, 0x0,
    0x0, 0xb, 0xff, 0xff, 0xfe, 0x81, 0x0, 0x0,
    0x0, 0x0, 0x7f, 0xff, 0xff, 0xff, 0x80, 0x0,
    0x0, 0x0, 0x1, 0x8e, 0xff, 0xff, 0xfc, 0x0,
    0x0, 0x0, 0x0, 0x0, 0x4b, 0xff, 0xff, 0xa0,
    0x0, 0x0, 0x0, 0x0, 0x0, 0x5f, 0xff, 0xf2,
    0x1, 0x11, 0x0, 0x0, 0x0, 0x8, 0xff, 0xf7,
    0x6f, 0xff, 0x70, 0x0, 0x0, 0x4, 0xff, 0xf9,
    0x4f, 0xff, 0x90, 0x0, 0x0, 0x5, 0xff, 0xf8,
    0x1f, 0xff, 0xf2, 0x0, 0x0, 0xb, 0xff, 0xf5,
    0xa, 0xff, 0xfd, 0x51, 0x13, 0xaf, 0xff, 0xf1,
    0x1, 0xef, 0xff, 0xff, 0xff, 0xff, 0xff, 0x60,
    0x0, 0x2d, 0xff, 0xff, 0xff, 0xff, 0xf7, 0x0,
    0x0, 0x0, 0x5b, 0xef, 0xff, 0xc8, 0x20, 0x0,
    0x0, 0x0, 0x0, 0xf, 0xf7, 0x0, 0x0, 0x0,
    0x0, 0x0, 0x0, 0xf, 0xf7, 0x0, 0x0, 0x0,
    0x0, 0x0, 0x0, 0xf, 0xf7, 0x0, 0x0, 0x0,

    /* U+0025 "%" */
    0x0, 0x4b, 0xef, 0xe9, 0x20, 0x0, 0x0, 0x0,
    0x0, 0x0, 0x0, 0x6, 0xff, 0xff, 0xff, 0xf3,
    0x0, 0x0, 0x0, 0x0, 0x0, 0x0, 0x1f, 0xfe,
    0x64, 0x8f, 0xfd, 0x0, 0x0, 0x6, 0x10, 0x0,
    0x0, 0x6f, 0xf5, 0x0, 0xa, 0xff, 0x10, 0x0,
    0x6f, 0xf1, 0x0, 0x0, 0x7f, 0xf3, 0x0, 0x7,
    0xff, 0x20, 0x2, 0xff, 0x70, 0x0, 0x0, 0x6f,
    0xf4, 0x0, 0x8, 0xff, 0x20, 0xc, 0xfc, 0x0,
    0x0, 0x0, 0x3f, 0xfc, 0x20, 0x4e, 0xfe, 0x0,
    0x6f, 0xf2, 0x0, 0x0, 0x0, 0xa, 0xff, 0xff,
    0xff, 0xf6, 0x2, 0xff, 0x70, 0x0, 0x0, 0x0,
    0x0, 0x7e, 0xff, 0xfd, 0x50, 0xc, 0xfc, 0x0,
    0x0, 0x0, 0x0, 0x0, 0x0, 0x23, 0x20, 0x0,
    0x7f, 0xf2, 0x0, 0x0, 0x0, 0x0, 0x0, 0x0,
    0x0, 0x0, 0x2, 0xff, 0x70, 0x0, 0x0, 0x0,
    0x0, 0x0, 0x0, 0x0, 0x0, 0xc, 0xfd, 0x0,
    0x2, 0x31, 0x0, 0x0, 0x0, 0x0, 0x0, 0x0,
    0x7f, 0xf3, 0x7, 0xef, 0xff, 0xc3, 0x0, 0x0,
    0x0, 0x0, 0x2, 0xff, 0x80, 0x9f, 0xff, 0xff,
    0xff, 0x30, 0x0, 0x0, 0x0, 0xc, 0xfd, 0x2,
    0xff, 0xd3, 0x6, 0xff, 0xc0, 0x0, 0x0, 0x0,
    0x7f, 0xf3, 0x6, 0xff, 0x40, 0x0, 0xaf, 0xf0,
    0x0, 0x0, 0x2, 0xff, 0x80, 0x8, 0xff, 0x20,
    0x0, 0x8f, 0xf2, 0x0, 0x0, 0xc, 0xfd, 0x0,
    0x8, 0xff, 0x20, 0x0, 0x8f, 0xf2, 0x0, 0x0,
    0x7f, 0xf3, 0x0, 0x6, 0xff, 0x60, 0x0, 0xbf,
    0xf0, 0x0, 0x0, 0x2a, 0x80, 0x0, 0x1, 0xff,
    0xe6, 0x49, 0xff, 0xa0, 0x0, 0x0, 0x0, 0x0,
    0x0, 0x0, 0x6f, 0xff, 0xff, 0xfe, 0x10, 0x0,
    0x0, 0x0, 0x0, 0x0, 0x0, 0x3, 0xbe, 0xfe,
    0x91, 0x0,

    /* U+0026 "&" */
    0x0, 0x0, 0x18, 0xcf, 0xfe, 0x92, 0x0, 0x0,
    0x0, 0x0, 0x0, 0x3, 0xef, 0xff, 0xff, 0xff,
    0x60, 0x0, 0x0, 0x0, 0x0, 0x1e, 0xff, 0xff,
    0xff, 0xff, 0xf3, 0x0, 0x0, 0x0, 0x0, 0x7f,
    0xff, 0xa2, 0x5, 0xff, 0xfa, 0x0, 0x0, 0x0,
    0x0, 0xbf, 0xff, 0x0, 0x0, 0x8f, 0xfd, 0x0,
    0x0, 0x0, 0x0, 0xcf, 0xfd, 0x0, 0x0, 0x8f,
    0xfc, 0x0, 0x0, 0x0, 0x0, 0x9f, 0xff, 0x10,
    0x1, 0xef, 0xf7, 0x0, 0x0, 0x0, 0x0, 0x3f,
    0xff, 0xb0, 0x5e, 0xff, 0xc0, 0x0, 0x0, 0x0,
    0x0, 0x9, 0xff, 0xfd, 0xff, 0xfc, 0x10, 0x0,
    0x0, 0x0, 0x0, 0x0, 0xdf, 0xff, 0xff, 0x80,
    0x0, 0x0, 0x0, 0x0, 0x0, 0x2, 0xdf, 0xff,
    0xf8, 0x0, 0x0, 0x0, 0x0, 0x0, 0x0, 0x5f,
    0xff, 0xff, 0xff, 0x40, 0x0, 0x5b, 0xb9, 0x0,
    0x5, 0xff, 0xfe, 0x7f, 0xff, 0xf3, 0x0, 0x8f,
    0xfc, 0x0, 0x1f, 0xff, 0xe1, 0x5, 0xff, 0xfe,
    0x20, 0xbf, 0xfb, 0x0, 0x6f, 0xff, 0x60, 0x0,
    0x7f, 0xff, 0xd2, 0xff, 0xf7, 0x0, 0x9f, 0xff,
    0x20, 0x0, 0x9, 0xff, 0xff, 0xff, 0xf2, 0x0,
    0x9f, 0xff, 0x40, 0x0, 0x0, 0xaf, 0xff, 0xff,
    0xb0, 0x0, 0x6f, 0xff, 0xb0, 0x0, 0x0, 0xd,
    0xff, 0xff, 0x20, 0x0, 0x1f, 0xff, 0xfb, 0x30,
    0x4, 0xaf, 0xff, 0xff, 0x70, 0x0, 0x6, 0xff,
    0xff, 0xff, 0xff, 0xff, 0xff, 0xff, 0xf4, 0x0,
    0x0, 0x5f, 0xff, 0xff, 0xff, 0xff, 0xe8, 0xff,
    0xfe, 0x20, 0x0, 0x1, 0x7b, 0xef, 0xfd, 0xa5,
    0x0, 0x8f, 0xff, 0xd0,

    /* U+0027 "'" */
    0xbf, 0xf2, 0xbf, 0xf2, 0xbf, 0xf2, 0xbf, 0xf1,
    0xbf, 0xf0, 0xbf, 0xe0, 0xbf, 0xd0, 0xaf, 0xc0,

    /* U+0028 "(" */
    0x0, 0x0, 0x0, 0x0, 0x0, 0x0, 0x0, 0x5,
    0xe0, 0x0, 0x0, 0x8, 0xff, 0x50, 0x0, 0x7,
    0xff, 0xd2, 0x0, 0x4, 0xff, 0xe2, 0x0, 0x0,
    0xdf, 0xf4, 0x0, 0x0, 0x7f, 0xfb, 0x0, 0x0,
    0xf, 0xff, 0x30, 0x0, 0x6, 0xff, 0xc0, 0x0,
    0x0, 0xcf, 0xf7, 0x0, 0x0, 0x1f, 0xff, 0x20,
    0x0, 0x5, 0xff, 0xf0, 0x0, 0x0, 0x9f, 0xfc,
    0x0, 0x0, 0xc, 0xff, 0xa0, 0x0, 0x0, 0xdf,
    0xf8, 0x0, 0x0, 0xe, 0xff, 0x70, 0x0, 0x0,
    0xff, 0xf7, 0x0, 0x0, 0xf, 0xff, 0x70, 0x0,
    0x0, 0xef, 0xf8, 0x0, 0x0, 0xd, 0xff, 0x80,
    0x0, 0x0, 0xbf, 0xfa, 0x0, 0x0, 0x8, 0xff,
    0xc0, 0x0, 0x0, 0x5f, 0xff, 0x0, 0x0, 0x1,
    0xff, 0xf3, 0x0, 0x0, 0xc, 0xff, 0x70, 0x0,
    0x0, 0x6f, 0xfc, 0x0, 0x0, 0x0, 0xff, 0xf3,
    0x0, 0x0, 0x7, 0xff, 0xb0, 0x0, 0x0, 0xd,
    0xff, 0x40, 0x0, 0x0, 0x4f, 0xfe, 0x10, 0x0,
    0x0, 0x7f, 0xfd, 0x10, 0x0, 0x0, 0x8f, 0xf5,
    0x0, 0x0, 0x0, 0x5e, 0x0, 0x0, 0x0, 0x0,
    0x0,

    /* U+0029 ")" */
    0x0, 0x0, 0x0, 0x0, 0x0, 0xd, 0x70, 0x0,
    0x0, 0x0, 0x3f, 0xfa, 0x0, 0x0, 0x0, 0xc,
    0xff, 0xa0, 0x0, 0x0, 0x0, 0xdf, 0xf6, 0x0,
    0x0, 0x0, 0x3f, 0xff, 0x10, 0x0, 0x0, 0x9,
    0xff, 0xb0, 0x0, 0x0, 0x1, 0xff, 0xf3, 0x0,
    0x0, 0x0, 0xbf, 0xf9, 0x0, 0x0, 0x0, 0x5f,
    0xff, 0x10, 0x0, 0x0, 0x1f, 0xff, 0x50, 0x0,
    0x0, 0xd, 0xff, 0x90, 0x0, 0x0, 0xa, 0xff,
    0xd0, 0x0, 0x0, 0x8, 0xff, 0xf0, 0x0, 0x0,
    0x6, 0xff, 0xf1, 0x0, 0x0, 0x5, 0xff, 0xf3,
    0x0, 0x0, 0x4, 0xff, 0xf4, 0x0, 0x0, 0x4,
    0xff, 0xf3, 0x0, 0x0, 0x5, 0xff, 0xf2, 0x0,
    0x0, 0x6, 0xff, 0xf1, 0x0, 0x0, 0x8, 0xff,
    0xf0, 0x0, 0x0, 0xa, 0xff, 0xc0, 0x0, 0x0,
    0xd, 0xff, 0x90, 0x0, 0x0, 0xf, 0xff, 0x50,
    0x0, 0x0, 0x5f, 0xff, 0x0, 0x0, 0x0, 0xaf,
    0xf9, 0x0, 0x0, 0x1, 0xff, 0xf3, 0x0, 0x0,
    0x8, 0xff, 0xa0, 0x0, 0x0, 0x2f, 0xff, 0x10,
    0x0, 0x0, 0xcf, 0xf6, 0x0, 0x0, 0xb, 0xff,
    0xa0, 0x0, 0x0, 0x3f, 0xfa, 0x0, 0x0, 0x0,
    0xd, 0x70, 0x0, 0x0, 0x0, 0x0, 0x0, 0x0,
    0x0, 0x0,

    /* U+002A "*" */
    0x0, 0x0, 0x3, 0xff, 0x80, 0x0, 0x0, 0x0,
    0x0, 0x2, 0xff, 0x70, 0x0, 0x0, 0x0, 0x0,
    0x2, 0xff, 0x70, 0x0, 0x0, 0x4, 0x10, 0x1,
    0xff, 0x60, 0x0, 0x30, 0x1f, 0xfa, 0x40, 0xff,
    0x51, 0x6d, 0xf3, 0x6f, 0xff, 0xfe, 0xff, 0xdf,
    0xff, 0xf9, 0x16, 0xbf, 0xff, 0xff, 0xff, 0xfe,
    0xa4, 0x0, 0x0, 0x4f, 0xff, 0xf8, 0x30, 0x0,
    0x0, 0x0, 0x9f, 0xff, 0xfa, 0x0, 0x0, 0x0,
    0x6, 0xff, 0xa9, 0xff, 0x60, 0x0, 0x0, 0x3f,
    0xfe, 0x11, 0xef, 0xf3, 0x0, 0x0, 0xcf, 0xf5,
    0x0, 0x5f, 0xfd, 0x0, 0x0, 0x1b, 0xb0, 0x0,
    0xb, 0xd3, 0x0, 0x0, 0x0, 0x0, 0x0, 0x1,
    0x0, 0x0,

    /* U+002B "+" */
    0x0, 0x0, 0x0, 0x55, 0x54, 0x0, 0x0, 0x0,
    0x0, 0x0, 0x0, 0xff, 0xfb, 0x0, 0x0, 0x0,
    0x0, 0x0, 0x0, 0xff, 0xfb, 0x0, 0x0, 0x0,
    0x0, 0x0, 0x0, 0xff, 0xfb, 0x0, 0x0, 0x0,
    0x0, 0x0, 0x0, 0xff, 0xfb, 0x0, 0x0, 0x0,
    0x0, 0x0, 0x0, 0xff, 0xfb, 0x0, 0x0, 0x0,
    0x0, 0x0, 0x0, 0xff, 0xfb, 0x0, 0x0, 0x0,
    0xff, 0xff, 0xff, 0xff, 0xff, 0xff, 0xff, 0xfa,
    0xff, 0xff, 0xff, 0xff, 0xff, 0xff, 0xff, 0xfa,
    0xff, 0xff, 0xff, 0xff, 0xff, 0xff, 0xff, 0xfa,
    0x66, 0x66, 0x66, 0xff, 0xfd, 0x66, 0x66, 0x64,
    0x0, 0x0, 0x0, 0xff, 0xfb, 0x0, 0x0, 0x0,
    0x0, 0x0, 0x0, 0xff, 0xfb, 0x0, 0x0, 0x0,
    0x0, 0x0, 0x0, 0xff, 0xfb, 0x0, 0x0, 0x0,
    0x0, 0x0, 0x0, 0xff, 0xfb, 0x0, 0x0, 0x0,
    0x0, 0x0, 0x0, 0xff, 0xfb, 0x0, 0x0, 0x0,
    0x0, 0x0, 0x0, 0xff, 0xfb, 0x0, 0x0, 0x0,

    /* U+002C "," */
    0x0, 0xff, 0xf7, 0x0, 0xff, 0xf7, 0x0, 0xff,
    0xf6, 0x0, 0xff, 0xf5, 0x3, 0xff, 0xf2, 0x8,
    0xff, 0xc0, 0x1e, 0xff, 0x40, 0x4f, 0xf9, 0x0,
    0x2, 0x70, 0x0,

    /* U+002D "-" */
    0x0, 0x0, 0x0, 0x0, 0xe, 0xff, 0xff, 0xff,
    0xf5, 0xef, 0xff, 0xff, 0xff, 0x5e, 0xff, 0xff,
    0xff, 0xf5,

    /* U+002E "." */
    0x0, 0x10, 0x4, 0xff, 0xc1, 0xcf, 0xff, 0x7c,
    0xff, 0xf6, 0x3d, 0xfa, 0x0,

    /* U+002F "/" */
    0x0, 0x0, 0x0, 0x0, 0x3f, 0xfc, 0x0, 0x0,
    0x0, 0x0, 0x9f, 0xf6, 0x0, 0x0, 0x0, 0x0,
    0xef, 0xf1, 0x0, 0x0, 0x0, 0x4, 0xff, 0xb0,
    0x0, 0x0, 0x0, 0xa, 0xff, 0x50, 0x0, 0x0,
    0x0, 0xf, 0xfe, 0x0, 0x0, 0x0, 0x0, 0x6f,
    0xf9, 0x0, 0x0, 0x0, 0x0, 0xcf, 0xf3, 0x0,
    0x0, 0x0, 0x2, 0xff, 0xd0, 0x0, 0x0, 0x0,
    0x7, 0xff, 0x70, 0x0, 0x0, 0x0, 0xd, 0xff,
    0x20, 0x0, 0x0, 0x0, 0x3f, 0xfc, 0x0, 0x0,
    0x0, 0x0, 0x9f, 0xf6, 0x0, 0x0, 0x0, 0x0,
    0xef, 0xf1, 0x0, 0x0, 0x0, 0x5, 0xff, 0xa0,
    0x0, 0x0, 0x0, 0xa, 0xff, 0x40, 0x0, 0x0,
    0x0, 0x1f, 0xfe, 0x0, 0x0, 0x0, 0x0, 0x6f,
    0xf9, 0x0, 0x0, 0x0, 0x0, 0xcf, 0xf3, 0x0,
    0x0, 0x0, 0x2, 0xff, 0xd0, 0x0, 0x0, 0x0,
    0x8, 0xff, 0x70, 0x0, 0x0, 0x0, 0xd, 0xff,
    0x10, 0x0, 0x0, 0x0, 0x3f, 0xfb, 0x0, 0x0,
    0x0, 0x0, 0x9f, 0xf6, 0x0, 0x0, 0x0, 0x0,
    0x78, 0x80, 0x0, 0x0, 0x0, 0x0,

    /* U+0030 "0" */
    0x0, 0x0, 0x49, 0xdf, 0xfe, 0xa5, 0x0, 0x0,
    0x0, 0xa, 0xff, 0xff, 0xff, 0xff, 0xc1, 0x0,
    0x0, 0xaf, 0xff, 0xff, 0xff, 0xff, 0xfc, 0x0,
    0x3, 0xff, 0xfe, 0x50, 0x4, 0xdf, 0xff, 0x60,
    0xa, 0xff, 0xf4, 0x0, 0x0, 0x2f, 0xff, 0xd0,
    0xf, 0xff, 0xd0, 0x0, 0x0, 0xa, 0xff, 0xf1,
    0x2f, 0xff, 0x90, 0x0, 0x0, 0x7, 0xff, 0xf5,
    0x4f, 0xff, 0x70, 0x0, 0x0, 0x5, 0xff, 0xf6,
    0x5f, 0xff, 0x60, 0x0, 0x0, 0x4, 0xff, 0xf7,
    0x5f, 0xff, 0x60, 0x0, 0x0, 0x4, 0xff, 0xf8,
    0x5f, 0xff, 0x60, 0x0, 0x0, 0x4, 0xff, 0xf8,
    0x5f, 0xff, 0x60, 0x0, 0x0, 0x4, 0xff, 0xf8,
    0x5f, 0xff, 0x60, 0x0, 0x0, 0x4, 0xff, 0xf8,
    0x5f, 0xff, 0x60, 0x0, 0x0, 0x4, 0xff, 0xf7,
    0x4f, 0xff, 0x70, 0x0, 0x0, 0x5, 0xff, 0xf6,
    0x2f, 0xff, 0x90, 0x0, 0x0, 0x7, 0xff, 0xf4,
    0xe, 0xff, 0xd0, 0x0, 0x0, 0xa, 0xff, 0xf1,
    0xa, 0xff, 0xf5, 0x0, 0x0, 0x2f, 0xff, 0xc0,
    0x3, 0xff, 0xff, 0x61, 0x4, 0xdf, 0xff, 0x60,
    0x0, 0x9f, 0xff, 0xff, 0xff, 0xff, 0xfc, 0x0,
    0x0, 0x9, 0xff, 0xff, 0xff, 0xff, 0xb0, 0x0,
    0x0, 0x0, 0x39, 0xdf, 0xfe, 0xa5, 0x0, 0x0,

    /* U+0031 "1" */
    0x0, 0x0, 0x0, 0x4, 0xaf, 0x0, 0x0, 0x39,
    0xef, 0xff, 0x2, 0x8d, 0xff, 0xff, 0xff, 0x5f,
    0xff, 0xff, 0xff, 0xff, 0x6f, 0xff, 0xea, 0xef,
    0xff, 0x6e, 0x94, 0x0, 0xcf, 0xff, 0x10, 0x0,
    0x0, 0xcf, 0xff, 0x0, 0x0, 0x0, 0xcf, 0xff,
    0x0, 0x0, 0x0, 0xcf, 0xff, 0x0, 0x0, 0x0,
    0xcf, 0xff, 0x0, 0x0, 0x0, 0xcf, 0xff, 0x0,
    0x0, 0x0, 0xcf, 0xff, 0x0, 0x0, 0x0, 0xcf,
    0xff, 0x0, 0x0, 0x0, 0xcf, 0xff, 0x0, 0x0,
    0x0, 0xcf, 0xff, 0x0, 0x0, 0x0, 0xcf, 0xff,
    0x0, 0x0, 0x0, 0xcf, 0xff, 0x0, 0x0, 0x0,
    0xcf, 0xff, 0x0, 0x0, 0x0, 0xcf, 0xff, 0x0,
    0x0, 0x0, 0xcf, 0xff, 0x0, 0x0, 0x0, 0xcf,
    0xff, 0x0, 0x0, 0x0, 0xcf, 0xff,

    /* U+0032 "2" */
    0x0, 0x0, 0x5a, 0xdf, 0xfe, 0xb5, 0x0, 0x0,
    0x0, 0x2c, 0xff, 0xff, 0xff, 0xff, 0xd2, 0x0,
    0x2, 0xff, 0xff, 0xff, 0xff, 0xff, 0xfe, 0x10,
    0xd, 0xff, 0xfb, 0x30, 0x16, 0xef, 0xff, 0x90,
    0x4f, 0xff, 0xc0, 0x0, 0x0, 0x4f, 0xff, 0xe0,
    0x8f, 0xff, 0x40, 0x0, 0x0, 0xd, 0xff, 0xf1,
    0xaf, 0xff, 0x10, 0x0, 0x0, 0xb, 0xff, 0xf0,
    0x0, 0x0, 0x0, 0x0, 0x0, 0xe, 0xff, 0xd0,
    0x0, 0x0, 0x0, 0x0, 0x0, 0x4f, 0xff, 0x70,
    0x0, 0x0, 0x0, 0x0, 0x0, 0xef, 0xff, 0x10,
    0x0, 0x0, 0x0, 0x0, 0xb, 0xff, 0xf6, 0x0,
    0x0, 0x0, 0x0, 0x0, 0x9f, 0xff, 0xa0, 0x0,
    0x0, 0x0, 0x0, 0x9, 0xff, 0xfc, 0x0, 0x0,
    0x0, 0x0, 0x0, 0x8f, 0xff, 0xc0, 0x0, 0x0,
    0x0, 0x0, 0x8, 0xff, 0xfc, 0x10, 0x0, 0x0,
    0x0, 0x0, 0x7f, 0xff, 0xd1, 0x0, 0x0, 0x0,
    0x0, 0x7, 0xff, 0xfd, 0x10, 0x0, 0x0, 0x0,
    0x0, 0x6f, 0xff, 0xd1, 0x0, 0x0, 0x0, 0x0,
    0x6, 0xff, 0xfd, 0x10, 0x0, 0x0, 0x0, 0x0,
    0x3f, 0xff, 0xff, 0xff, 0xff, 0xff, 0xff, 0xff,
    0x4f, 0xff, 0xff, 0xff, 0xff, 0xff, 0xff, 0xff,
    0x4f, 0xff, 0xff, 0xff, 0xff, 0xff, 0xff, 0xff,

    /* U+0033 "3" */
    0x0, 0x0, 0x6b, 0xef, 0xfd, 0xa4, 0x0, 0x0,
    0x0, 0x5e, 0xff, 0xff, 0xff, 0xff, 0xc1, 0x0,
    0x5, 0xff, 0xff, 0xff, 0xff, 0xff, 0xfd, 0x0,
    0xe, 0xff, 0xfa, 0x30, 0x15, 0xef, 0xff, 0x80,
    0x5f, 0xff, 0xa0, 0x0, 0x0, 0x2f, 0xff, 0xd0,
    0x6c, 0xcc, 0x40, 0x0, 0x0, 0xe, 0xff, 0xf0,
    0x0, 0x0, 0x0, 0x0, 0x0, 0xd, 0xff, 0xe0,
    0x0, 0x0, 0x0, 0x0, 0x0, 0x3f, 0xff, 0x90,
    0x0, 0x0, 0x0, 0x0, 0x27, 0xef, 0xfe, 0x10,
    0x0, 0x0, 0xe, 0xff, 0xff, 0xff, 0xd2, 0x0,
    0x0, 0x0, 0xe, 0xff, 0xff, 0xfd, 0x20, 0x0,
    0x0, 0x0, 0xd, 0xff, 0xff, 0xff, 0xf6, 0x0,
    0x0, 0x0, 0x0, 0x0, 0x5, 0xdf, 0xff, 0x50,
    0x0, 0x0, 0x0, 0x0, 0x0, 0x1e, 0xff, 0xe0,
    0x0, 0x0, 0x0, 0x0, 0x0, 0x9, 0xff, 0xf2,
    0x23, 0x33, 0x0, 0x0, 0x0, 0x7, 0xff, 0xf4,
    0xbf, 0xff, 0x20, 0x0, 0x0, 0x9, 0xff, 0xf3,
    0x8f, 0xff, 0x90, 0x0, 0x0, 0x1e, 0xff, 0xf0,
    0x2f, 0xff, 0xfa, 0x30, 0x15, 0xdf, 0xff, 0x90,
    0x7, 0xff, 0xff, 0xff, 0xff, 0xff, 0xfd, 0x10,
    0x0, 0x6f, 0xff, 0xff, 0xff, 0xff, 0xb1, 0x0,
    0x0, 0x1, 0x7c, 0xef, 0xfd, 0x94, 0x0, 0x0,

    /* U+0034 "4" */
    0x0, 0x0, 0x0, 0x0, 0x0, 0xbf, 0xff, 0x80,
    0x0, 0x0, 0x0, 0x0, 0x0, 0x6, 0xff, 0xff,
    0x80, 0x0, 0x0, 0x0, 0x0, 0x0, 0x1e, 0xff,
    0xff, 0x80, 0x0, 0x0, 0x0, 0x0, 0x0, 0xbf,
    0xff, 0xff, 0x80, 0x0, 0x0, 0x0, 0x0, 0x6,
    0xff, 0xff, 0xff, 0x80, 0x0, 0x0, 0x0, 0x0,
    0x1e, 0xff, 0xaf, 0xff, 0x80, 0x0, 0x0, 0x0,
    0x0, 0xbf, 0xfb, 0x4f, 0xff, 0x80, 0x0, 0x0,
    0x0, 0x6, 0xff, 0xf2, 0x4f, 0xff, 0x80, 0x0,
    0x0, 0x0, 0x1e, 0xff, 0x60, 0x4f, 0xff, 0x80,
    0x0, 0x0, 0x0, 0xbf, 0xfc, 0x0, 0x4f, 0xff,
    0x80, 0x0, 0x0, 0x6, 0xff, 0xf2, 0x0, 0x4f,
    0xff, 0x80, 0x0, 0x0, 0x1e, 0xff, 0x70, 0x0,
    0x4f, 0xff, 0x80, 0x0, 0x0, 0xbf, 0xfc, 0x0,
    0x0, 0x4f, 0xff, 0x80, 0x0, 0x6, 0xff, 0xf2,
    0x0, 0x0, 0x4f, 0xff, 0x80, 0x0, 0x1e, 0xff,
    0xff, 0xff, 0xff, 0xff, 0xff, 0xff, 0xf6, 0x2f,
    0xff, 0xff, 0xff, 0xff, 0xff, 0xff, 0xff, 0xf6,
    0x1f, 0xff, 0xff, 0xff, 0xff, 0xff, 0xff, 0xff,
    0xf6, 0x0, 0x0, 0x0, 0x0, 0x0, 0x4f, 0xff,
    0x80, 0x0, 0x0, 0x0, 0x0, 0x0, 0x0, 0x4f,
    0xff, 0x80, 0x0, 0x0, 0x0, 0x0, 0x0, 0x0,
    0x4f, 0xff, 0x80, 0x0, 0x0, 0x0, 0x0, 0x0,
    0x0, 0x4f, 0xff, 0x80, 0x0, 0x0, 0x0, 0x0,
    0x0, 0x0, 0x4f, 0xff, 0x80, 0x0,

    /* U+0035 "5" */
    0x1, 0xff, 0xff, 0xff, 0xff, 0xff, 0xff, 0x20,
    0x3f, 0xff, 0xff, 0xff, 0xff, 0xff, 0xf2, 0x5,
    0xff, 0xff, 0xff, 0xff, 0xff, 0xff, 0x20, 0x7f,
    0xff, 0x43, 0x33, 0x33, 0x33, 0x30, 0x9, 0xff,
    0xe0, 0x0, 0x0, 0x0, 0x0, 0x0, 0xbf, 0xfc,
    0x0, 0x0, 0x0, 0x0, 0x0, 0xc, 0xff, 0xa0,
    0x0, 0x0, 0x0, 0x0, 0x0, 0xef, 0xfa, 0x8d,
    0xff, 0xea, 0x30, 0x0, 0xf, 0xff, 0xff, 0xff,
    0xff, 0xff, 0x80, 0x2, 0xff, 0xff, 0xff, 0xff,
    0xff, 0xff, 0x70, 0x2c, 0xff, 0xb3, 0x0, 0x3b,
    0xff, 0xff, 0x10, 0x0, 0x30, 0x0, 0x0, 0xb,
    0xff, 0xf7, 0x0, 0x0, 0x0, 0x0, 0x0, 0x3f,
    0xff, 0xb0, 0x0, 0x0, 0x0, 0x0, 0x0, 0xff,
    0xfd, 0x0, 0x0, 0x0, 0x0, 0x0, 0xe, 0xff,
    0xe5, 0x55, 0x40, 0x0, 0x0, 0x0, 0xff, 0xfd,
    0xdf, 0xfe, 0x0, 0x0, 0x0, 0x3f, 0xff, 0xb9,
    0xff, 0xf6, 0x0, 0x0, 0xb, 0xff, 0xf6, 0x2f,
    0xff, 0xf7, 0x20, 0x2a, 0xff, 0xfe, 0x0, 0x7f,
    0xff, 0xff, 0xff, 0xff, 0xff, 0x40, 0x0, 0x7f,
    0xff, 0xff, 0xff, 0xff, 0x50, 0x0, 0x0, 0x18,
    0xcf, 0xfe, 0xc7, 0x10, 0x0,

    /* U+0036 "6" */
    0x0, 0x0, 0x0, 0x3, 0x8c, 0xdf, 0x80, 0x0,
    0x0, 0x0, 0x4, 0xcf, 0xff, 0xff, 0x80, 0x0,
    0x0, 0x0, 0x7f, 0xff, 0xff, 0xff, 0x80, 0x0,
    0x0, 0x7, 0xff, 0xff, 0xc7, 0x32, 0x10, 0x0,
    0x0, 0x3f, 0xff, 0xe4, 0x0, 0x0, 0x0, 0x0,
    0x0, 0xcf, 0xff, 0x20, 0x0, 0x0, 0x0, 0x0,
    0x3, 0xff, 0xf6, 0x0, 0x0, 0x0, 0x0, 0x0,
    0x8, 0xff, 0xf1, 0x6c, 0xff, 0xea, 0x30, 0x0,
    0xc, 0xff, 0xdc, 0xff, 0xff, 0xff, 0xf8, 0x0,
    0xf, 0xff, 0xff, 0xff, 0xff, 0xff, 0xff, 0x60,
    0x1f, 0xff, 0xff, 0x82, 0x2, 0xbf, 0xff, 0xf1,
    0x2f, 0xff, 0xf4, 0x0, 0x0, 0xc, 0xff, 0xf6,
    0x2f, 0xff, 0xb0, 0x0, 0x0, 0x4, 0xff, 0xfa,
    0x2f, 0xff, 0xa0, 0x0, 0x0, 0x0, 0xff, 0xfc,
    0x1f, 0xff, 0xa0, 0x0, 0x0, 0x0, 0xff, 0xfd,
    0xf, 0xff, 0xd0, 0x0, 0x0, 0x0, 0xff, 0xfc,
    0xb, 0xff, 0xf2, 0x0, 0x0, 0x4, 0xff, 0xf9,
    0x5, 0xff, 0xfb, 0x0, 0x0, 0xc, 0xff, 0xf4,
    0x0, 0xdf, 0xff, 0xa2, 0x3, 0xbf, 0xff, 0xd0,
    0x0, 0x2f, 0xff, 0xff, 0xff, 0xff, 0xff, 0x20,
    0x0, 0x3, 0xdf, 0xff, 0xff, 0xff, 0xe3, 0x0,
    0x0, 0x0, 0x6, 0xbe, 0xfe, 0xb6, 0x0, 0x0,

    /* U+0037 "7" */
    0xef, 0xff, 0xff, 0xff, 0xff, 0xff, 0xff, 0xfd,
    0xef, 0xff, 0xff, 0xff, 0xff, 0xff, 0xff, 0xfd,
    0xef, 0xff, 0xff, 0xff, 0xff, 0xff, 0xff, 0xfa,
    0x0, 0x0, 0x0, 0x0, 0x0, 0x6, 0xff, 0xf3,
    0x0, 0x0, 0x0, 0x0, 0x0, 0xd, 0xff, 0xb0,
    0x0, 0x0, 0x0, 0x0, 0x0, 0x5f, 0xff, 0x40,
    0x0, 0x0, 0x0, 0x0, 0x0, 0xdf, 0xfd, 0x0,
    0x0, 0x0, 0x0, 0x0, 0x4, 0xff, 0xf5, 0x0,
    0x0, 0x0, 0x0, 0x0, 0xc, 0xff, 0xe0, 0x0,
    0x0, 0x0, 0x0, 0x0, 0x4f, 0xff, 0x70, 0x0,
    0x0, 0x0, 0x0, 0x0, 0xbf, 0xff, 0x0, 0x0,
    0x0, 0x0, 0x0, 0x3, 0xff, 0xf8, 0x0, 0x0,
    0x0, 0x0, 0x0, 0xb, 0xff, 0xf1, 0x0, 0x0,
    0x0, 0x0, 0x0, 0x2f, 0xff, 0xa0, 0x0, 0x0,
    0x0, 0x0, 0x0, 0xaf, 0xff, 0x20, 0x0, 0x0,
    0x0, 0x0, 0x2, 0xff, 0xfb, 0x0, 0x0, 0x0,
    0x0, 0x0, 0x9, 0xff, 0xf4, 0x0, 0x0, 0x0,
    0x0, 0x0, 0x1f, 0xff, 0xc0, 0x0, 0x0, 0x0,
    0x0, 0x0, 0x9f, 0xff, 0x50, 0x0, 0x0, 0x0,
    0x0, 0x1, 0xff, 0xfd, 0x0, 0x0, 0x0, 0x0,
    0x0, 0x8, 0xff, 0xf6, 0x0, 0x0, 0x0, 0x0,
    0x0, 0xf, 0xff, 0xe0, 0x0, 0x0, 0x0, 0x0,

    /* U+0038 "8" */
    0x0, 0x0, 0x4a, 0xdf, 0xfe, 0xb5, 0x0, 0x0,
    0x0, 0x1b, 0xff, 0xff, 0xff, 0xff, 0xd2, 0x0,
    0x0, 0xcf, 0xff, 0xff, 0xff, 0xff, 0xfe, 0x10,
    0x6, 0xff, 0xfe, 0x61, 0x15, 0xef, 0xff, 0x80,
    0xb, 0xff, 0xf5, 0x0, 0x0, 0x3f, 0xff, 0xd0,
    0xd, 0xff, 0xf0, 0x0, 0x0, 0xd, 0xff, 0xf0,
    0xc, 0xff, 0xf0, 0x0, 0x0, 0xd, 0xff, 0xe0,
    0x8, 0xff, 0xf5, 0x0, 0x0, 0x2f, 0xff, 0xb0,
    0x1, 0xef, 0xfe, 0x61, 0x14, 0xdf, 0xff, 0x30,
    0x0, 0x3e, 0xff, 0xff, 0xff, 0xff, 0xf4, 0x0,
    0x0, 0x2, 0xff, 0xff, 0xff, 0xff, 0x40, 0x0,
    0x0, 0x5f, 0xff, 0xff, 0xff, 0xff, 0xf7, 0x0,
    0x4, 0xff, 0xfe, 0x51, 0x14, 0xdf, 0xff, 0x60,
    0xd, 0xff, 0xf1, 0x0, 0x0, 0xd, 0xff, 0xe0,
    0x3f, 0xff, 0x90, 0x0, 0x0, 0x6, 0xff, 0xf5,
    0x5f, 0xff, 0x70, 0x0, 0x0, 0x4, 0xff, 0xf7,
    0x4f, 0xff, 0x90, 0x0, 0x0, 0x6, 0xff, 0xf7,
    0x2f, 0xff, 0xe1, 0x0, 0x0, 0xd, 0xff, 0xf4,
    0xb, 0xff, 0xfd, 0x51, 0x3, 0xcf, 0xff, 0xe0,
    0x2, 0xef, 0xff, 0xff, 0xff, 0xff, 0xff, 0x40,
    0x0, 0x3d, 0xff, 0xff, 0xff, 0xff, 0xe4, 0x0,
    0x0, 0x0, 0x5a, 0xef, 0xfe, 0xb6, 0x0, 0x0,

    /* U+0039 "9" */
    0x0, 0x0, 0x4a, 0xdf, 0xec, 0x81, 0x0, 0x0,
    0x0, 0xa, 0xff, 0xff, 0xff, 0xff, 0x50, 0x0,
    0x0, 0xcf, 0xff, 0xff, 0xff, 0xff, 0xf4, 0x0,
    0x7, 0xff, 0xfd, 0x40, 0x18, 0xff, 0xfe, 0x0,
    0xe, 0xff, 0xf1, 0x0, 0x0, 0x8f, 0xff, 0x70,
    0x4f, 0xff, 0x90, 0x0, 0x0, 0xf, 0xff, 0xd0,
    0x6f, 0xff, 0x50, 0x0, 0x0, 0xb, 0xff, 0xf0,
    0x8f, 0xff, 0x30, 0x0, 0x0, 0x8, 0xff, 0xf2,
    0x7f, 0xff, 0x50, 0x0, 0x0, 0x8, 0xff, 0xf3,
    0x5f, 0xff, 0x80, 0x0, 0x0, 0x8, 0xff, 0xf4,
    0x1f, 0xff, 0xf1, 0x0, 0x0, 0x2f, 0xff, 0xf3,
    0xb, 0xff, 0xfd, 0x40, 0x16, 0xef, 0xff, 0xf2,
    0x2, 0xff, 0xff, 0xff, 0xff, 0xff, 0xff, 0xf1,
    0x0, 0x3e, 0xff, 0xff, 0xff, 0xba, 0xff, 0xe0,
    0x0, 0x0, 0x7c, 0xee, 0xb5, 0xc, 0xff, 0xb0,
    0x0, 0x0, 0x0, 0x0, 0x0, 0x2f, 0xff, 0x60,
    0x0, 0x0, 0x0, 0x0, 0x0, 0xbf, 0xff, 0x0,
    0x0, 0x0, 0x0, 0x0, 0xa, 0xff, 0xf8, 0x0,
    0x0, 0x0, 0x12, 0x59, 0xef, 0xff, 0xc0, 0x0,
    0x0, 0x4, 0xff, 0xff, 0xff, 0xfc, 0x10, 0x0,
    0x0, 0x4, 0xff, 0xff, 0xfe, 0x70, 0x0, 0x0,
    0x0, 0x4, 0xfe, 0xda, 0x50, 0x0, 0x0, 0x0,

    /* U+003A ":" */
    0x4d, 0xfa, 0xd, 0xff, 0xf5, 0xef, 0xff, 0x55,
    0xff, 0xc0, 0x0, 0x10, 0x0, 0x0, 0x0, 0x0,
    0x0, 0x0, 0x0, 0x0, 0x0, 0x0, 0x0, 0x0,
    0x0, 0x0, 0x0, 0x0, 0x0, 0x0, 0x0, 0x10,
    0x5, 0xff, 0xc0, 0xef, 0xff, 0x5d, 0xff, 0xf5,
    0x4d, 0xfa, 0x0,

    /* U+003B ";" */
    0x0, 0x8e, 0xe5, 0x0, 0x2f, 0xff, 0xf0, 0x3,
    0xff, 0xff, 0x0, 0xa, 0xff, 0x70, 0x0, 0x0,
    0x0, 0x0, 0x0, 0x0, 0x0, 0x0, 0x0, 0x0,
    0x0, 0x0, 0x0, 0x0, 0x0, 0x0, 0x0, 0x0,
    0x0, 0x0, 0x0, 0x0, 0x0, 0x0, 0x0, 0x0,
    0x0, 0x0, 0x0, 0x0, 0x0, 0x0, 0x4, 0x66,
    0x40, 0x0, 0xbf, 0xfb, 0x0, 0xb, 0xff, 0xb0,
    0x0, 0xbf, 0xfa, 0x0, 0xc, 0xff, 0x80, 0x0,
    0xff, 0xf4, 0x0, 0x6f, 0xfe, 0x0, 0xe, 0xff,
    0x50, 0x0, 0x9f, 0x80, 0x0, 0x0, 0x20, 0x0,
    0x0,

    /* U+003C "<" */
    0x0, 0x0, 0x0, 0x0, 0x0, 0x0, 0x5c, 0x0,
    0x0, 0x0, 0x0, 0x0, 0x6, 0xdf, 0xf1, 0x0,
    0x0, 0x0, 0x2, 0x8f, 0xff, 0xff, 0x10, 0x0,
    0x0, 0x3a, 0xff, 0xff, 0xff, 0xe0, 0x0, 0x5,
    0xcf, 0xff, 0xff, 0xfb, 0x50, 0x0, 0x7e, 0xff,
    0xff, 0xfd, 0x71, 0x0, 0x0, 0xf, 0xff, 0xff,
    0xa4, 0x0, 0x0, 0x0, 0x0, 0xff, 0xff, 0x81,
    0x0, 0x0, 0x0, 0x0, 0xe, 0xff, 0xff, 0xfb,
    0x50, 0x0, 0x0, 0x0, 0x6, 0xdf, 0xff, 0xff,
    0xf9, 0x30, 0x0, 0x0, 0x0, 0x4b, 0xff, 0xff,
    0xff, 0xd7, 0x0, 0x0, 0x0, 0x2, 0x9f, 0xff,
    0xff, 0xf1, 0x0, 0x0, 0x0, 0x0, 0x17, 0xef,
    0xff, 0x10, 0x0, 0x0, 0x0, 0x0, 0x0, 0x5c,
    0xf1, 0x0, 0x0, 0x0, 0x0, 0x0, 0x0, 0x3,
    0x0,

    /* U+003D "=" */
    0xbf, 0xff, 0xff, 0xff, 0xff, 0xff, 0xfb, 0xbf,
    0xff, 0xff, 0xff, 0xff, 0xff, 0xfb, 0xbf, 0xff,
    0xff, 0xff, 0xff, 0xff, 0xfb, 0x12, 0x22, 0x22,
    0x22, 0x22, 0x22, 0x21, 0x0, 0x0, 0x0, 0x0,
    0x0, 0x0, 0x0, 0x0, 0x0, 0x0, 0x0, 0x0,
    0x0, 0x0, 0x11, 0x11, 0x11, 0x11, 0x11, 0x11,
    0x11, 0xbf, 0xff, 0xff, 0xff, 0xff, 0xff, 0xfb,
    0xbf, 0xff, 0xff, 0xff, 0xff, 0xff, 0xfb, 0xbf,
    0xff, 0xff, 0xff, 0xff, 0xff, 0xfb,

    /* U+003E ">" */
    0xc5, 0x0, 0x0, 0x0, 0x0, 0x0, 0x0, 0xff,
    0xe8, 0x10, 0x0, 0x0, 0x0, 0x0, 0xff, 0xff,
    0xfa, 0x30, 0x0, 0x0, 0x0, 0xdf, 0xff, 0xff,
    0xfd, 0x60, 0x0, 0x0, 0x3, 0x9e, 0xff, 0xff,
    0xfe, 0x81, 0x0, 0x0, 0x0, 0x5a, 0xff, 0xff,
    0xff, 0xb2, 0x0, 0x0, 0x0, 0x16, 0xcf, 0xff,
    0xf8, 0x0, 0x0, 0x0, 0x0, 0x6d, 0xff, 0xf8,
    0x0, 0x0, 0x4, 0xaf, 0xff, 0xff, 0xf6, 0x0,
    0x28, 0xef, 0xff, 0xff, 0xf9, 0x20, 0x6c, 0xff,
    0xff, 0xff, 0xd6, 0x0, 0x0, 0xff, 0xff, 0xff,
    0xb4, 0x0, 0x0, 0x0, 0xff, 0xfe, 0x82, 0x0,
    0x0, 0x0, 0x0, 0xfd, 0x60, 0x0, 0x0, 0x0,
    0x0, 0x0, 0x30, 0x0, 0x0, 0x0, 0x0, 0x0,
    0x0,

    /* U+003F "?" */
    0x0, 0x0, 0x6b, 0xef, 0xfd, 0x93, 0x0, 0x0,
    0x3, 0xdf, 0xff, 0xff, 0xff, 0xf8, 0x0, 0x1,
    0xef, 0xff, 0xff, 0xff, 0xff, 0xf7, 0x0, 0x9f,
    0xff, 0xd5, 0x23, 0xaf, 0xff, 0xf0, 0xe, 0xff,
    0xf1, 0x0, 0x0, 0xcf, 0xff, 0x40, 0xbb, 0xb9,
    0x0, 0x0, 0x7, 0xff, 0xf5, 0x0, 0x0, 0x0,
    0x0, 0x0, 0x8f, 0xff, 0x40, 0x0, 0x0, 0x0,
    0x0, 0xd, 0xff, 0xf0, 0x0, 0x0, 0x0, 0x0,
    0x9, 0xff, 0xf8, 0x0, 0x0, 0x0, 0x0, 0xa,
    0xff, 0xfc, 0x0, 0x0, 0x0, 0x0, 0xa, 0xff,
    0xfc, 0x10, 0x0, 0x0, 0x0, 0x7, 0xff, 0xfb,
    0x0, 0x0, 0x0, 0x0, 0x1, 0xff, 0xfd, 0x0,
    0x0, 0x0, 0x0, 0x0, 0x5f, 0xff, 0x50, 0x0,
    0x0, 0x0, 0x0, 0x7, 0xff, 0xf2, 0x0, 0x0,
    0x0, 0x0, 0x0, 0x36, 0x66, 0x0, 0x0, 0x0,
    0x0, 0x0, 0x0, 0x0, 0x0, 0x0, 0x0, 0x0,
    0x0, 0x0, 0x0, 0x0, 0x0, 0x0, 0x0, 0x0,
    0x0, 0x3, 0xdf, 0xb0, 0x0, 0x0, 0x0, 0x0,
    0x0, 0xbf, 0xff, 0x60, 0x0, 0x0, 0x0, 0x0,
    0xb, 0xff, 0xf6, 0x0, 0x0, 0x0, 0x0, 0x0,
    0x3d, 0xfb, 0x0, 0x0, 0x0,

    /* U+0040 "@" */
    0x0, 0x0, 0x0, 0x0, 0x3, 0x8b, 0xef, 0xfe,
    0xc9, 0x40, 0x0, 0x0, 0x0, 0x0, 0x0, 0x0,
    0x0, 0x4c, 0xff, 0xff, 0xff, 0xff, 0xff, 0xe6,
    0x0, 0x0, 0x0, 0x0, 0x0, 0x0, 0x9f, 0xff,
    0xe9, 0x65, 0x56, 0x8d, 0xff, 0xfb, 0x10, 0x0,
    0x0, 0x0, 0x0, 0xbf, 0xfd, 0x50, 0x0, 0x0,
    0x0, 0x2, 0xbf, 0xfd, 0x10, 0x0, 0x0, 0x0,
    0xbf, 0xfa, 0x0, 0x0, 0x0, 0x0, 0x0, 0x0,
    0x6f, 0xfb, 0x0, 0x0, 0x0, 0x8f, 0xfa, 0x0,
    0x0, 0x0, 0x0, 0x0, 0x0, 0x0, 0x7f, 0xf5,
    0x0, 0x0, 0x2f, 0xfd, 0x0, 0x0, 0x0, 0x4,
    0x54, 0x10, 0x0, 0x0, 0xcf, 0xd0, 0x0, 0xa,
    0xff, 0x40, 0x0, 0x0, 0x7f, 0xff, 0xff, 0xb2,
    0x0, 0x4, 0xff, 0x40, 0x1, 0xff, 0xb0, 0x0,
    0x0, 0x9f, 0xff, 0xff, 0xff, 0xf0, 0x0, 0xe,
    0xf9, 0x0, 0x7f, 0xf5, 0x0, 0x0, 0x7f, 0xfd,
    0x40, 0x2e, 0xff, 0x0, 0x0, 0xaf, 0xd0, 0xc,
    0xff, 0x0, 0x0, 0x1f, 0xfe, 0x10, 0x0, 0xef,
    0xd0, 0x0, 0x7, 0xff, 0x0, 0xff, 0xb0, 0x0,
    0x8, 0xff, 0x70, 0x0, 0xf, 0xfc, 0x0, 0x0,
    0x5f, 0xf1, 0x2f, 0xf8, 0x0, 0x0, 0xef, 0xf1,
    0x0, 0x1, 0xff, 0xb0, 0x0, 0x4, 0xff, 0x34,
    0xff, 0x60, 0x0, 0x3f, 0xfc, 0x0, 0x0, 0x3f,
    0xf9, 0x0, 0x0, 0x4f, 0xf3, 0x6f, 0xf5, 0x0,
    0x6, 0xff, 0x90, 0x0, 0x4, 0xff, 0x80, 0x0,
    0x4, 0xff, 0x26, 0xff, 0x50, 0x0, 0x9f, 0xf7,
    0x0, 0x0, 0x5f, 0xf6, 0x0, 0x0, 0x5f, 0xf1,
    0x6f, 0xf5, 0x0, 0xa, 0xff, 0x60, 0x0, 0x7,
    0xff, 0x50, 0x0, 0x7, 0xff, 0x5, 0xff, 0x60,
    0x0, 0xaf, 0xf6, 0x0, 0x0, 0x9f, 0xf4, 0x0,
    0x0, 0xbf, 0xb0, 0x3f, 0xf8, 0x0, 0x9, 0xff,
    0x80, 0x0, 0xe, 0xff, 0x40, 0x0, 0x2f, 0xf6,
    0x0, 0xff, 0xb0, 0x0, 0x5f, 0xfe, 0x10, 0xa,
    0xff, 0xf6, 0x0, 0xa, 0xfe, 0x10, 0xd, 0xff,
    0x0, 0x0, 0xef, 0xfe, 0x9d, 0xfe, 0xff, 0xe5,
    0x4b, 0xff, 0x60, 0x0, 0x7f, 0xf6, 0x0, 0x6,
    0xff, 0xff, 0xfe, 0x2a, 0xff, 0xff, 0xff, 0x80,
    0x0, 0x1, 0xff, 0xd0, 0x0, 0x5, 0xcf, 0xe9,
    0x10, 0x8, 0xdf, 0xea, 0x40, 0x0, 0x0, 0x9,
    0xff, 0x90, 0x0, 0x0, 0x0, 0x0, 0x0, 0x0,
    0x0, 0x0, 0x0, 0x0, 0x0, 0x1e, 0xff, 0x90,
    0x0, 0x0, 0x0, 0x0, 0x0, 0x0, 0x0, 0x0,
    0x0, 0x0, 0x0, 0x3e, 0xff, 0xc4, 0x0, 0x0,
    0x0, 0x0, 0x11, 0x0, 0x0, 0x0, 0x0, 0x0,
    0x0, 0x2d, 0xff, 0xfd, 0x97, 0x56, 0x79, 0xcf,
    0x70, 0x0, 0x0, 0x0, 0x0, 0x0, 0x0, 0x8,
    0xff, 0xff, 0xff, 0xff, 0xff, 0xf9, 0x0, 0x0,
    0x0, 0x0, 0x0, 0x0, 0x0, 0x0, 0x59, 0xce,
    0xff, 0xec, 0x83, 0x0, 0x0, 0x0, 0x0, 0x0,

    /* U+0041 "A" */
    0x0, 0x0, 0x0, 0x0, 0x5f, 0xff, 0x90, 0x0,
    0x0, 0x0, 0x0, 0x0, 0x0, 0x0, 0x0, 0xbf,
    0xff, 0xf0, 0x0, 0x0, 0x0, 0x0, 0x0, 0x0,
    0x0, 0x1, 0xff, 0xff, 0xf6, 0x0, 0x0, 0x0,
    0x0, 0x0, 0x0, 0x0, 0x7, 0xff, 0xff, 0xfc,
    0x0, 0x0, 0x0, 0x0, 0x0, 0x0, 0x0, 0xe,
    0xff, 0xff, 0xff, 0x20, 0x0, 0x0, 0x0, 0x0,
    0x0, 0x0, 0x4f, 0xff, 0x6f, 0xff, 0x90, 0x0,
    0x0, 0x0, 0x0, 0x0, 0x0, 0xaf, 0xff, 0xb,
    0xff, 0xe0, 0x0, 0x0, 0x0, 0x0, 0x0, 0x1,
    0xff, 0xfa, 0x5, 0xff, 0xf5, 0x0, 0x0, 0x0,
    0x0, 0x0, 0x7, 0xff, 0xf4, 0x0, 0xff, 0xfb,
    0x0, 0x0, 0x0, 0x0, 0x0, 0xd, 0xff, 0xe0,
    0x0, 0xaf, 0xff, 0x20, 0x0, 0x0, 0x0, 0x0,
    0x3f, 0xff, 0x80, 0x0, 0x4f, 0xff, 0x80, 0x0,
    0x0, 0x0, 0x0, 0x9f, 0xff, 0x30, 0x0, 0xe,
    0xff, 0xe0, 0x0, 0x0, 0x0, 0x0, 0xff, 0xfd,
    0x0, 0x0, 0x8, 0xff, 0xf5, 0x0, 0x0, 0x0,
    0x6, 0xff, 0xf9, 0x22, 0x22, 0x25, 0xff, 0xfb,
    0x0, 0x0, 0x0, 0xc, 0xff, 0xff, 0xff, 0xff,
    0xff, 0xff, 0xff, 0x10, 0x0, 0x0, 0x2f, 0xff,
    0xff, 0xff, 0xff, 0xff, 0xff, 0xff, 0x70, 0x0,
    0x0, 0x9f, 0xff, 0xff, 0xff, 0xff, 0xff, 0xff,
    0xff, 0xd0, 0x0, 0x0, 0xef, 0xff, 0x10, 0x0,
    0x0, 0x0, 0xc, 0xff, 0xf4, 0x0, 0x5, 0xff,
    0xfa, 0x0, 0x0, 0x0, 0x0, 0x6, 0xff, 0xfa,
    0x0, 0xb, 0xff, 0xf4, 0x0, 0x0, 0x0, 0x0,
    0x0, 0xff, 0xff, 0x10, 0x2f, 0xff, 0xe0, 0x0,
    0x0, 0x0, 0x0, 0x0, 0xaf, 0xff, 0x70, 0x8f,
    0xff, 0x90, 0x0, 0x0, 0x0, 0x0, 0x0, 0x4f,
    0xff, 0xd0,

    /* U+0042 "B" */
    0xbf, 0xff, 0xff, 0xff, 0xfe, 0xc9, 0x40, 0x0,
    0xb, 0xff, 0xff, 0xff, 0xff, 0xff, 0xff, 0xc2,
    0x0, 0xbf, 0xff, 0xff, 0xff, 0xff, 0xff, 0xff,
    0xe1, 0xb, 0xff, 0xf5, 0x22, 0x22, 0x48, 0xff,
    0xff, 0x80, 0xbf, 0xff, 0x40, 0x0, 0x0, 0x6,
    0xff, 0xfd, 0xb, 0xff, 0xf4, 0x0, 0x0, 0x0,
    0xf, 0xff, 0xf0, 0xbf, 0xff, 0x40, 0x0, 0x0,
    0x0, 0xff, 0xfe, 0xb, 0xff, 0xf4, 0x0, 0x0,
    0x0, 0x5f, 0xff, 0xa0, 0xbf, 0xff, 0x40, 0x0,
    0x2, 0x8f, 0xff, 0xe2, 0xb, 0xff, 0xff, 0xff,
    0xff, 0xff, 0xff, 0xd3, 0x0, 0xbf, 0xff, 0xff,
    0xff, 0xff, 0xff, 0xf5, 0x0, 0xb, 0xff, 0xfe,
    0xee, 0xee, 0xff, 0xff, 0xfc, 0x0, 0xbf, 0xff,
    0x40, 0x0, 0x0, 0x2b, 0xff, 0xfb, 0xb, 0xff,
    0xf4, 0x0, 0x0, 0x0, 0xd, 0xff, 0xf3, 0xbf,
    0xff, 0x40, 0x0, 0x0, 0x0, 0x8f, 0xff, 0x7b,
    0xff, 0xf4, 0x0, 0x0, 0x0, 0x6, 0xff, 0xf8,
    0xbf, 0xff, 0x40, 0x0, 0x0, 0x0, 0x8f, 0xff,
    0x7b, 0xff, 0xf4, 0x0, 0x0, 0x0, 0x1e, 0xff,
    0xf3, 0xbf, 0xff, 0x51, 0x11, 0x13, 0x7e, 0xff,
    0xfd, 0xb, 0xff, 0xff, 0xff, 0xff, 0xff, 0xff,
    0xff, 0x40, 0xbf, 0xff, 0xff, 0xff, 0xff, 0xff,
    0xfe, 0x40, 0xb, 0xff, 0xff, 0xff, 0xff, 0xfd,
    0xa6, 0x0, 0x0,

    /* U+0043 "C" */
    0x0, 0x0, 0x0, 0x6b, 0xef, 0xfe, 0xb6, 0x10,
    0x0, 0x0, 0x0, 0x6, 0xef, 0xff, 0xff, 0xff,
    0xff, 0x60, 0x0, 0x0, 0x9, 0xff, 0xff, 0xff,
    0xff, 0xff, 0xff, 0x80, 0x0, 0x7, 0xff, 0xff,
    0xb5, 0x33, 0x5a, 0xff, 0xff, 0x50, 0x1, 0xff,
    0xff, 0x60, 0x0, 0x0, 0x6, 0xff, 0xfe, 0x0,
    0x8f, 0xff, 0x90, 0x0, 0x0, 0x0, 0xc, 0xff,
    0xf4, 0xe, 0xff, 0xf2, 0x0, 0x0, 0x0, 0x0,
    0x7f, 0xff, 0x82, 0xff, 0xfd, 0x0, 0x0, 0x0,
    0x0, 0x2, 0x66, 0x64, 0x4f, 0xff, 0xa0, 0x0,
    0x0, 0x0, 0x0, 0x0, 0x0, 0x6, 0xff, 0xf9,
    0x0, 0x0, 0x0, 0x0, 0x0, 0x0, 0x0, 0x6f,
    0xff, 0x90, 0x0, 0x0, 0x0, 0x0, 0x0, 0x0,
    0x6, 0xff, 0xf9, 0x0, 0x0, 0x0, 0x0, 0x0,
    0x0, 0x0, 0x6f, 0xff, 0x90, 0x0, 0x0, 0x0,
    0x0, 0x0, 0x0, 0x5, 0xff, 0xfa, 0x0, 0x0,
    0x0, 0x0, 0x0, 0x0, 0x0, 0x2f, 0xff, 0xd0,
    0x0, 0x0, 0x0, 0x0, 0x15, 0x55, 0x30, 0xef,
    0xff, 0x10, 0x0, 0x0, 0x0, 0x7, 0xff, 0xf8,
    0x9, 0xff, 0xf8, 0x0, 0x0, 0x0, 0x0, 0xcf,
    0xff, 0x40, 0x2f, 0xff, 0xf5, 0x0, 0x0, 0x0,
    0x6f, 0xff, 0xe0, 0x0, 0x8f, 0xff, 0xfa, 0x42,
    0x35, 0xaf, 0xff, 0xf5, 0x0, 0x0, 0xaf, 0xff,
    0xff, 0xff, 0xff, 0xff, 0xf8, 0x0, 0x0, 0x0,
    0x7f, 0xff, 0xff, 0xff, 0xff, 0xf6, 0x0, 0x0,
    0x0, 0x0, 0x17, 0xce, 0xff, 0xda, 0x60, 0x0,
    0x0,

    /* U+0044 "D" */
    0xbf, 0xff, 0xff, 0xff, 0xeb, 0x72, 0x0, 0x0,
    0x0, 0xbf, 0xff, 0xff, 0xff, 0xff, 0xff, 0x91,
    0x0, 0x0, 0xbf, 0xff, 0xff, 0xff, 0xff, 0xff,
    0xfd, 0x20, 0x0, 0xbf, 0xff, 0x52, 0x22, 0x48,
    0xff, 0xff, 0xe1, 0x0, 0xbf, 0xff, 0x40, 0x0,
    0x0, 0x1c, 0xff, 0xfb, 0x0, 0xbf, 0xff, 0x40,
    0x0, 0x0, 0x1, 0xef, 0xff, 0x30, 0xbf, 0xff,
    0x40, 0x0, 0x0, 0x0, 0x6f, 0xff, 0xa0, 0xbf,
    0xff, 0x40, 0x0, 0x0, 0x0, 0x1f, 0xff, 0xe0,
    0xbf, 0xff, 0x40, 0x0, 0x0, 0x0, 0xd, 0xff,
    0xf1, 0xbf, 0xff, 0x40, 0x0, 0x0, 0x0, 0xb,
    0xff, 0xf3, 0xbf, 0xff, 0x40, 0x0, 0x0, 0x0,
    0xb, 0xff, 0xf4, 0xbf, 0xff, 0x40, 0x0, 0x0,
    0x0, 0xb, 0xff, 0xf4, 0xbf, 0xff, 0x40, 0x0,
    0x0, 0x0, 0xc, 0xff, 0xf3, 0xbf, 0xff, 0x40,
    0x0, 0x0, 0x0, 0xd, 0xff, 0xf2, 0xbf, 0xff,
    0x40, 0x0, 0x0, 0x0, 0x1f, 0xff, 0xe0, 0xbf,
    0xff, 0x40, 0x0, 0x0, 0x0, 0x7f, 0xff, 0xa0,
    0xbf, 0xff, 0x40, 0x0, 0x0, 0x1, 0xef, 0xff,
    0x30, 0xbf, 0xff, 0x40, 0x0, 0x0, 0x1d, 0xff,
    0xfb, 0x0, 0xbf, 0xff, 0x51, 0x12, 0x49, 0xff,
    0xff, 0xe1, 0x0, 0xbf, 0xff, 0xff, 0xff, 0xff,
    0xff, 0xfd, 0x20, 0x0, 0xbf, 0xff, 0xff, 0xff,
    0xff, 0xff, 0x91, 0x0, 0x0, 0xbf, 0xff, 0xff,
    0xff, 0xeb, 0x71, 0x0, 0x0, 0x0,

    /* U+0045 "E" */
    0xbf, 0xff, 0xff, 0xff, 0xff, 0xff, 0xff, 0xf1,
    0xbf, 0xff, 0xff, 0xff, 0xff, 0xff, 0xff, 0xf1,
    0xbf, 0xff, 0xff, 0xff, 0xff, 0xff, 0xff, 0xf1,
    0xbf, 0xff, 0x52, 0x22, 0x22, 0x22, 0x22, 0x20,
    0xbf, 0xff, 0x40, 0x0, 0x0, 0x0, 0x0, 0x0,
    0xbf, 0xff, 0x40, 0x0, 0x0, 0x0, 0x0, 0x0,
    0xbf, 0xff, 0x40, 0x0, 0x0, 0x0, 0x0, 0x0,
    0xbf, 0xff, 0x40, 0x0, 0x0, 0x0, 0x0, 0x0,
    0xbf, 0xff, 0x51, 0x11, 0x11, 0x11, 0x10, 0x0,
    0xbf, 0xff, 0xff, 0xff, 0xff, 0xff, 0xf9, 0x0,
    0xbf, 0xff, 0xff, 0xff, 0xff, 0xff, 0xf9, 0x0,
    0xbf, 0xff, 0xff, 0xff, 0xff, 0xff, 0xf9, 0x0,
    0xbf, 0xff, 0x40, 0x0, 0x0, 0x0, 0x0, 0x0,
    0xbf, 0xff, 0x40, 0x0, 0x0, 0x0, 0x0, 0x0,
    0xbf, 0xff, 0x40, 0x0, 0x0, 0x0, 0x0, 0x0,
    0xbf, 0xff, 0x40, 0x0, 0x0, 0x0, 0x0, 0x0,
    0xbf, 0xff, 0x40, 0x0, 0x0, 0x0, 0x0, 0x0,
    0xbf, 0xff, 0x40, 0x0, 0x0, 0x0, 0x0, 0x0,
    0xbf, 0xff, 0x51, 0x11, 0x11, 0x11, 0x11, 0x10,
    0xbf, 0xff, 0xff, 0xff, 0xff, 0xff, 0xff, 0xf3,
    0xbf, 0xff, 0xff, 0xff, 0xff, 0xff, 0xff, 0xf3,
    0xbf, 0xff, 0xff, 0xff, 0xff, 0xff, 0xff, 0xf3,

    /* U+0046 "F" */
    0xbf, 0xff, 0xff, 0xff, 0xff, 0xff, 0xff, 0xcb,
    0xff, 0xff, 0xff, 0xff, 0xff, 0xff, 0xfc, 0xbf,
    0xff, 0xff, 0xff, 0xff, 0xff, 0xff, 0xcb, 0xff,
    0xf5, 0x22, 0x22, 0x22, 0x22, 0x21, 0xbf, 0xff,
    0x40, 0x0, 0x0, 0x0, 0x0, 0xb, 0xff, 0xf4,
    0x0, 0x0, 0x0, 0x0, 0x0, 0xbf, 0xff, 0x40,
    0x0, 0x0, 0x0, 0x0, 0xb, 0xff, 0xf4, 0x0,
    0x0, 0x0, 0x0, 0x0, 0xbf, 0xff, 0x40, 0x0,
    0x0, 0x0, 0x0, 0xb, 0xff, 0xff, 0xff, 0xff,
    0xff, 0xff, 0x60, 0xbf, 0xff, 0xff, 0xff, 0xff,
    0xff, 0xf6, 0xb, 0xff, 0xff, 0xff, 0xff, 0xff,
    0xff, 0x60, 0xbf, 0xff, 0x52, 0x22, 0x22, 0x22,
    0x20, 0xb, 0xff, 0xf4, 0x0, 0x0, 0x0, 0x0,
    0x0, 0xbf, 0xff, 0x40, 0x0, 0x0, 0x0, 0x0,
    0xb, 0xff, 0xf4, 0x0, 0x0, 0x0, 0x0, 0x0,
    0xbf, 0xff, 0x40, 0x0, 0x0, 0x0, 0x0, 0xb,
    0xff, 0xf4, 0x0, 0x0, 0x0, 0x0, 0x0, 0xbf,
    0xff, 0x40, 0x0, 0x0, 0x0, 0x0, 0xb, 0xff,
    0xf4, 0x0, 0x0, 0x0, 0x0, 0x0, 0xbf, 0xff,
    0x40, 0x0, 0x0, 0x0, 0x0, 0xb, 0xff, 0xf4,
    0x0, 0x0, 0x0, 0x0, 0x0,

    /* U+0047 "G" */
    0x0, 0x0, 0x1, 0x6b, 0xdf, 0xfe, 0xc8, 0x20,
    0x0, 0x0, 0x0, 0x6, 0xef, 0xff, 0xff, 0xff,
    0xff, 0xa0, 0x0, 0x0, 0x9, 0xff, 0xff, 0xff,
    0xff, 0xff, 0xff, 0xc1, 0x0, 0x6, 0xff, 0xff,
    0xb5, 0x22, 0x49, 0xff, 0xff, 0xa0, 0x1, 0xff,
    0xff, 0x70, 0x0, 0x0, 0x3, 0xff, 0xff, 0x20,
    0x8f, 0xff, 0xa0, 0x0, 0x0, 0x0, 0x8, 0xff,
    0xf7, 0xd, 0xff, 0xf3, 0x0, 0x0, 0x0, 0x0,
    0x29, 0x99, 0x61, 0xff, 0xfe, 0x0, 0x0, 0x0,
    0x0, 0x0, 0x0, 0x0, 0x3f, 0xff, 0xb0, 0x0,
    0x0, 0x0, 0x0, 0x0, 0x0, 0x4, 0xff, 0xfa,
    0x0, 0x0, 0x0, 0x0, 0x0, 0x0, 0x0, 0x5f,
    0xff, 0xa0, 0x0, 0x0, 0xdf, 0xff, 0xff, 0xff,
    0xb5, 0xff, 0xfa, 0x0, 0x0, 0xe, 0xff, 0xff,
    0xff, 0xfc, 0x5f, 0xff, 0xa0, 0x0, 0x0, 0xef,
    0xff, 0xff, 0xff, 0xc3, 0xff, 0xfc, 0x0, 0x0,
    0x0, 0x0, 0x3, 0xff, 0xfc, 0x1f, 0xff, 0xf0,
    0x0, 0x0, 0x0, 0x0, 0x3f, 0xff, 0xc0, 0xdf,
    0xff, 0x40, 0x0, 0x0, 0x0, 0x3, 0xff, 0xfc,
    0x7, 0xff, 0xfd, 0x0, 0x0, 0x0, 0x0, 0x3f,
    0xff, 0xc0, 0xe, 0xff, 0xfa, 0x0, 0x0, 0x0,
    0x5, 0xff, 0xfc, 0x0, 0x5f, 0xff, 0xfd, 0x73,
    0x22, 0x5a, 0xff, 0xff, 0xb0, 0x0, 0x6f, 0xff,
    0xff, 0xff, 0xff, 0xff, 0xff, 0xd1, 0x0, 0x0,
    0x4d, 0xff, 0xff, 0xff, 0xff, 0xff, 0x91, 0x0,
    0x0, 0x0, 0x5, 0xad, 0xff, 0xed, 0xa6, 0x10,
    0x0,

    /* U+0048 "H" */
    0xbf, 0xff, 0x40, 0x0, 0x0, 0x0, 0x0, 0x9f,
    0xff, 0x6b, 0xff, 0xf4, 0x0, 0x0, 0x0, 0x0,
    0x9, 0xff, 0xf6, 0xbf, 0xff, 0x40, 0x0, 0x0,
    0x0, 0x0, 0x9f, 0xff, 0x6b, 0xff, 0xf4, 0x0,
    0x0, 0x0, 0x0, 0x9, 0xff, 0xf6, 0xbf, 0xff,
    0x40, 0x0, 0x0, 0x0, 0x0, 0x9f, 0xff, 0x6b,
    0xff, 0xf4, 0x0, 0x0, 0x0, 0x0, 0x9, 0xff,
    0xf6, 0xbf, 0xff, 0x40, 0x0, 0x0, 0x0, 0x0,
    0x9f, 0xff, 0x6b, 0xff, 0xf4, 0x0, 0x0, 0x0,
    0x0, 0x9, 0xff, 0xf6, 0xbf, 0xff, 0x52, 0x22,
    0x22, 0x22, 0x22, 0x9f, 0xff, 0x6b, 0xff, 0xff,
    0xff, 0xff, 0xff, 0xff, 0xff, 0xff, 0xf6, 0xbf,
    0xff, 0xff, 0xff, 0xff, 0xff, 0xff, 0xff, 0xff,
    0x6b, 0xff, 0xff, 0xff, 0xff, 0xff, 0xff, 0xff,
    0xff, 0xf6, 0xbf, 0xff, 0x40, 0x0, 0x0, 0x0,
    0x0, 0x9f, 0xff, 0x6b, 0xff, 0xf4, 0x0, 0x0,
    0x0, 0x0, 0x9, 0xff, 0xf6, 0xbf, 0xff, 0x40,
    0x0, 0x0, 0x0, 0x0, 0x9f, 0xff, 0x6b, 0xff,
    0xf4, 0x0, 0x0, 0x0, 0x0, 0x9, 0xff, 0xf6,
    0xbf, 0xff, 0x40, 0x0, 0x0, 0x0, 0x0, 0x9f,
    0xff, 0x6b, 0xff, 0xf4, 0x0, 0x0, 0x0, 0x0,
    0x9, 0xff, 0xf6, 0xbf, 0xff, 0x40, 0x0, 0x0,
    0x0, 0x0, 0x9f, 0xff, 0x6b, 0xff, 0xf4, 0x0,
    0x0, 0x0, 0x0, 0x9, 0xff, 0xf6, 0xbf, 0xff,
    0x40, 0x0, 0x0, 0x0, 0x0, 0x9f, 0xff, 0x6b,
    0xff, 0xf4, 0x0, 0x0, 0x0, 0x0, 0x9, 0xff,
    0xf6,

    /* U+0049 "I" */
    0x7f, 0xff, 0x77, 0xff, 0xf7, 0x7f, 0xff, 0x77,
    0xff, 0xf7, 0x7f, 0xff, 0x77, 0xff, 0xf7, 0x7f,
    0xff, 0x77, 0xff, 0xf7, 0x7f, 0xff, 0x77, 0xff,
    0xf7, 0x7f, 0xff, 0x77, 0xff, 0xf7, 0x7f, 0xff,
    0x77, 0xff, 0xf7, 0x7f, 0xff, 0x77, 0xff, 0xf7,
    0x7f, 0xff, 0x77, 0xff, 0xf7, 0x7f, 0xff, 0x77,
    0xff, 0xf7, 0x7f, 0xff, 0x77, 0xff, 0xf7,

    /* U+004A "J" */
    0x0, 0x0, 0x0, 0x0, 0x0, 0x6, 0xff, 0xf9,
    0x0, 0x0, 0x0, 0x0, 0x0, 0x6, 0xff, 0xf9,
    0x0, 0x0, 0x0, 0x0, 0x0, 0x6, 0xff, 0xf9,
    0x0, 0x0, 0x0, 0x0, 0x0, 0x6, 0xff, 0xf9,
    0x0, 0x0, 0x0, 0x0, 0x0, 0x6, 0xff, 0xf9,
    0x0, 0x0, 0x0, 0x0, 0x0, 0x6, 0xff, 0xf9,
    0x0, 0x0, 0x0, 0x0, 0x0, 0x6, 0xff, 0xf9,
    0x0, 0x0, 0x0, 0x0, 0x0, 0x6, 0xff, 0xf9,
    0x0, 0x0, 0x0, 0x0, 0x0, 0x6, 0xff, 0xf9,
    0x0, 0x0, 0x0, 0x0, 0x0, 0x6, 0xff, 0xf9,
    0x0, 0x0, 0x0, 0x0, 0x0, 0x6, 0xff, 0xf9,
    0x0, 0x0, 0x0, 0x0, 0x0, 0x6, 0xff, 0xf9,
    0x0, 0x0, 0x0, 0x0, 0x0, 0x6, 0xff, 0xf9,
    0x0, 0x0, 0x0, 0x0, 0x0, 0x6, 0xff, 0xf9,
    0x0, 0x0, 0x0, 0x0, 0x0, 0x6, 0xff, 0xf9,
    0x29, 0x99, 0x60, 0x0, 0x0, 0x6, 0xff, 0xf8,
    0x3f, 0xff, 0xc0, 0x0, 0x0, 0x9, 0xff, 0xf7,
    0xf, 0xff, 0xf3, 0x0, 0x0, 0x2f, 0xff, 0xf3,
    0xa, 0xff, 0xfe, 0x73, 0x36, 0xef, 0xff, 0xc0,
    0x1, 0xef, 0xff, 0xff, 0xff, 0xff, 0xff, 0x20,
    0x0, 0x2d, 0xff, 0xff, 0xff, 0xff, 0xd3, 0x0,
    0x0, 0x0, 0x5a, 0xef, 0xfe, 0xb6, 0x0, 0x0,

    /* U+004B "K" */
    0xbf, 0xff, 0x40, 0x0, 0x0, 0x0, 0x5f, 0xff,
    0xf7, 0xb, 0xff, 0xf4, 0x0, 0x0, 0x0, 0x3f,
    0xff, 0xf9, 0x0, 0xbf, 0xff, 0x40, 0x0, 0x0,
    0x2e, 0xff, 0xfb, 0x0, 0xb, 0xff, 0xf4, 0x0,
    0x0, 0x1d, 0xff, 0xfc, 0x0, 0x0, 0xbf, 0xff,
    0x40, 0x0, 0xc, 0xff, 0xfe, 0x10, 0x0, 0xb,
    0xff, 0xf4, 0x0, 0xa, 0xff, 0xff, 0x20, 0x0,
    0x0, 0xbf, 0xff, 0x40, 0x8, 0xff, 0xff, 0x40,
    0x0, 0x0, 0xb, 0xff, 0xf4, 0x5, 0xff, 0xff,
    0x60, 0x0, 0x0, 0x0, 0xbf, 0xff, 0x43, 0xff,
    0xff, 0x80, 0x0, 0x0, 0x0, 0xb, 0xff, 0xf6,
    0xef, 0xff, 0xb0, 0x0, 0x0, 0x0, 0x0, 0xbf,
    0xff, 0xff, 0xff, 0xfe, 0x10, 0x0, 0x0, 0x0,
    0xb, 0xff, 0xff, 0xff, 0xff, 0xfb, 0x0, 0x0,
    0x0, 0x0, 0xbf, 0xff, 0xff, 0xcf, 0xff, 0xf7,
    0x0, 0x0, 0x0, 0xb, 0xff, 0xff, 0xc0, 0x6f,
    0xff, 0xf3, 0x0, 0x0, 0x0, 0xbf, 0xff, 0xc1,
    0x0, 0xaf, 0xff, 0xd0, 0x0, 0x0, 0xb, 0xff,
    0xf4, 0x0, 0x1, 0xef, 0xff, 0xa0, 0x0, 0x0,
    0xbf, 0xff, 0x40, 0x0, 0x4, 0xff, 0xff, 0x50,
    0x0, 0xb, 0xff, 0xf4, 0x0, 0x0, 0x8, 0xff,
    0xff, 0x20, 0x0, 0xbf, 0xff, 0x40, 0x0, 0x0,
    0xc, 0xff, 0xfc, 0x0, 0xb, 0xff, 0xf4, 0x0,
    0x0, 0x0, 0x2f, 0xff, 0xf8, 0x0, 0xbf, 0xff,
    0x40, 0x0, 0x0, 0x0, 0x6f, 0xff, 0xf4, 0xb,
    0xff, 0xf4, 0x0, 0x0, 0x0, 0x0, 0xaf, 0xff,
    0xe1,

    /* U+004C "L" */
    0xbf, 0xff, 0x40, 0x0, 0x0, 0x0, 0x0, 0xb,
    0xff, 0xf4, 0x0, 0x0, 0x0, 0x0, 0x0, 0xbf,
    0xff, 0x40, 0x0, 0x0, 0x0, 0x0, 0xb, 0xff,
    0xf4, 0x0, 0x0, 0x0, 0x0, 0x0, 0xbf, 0xff,
    0x40, 0x0, 0x0, 0x0, 0x0, 0xb, 0xff, 0xf4,
    0x0, 0x0, 0x0, 0x0, 0x0, 0xbf, 0xff, 0x40,
    0x0, 0x0, 0x0, 0x0, 0xb, 0xff, 0xf4, 0x0,
    0x0, 0x0, 0x0, 0x0, 0xbf, 0xff, 0x40, 0x0,
    0x0, 0x0, 0x0, 0xb, 0xff, 0xf4, 0x0, 0x0,
    0x0, 0x0, 0x0, 0xbf, 0xff, 0x40, 0x0, 0x0,
    0x0, 0x0, 0xb, 0xff, 0xf4, 0x0, 0x0, 0x0,
    0x0, 0x0, 0xbf, 0xff, 0x40, 0x0, 0x0, 0x0,
    0x0, 0xb, 0xff, 0xf4, 0x0, 0x0, 0x0, 0x0,
    0x0, 0xbf, 0xff, 0x40, 0x0, 0x0, 0x0, 0x0,
    0xb, 0xff, 0xf4, 0x0, 0x0, 0x0, 0x0, 0x0,
    0xbf, 0xff, 0x40, 0x0, 0x0, 0x0, 0x0, 0xb,
    0xff, 0xf4, 0x0, 0x0, 0x0, 0x0, 0x0, 0xbf,
    0xff, 0x51, 0x11, 0x11, 0x11, 0x11, 0x1b, 0xff,
    0xff, 0xff, 0xff, 0xff, 0xff, 0xf9, 0xbf, 0xff,
    0xff, 0xff, 0xff, 0xff, 0xff, 0x9b, 0xff, 0xff,
    0xff, 0xff, 0xff, 0xff, 0xf9,

    /* U+004D "M" */
    0xbf, 0xff, 0xfa, 0x0, 0x0, 0x0, 0x0, 0x0,
    0x0, 0xaf, 0xff, 0xfa, 0xbf, 0xff, 0xff, 0x0,
    0x0, 0x0, 0x0, 0x0, 0x1, 0xff, 0xff, 0xfa,
    0xbf, 0xff, 0xff, 0x60, 0x0, 0x0, 0x0, 0x0,
    0x6, 0xff, 0xff, 0xfa, 0xbf, 0xff, 0xff, 0xc0,
    0x0, 0x0, 0x0, 0x0, 0xd, 0xff, 0xff, 0xfa,
    0xbf, 0xff, 0xff, 0xf3, 0x0, 0x0, 0x0, 0x0,
    0x3f, 0xff, 0xff, 0xfa, 0xbf, 0xfe, 0xef, 0xf9,
    0x0, 0x0, 0x0, 0x0, 0x9f, 0xfe, 0xef, 0xfa,
    0xbf, 0xfe, 0x9f, 0xfe, 0x0, 0x0, 0x0, 0x0,
    0xff, 0xf8, 0xff, 0xfa, 0xbf, 0xff, 0x2f, 0xff,
    0x50, 0x0, 0x0, 0x5, 0xff, 0xf2, 0xff, 0xfa,
    0xbf, 0xff, 0xc, 0xff, 0xb0, 0x0, 0x0, 0xc,
    0xff, 0xb0, 0xff, 0xfa, 0xbf, 0xff, 0x6, 0xff,
    0xf2, 0x0, 0x0, 0x2f, 0xff, 0x51, 0xff, 0xfa,
    0xbf, 0xff, 0x10, 0xff, 0xf8, 0x0, 0x0, 0x8f,
    0xfe, 0x1, 0xff, 0xfa, 0xbf, 0xff, 0x10, 0x9f,
    0xfe, 0x0, 0x0, 0xef, 0xf8, 0x2, 0xff, 0xfa,
    0xbf, 0xff, 0x20, 0x3f, 0xff, 0x40, 0x4, 0xff,
    0xf2, 0x3, 0xff, 0xfa, 0xbf, 0xff, 0x30, 0xc,
    0xff, 0xb0, 0xb, 0xff, 0xc0, 0x3, 0xff, 0xfa,
    0xbf, 0xff, 0x30, 0x6, 0xff, 0xf1, 0x1f, 0xff,
    0x50, 0x4, 0xff, 0xfa, 0xbf, 0xff, 0x40, 0x0,
    0xff, 0xf7, 0x7f, 0xfe, 0x0, 0x4, 0xff, 0xfa,
    0xbf, 0xff, 0x40, 0x0, 0x9f, 0xfd, 0xdf, 0xf9,
    0x0, 0x4, 0xff, 0xfa, 0xbf, 0xff, 0x40, 0x0,
    0x3f, 0xff, 0xff, 0xf2, 0x0, 0x4, 0xff, 0xfa,
    0xbf, 0xff, 0x40, 0x0, 0xd, 0xff, 0xff, 0xc0,
    0x0, 0x4, 0xff, 0xfa, 0xbf, 0xff, 0x40, 0x0,
    0x6, 0xff, 0xff, 0x60, 0x0, 0x4, 0xff, 0xfa,
    0xbf, 0xff, 0x40, 0x0, 0x1, 0xff, 0xff, 0x0,
    0x0, 0x4, 0xff, 0xfa, 0xbf, 0xff, 0x40, 0x0,
    0x0, 0xaf, 0xf9, 0x0, 0x0, 0x4, 0xff, 0xfa,

    /* U+004E "N" */
    0xbf, 0xff, 0x90, 0x0, 0x0, 0x0, 0x0, 0x9f,
    0xff, 0x5b, 0xff, 0xff, 0x30, 0x0, 0x0, 0x0,
    0x9, 0xff, 0xf5, 0xbf, 0xff, 0xfd, 0x0, 0x0,
    0x0, 0x0, 0x9f, 0xff, 0x5b, 0xff, 0xff, 0xf8,
    0x0, 0x0, 0x0, 0x9, 0xff, 0xf5, 0xbf, 0xff,
    0xff, 0xf3, 0x0, 0x0, 0x0, 0x9f, 0xff, 0x5b,
    0xff, 0xff, 0xff, 0xd0, 0x0, 0x0, 0x9, 0xff,
    0xf5, 0xbf, 0xff, 0xef, 0xff, 0x70, 0x0, 0x0,
    0x9f, 0xff, 0x5b, 0xff, 0xf5, 0xef, 0xff, 0x20,
    0x0, 0x9, 0xff, 0xf5, 0xbf, 0xff, 0x45, 0xff,
    0xfc, 0x0, 0x0, 0x9f, 0xff, 0x5b, 0xff, 0xf4,
    0xb, 0xff, 0xf6, 0x0, 0x9, 0xff, 0xf5, 0xbf,
    0xff, 0x40, 0x1f, 0xff, 0xf1, 0x0, 0x9f, 0xff,
    0x5b, 0xff, 0xf4, 0x0, 0x6f, 0xff, 0xb0, 0x9,
    0xff, 0xf5, 0xbf, 0xff, 0x40, 0x0, 0xcf, 0xff,
    0x60, 0x9f, 0xff, 0x5b, 0xff, 0xf4, 0x0, 0x2,
    0xff, 0xfe, 0x19, 0xff, 0xf5, 0xbf, 0xff, 0x40,
    0x0, 0x7, 0xff, 0xfa, 0x9f, 0xff, 0x5b, 0xff,
    0xf4, 0x0, 0x0, 0xc, 0xff, 0xfd, 0xff, 0xf5,
    0xbf, 0xff, 0x40, 0x0, 0x0, 0x2f, 0xff, 0xff,
    0xff, 0x5b, 0xff, 0xf4, 0x0, 0x0, 0x0, 0x8f,
    0xff, 0xff, 0xf5, 0xbf, 0xff, 0x40, 0x0, 0x0,
    0x0, 0xdf, 0xff, 0xff, 0x5b, 0xff, 0xf4, 0x0,
    0x0, 0x0, 0x3, 0xff, 0xff, 0xf5, 0xbf, 0xff,
    0x40, 0x0, 0x0, 0x0, 0x9, 0xff, 0xff, 0x5b,
    0xff, 0xf4, 0x0, 0x0, 0x0, 0x0, 0xd, 0xff,
    0xf5,

    /* U+004F "O" */
    0x0, 0x0, 0x0, 0x5a, 0xef, 0xfe, 0xb6, 0x0,
    0x0, 0x0, 0x0, 0x0, 0x4e, 0xff, 0xff, 0xff,
    0xff, 0xe5, 0x0, 0x0, 0x0, 0x7, 0xff, 0xff,
    0xff, 0xff, 0xff, 0xff, 0x80, 0x0, 0x0, 0x5f,
    0xff, 0xfd, 0x74, 0x46, 0xcf, 0xff, 0xf6, 0x0,
    0x1, 0xef, 0xff, 0x90, 0x0, 0x0, 0x8, 0xff,
    0xff, 0x10, 0x7, 0xff, 0xfc, 0x0, 0x0, 0x0,
    0x0, 0xaf, 0xff, 0x80, 0xd, 0xff, 0xf3, 0x0,
    0x0, 0x0, 0x0, 0x2f, 0xff, 0xe0, 0x1f, 0xff,
    0xe0, 0x0, 0x0, 0x0, 0x0, 0xd, 0xff, 0xf2,
    0x4f, 0xff, 0xb0, 0x0, 0x0, 0x0, 0x0, 0xa,
    0xff, 0xf5, 0x5f, 0xff, 0x90, 0x0, 0x0, 0x0,
    0x0, 0x8, 0xff, 0xf6, 0x6f, 0xff, 0x80, 0x0,
    0x0, 0x0, 0x0, 0x7, 0xff, 0xf7, 0x6f, 0xff,
    0x80, 0x0, 0x0, 0x0, 0x0, 0x7, 0xff, 0xf7,
    0x5f, 0xff, 0x90, 0x0, 0x0, 0x0, 0x0, 0x8,
    0xff, 0xf6, 0x4f, 0xff, 0xb0, 0x0, 0x0, 0x0,
    0x0, 0xa, 0xff, 0xf5, 0x1f, 0xff, 0xe0, 0x0,
    0x0, 0x0, 0x0, 0xd, 0xff, 0xf2, 0xd, 0xff,
    0xf3, 0x0, 0x0, 0x0, 0x0, 0x2f, 0xff, 0xe0,
    0x7, 0xff, 0xfb, 0x0, 0x0, 0x0, 0x0, 0xaf,
    0xff, 0x80, 0x1, 0xef, 0xff, 0x90, 0x0, 0x0,
    0x7, 0xff, 0xff, 0x10, 0x0, 0x5f, 0xff, 0xfd,
    0x74, 0x46, 0xcf, 0xff, 0xf6, 0x0, 0x0, 0x7,
    0xff, 0xff, 0xff, 0xff, 0xff, 0xff, 0x90, 0x0,
    0x0, 0x0, 0x4e, 0xff, 0xff, 0xff, 0xff, 0xe6,
    0x0, 0x0, 0x0, 0x0, 0x0, 0x5a, 0xef, 0xfe,
    0xb6, 0x0, 0x0, 0x0,

    /* U+0050 "P" */
    0xbf, 0xff, 0xff, 0xff, 0xff, 0xeb, 0x71, 0x0,
    0x0, 0xbf, 0xff, 0xff, 0xff, 0xff, 0xff, 0xff,
    0x70, 0x0, 0xbf, 0xff, 0xff, 0xff, 0xff, 0xff,
    0xff, 0xf9, 0x0, 0xbf, 0xff, 0x62, 0x22, 0x22,
    0x5b, 0xff, 0xff, 0x50, 0xbf, 0xff, 0x40, 0x0,
    0x0, 0x0, 0x9f, 0xff, 0xd0, 0xbf, 0xff, 0x40,
    0x0, 0x0, 0x0, 0xe, 0xff, 0xf2, 0xbf, 0xff,
    0x40, 0x0, 0x0, 0x0, 0xb, 0xff, 0xf4, 0xbf,
    0xff, 0x40, 0x0, 0x0, 0x0, 0xb, 0xff, 0xf4,
    0xbf, 0xff, 0x40, 0x0, 0x0, 0x0, 0xe, 0xff,
    0xf2, 0xbf, 0xff, 0x40, 0x0, 0x0, 0x0, 0x6f,
    0xff, 0xe0, 0xbf, 0xff, 0x52, 0x22, 0x23, 0x5b,
    0xff, 0xff, 0x70, 0xbf, 0xff, 0xff, 0xff, 0xff,
    0xff, 0xff, 0xfb, 0x0, 0xbf, 0xff, 0xff, 0xff,
    0xff, 0xff, 0xff, 0x90, 0x0, 0xbf, 0xff, 0xff,
    0xff, 0xff, 0xec, 0x82, 0x0, 0x0, 0xbf, 0xff,
    0x40, 0x0, 0x0, 0x0, 0x0, 0x0, 0x0, 0xbf,
    0xff, 0x40, 0x0, 0x0, 0x0, 0x0, 0x0, 0x0,
    0xbf, 0xff, 0x40, 0x0, 0x0, 0x0, 0x0, 0x0,
    0x0, 0xbf, 0xff, 0x40, 0x0, 0x0, 0x0, 0x0,
    0x0, 0x0, 0xbf, 0xff, 0x40, 0x0, 0x0, 0x0,
    0x0, 0x0, 0x0, 0xbf, 0xff, 0x40, 0x0, 0x0,
    0x0, 0x0, 0x0, 0x0, 0xbf, 0xff, 0x40, 0x0,
    0x0, 0x0, 0x0, 0x0, 0x0, 0xbf, 0xff, 0x40,
    0x0, 0x0, 0x0, 0x0, 0x0, 0x0,

    /* U+0051 "Q" */
    0x0, 0x0, 0x0, 0x6b, 0xef, 0xfe, 0xa6, 0x0,
    0x0, 0x0, 0x0, 0x0, 0x5e, 0xff, 0xff, 0xff,
    0xff, 0xe5, 0x0, 0x0, 0x0, 0x8, 0xff, 0xff,
    0xff, 0xff, 0xff, 0xff, 0x70, 0x0, 0x0, 0x6f,
    0xff, 0xfc, 0x64, 0x47, 0xdf, 0xff, 0xf5, 0x0,
    0x1, 0xff, 0xff, 0x80, 0x0, 0x0, 0x9, 0xff,
    0xfe, 0x10, 0x9, 0xff, 0xfa, 0x0, 0x0, 0x0,
    0x0, 0xcf, 0xff, 0x70, 0xe, 0xff, 0xf2, 0x0,
    0x0, 0x0, 0x0, 0x3f, 0xff, 0xd0, 0x3f, 0xff,
    0xc0, 0x0, 0x0, 0x0, 0x0, 0xe, 0xff, 0xf1,
    0x5f, 0xff, 0x90, 0x0, 0x0, 0x0, 0x0, 0xb,
    0xff, 0xf4, 0x7f, 0xff, 0x80, 0x0, 0x0, 0x0,
    0x0, 0xa, 0xff, 0xf5, 0x7f, 0xff, 0x70, 0x0,
    0x0, 0x0, 0x0, 0x9, 0xff, 0xf6, 0x7f, 0xff,
    0x70, 0x0, 0x0, 0x0, 0x0, 0x9, 0xff, 0xf6,
    0x7f, 0xff, 0x80, 0x0, 0x0, 0x0, 0x0, 0xa,
    0xff, 0xf5, 0x5f, 0xff, 0x90, 0x0, 0x0, 0x0,
    0x0, 0xb, 0xff, 0xf4, 0x3f, 0xff, 0xc0, 0x0,
    0x0, 0x0, 0x0, 0xe, 0xff, 0xf1, 0xe, 0xff,
    0xf2, 0x0, 0x0, 0x0, 0x0, 0x3f, 0xff, 0xd0,
    0x9, 0xff, 0xfa, 0x0, 0x0, 0x0, 0x0, 0xbf,
    0xff, 0x70, 0x1, 0xff, 0xff, 0x80, 0x0, 0x0,
    0x8, 0xff, 0xfd, 0x0, 0x0, 0x6f, 0xff, 0xfc,
    0x64, 0x46, 0xcf, 0xff, 0xf4, 0x0, 0x0, 0x8,
    0xff, 0xff, 0xff, 0xff, 0xff, 0xff, 0x50, 0x0,
    0x0, 0x0, 0x5e, 0xff, 0xff, 0xff, 0xff, 0xfc,
    0x10, 0x0, 0x0, 0x0, 0x0, 0x6b, 0xef, 0xfd,
    0xff, 0xff, 0xd3, 0x0, 0x0, 0x0, 0x0, 0x0,
    0x0, 0x0, 0x3e, 0xff, 0xff, 0x60, 0x0, 0x0,
    0x0, 0x0, 0x0, 0x0, 0x1, 0xbf, 0xff, 0xe2,
    0x0, 0x0, 0x0, 0x0, 0x0, 0x0, 0x0, 0x8,
    0xfe, 0x20, 0x0, 0x0, 0x0, 0x0, 0x0, 0x0,
    0x0, 0x0, 0x41, 0x0,

    /* U+0052 "R" */
    0xbf, 0xff, 0xff, 0xff, 0xfe, 0xda, 0x50, 0x0,
    0x0, 0xbf, 0xff, 0xff, 0xff, 0xff, 0xff, 0xfd,
    0x30, 0x0, 0xbf, 0xff, 0xff, 0xff, 0xff, 0xff,
    0xff, 0xf3, 0x0, 0xbf, 0xff, 0x62, 0x22, 0x23,
    0x7e, 0xff, 0xfd, 0x0, 0xbf, 0xff, 0x40, 0x0,
    0x0, 0x2, 0xff, 0xff, 0x40, 0xbf, 0xff, 0x40,
    0x0, 0x0, 0x0, 0x9f, 0xff, 0x70, 0xbf, 0xff,
    0x40, 0x0, 0x0, 0x0, 0x7f, 0xff, 0x80, 0xbf,
    0xff, 0x40, 0x0, 0x0, 0x0, 0x8f, 0xff, 0x60,
    0xbf, 0xff, 0x40, 0x0, 0x0, 0x1, 0xef, 0xff,
    0x30, 0xbf, 0xff, 0x40, 0x0, 0x2, 0x6e, 0xff,
    0xfb, 0x0, 0xbf, 0xff, 0xff, 0xff, 0xff, 0xff,
    0xff, 0xd1, 0x0, 0xbf, 0xff, 0xff, 0xff, 0xff,
    0xff, 0xf9, 0x10, 0x0, 0xbf, 0xff, 0xff, 0xff,
    0xff, 0xff, 0x90, 0x0, 0x0, 0xbf, 0xff, 0x52,
    0x22, 0x3f, 0xff, 0xf1, 0x0, 0x0, 0xbf, 0xff,
    0x40, 0x0, 0x9, 0xff, 0xf8, 0x0, 0x0, 0xbf,
    0xff, 0x40, 0x0, 0x2, 0xff, 0xff, 0x10, 0x0,
    0xbf, 0xff, 0x40, 0x0, 0x0, 0x9f, 0xff, 0x90,
    0x0, 0xbf, 0xff, 0x40, 0x0, 0x0, 0x1f, 0xff,
    0xf2, 0x0, 0xbf, 0xff, 0x40, 0x0, 0x0, 0x9,
    0xff, 0xfa, 0x0, 0xbf, 0xff, 0x40, 0x0, 0x0,
    0x1, 0xff, 0xff, 0x20, 0xbf, 0xff, 0x40, 0x0,
    0x0, 0x0, 0x8f, 0xff, 0xa0, 0xbf, 0xff, 0x40,
    0x0, 0x0, 0x0, 0x1f, 0xff, 0xf3,

    /* U+0053 "S" */
    0x0, 0x0, 0x28, 0xbe, 0xff, 0xda, 0x60, 0x0,
    0x0, 0x0, 0x9, 0xff, 0xff, 0xff, 0xff, 0xfe,
    0x50, 0x0, 0x0, 0xcf, 0xff, 0xff, 0xff, 0xff,
    0xff, 0xf6, 0x0, 0x8, 0xff, 0xff, 0x94, 0x23,
    0x5b, 0xff, 0xff, 0x40, 0xe, 0xff, 0xf4, 0x0,
    0x0, 0x0, 0x8f, 0xff, 0xb0, 0x1f, 0xff, 0xe0,
    0x0, 0x0, 0x0, 0xf, 0xff, 0xf0, 0xf, 0xff,
    0xe0, 0x0, 0x0, 0x0, 0x8, 0xaa, 0xa1, 0xd,
    0xff, 0xf6, 0x0, 0x0, 0x0, 0x0, 0x0, 0x0,
    0x5, 0xff, 0xff, 0xb3, 0x0, 0x0, 0x0, 0x0,
    0x0, 0x0, 0x8f, 0xff, 0xff, 0xe9, 0x40, 0x0,
    0x0, 0x0, 0x0, 0x4, 0xef, 0xff, 0xff, 0xfe,
    0x81, 0x0, 0x0, 0x0, 0x0, 0x6, 0xcf, 0xff,
    0xff, 0xff, 0x70, 0x0, 0x0, 0x0, 0x0, 0x1,
    0x6b, 0xff, 0xff, 0xfa, 0x0, 0x0, 0x0, 0x0,
    0x0, 0x0, 0x18, 0xff, 0xff, 0x70, 0x0, 0x0,
    0x0, 0x0, 0x0, 0x0, 0x4f, 0xff, 0xe0, 0xad,
    0xdd, 0x20, 0x0, 0x0, 0x0, 0xd, 0xff, 0xf1,
    0xbf, 0xff, 0x50, 0x0, 0x0, 0x0, 0xd, 0xff,
    0xf1, 0x6f, 0xff, 0xd1, 0x0, 0x0, 0x0, 0x4f,
    0xff, 0xf0, 0xc, 0xff, 0xfe, 0x83, 0x11, 0x38,
    0xff, 0xff, 0x90, 0x1, 0xdf, 0xff, 0xff, 0xff,
    0xff, 0xff, 0xfd, 0x10, 0x0, 0x8, 0xff, 0xff,
    0xff, 0xff, 0xff, 0xb1, 0x0, 0x0, 0x0, 0x16,
    0xbd, 0xff, 0xec, 0x83, 0x0, 0x0,

    /* U+0054 "T" */
    0x4f, 0xff, 0xff, 0xff, 0xff, 0xff, 0xff, 0xff,
    0xff, 0xc4, 0xff, 0xff, 0xff, 0xff, 0xff, 0xff,
    0xff, 0xff, 0xfc, 0x4f, 0xff, 0xff, 0xff, 0xff,
    0xff, 0xff, 0xff, 0xff, 0xc0, 0x22, 0x22, 0x22,
    0x5f, 0xff, 0xb2, 0x22, 0x22, 0x21, 0x0, 0x0,
    0x0, 0x4, 0xff, 0xfa, 0x0, 0x0, 0x0, 0x0,
    0x0, 0x0, 0x0, 0x4f, 0xff, 0xa0, 0x0, 0x0,
    0x0, 0x0, 0x0, 0x0, 0x4, 0xff, 0xfa, 0x0,
    0x0, 0x0, 0x0, 0x0, 0x0, 0x0, 0x4f, 0xff,
    0xa0, 0x0, 0x0, 0x0, 0x0, 0x0, 0x0, 0x4,
    0xff, 0xfa, 0x0, 0x0, 0x0, 0x0, 0x0, 0x0,
    0x0, 0x4f, 0xff, 0xa0, 0x0, 0x0, 0x0, 0x0,
    0x0, 0x0, 0x4, 0xff, 0xfa, 0x0, 0x0, 0x0,
    0x0, 0x0, 0x0, 0x0, 0x4f, 0xff, 0xa0, 0x0,
    0x0, 0x0, 0x0, 0x0, 0x0, 0x4, 0xff, 0xfa,
    0x0, 0x0, 0x0, 0x0, 0x0, 0x0, 0x0, 0x4f,
    0xff, 0xa0, 0x0, 0x0, 0x0, 0x0, 0x0, 0x0,
    0x4, 0xff, 0xfa, 0x0, 0x0, 0x0, 0x0, 0x0,
    0x0, 0x0, 0x4f, 0xff, 0xa0, 0x0, 0x0, 0x0,
    0x0, 0x0, 0x0, 0x4, 0xff, 0xfa, 0x0, 0x0,
    0x0, 0x0, 0x0, 0x0, 0x0, 0x4f, 0xff, 0xa0,
    0x0, 0x0, 0x0, 0x0, 0x0, 0x0, 0x4, 0xff,
    0xfa, 0x0, 0x0, 0x0, 0x0, 0x0, 0x0, 0x0,
    0x4f, 0xff, 0xa0, 0x0, 0x0, 0x0, 0x0, 0x0,
    0x0, 0x4, 0xff, 0xfa, 0x0, 0x0, 0x0, 0x0,
    0x0, 0x0, 0x0, 0x4f, 0xff, 0xa0, 0x0, 0x0,
    0x0,

    /* U+0055 "U" */
    0xf, 0xff, 0xe0, 0x0, 0x0, 0x0, 0x0, 0xff,
    0xff, 0xf, 0xff, 0xe0, 0x0, 0x0, 0x0, 0x0,
    0xff, 0xff, 0xf, 0xff, 0xe0, 0x0, 0x0, 0x0,
    0x0, 0xff, 0xff, 0xf, 0xff, 0xe0, 0x0, 0x0,
    0x0, 0x0, 0xff, 0xff, 0xf, 0xff, 0xe0, 0x0,
    0x0, 0x0, 0x0, 0xff, 0xff, 0xf, 0xff, 0xe0,
    0x0, 0x0, 0x0, 0x0, 0xff, 0xff, 0xf, 0xff,
    0xe0, 0x0, 0x0, 0x0, 0x0, 0xff, 0xff, 0xf,
    0xff, 0xe0, 0x0, 0x0, 0x0, 0x0, 0xff, 0xff,
    0xf, 0xff, 0xe0, 0x0, 0x0, 0x0, 0x0, 0xff,
    0xff, 0xf, 0xff, 0xe0, 0x0, 0x0, 0x0, 0x0,
    0xff, 0xff, 0xf, 0xff, 0xe0, 0x0, 0x0, 0x0,
    0x0, 0xff, 0xff, 0xf, 0xff, 0xe0, 0x0, 0x0,
    0x0, 0x0, 0xff, 0xff, 0xf, 0xff, 0xe0, 0x0,
    0x0, 0x0, 0x0, 0xff, 0xff, 0xf, 0xff, 0xe0,
    0x0, 0x0, 0x0, 0x0, 0xff, 0xff, 0xf, 0xff,
    0xe0, 0x0, 0x0, 0x0, 0x0, 0xff, 0xff, 0xf,
    0xff, 0xf0, 0x0, 0x0, 0x0, 0x1, 0xff, 0xfd,
    0xc, 0xff, 0xf4, 0x0, 0x0, 0x0, 0x5, 0xff,
    0xfb, 0x7, 0xff, 0xfd, 0x0, 0x0, 0x0, 0x1d,
    0xff, 0xf6, 0x1, 0xef, 0xff, 0xd6, 0x32, 0x37,
    0xef, 0xff, 0xd0, 0x0, 0x4f, 0xff, 0xff, 0xff,
    0xff, 0xff, 0xfe, 0x20, 0x0, 0x3, 0xdf, 0xff,
    0xff, 0xff, 0xff, 0xc2, 0x0, 0x0, 0x0, 0x5,
    0xad, 0xff, 0xed, 0x93, 0x0, 0x0,

    /* U+0056 "V" */
    0x8f, 0xff, 0xc0, 0x0, 0x0, 0x0, 0x0, 0x1,
    0xff, 0xff, 0x42, 0xff, 0xff, 0x10, 0x0, 0x0,
    0x0, 0x0, 0x6f, 0xff, 0xe0, 0xc, 0xff, 0xf6,
    0x0, 0x0, 0x0, 0x0, 0xb, 0xff, 0xf8, 0x0,
    0x6f, 0xff, 0xb0, 0x0, 0x0, 0x0, 0x1, 0xff,
    0xff, 0x20, 0x1, 0xff, 0xff, 0x10, 0x0, 0x0,
    0x0, 0x6f, 0xff, 0xc0, 0x0, 0xa, 0xff, 0xf6,
    0x0, 0x0, 0x0, 0xb, 0xff, 0xf6, 0x0, 0x0,
    0x4f, 0xff, 0xb0, 0x0, 0x0, 0x0, 0xff, 0xff,
    0x10, 0x0, 0x0, 0xef, 0xff, 0x10, 0x0, 0x0,
    0x5f, 0xff, 0xa0, 0x0, 0x0, 0x9, 0xff, 0xf6,
    0x0, 0x0, 0xb, 0xff, 0xf4, 0x0, 0x0, 0x0,
    0x3f, 0xff, 0xb0, 0x0, 0x0, 0xff, 0xfe, 0x0,
    0x0, 0x0, 0x0, 0xdf, 0xff, 0x0, 0x0, 0x5f,
    0xff, 0x80, 0x0, 0x0, 0x0, 0x7, 0xff, 0xf5,
    0x0, 0xa, 0xff, 0xf2, 0x0, 0x0, 0x0, 0x0,
    0x1f, 0xff, 0xa0, 0x0, 0xff, 0xfc, 0x0, 0x0,
    0x0, 0x0, 0x0, 0xbf, 0xff, 0x0, 0x5f, 0xff,
    0x60, 0x0, 0x0, 0x0, 0x0, 0x5, 0xff, 0xf5,
    0xa, 0xff, 0xf1, 0x0, 0x0, 0x0, 0x0, 0x0,
    0xf, 0xff, 0xa0, 0xff, 0xfa, 0x0, 0x0, 0x0,
    0x0, 0x0, 0x0, 0x9f, 0xff, 0x5f, 0xff, 0x40,
    0x0, 0x0, 0x0, 0x0, 0x0, 0x3, 0xff, 0xfe,
    0xff, 0xe0, 0x0, 0x0, 0x0, 0x0, 0x0, 0x0,
    0xd, 0xff, 0xff, 0xf9, 0x0, 0x0, 0x0, 0x0,
    0x0, 0x0, 0x0, 0x7f, 0xff, 0xff, 0x30, 0x0,
    0x0, 0x0, 0x0, 0x0, 0x0, 0x1, 0xff, 0xff,
    0xd0, 0x0, 0x0, 0x0, 0x0, 0x0, 0x0, 0x0,
    0xb, 0xff, 0xf7, 0x0, 0x0, 0x0, 0x0,

    /* U+0057 "W" */
    0x2f, 0xff, 0xc0, 0x0, 0x0, 0x0, 0x9f, 0xff,
    0x0, 0x0, 0x0, 0x7, 0xff, 0xf7, 0xe, 0xff,
    0xf0, 0x0, 0x0, 0x0, 0xdf, 0xff, 0x30, 0x0,
    0x0, 0xa, 0xff, 0xf3, 0xa, 0xff, 0xf3, 0x0,
    0x0, 0x1, 0xff, 0xff, 0x70, 0x0, 0x0, 0xd,
    0xff, 0xf0, 0x6, 0xff, 0xf6, 0x0, 0x0, 0x6,
    0xff, 0xff, 0xb0, 0x0, 0x0, 0x1f, 0xff, 0xb0,
    0x2, 0xff, 0xfa, 0x0, 0x0, 0xa, 0xff, 0xff,
    0xf0, 0x0, 0x0, 0x4f, 0xff, 0x80, 0x0, 0xef,
    0xfd, 0x0, 0x0, 0xe, 0xff, 0xff, 0xf4, 0x0,
    0x0, 0x7f, 0xff, 0x40, 0x0, 0xbf, 0xff, 0x10,
    0x0, 0x2f, 0xff, 0xbf, 0xf8, 0x0, 0x0, 0xbf,
    0xff, 0x0, 0x0, 0x7f, 0xff, 0x40, 0x0, 0x6f,
    0xfc, 0x5f, 0xfc, 0x0, 0x0, 0xef, 0xfc, 0x0,
    0x0, 0x3f, 0xff, 0x70, 0x0, 0xbf, 0xf8, 0x1f,
    0xff, 0x0, 0x1, 0xff, 0xf8, 0x0, 0x0, 0xf,
    0xff, 0xb0, 0x0, 0xff, 0xf3, 0xd, 0xff, 0x40,
    0x4, 0xff, 0xf4, 0x0, 0x0, 0xb, 0xff, 0xe0,
    0x3, 0xff, 0xf0, 0x8, 0xff, 0x80, 0x8, 0xff,
    0xf1, 0x0, 0x0, 0x8, 0xff, 0xf2, 0x7, 0xff,
    0xa0, 0x4, 0xff, 0xc0, 0xb, 0xff, 0xd0, 0x0,
    0x0, 0x4, 0xff, 0xf5, 0xb, 0xff, 0x60, 0x0,
    0xff, 0xf0, 0xe, 0xff, 0x90, 0x0, 0x0, 0x0,
    0xff, 0xf8, 0xf, 0xff, 0x20, 0x0, 0xbf, 0xf4,
    0x2f, 0xff, 0x50, 0x0, 0x0, 0x0, 0xcf, 0xfc,
    0x4f, 0xfd, 0x0, 0x0, 0x7f, 0xf8, 0x5f, 0xff,
    0x10, 0x0, 0x0, 0x0, 0x8f, 0xff, 0x8f, 0xf9,
    0x0, 0x0, 0x3f, 0xfc, 0x8f, 0xfe, 0x0, 0x0,
    0x0, 0x0, 0x5f, 0xff, 0xef, 0xf4, 0x0, 0x0,
    0xe, 0xff, 0xdf, 0xfa, 0x0, 0x0, 0x0, 0x0,
    0x1f, 0xff, 0xff, 0xf0, 0x0, 0x0, 0xa, 0xff,
    0xff, 0xf6, 0x0, 0x0, 0x0, 0x0, 0xd, 0xff,
    0xff, 0xc0, 0x0, 0x0, 0x6, 0xff, 0xff, 0xf2,
    0x0, 0x0, 0x0, 0x0, 0x9, 0xff, 0xff, 0x70,
    0x0, 0x0, 0x2, 0xff, 0xff, 0xe0, 0x0, 0x0,
    0x0, 0x0, 0x5, 0xff, 0xff, 0x30, 0x0, 0x0,
    0x0, 0xdf, 0xff, 0xa0, 0x0, 0x0, 0x0, 0x0,
    0x1, 0xff, 0xfe, 0x0, 0x0, 0x0, 0x0, 0x9f,
    0xff, 0x70, 0x0, 0x0,

    /* U+0058 "X" */
    0xd, 0xff, 0xfa, 0x0, 0x0, 0x0, 0x0, 0x6f,
    0xff, 0xf2, 0x4, 0xff, 0xff, 0x30, 0x0, 0x0,
    0x0, 0xef, 0xff, 0x80, 0x0, 0xaf, 0xff, 0xd0,
    0x0, 0x0, 0x8, 0xff, 0xfd, 0x0, 0x0, 0x1e,
    0xff, 0xf6, 0x0, 0x0, 0x2f, 0xff, 0xf4, 0x0,
    0x0, 0x5, 0xff, 0xfe, 0x10, 0x0, 0xbf, 0xff,
    0xa0, 0x0, 0x0, 0x0, 0xbf, 0xff, 0x90, 0x5,
    0xff, 0xfe, 0x10, 0x0, 0x0, 0x0, 0x2f, 0xff,
    0xf3, 0xe, 0xff, 0xf6, 0x0, 0x0, 0x0, 0x0,
    0x7, 0xff, 0xfc, 0x8f, 0xff, 0xc0, 0x0, 0x0,
    0x0, 0x0, 0x0, 0xdf, 0xff, 0xff, 0xff, 0x20,
    0x0, 0x0, 0x0, 0x0, 0x0, 0x3f, 0xff, 0xff,
    0xf7, 0x0, 0x0, 0x0, 0x0, 0x0, 0x0, 0x9,
    0xff, 0xff, 0xd0, 0x0, 0x0, 0x0, 0x0, 0x0,
    0x0, 0xb, 0xff, 0xff, 0xe1, 0x0, 0x0, 0x0,
    0x0, 0x0, 0x0, 0x5f, 0xff, 0xff, 0xf9, 0x0,
    0x0, 0x0, 0x0, 0x0, 0x0, 0xef, 0xff, 0xff,
    0xff, 0x40, 0x0, 0x0, 0x0, 0x0, 0x9, 0xff,
    0xfc, 0x8f, 0xff, 0xd0, 0x0, 0x0, 0x0, 0x0,
    0x3f, 0xff, 0xf3, 0xd, 0xff, 0xf8, 0x0, 0x0,
    0x0, 0x0, 0xdf, 0xff, 0x90, 0x4, 0xff, 0xff,
    0x20, 0x0, 0x0, 0x8, 0xff, 0xfe, 0x0, 0x0,
    0xbf, 0xff, 0xc0, 0x0, 0x0, 0x2f, 0xff, 0xf5,
    0x0, 0x0, 0x2f, 0xff, 0xf6, 0x0, 0x0, 0xcf,
    0xff, 0xc0, 0x0, 0x0, 0x7, 0xff, 0xff, 0x10,
    0x6, 0xff, 0xff, 0x20, 0x0, 0x0, 0x0, 0xdf,
    0xff, 0xb0, 0x1f, 0xff, 0xf8, 0x0, 0x0, 0x0,
    0x0, 0x4f, 0xff, 0xf5,

    /* U+0059 "Y" */
    0x9f, 0xff, 0xb0, 0x0, 0x0, 0x0, 0x0, 0x4f,
    0xff, 0xf1, 0x1f, 0xff, 0xf3, 0x0, 0x0, 0x0,
    0x0, 0xcf, 0xff, 0x80, 0x8, 0xff, 0xfb, 0x0,
    0x0, 0x0, 0x4, 0xff, 0xfe, 0x0, 0x0, 0xef,
    0xff, 0x30, 0x0, 0x0, 0xc, 0xff, 0xf6, 0x0,
    0x0, 0x6f, 0xff, 0xb0, 0x0, 0x0, 0x3f, 0xff,
    0xd0, 0x0, 0x0, 0xd, 0xff, 0xf3, 0x0, 0x0,
    0xbf, 0xff, 0x50, 0x0, 0x0, 0x5, 0xff, 0xfb,
    0x0, 0x3, 0xff, 0xfc, 0x0, 0x0, 0x0, 0x0,
    0xcf, 0xff, 0x30, 0xb, 0xff, 0xf3, 0x0, 0x0,
    0x0, 0x0, 0x3f, 0xff, 0xa0, 0x3f, 0xff, 0xa0,
    0x0, 0x0, 0x0, 0x0, 0xa, 0xff, 0xf2, 0xbf,
    0xff, 0x20, 0x0, 0x0, 0x0, 0x0, 0x2, 0xff,
    0xfc, 0xff, 0xf9, 0x0, 0x0, 0x0, 0x0, 0x0,
    0x0, 0x9f, 0xff, 0xff, 0xf1, 0x0, 0x0, 0x0,
    0x0, 0x0, 0x0, 0x1f, 0xff, 0xff, 0x70, 0x0,
    0x0, 0x0, 0x0, 0x0, 0x0, 0x7, 0xff, 0xfe,
    0x0, 0x0, 0x0, 0x0, 0x0, 0x0, 0x0, 0x4,
    0xff, 0xfb, 0x0, 0x0, 0x0, 0x0, 0x0, 0x0,
    0x0, 0x4, 0xff, 0xfb, 0x0, 0x0, 0x0, 0x0,
    0x0, 0x0, 0x0, 0x4, 0xff, 0xfb, 0x0, 0x0,
    0x0, 0x0, 0x0, 0x0, 0x0, 0x4, 0xff, 0xfb,
    0x0, 0x0, 0x0, 0x0, 0x0, 0x0, 0x0, 0x4,
    0xff, 0xfb, 0x0, 0x0, 0x0, 0x0, 0x0, 0x0,
    0x0, 0x4, 0xff, 0xfb, 0x0, 0x0, 0x0, 0x0,
    0x0, 0x0, 0x0, 0x4, 0xff, 0xfb, 0x0, 0x0,
    0x0, 0x0, 0x0, 0x0, 0x0, 0x4, 0xff, 0xfb,
    0x0, 0x0, 0x0, 0x0,

    /* U+005A "Z" */
    0xaf, 0xff, 0xff, 0xff, 0xff, 0xff, 0xff, 0xff,
    0xd0, 0xaf, 0xff, 0xff, 0xff, 0xff, 0xff, 0xff,
    0xff, 0xd0, 0xaf, 0xff, 0xff, 0xff, 0xff, 0xff,
    0xff, 0xff, 0xb0, 0x12, 0x22, 0x22, 0x22, 0x22,
    0x26, 0xff, 0xff, 0x20, 0x0, 0x0, 0x0, 0x0,
    0x0, 0x1e, 0xff, 0xf5, 0x0, 0x0, 0x0, 0x0,
    0x0, 0x0, 0xaf, 0xff, 0xa0, 0x0, 0x0, 0x0,
    0x0, 0x0, 0x6, 0xff, 0xfd, 0x0, 0x0, 0x0,
    0x0, 0x0, 0x0, 0x2f, 0xff, 0xf3, 0x0, 0x0,
    0x0, 0x0, 0x0, 0x0, 0xdf, 0xff, 0x70, 0x0,
    0x0, 0x0, 0x0, 0x0, 0x9, 0xff, 0xfc, 0x0,
    0x0, 0x0, 0x0, 0x0, 0x0, 0x4f, 0xff, 0xe1,
    0x0, 0x0, 0x0, 0x0, 0x0, 0x1, 0xef, 0xff,
    0x50, 0x0, 0x0, 0x0, 0x0, 0x0, 0xb, 0xff,
    0xf9, 0x0, 0x0, 0x0, 0x0, 0x0, 0x0, 0x7f,
    0xff, 0xd0, 0x0, 0x0, 0x0, 0x0, 0x0, 0x3,
    0xff, 0xff, 0x30, 0x0, 0x0, 0x0, 0x0, 0x0,
    0xd, 0xff, 0xf7, 0x0, 0x0, 0x0, 0x0, 0x0,
    0x0, 0x9f, 0xff, 0xb0, 0x0, 0x0, 0x0, 0x0,
    0x0, 0x5, 0xff, 0xfe, 0x10, 0x0, 0x0, 0x0,
    0x0, 0x0, 0x1e, 0xff, 0xf6, 0x11, 0x11, 0x11,
    0x11, 0x11, 0x10, 0xaf, 0xff, 0xff, 0xff, 0xff,
    0xff, 0xff, 0xff, 0xf3, 0xcf, 0xff, 0xff, 0xff,
    0xff, 0xff, 0xff, 0xff, 0xf3, 0xcf, 0xff, 0xff,
    0xff, 0xff, 0xff, 0xff, 0xff, 0xf3,

    /* U+005B "[" */
    0xef, 0xff, 0xff, 0x6f, 0xff, 0xff, 0xf7, 0xff,
    0xff, 0xff, 0x7f, 0xff, 0xd0, 0x0, 0xff, 0xfd,
    0x0, 0xf, 0xff, 0xd0, 0x0, 0xff, 0xfd, 0x0,
    0xf, 0xff, 0xd0, 0x0, 0xff, 0xfd, 0x0, 0xf,
    0xff, 0xd0, 0x0, 0xff, 0xfd, 0x0, 0xf, 0xff,
    0xd0, 0x0, 0xff, 0xfd, 0x0, 0xf, 0xff, 0xd0,
    0x0, 0xff, 0xfd, 0x0, 0xf, 0xff, 0xd0, 0x0,
    0xff, 0xfd, 0x0, 0xf, 0xff, 0xd0, 0x0, 0xff,
    0xfd, 0x0, 0xf, 0xff, 0xd0, 0x0, 0xff, 0xfd,
    0x0, 0xf, 0xff, 0xd0, 0x0, 0xff, 0xfd, 0x0,
    0xf, 0xff, 0xd0, 0x0, 0xff, 0xfd, 0x0, 0xf,
    0xff, 0xd0, 0x0, 0xff, 0xfd, 0x0, 0xf, 0xff,
    0xd0, 0x0, 0xff, 0xff, 0xee, 0x6f, 0xff, 0xff,
    0xf7, 0xff, 0xff, 0xff, 0x70,

    /* U+005C "\\" */
    0x7f, 0xff, 0x40, 0x0, 0x0, 0x0, 0x0, 0x1f,
    0xff, 0xa0, 0x0, 0x0, 0x0, 0x0, 0xb, 0xff,
    0xf1, 0x0, 0x0, 0x0, 0x0, 0x5, 0xff, 0xf6,
    0x0, 0x0, 0x0, 0x0, 0x0, 0xef, 0xfc, 0x0,
    0x0, 0x0, 0x0, 0x0, 0x8f, 0xff, 0x30, 0x0,
    0x0, 0x0, 0x0, 0x2f, 0xff, 0x90, 0x0, 0x0,
    0x0, 0x0, 0xc, 0xff, 0xe0, 0x0, 0x0, 0x0,
    0x0, 0x6, 0xff, 0xf5, 0x0, 0x0, 0x0, 0x0,
    0x0, 0xff, 0xfb, 0x0, 0x0, 0x0, 0x0, 0x0,
    0x9f, 0xff, 0x20, 0x0, 0x0, 0x0, 0x0, 0x3f,
    0xff, 0x80, 0x0, 0x0, 0x0, 0x0, 0xd, 0xff,
    0xe0, 0x0, 0x0, 0x0, 0x0, 0x7, 0xff, 0xf4,
    0x0, 0x0, 0x0, 0x0, 0x1, 0xff, 0xfa, 0x0,
    0x0, 0x0, 0x0, 0x0, 0xaf, 0xff, 0x10, 0x0,
    0x0, 0x0, 0x0, 0x4f, 0xff, 0x70, 0x0, 0x0,
    0x0, 0x0, 0xe, 0xff, 0xd0, 0x0, 0x0, 0x0,
    0x0, 0x8, 0xff, 0xf3, 0x0, 0x0, 0x0, 0x0,
    0x2, 0xff, 0xf9, 0x0, 0x0, 0x0, 0x0, 0x0,
    0xbf, 0xff, 0x0, 0x0, 0x0, 0x0, 0x0, 0x5f,
    0xff, 0x60, 0x0, 0x0, 0x0, 0x0, 0xe, 0xff,
    0xc0, 0x0, 0x0, 0x0, 0x0, 0x9, 0xff, 0xf2,
    0x0, 0x0, 0x0, 0x0, 0x2, 0x88, 0x83,

    /* U+005D "]" */
    0xcf, 0xff, 0xff, 0x8d, 0xff, 0xff, 0xf9, 0xdf,
    0xff, 0xff, 0x90, 0x3, 0xff, 0xf9, 0x0, 0x3f,
    0xff, 0x90, 0x3, 0xff, 0xf9, 0x0, 0x3f, 0xff,
    0x90, 0x3, 0xff, 0xf9, 0x0, 0x3f, 0xff, 0x90,
    0x3, 0xff, 0xf9, 0x0, 0x3f, 0xff, 0x90, 0x3,
    0xff, 0xf9, 0x0, 0x3f, 0xff, 0x90, 0x3, 0xff,
    0xf9, 0x0, 0x3f, 0xff, 0x90, 0x3, 0xff, 0xf9,
    0x0, 0x3f, 0xff, 0x90, 0x3, 0xff, 0xf9, 0x0,
    0x3f, 0xff, 0x90, 0x3, 0xff, 0xf9, 0x0, 0x3f,
    0xff, 0x90, 0x3, 0xff, 0xf9, 0x0, 0x3f, 0xff,
    0x90, 0x3, 0xff, 0xf9, 0x0, 0x3f, 0xff, 0x90,
    0x3, 0xff, 0xf9, 0x0, 0x3f, 0xff, 0x90, 0x3,
    0xff, 0xf9, 0xbe, 0xff, 0xff, 0x9d, 0xff, 0xff,
    0xf9, 0xdf, 0xff, 0xff, 0x90,

    /* U+005E "^" */
    0x0, 0x0, 0xb, 0xff, 0x60, 0x0, 0x0, 0x0,
    0x2, 0xff, 0xfc, 0x0, 0x0, 0x0, 0x0, 0x9f,
    0xff, 0xf3, 0x0, 0x0, 0x0, 0xf, 0xff, 0xff,
    0xa0, 0x0, 0x0, 0x6, 0xff, 0x9e, 0xff, 0x10,
    0x0, 0x0, 0xdf, 0xf3, 0x8f, 0xf7, 0x0, 0x0,
    0x4f, 0xfc, 0x2, 0xff, 0xe0, 0x0, 0xb, 0xff,
    0x60, 0xc, 0xff, 0x50, 0x1, 0xff, 0xf0, 0x0,
    0x5f, 0xfc, 0x0, 0x8f, 0xfa, 0x0, 0x0, 0xef,
    0xf3, 0xe, 0xff, 0x30, 0x0, 0x9, 0xff, 0x90,

    /* U+005F "_" */
    0xef, 0xff, 0xff, 0xff, 0xff, 0xff, 0xff, 0x5f,
    0xff, 0xff, 0xff, 0xff, 0xff, 0xff, 0xf6, 0xff,
    0xff, 0xff, 0xff, 0xff, 0xff, 0xff, 0x60,

    /* U+0060 "`" */
    0x7, 0x88, 0x82, 0x0, 0x0, 0x5f, 0xff, 0xc0,
    0x0, 0x0, 0x5f, 0xff, 0x70, 0x0, 0x0, 0x6f,
    0xff, 0x20, 0x0, 0x0, 0x7f, 0xfc, 0x0,

    /* U+0061 "a" */
    0x0, 0x0, 0x6b, 0xef, 0xfd, 0x92, 0x0, 0x0,
    0x4, 0xef, 0xff, 0xff, 0xff, 0xf6, 0x0, 0x4,
    0xff, 0xff, 0xfe, 0xff, 0xff, 0xf5, 0x0, 0xdf,
    0xff, 0x70, 0x0, 0x7f, 0xff, 0xd0, 0x2f, 0xff,
    0xb0, 0x0, 0x0, 0xbf, 0xff, 0x20, 0x0, 0x0,
    0x0, 0x0, 0x8, 0xff, 0xf4, 0x0, 0x0, 0x1,
    0x45, 0x55, 0xbf, 0xff, 0x40, 0x1, 0x8e, 0xff,
    0xff, 0xff, 0xff, 0xf4, 0x3, 0xef, 0xff, 0xff,
    0xff, 0xff, 0xff, 0x40, 0xdf, 0xff, 0x93, 0x0,
    0x8, 0xff, 0xf4, 0x5f, 0xff, 0x80, 0x0, 0x0,
    0x8f, 0xff, 0x48, 0xff, 0xf3, 0x0, 0x0, 0x8,
    0xff, 0xf4, 0x8f, 0xff, 0x60, 0x0, 0x0, 0xdf,
    0xff, 0x45, 0xff, 0xfe, 0x51, 0x15, 0xdf, 0xff,
    0xf4, 0xd, 0xff, 0xff, 0xff, 0xff, 0xff, 0xff,
    0x50, 0x2e, 0xff, 0xff, 0xff, 0xfa, 0xff, 0xf7,
    0x0, 0x7, 0xcf, 0xfd, 0x92, 0x1f, 0xff, 0xc0,

    /* U+0062 "b" */
    0x1f, 0xff, 0xb0, 0x0, 0x0, 0x0, 0x0, 0x0,
    0x1f, 0xff, 0xb0, 0x0, 0x0, 0x0, 0x0, 0x0,
    0x1f, 0xff, 0xb0, 0x0, 0x0, 0x0, 0x0, 0x0,
    0x1f, 0xff, 0xb0, 0x0, 0x0, 0x0, 0x0, 0x0,
    0x1f, 0xff, 0xb0, 0x0, 0x0, 0x0, 0x0, 0x0,
    0x1f, 0xff, 0xb0, 0x0, 0x0, 0x0, 0x0, 0x0,
    0x1f, 0xff, 0xb0, 0x6c, 0xff, 0xd9, 0x10, 0x0,
    0x1f, 0xff, 0xcc, 0xff, 0xff, 0xff, 0xf4, 0x0,
    0x1f, 0xff, 0xff, 0xff, 0xff, 0xff, 0xff, 0x30,
    0x1f, 0xff, 0xfe, 0x62, 0x14, 0xdf, 0xff, 0xc0,
    0x1f, 0xff, 0xf2, 0x0, 0x0, 0x1e, 0xff, 0xf2,
    0x1f, 0xff, 0xb0, 0x0, 0x0, 0x7, 0xff, 0xf7,
    0x1f, 0xff, 0xb0, 0x0, 0x0, 0x2, 0xff, 0xfa,
    0x1f, 0xff, 0xb0, 0x0, 0x0, 0x0, 0xff, 0xfb,
    0x1f, 0xff, 0xb0, 0x0, 0x0, 0x0, 0xff, 0xfc,
    0x1f, 0xff, 0xb0, 0x0, 0x0, 0x0, 0xff, 0xfb,
    0x1f, 0xff, 0xb0, 0x0, 0x0, 0x2, 0xff, 0xfa,
    0x1f, 0xff, 0xb0, 0x0, 0x0, 0x6, 0xff, 0xf7,
    0x1f, 0xff, 0xf3, 0x0, 0x0, 0xe, 0xff, 0xf2,
    0x1f, 0xff, 0xff, 0x62, 0x14, 0xcf, 0xff, 0xc0,
    0x1f, 0xff, 0xff, 0xff, 0xff, 0xff, 0xff, 0x30,
    0x1f, 0xff, 0x9d, 0xff, 0xff, 0xff, 0xf4, 0x0,
    0x1f, 0xff, 0x60, 0x7c, 0xff, 0xd9, 0x20, 0x0,

    /* U+0063 "c" */
    0x0, 0x0, 0x4a, 0xef, 0xfd, 0x92, 0x0, 0x0,
    0x1, 0xbf, 0xff, 0xff, 0xff, 0xf8, 0x0, 0x0,
    0xdf, 0xff, 0xff, 0xff, 0xff, 0xf8, 0x0, 0x9f,
    0xff, 0xc4, 0x1, 0x7f, 0xff, 0xf2, 0x1f, 0xff,
    0xe0, 0x0, 0x0, 0x5f, 0xff, 0x86, 0xff, 0xf6,
    0x0, 0x0, 0x0, 0xef, 0xfb, 0x9f, 0xff, 0x20,
    0x0, 0x0, 0x2, 0x33, 0x2b, 0xff, 0xf1, 0x0,
    0x0, 0x0, 0x0, 0x0, 0xcf, 0xff, 0x0, 0x0,
    0x0, 0x0, 0x0, 0xb, 0xff, 0xf1, 0x0, 0x0,
    0x0, 0x0, 0x0, 0x9f, 0xff, 0x20, 0x0, 0x0,
    0x0, 0x0, 0x6, 0xff, 0xf6, 0x0, 0x0, 0x0,
    0xac, 0xc9, 0x1f, 0xff, 0xd0, 0x0, 0x0, 0x3f,
    0xff, 0x90, 0x9f, 0xff, 0xc3, 0x1, 0x5e, 0xff,
    0xf2, 0x0, 0xdf, 0xff, 0xff, 0xff, 0xff, 0xf7,
    0x0, 0x1, 0xbf, 0xff, 0xff, 0xff, 0xf7, 0x0,
    0x0, 0x0, 0x4a, 0xef, 0xfd, 0x82, 0x0, 0x0,

    /* U+0064 "d" */
    0x0, 0x0, 0x0, 0x0, 0x0, 0xc, 0xff, 0xf0,
    0x0, 0x0, 0x0, 0x0, 0x0, 0xc, 0xff, 0xf0,
    0x0, 0x0, 0x0, 0x0, 0x0, 0xc, 0xff, 0xf0,
    0x0, 0x0, 0x0, 0x0, 0x0, 0xc, 0xff, 0xf0,
    0x0, 0x0, 0x0, 0x0, 0x0, 0xc, 0xff, 0xf0,
    0x0, 0x0, 0x0, 0x0, 0x0, 0xc, 0xff, 0xf0,
    0x0, 0x1, 0x8d, 0xff, 0xc6, 0xc, 0xff, 0xf0,
    0x0, 0x3e, 0xff, 0xff, 0xff, 0xcd, 0xff, 0xf0,
    0x2, 0xff, 0xff, 0xff, 0xff, 0xff, 0xff, 0xf0,
    0xb, 0xff, 0xfd, 0x51, 0x26, 0xef, 0xff, 0xf0,
    0x2f, 0xff, 0xe1, 0x0, 0x0, 0x2f, 0xff, 0xf0,
    0x6f, 0xff, 0x80, 0x0, 0x0, 0xc, 0xff, 0xf0,
    0x9f, 0xff, 0x30, 0x0, 0x0, 0xc, 0xff, 0xf0,
    0xbf, 0xff, 0x10, 0x0, 0x0, 0xc, 0xff, 0xf0,
    0xcf, 0xff, 0x0, 0x0, 0x0, 0xc, 0xff, 0xf0,
    0xbf, 0xff, 0x10, 0x0, 0x0, 0xc, 0xff, 0xf0,
    0x9f, 0xff, 0x30, 0x0, 0x0, 0xc, 0xff, 0xf0,
    0x6f, 0xff, 0x70, 0x0, 0x0, 0xc, 0xff, 0xf0,
    0x1f, 0xff, 0xe1, 0x0, 0x0, 0x2f, 0xff, 0xf0,
    0xa, 0xff, 0xfd, 0x51, 0x26, 0xef, 0xff, 0xf0,
    0x1, 0xef, 0xff, 0xff, 0xff, 0xff, 0xff, 0xf0,
    0x0, 0x3e, 0xff, 0xff, 0xff, 0xda, 0xff, 0xf0,
    0x0, 0x1, 0x8d, 0xff, 0xc7, 0x7, 0xff, 0xf0,

    /* U+0065 "e" */
    0x0, 0x0, 0x29, 0xdf, 0xfd, 0x93, 0x0, 0x0,
    0x0, 0x7, 0xff, 0xff, 0xff, 0xff, 0x80, 0x0,
    0x0, 0x9f, 0xff, 0xff, 0xff, 0xff, 0xf8, 0x0,
    0x5, 0xff, 0xfe, 0x50, 0x16, 0xef, 0xff, 0x20,
    0xe, 0xff, 0xf2, 0x0, 0x0, 0x4f, 0xff, 0x90,
    0x3f, 0xff, 0x90, 0x0, 0x0, 0xd, 0xff, 0xd0,
    0x7f, 0xff, 0x50, 0x0, 0x0, 0xa, 0xff, 0xf0,
    0x9f, 0xff, 0xff, 0xff, 0xff, 0xff, 0xff, 0xf1,
    0xbf, 0xff, 0xff, 0xff, 0xff, 0xff, 0xff, 0xf2,
    0xaf, 0xff, 0xcc, 0xcc, 0xcc, 0xcc, 0xcc, 0xc2,
    0x9f, 0xff, 0x40, 0x0, 0x0, 0x0, 0x0, 0x0,
    0x5f, 0xff, 0x90, 0x0, 0x0, 0x0, 0x0, 0x0,
    0xf, 0xff, 0xf3, 0x0, 0x0, 0x0, 0x96, 0x0,
    0x7, 0xff, 0xff, 0x72, 0x1, 0x5c, 0xff, 0x70,
    0x0, 0xbf, 0xff, 0xff, 0xff, 0xff, 0xff, 0x50,
    0x0, 0x8, 0xff, 0xff, 0xff, 0xff, 0xe5, 0x0,
    0x0, 0x0, 0x28, 0xce, 0xfe, 0xb6, 0x10, 0x0,

    /* U+0066 "f" */
    0x0, 0x0, 0x1, 0x8d, 0xff, 0xe3, 0x0, 0x0,
    0x3e, 0xff, 0xff, 0xf4, 0x0, 0x0, 0xef, 0xff,
    0xff, 0xf4, 0x0, 0x6, 0xff, 0xfe, 0x51, 0x20,
    0x0, 0xa, 0xff, 0xf4, 0x0, 0x0, 0x0, 0xb,
    0xff, 0xf1, 0x0, 0x0, 0x0, 0xb, 0xff, 0xf1,
    0x0, 0x0, 0x4f, 0xff, 0xff, 0xff, 0xff, 0x80,
    0x4f, 0xff, 0xff, 0xff, 0xff, 0x80, 0x3c, 0xce,
    0xff, 0xfc, 0xcc, 0x60, 0x0, 0xb, 0xff, 0xf1,
    0x0, 0x0, 0x0, 0xb, 0xff, 0xf1, 0x0, 0x0,
    0x0, 0xb, 0xff, 0xf1, 0x0, 0x0, 0x0, 0xb,
    0xff, 0xf1, 0x0, 0x0, 0x0, 0xb, 0xff, 0xf1,
    0x0, 0x0, 0x0, 0xb, 0xff, 0xf1, 0x0, 0x0,
    0x0, 0xb, 0xff, 0xf1, 0x0, 0x0, 0x0, 0xb,
    0xff, 0xf1, 0x0, 0x0, 0x0, 0xb, 0xff, 0xf1,
    0x0, 0x0, 0x0, 0xb, 0xff, 0xf1, 0x0, 0x0,
    0x0, 0xb, 0xff, 0xf1, 0x0, 0x0, 0x0, 0xb,
    0xff, 0xf1, 0x0, 0x0, 0x0, 0xb, 0xff, 0xf1,
    0x0, 0x0, 0x0, 0xb, 0xff, 0xf1, 0x0, 0x0,

    /* U+0067 "g" */
    0x0, 0x0, 0x7c, 0xff, 0xd8, 0x14, 0xff, 0xf3,
    0x0, 0x2e, 0xff, 0xff, 0xff, 0xf9, 0xff, 0xf3,
    0x1, 0xef, 0xff, 0xff, 0xff, 0xff, 0xff, 0xf3,
    0xa, 0xff, 0xfe, 0x61, 0x15, 0xdf, 0xff, 0xf3,
    0x1f, 0xff, 0xf2, 0x0, 0x0, 0x1d, 0xff, 0xf3,
    0x6f, 0xff, 0x90, 0x0, 0x0, 0x9, 0xff, 0xf3,
    0x9f, 0xff, 0x40, 0x0, 0x0, 0x9, 0xff, 0xf3,
    0xaf, 0xff, 0x20, 0x0, 0x0, 0x9, 0xff, 0xf3,
    0xbf, 0xff, 0x10, 0x0, 0x0, 0x9, 0xff, 0xf3,
    0xaf, 0xff, 0x10, 0x0, 0x0, 0x9, 0xff, 0xf3,
    0x8f, 0xff, 0x30, 0x0, 0x0, 0x9, 0xff, 0xf3,
    0x5f, 0xff, 0x80, 0x0, 0x0, 0x9, 0xff, 0xf3,
    0x1f, 0xff, 0xf2, 0x0, 0x0, 0x1e, 0xff, 0xf3,
    0x9, 0xff, 0xfe, 0x51, 0x15, 0xdf, 0xff, 0xf3,
    0x1, 0xef, 0xff, 0xff, 0xff, 0xff, 0xff, 0xf3,
    0x0, 0x2e, 0xff, 0xff, 0xff, 0xec, 0xff, 0xf2,
    0x0, 0x0, 0x7c, 0xff, 0xd8, 0xa, 0xff, 0xf2,
    0x0, 0x0, 0x0, 0x0, 0x0, 0xc, 0xff, 0xf0,
    0x0, 0x56, 0x0, 0x0, 0x0, 0x3f, 0xff, 0xc0,
    0x3, 0xff, 0xb4, 0x0, 0x27, 0xff, 0xff, 0x50,
    0x7, 0xff, 0xff, 0xff, 0xff, 0xff, 0xfa, 0x0,
    0x0, 0x6e, 0xff, 0xff, 0xff, 0xff, 0x90, 0x0,
    0x0, 0x1, 0x6b, 0xef, 0xec, 0x92, 0x0, 0x0,

    /* U+0068 "h" */
    0x1f, 0xff, 0xb0, 0x0, 0x0, 0x0, 0x0, 0x1,
    0xff, 0xfb, 0x0, 0x0, 0x0, 0x0, 0x0, 0x1f,
    0xff, 0xb0, 0x0, 0x0, 0x0, 0x0, 0x1, 0xff,
    0xfb, 0x0, 0x0, 0x0, 0x0, 0x0, 0x1f, 0xff,
    0xb0, 0x0, 0x0, 0x0, 0x0, 0x1, 0xff, 0xfb,
    0x0, 0x0, 0x0, 0x0, 0x0, 0x1f, 0xff, 0xb0,
    0x4b, 0xef, 0xea, 0x30, 0x1, 0xff, 0xfb, 0x9f,
    0xff, 0xff, 0xff, 0x60, 0x1f, 0xff, 0xff, 0xff,
    0xff, 0xff, 0xff, 0x11, 0xff, 0xff, 0xe6, 0x21,
    0x5e, 0xff, 0xf7, 0x1f, 0xff, 0xf2, 0x0, 0x0,
    0x3f, 0xff, 0xb1, 0xff, 0xfb, 0x0, 0x0, 0x0,
    0xff, 0xfd, 0x1f, 0xff, 0xb0, 0x0, 0x0, 0xe,
    0xff, 0xd1, 0xff, 0xfb, 0x0, 0x0, 0x0, 0xef,
    0xfe, 0x1f, 0xff, 0xb0, 0x0, 0x0, 0xe, 0xff,
    0xe1, 0xff, 0xfb, 0x0, 0x0, 0x0, 0xef, 0xfe,
    0x1f, 0xff, 0xb0, 0x0, 0x0, 0xe, 0xff, 0xe1,
    0xff, 0xfb, 0x0, 0x0, 0x0, 0xef, 0xfe, 0x1f,
    0xff, 0xb0, 0x0, 0x0, 0xe, 0xff, 0xe1, 0xff,
    0xfb, 0x0, 0x0, 0x0, 0xef, 0xfe, 0x1f, 0xff,
    0xb0, 0x0, 0x0, 0xe, 0xff, 0xe1, 0xff, 0xfb,
    0x0, 0x0, 0x0, 0xef, 0xfe, 0x1f, 0xff, 0xb0,
    0x0, 0x0, 0xe, 0xff, 0xe0,

    /* U+0069 "i" */
    0x5, 0xee, 0x70, 0xf, 0xff, 0xf2, 0xf, 0xff,
    0xf2, 0x5, 0xee, 0x70, 0x0, 0x0, 0x0, 0xd,
    0xff, 0xf0, 0xd, 0xff, 0xf0, 0xd, 0xff, 0xf0,
    0xd, 0xff, 0xf0, 0xd, 0xff, 0xf0, 0xd, 0xff,
    0xf0, 0xd, 0xff, 0xf0, 0xd, 0xff, 0xf0, 0xd,
    0xff, 0xf0, 0xd, 0xff, 0xf0, 0xd, 0xff, 0xf0,
    0xd, 0xff, 0xf0, 0xd, 0xff, 0xf0, 0xd, 0xff,
    0xf0, 0xd, 0xff, 0xf0, 0xd, 0xff, 0xf0, 0xd,
    0xff, 0xf0,

    /* U+006A "j" */
    0x0, 0x0, 0x7e, 0xe5, 0x0, 0x0, 0x1f, 0xff,
    0xf0, 0x0, 0x1, 0xff, 0xff, 0x0, 0x0, 0x7,
    0xee, 0x50, 0x0, 0x0, 0x0, 0x0, 0x0, 0x0,
    0xe, 0xff, 0xe0, 0x0, 0x0, 0xef, 0xfe, 0x0,
    0x0, 0xe, 0xff, 0xe0, 0x0, 0x0, 0xef, 0xfe,
    0x0, 0x0, 0xe, 0xff, 0xe0, 0x0, 0x0, 0xef,
    0xfe, 0x0, 0x0, 0xe, 0xff, 0xe0, 0x0, 0x0,
    0xef, 0xfe, 0x0, 0x0, 0xe, 0xff, 0xe0, 0x0,
    0x0, 0xef, 0xfe, 0x0, 0x0, 0xe, 0xff, 0xe0,
    0x0, 0x0, 0xef, 0xfe, 0x0, 0x0, 0xe, 0xff,
    0xe0, 0x0, 0x0, 0xef, 0xfe, 0x0, 0x0, 0xe,
    0xff, 0xe0, 0x0, 0x0, 0xef, 0xfe, 0x0, 0x0,
    0xe, 0xff, 0xe0, 0x0, 0x0, 0xef, 0xfe, 0x0,
    0x0, 0xf, 0xff, 0xd0, 0x2, 0x29, 0xff, 0xfb,
    0x2, 0xff, 0xff, 0xff, 0x60, 0x2f, 0xff, 0xff,
    0xb0, 0x2, 0xdf, 0xfc, 0x70, 0x0,

    /* U+006B "k" */
    0xf, 0xff, 0xc0, 0x0, 0x0, 0x0, 0x0, 0x0,
    0xf, 0xff, 0xc0, 0x0, 0x0, 0x0, 0x0, 0x0,
    0xf, 0xff, 0xc0, 0x0, 0x0, 0x0, 0x0, 0x0,
    0xf, 0xff, 0xc0, 0x0, 0x0, 0x0, 0x0, 0x0,
    0xf, 0xff, 0xc0, 0x0, 0x0, 0x0, 0x0, 0x0,
    0xf, 0xff, 0xc0, 0x0, 0x0, 0x0, 0x0, 0x0,
    0xf, 0xff, 0xc0, 0x0, 0x0, 0xcf, 0xff, 0xb0,
    0xf, 0xff, 0xc0, 0x0, 0xb, 0xff, 0xfc, 0x0,
    0xf, 0xff, 0xc0, 0x0, 0x9f, 0xff, 0xd1, 0x0,
    0xf, 0xff, 0xc0, 0x7, 0xff, 0xfe, 0x20, 0x0,
    0xf, 0xff, 0xc0, 0x5f, 0xff, 0xf3, 0x0, 0x0,
    0xf, 0xff, 0xc4, 0xff, 0xff, 0x50, 0x0, 0x0,
    0xf, 0xff, 0xde, 0xff, 0xf6, 0x0, 0x0, 0x0,
    0xf, 0xff, 0xff, 0xff, 0xf3, 0x0, 0x0, 0x0,
    0xf, 0xff, 0xff, 0xff, 0xfd, 0x0, 0x0, 0x0,
    0xf, 0xff, 0xff, 0xff, 0xff, 0x90, 0x0, 0x0,
    0xf, 0xff, 0xfa, 0x2e, 0xff, 0xf4, 0x0, 0x0,
    0xf, 0xff, 0xd0, 0x5, 0xff, 0xfe, 0x10, 0x0,
    0xf, 0xff, 0xc0, 0x0, 0xaf, 0xff, 0xa0, 0x0,
    0xf, 0xff, 0xc0, 0x0, 0x1e, 0xff, 0xf6, 0x0,
    0xf, 0xff, 0xc0, 0x0, 0x4, 0xff, 0xff, 0x20,
    0xf, 0xff, 0xc0, 0x0, 0x0, 0x9f, 0xff, 0xc0,
    0xf, 0xff, 0xc0, 0x0, 0x0, 0xd, 0xff, 0xf7,

    /* U+006C "l" */
    0xdf, 0xff, 0xdf, 0xff, 0xdf, 0xff, 0xdf, 0xff,
    0xdf, 0xff, 0xdf, 0xff, 0xdf, 0xff, 0xdf, 0xff,
    0xdf, 0xff, 0xdf, 0xff, 0xdf, 0xff, 0xdf, 0xff,
    0xdf, 0xff, 0xdf, 0xff, 0xdf, 0xff, 0xdf, 0xff,
    0xdf, 0xff, 0xdf, 0xff, 0xdf, 0xff, 0xdf, 0xff,
    0xdf, 0xff, 0xdf, 0xff, 0xdf, 0xff,

    /* U+006D "m" */
    0x1f, 0xff, 0x80, 0x6b, 0xef, 0xea, 0x30, 0x0,
    0x6c, 0xef, 0xea, 0x30, 0x1, 0xff, 0xfa, 0xcf,
    0xff, 0xff, 0xff, 0x61, 0xcf, 0xff, 0xff, 0xff,
    0x60, 0x1f, 0xff, 0xff, 0xff, 0xff, 0xff, 0xff,
    0xdf, 0xff, 0xff, 0xff, 0xff, 0x21, 0xff, 0xff,
    0xd5, 0x12, 0x6e, 0xff, 0xff, 0xf7, 0x21, 0x5d,
    0xff, 0xf8, 0x1f, 0xff, 0xe1, 0x0, 0x0, 0x5f,
    0xff, 0xf5, 0x0, 0x0, 0x3f, 0xff, 0xb1, 0xff,
    0xfb, 0x0, 0x0, 0x1, 0xff, 0xfd, 0x0, 0x0,
    0x0, 0xff, 0xfd, 0x1f, 0xff, 0xb0, 0x0, 0x0,
    0xf, 0xff, 0xc0, 0x0, 0x0, 0xe, 0xff, 0xe1,
    0xff, 0xfb, 0x0, 0x0, 0x0, 0xff, 0xfc, 0x0,
    0x0, 0x0, 0xef, 0xfe, 0x1f, 0xff, 0xb0, 0x0,
    0x0, 0xf, 0xff, 0xc0, 0x0, 0x0, 0xe, 0xff,
    0xe1, 0xff, 0xfb, 0x0, 0x0, 0x0, 0xff, 0xfc,
    0x0, 0x0, 0x0, 0xef, 0xfe, 0x1f, 0xff, 0xb0,
    0x0, 0x0, 0xf, 0xff, 0xc0, 0x0, 0x0, 0xe,
    0xff, 0xe1, 0xff, 0xfb, 0x0, 0x0, 0x0, 0xff,
    0xfc, 0x0, 0x0, 0x0, 0xef, 0xfe, 0x1f, 0xff,
    0xb0, 0x0, 0x0, 0xf, 0xff, 0xc0, 0x0, 0x0,
    0xe, 0xff, 0xe1, 0xff, 0xfb, 0x0, 0x0, 0x0,
    0xff, 0xfc, 0x0, 0x0, 0x0, 0xef, 0xfe, 0x1f,
    0xff, 0xb0, 0x0, 0x0, 0xf, 0xff, 0xc0, 0x0,
    0x0, 0xe, 0xff, 0xe1, 0xff, 0xfb, 0x0, 0x0,
    0x0, 0xff, 0xfc, 0x0, 0x0, 0x0, 0xef, 0xfe,
    0x1f, 0xff, 0xb0, 0x0, 0x0, 0xf, 0xff, 0xc0,
    0x0, 0x0, 0xe, 0xff, 0xe0,

    /* U+006E "n" */
    0x1f, 0xff, 0x70, 0x5b, 0xef, 0xeb, 0x40, 0x1,
    0xff, 0xf9, 0xaf, 0xff, 0xff, 0xff, 0x60, 0x1f,
    0xff, 0xff, 0xff, 0xff, 0xff, 0xff, 0x21, 0xff,
    0xff, 0xe6, 0x21, 0x5e, 0xff, 0xf8, 0x1f, 0xff,
    0xf2, 0x0, 0x0, 0x4f, 0xff, 0xb1, 0xff, 0xfb,
    0x0, 0x0, 0x0, 0xff, 0xfd, 0x1f, 0xff, 0xb0,
    0x0, 0x0, 0xe, 0xff, 0xe1, 0xff, 0xfb, 0x0,
    0x0, 0x0, 0xef, 0xfe, 0x1f, 0xff, 0xb0, 0x0,
    0x0, 0xe, 0xff, 0xe1, 0xff, 0xfb, 0x0, 0x0,
    0x0, 0xef, 0xfe, 0x1f, 0xff, 0xb0, 0x0, 0x0,
    0xe, 0xff, 0xe1, 0xff, 0xfb, 0x0, 0x0, 0x0,
    0xef, 0xfe, 0x1f, 0xff, 0xb0, 0x0, 0x0, 0xe,
    0xff, 0xe1, 0xff, 0xfb, 0x0, 0x0, 0x0, 0xef,
    0xfe, 0x1f, 0xff, 0xb0, 0x0, 0x0, 0xe, 0xff,
    0xe1, 0xff, 0xfb, 0x0, 0x0, 0x0, 0xef, 0xfe,
    0x1f, 0xff, 0xb0, 0x0, 0x0, 0xe, 0xff, 0xe0,

    /* U+006F "o" */
    0x0, 0x0, 0x39, 0xdf, 0xfd, 0xa4, 0x0, 0x0,
    0x0, 0x9, 0xff, 0xff, 0xff, 0xff, 0xb1, 0x0,
    0x0, 0xbf, 0xff, 0xff, 0xff, 0xff, 0xfd, 0x10,
    0x6, 0xff, 0xfe, 0x51, 0x4, 0xdf, 0xff, 0xa0,
    0xe, 0xff, 0xf2, 0x0, 0x0, 0x1d, 0xff, 0xf3,
    0x5f, 0xff, 0x80, 0x0, 0x0, 0x5, 0xff, 0xf8,
    0x9f, 0xff, 0x40, 0x0, 0x0, 0x0, 0xff, 0xfc,
    0xaf, 0xff, 0x10, 0x0, 0x0, 0x0, 0xef, 0xfe,
    0xcf, 0xff, 0x0, 0x0, 0x0, 0x0, 0xdf, 0xff,
    0xbf, 0xff, 0x10, 0x0, 0x0, 0x0, 0xef, 0xfd,
    0x9f, 0xff, 0x30, 0x0, 0x0, 0x0, 0xff, 0xfc,
    0x5f, 0xff, 0x80, 0x0, 0x0, 0x5, 0xff, 0xf8,
    0xf, 0xff, 0xf2, 0x0, 0x0, 0xd, 0xff, 0xf2,
    0x7, 0xff, 0xfe, 0x50, 0x4, 0xcf, 0xff, 0xa0,
    0x0, 0xbf, 0xff, 0xff, 0xff, 0xff, 0xfd, 0x0,
    0x0, 0xa, 0xff, 0xff, 0xff, 0xff, 0xb1, 0x0,
    0x0, 0x0, 0x39, 0xdf, 0xfe, 0xa4, 0x0, 0x0,

    /* U+0070 "p" */
    0x1f, 0xff, 0x70, 0x7c, 0xff, 0xd9, 0x10, 0x0,
    0x1f, 0xff, 0xad, 0xff, 0xff, 0xff, 0xf4, 0x0,
    0x1f, 0xff, 0xff, 0xff, 0xff, 0xff, 0xff, 0x20,
    0x1f, 0xff, 0xfe, 0x52, 0x15, 0xef, 0xff, 0xb0,
    0x1f, 0xff, 0xe1, 0x0, 0x0, 0x2f, 0xff, 0xf2,
    0x1f, 0xff, 0xb0, 0x0, 0x0, 0x8, 0xff, 0xf6,
    0x1f, 0xff, 0xb0, 0x0, 0x0, 0x3, 0xff, 0xf9,
    0x1f, 0xff, 0xb0, 0x0, 0x0, 0x1, 0xff, 0xfb,
    0x1f, 0xff, 0xb0, 0x0, 0x0, 0x0, 0xff, 0xfb,
    0x1f, 0xff, 0xb0, 0x0, 0x0, 0x1, 0xff, 0xfb,
    0x1f, 0xff, 0xb0, 0x0, 0x0, 0x3, 0xff, 0xf9,
    0x1f, 0xff, 0xb0, 0x0, 0x0, 0x8, 0xff, 0xf6,
    0x1f, 0xff, 0xe1, 0x0, 0x0, 0x1e, 0xff, 0xf2,
    0x1f, 0xff, 0xfd, 0x51, 0x4, 0xdf, 0xff, 0xb0,
    0x1f, 0xff, 0xff, 0xff, 0xff, 0xff, 0xff, 0x20,
    0x1f, 0xff, 0xdc, 0xff, 0xff, 0xff, 0xf4, 0x0,
    0x1f, 0xff, 0xb0, 0x6c, 0xff, 0xd8, 0x10, 0x0,
    0x1f, 0xff, 0xb0, 0x0, 0x0, 0x0, 0x0, 0x0,
    0x1f, 0xff, 0xb0, 0x0, 0x0, 0x0, 0x0, 0x0,
    0x1f, 0xff, 0xb0, 0x0, 0x0, 0x0, 0x0, 0x0,
    0x1f, 0xff, 0xb0, 0x0, 0x0, 0x0, 0x0, 0x0,
    0x1f, 0xff, 0xb0, 0x0, 0x0, 0x0, 0x0, 0x0,
    0x1f, 0xff, 0xb0, 0x0, 0x0, 0x0, 0x0, 0x0,

    /* U+0071 "q" */
    0x0, 0x1, 0x8d, 0xff, 0xd7, 0x6, 0xff, 0xf0,
    0x0, 0x3e, 0xff, 0xff, 0xff, 0xea, 0xff, 0xf0,
    0x2, 0xff, 0xff, 0xff, 0xff, 0xff, 0xff, 0xf0,
    0xb, 0xff, 0xfd, 0x40, 0x15, 0xdf, 0xff, 0xf0,
    0x2f, 0xff, 0xe1, 0x0, 0x0, 0x1e, 0xff, 0xf0,
    0x7f, 0xff, 0x80, 0x0, 0x0, 0xc, 0xff, 0xf0,
    0xaf, 0xff, 0x30, 0x0, 0x0, 0xc, 0xff, 0xf0,
    0xbf, 0xff, 0x10, 0x0, 0x0, 0xc, 0xff, 0xf0,
    0xcf, 0xff, 0x0, 0x0, 0x0, 0xc, 0xff, 0xf0,
    0xbf, 0xff, 0x10, 0x0, 0x0, 0xc, 0xff, 0xf0,
    0x9f, 0xff, 0x30, 0x0, 0x0, 0xc, 0xff, 0xf0,
    0x6f, 0xff, 0x70, 0x0, 0x0, 0xc, 0xff, 0xf0,
    0x1f, 0xff, 0xe1, 0x0, 0x0, 0x1e, 0xff, 0xf0,
    0xa, 0xff, 0xfd, 0x40, 0x15, 0xef, 0xff, 0xf0,
    0x1, 0xef, 0xff, 0xff, 0xff, 0xff, 0xff, 0xf0,
    0x0, 0x3e, 0xff, 0xff, 0xff, 0xdd, 0xff, 0xf0,
    0x0, 0x1, 0x8d, 0xff, 0xc7, 0xc, 0xff, 0xf0,
    0x0, 0x0, 0x0, 0x0, 0x0, 0xc, 0xff, 0xf0,
    0x0, 0x0, 0x0, 0x0, 0x0, 0xc, 0xff, 0xf0,
    0x0, 0x0, 0x0, 0x0, 0x0, 0xc, 0xff, 0xf0,
    0x0, 0x0, 0x0, 0x0, 0x0, 0xc, 0xff, 0xf0,
    0x0, 0x0, 0x0, 0x0, 0x0, 0xc, 0xff, 0xf0,
    0x0, 0x0, 0x0, 0x0, 0x0, 0xc, 0xff, 0xf0,

    /* U+0072 "r" */
    0x1f, 0xff, 0x90, 0x8e, 0xfc, 0x1f, 0xff, 0xad,
    0xff, 0xfc, 0x1f, 0xff, 0xff, 0xff, 0xfc, 0x1f,
    0xff, 0xff, 0xeb, 0xa8, 0x1f, 0xff, 0xf9, 0x0,
    0x0, 0x1f, 0xff, 0xd0, 0x0, 0x0, 0x1f, 0xff,
    0xb0, 0x0, 0x0, 0x1f, 0xff, 0xb0, 0x0, 0x0,
    0x1f, 0xff, 0xb0, 0x0, 0x0, 0x1f, 0xff, 0xb0,
    0x0, 0x0, 0x1f, 0xff, 0xb0, 0x0, 0x0, 0x1f,
    0xff, 0xb0, 0x0, 0x0, 0x1f, 0xff, 0xb0, 0x0,
    0x0, 0x1f, 0xff, 0xb0, 0x0, 0x0, 0x1f, 0xff,
    0xb0, 0x0, 0x0, 0x1f, 0xff, 0xb0, 0x0, 0x0,
    0x1f, 0xff, 0xb0, 0x0, 0x0,

    /* U+0073 "s" */
    0x0, 0x2, 0x9d, 0xff, 0xeb, 0x60, 0x0, 0x0,
    0x7, 0xff, 0xff, 0xff, 0xff, 0xe3, 0x0, 0x7,
    0xff, 0xff, 0xed, 0xff, 0xff, 0xf2, 0x0, 0xff,
    0xfe, 0x40, 0x1, 0xaf, 0xff, 0xa0, 0x3f, 0xff,
    0x80, 0x0, 0x0, 0xef, 0xff, 0x3, 0xff, 0xfa,
    0x0, 0x0, 0x3, 0x44, 0x40, 0xe, 0xff, 0xfa,
    0x40, 0x0, 0x0, 0x0, 0x0, 0x4f, 0xff, 0xff,
    0xfc, 0x83, 0x0, 0x0, 0x0, 0x2b, 0xff, 0xff,
    0xff, 0xfc, 0x30, 0x0, 0x0, 0x2, 0x7b, 0xff,
    0xff, 0xff, 0x40, 0x0, 0x0, 0x0, 0x0, 0x3b,
    0xff, 0xfd, 0x6, 0x88, 0x70, 0x0, 0x0, 0xc,
    0xff, 0xf1, 0xaf, 0xff, 0x20, 0x0, 0x0, 0xaf,
    0xff, 0x15, 0xff, 0xfd, 0x30, 0x0, 0x5f, 0xff,
    0xe0, 0xa, 0xff, 0xff, 0xed, 0xef, 0xff, 0xf5,
    0x0, 0x9, 0xff, 0xff, 0xff, 0xff, 0xf6, 0x0,
    0x0, 0x2, 0x8d, 0xef, 0xec, 0x81, 0x0, 0x0,

    /* U+0074 "t" */
    0x0, 0x1f, 0xff, 0xb0, 0x0, 0x0, 0x1f, 0xff,
    0xb0, 0x0, 0x0, 0x1f, 0xff, 0xb0, 0x0, 0x0,
    0x1f, 0xff, 0xb0, 0x0, 0xef, 0xff, 0xff, 0xff,
    0xfb, 0xef, 0xff, 0xff, 0xff, 0xfb, 0xac, 0xcf,
    0xff, 0xec, 0xc8, 0x0, 0x1f, 0xff, 0xb0, 0x0,
    0x0, 0x1f, 0xff, 0xb0, 0x0, 0x0, 0x1f, 0xff,
    0xb0, 0x0, 0x0, 0x1f, 0xff, 0xb0, 0x0, 0x0,
    0x1f, 0xff, 0xb0, 0x0, 0x0, 0x1f, 0xff, 0xb0,
    0x0, 0x0, 0x1f, 0xff, 0xb0, 0x0, 0x0, 0x1f,
    0xff, 0xb0, 0x0, 0x0, 0x1f, 0xff, 0xb0, 0x0,
    0x0, 0x1f, 0xff, 0xc0, 0x0, 0x0, 0xf, 0xff,
    0xf5, 0x22, 0x0, 0xb, 0xff, 0xff, 0xfc, 0x0,
    0x3, 0xff, 0xff, 0xfc, 0x0, 0x0, 0x3b, 0xff,
    0xe9,

    /* U+0075 "u" */
    0x2f, 0xff, 0xa0, 0x0, 0x0, 0xf, 0xff, 0xd2,
    0xff, 0xfa, 0x0, 0x0, 0x0, 0xff, 0xfd, 0x2f,
    0xff, 0xa0, 0x0, 0x0, 0xf, 0xff, 0xd2, 0xff,
    0xfa, 0x0, 0x0, 0x0, 0xff, 0xfd, 0x2f, 0xff,
    0xa0, 0x0, 0x0, 0xf, 0xff, 0xd2, 0xff, 0xfa,
    0x0, 0x0, 0x0, 0xff, 0xfd, 0x2f, 0xff, 0xa0,
    0x0, 0x0, 0xf, 0xff, 0xd2, 0xff, 0xfa, 0x0,
    0x0, 0x0, 0xff, 0xfd, 0x2f, 0xff, 0xa0, 0x0,
    0x0, 0xf, 0xff, 0xd2, 0xff, 0xfa, 0x0, 0x0,
    0x0, 0xff, 0xfd, 0x2f, 0xff, 0xa0, 0x0, 0x0,
    0xf, 0xff, 0xd1, 0xff, 0xfb, 0x0, 0x0, 0x0,
    0xff, 0xfd, 0xf, 0xff, 0xf0, 0x0, 0x0, 0x4f,
    0xff, 0xd0, 0xcf, 0xff, 0xb3, 0x13, 0x8f, 0xff,
    0xfd, 0x5, 0xff, 0xff, 0xff, 0xff, 0xff, 0xff,
    0xd0, 0x9, 0xff, 0xff, 0xff, 0xfb, 0xdf, 0xfd,
    0x0, 0x5, 0xbe, 0xfe, 0xb5, 0xb, 0xff, 0xd0,

    /* U+0076 "v" */
    0x7f, 0xff, 0x60, 0x0, 0x0, 0xa, 0xff, 0xf3,
    0x2f, 0xff, 0xb0, 0x0, 0x0, 0xf, 0xff, 0xe0,
    0xc, 0xff, 0xf0, 0x0, 0x0, 0x4f, 0xff, 0x80,
    0x7, 0xff, 0xf5, 0x0, 0x0, 0x9f, 0xff, 0x30,
    0x1, 0xff, 0xfa, 0x0, 0x0, 0xdf, 0xfd, 0x0,
    0x0, 0xbf, 0xfe, 0x0, 0x2, 0xff, 0xf8, 0x0,
    0x0, 0x6f, 0xff, 0x40, 0x7, 0xff, 0xf2, 0x0,
    0x0, 0x1f, 0xff, 0x80, 0xc, 0xff, 0xd0, 0x0,
    0x0, 0xb, 0xff, 0xd0, 0x1f, 0xff, 0x70, 0x0,
    0x0, 0x5, 0xff, 0xf2, 0x5f, 0xff, 0x20, 0x0,
    0x0, 0x0, 0xff, 0xf7, 0xaf, 0xfc, 0x0, 0x0,
    0x0, 0x0, 0xaf, 0xfc, 0xff, 0xf7, 0x0, 0x0,
    0x0, 0x0, 0x5f, 0xff, 0xff, 0xf1, 0x0, 0x0,
    0x0, 0x0, 0xf, 0xff, 0xff, 0xc0, 0x0, 0x0,
    0x0, 0x0, 0x9, 0xff, 0xff, 0x60, 0x0, 0x0,
    0x0, 0x0, 0x4, 0xff, 0xff, 0x10, 0x0, 0x0,
    0x0, 0x0, 0x0, 0xef, 0xfb, 0x0, 0x0, 0x0,

    /* U+0077 "w" */
    0x5f, 0xff, 0x50, 0x0, 0x0, 0xbf, 0xf6, 0x0,
    0x0, 0xa, 0xff, 0xf1, 0x1f, 0xff, 0x90, 0x0,
    0x0, 0xff, 0xfb, 0x0, 0x0, 0xd, 0xff, 0xc0,
    0xc, 0xff, 0xc0, 0x0, 0x5, 0xff, 0xff, 0x10,
    0x0, 0x1f, 0xff, 0x80, 0x8, 0xff, 0xf0, 0x0,
    0xa, 0xff, 0xff, 0x50, 0x0, 0x5f, 0xff, 0x30,
    0x4, 0xff, 0xf4, 0x0, 0xe, 0xff, 0xff, 0xa0,
    0x0, 0x9f, 0xff, 0x0, 0x0, 0xff, 0xf8, 0x0,
    0x3f, 0xfd, 0xff, 0xf0, 0x0, 0xcf, 0xfb, 0x0,
    0x0, 0xbf, 0xfb, 0x0, 0x8f, 0xf7, 0xcf, 0xf4,
    0x0, 0xff, 0xf6, 0x0, 0x0, 0x7f, 0xff, 0x0,
    0xdf, 0xf2, 0x8f, 0xf9, 0x4, 0xff, 0xf2, 0x0,
    0x0, 0x2f, 0xff, 0x31, 0xff, 0xd0, 0x3f, 0xfd,
    0x8, 0xff, 0xe0, 0x0, 0x0, 0xe, 0xff, 0x76,
    0xff, 0x80, 0xe, 0xff, 0x2b, 0xff, 0x90, 0x0,
    0x0, 0xa, 0xff, 0xbb, 0xff, 0x30, 0x9, 0xff,
    0x7f, 0xff, 0x50, 0x0, 0x0, 0x5, 0xff, 0xef,
    0xfe, 0x0, 0x4, 0xff, 0xef, 0xff, 0x10, 0x0,
    0x0, 0x1, 0xff, 0xff, 0xfa, 0x0, 0x0, 0xef,
    0xff, 0xfc, 0x0, 0x0, 0x0, 0x0, 0xdf, 0xff,
    0xf5, 0x0, 0x0, 0xaf, 0xff, 0xf8, 0x0, 0x0,
    0x0, 0x0, 0x8f, 0xff, 0xf0, 0x0, 0x0, 0x5f,
    0xff, 0xf4, 0x0, 0x0, 0x0, 0x0, 0x4f, 0xff,
    0xb0, 0x0, 0x0, 0xf, 0xff, 0xf0, 0x0, 0x0,
    0x0, 0x0, 0xf, 0xff, 0x60, 0x0, 0x0, 0xb,
    0xff, 0xb0, 0x0, 0x0,

    /* U+0078 "x" */
    0x1e, 0xff, 0xf2, 0x0, 0x0, 0x1f, 0xff, 0xf2,
    0x6, 0xff, 0xfb, 0x0, 0x0, 0xaf, 0xff, 0x80,
    0x0, 0xcf, 0xff, 0x40, 0x3, 0xff, 0xfd, 0x0,
    0x0, 0x3f, 0xff, 0xd0, 0xc, 0xff, 0xf4, 0x0,
    0x0, 0x8, 0xff, 0xf7, 0x6f, 0xff, 0xa0, 0x0,
    0x0, 0x0, 0xef, 0xff, 0xef, 0xff, 0x10, 0x0,
    0x0, 0x0, 0x5f, 0xff, 0xff, 0xf7, 0x0, 0x0,
    0x0, 0x0, 0xb, 0xff, 0xff, 0xc0, 0x0, 0x0,
    0x0, 0x0, 0x5, 0xff, 0xff, 0x70, 0x0, 0x0,
    0x0, 0x0, 0xd, 0xff, 0xff, 0xe1, 0x0, 0x0,
    0x0, 0x0, 0x7f, 0xff, 0xff, 0xf9, 0x0, 0x0,
    0x0, 0x2, 0xff, 0xfd, 0xcf, 0xff, 0x30, 0x0,
    0x0, 0xb, 0xff, 0xf4, 0x3f, 0xff, 0xd0, 0x0,
    0x0, 0x5f, 0xff, 0xb0, 0x9, 0xff, 0xf7, 0x0,
    0x0, 0xef, 0xff, 0x20, 0x1, 0xef, 0xff, 0x10,
    0x9, 0xff, 0xf9, 0x0, 0x0, 0x6f, 0xff, 0xb0,
    0x3f, 0xff, 0xe1, 0x0, 0x0, 0xd, 0xff, 0xf5,

    /* U+0079 "y" */
    0xaf, 0xff, 0x60, 0x0, 0x0, 0xd, 0xff, 0xf2,
    0x4f, 0xff, 0xc0, 0x0, 0x0, 0x2f, 0xff, 0xc0,
    0xe, 0xff, 0xf1, 0x0, 0x0, 0x7f, 0xff, 0x70,
    0x8, 0xff, 0xf6, 0x0, 0x0, 0xcf, 0xff, 0x10,
    0x2, 0xff, 0xfb, 0x0, 0x1, 0xff, 0xfb, 0x0,
    0x0, 0xcf, 0xff, 0x0, 0x6, 0xff, 0xf6, 0x0,
    0x0, 0x7f, 0xff, 0x50, 0xa, 0xff, 0xf0, 0x0,
    0x0, 0x1f, 0xff, 0xa0, 0xf, 0xff, 0xa0, 0x0,
    0x0, 0xb, 0xff, 0xf0, 0x4f, 0xff, 0x50, 0x0,
    0x0, 0x5, 0xff, 0xf4, 0x9f, 0xfe, 0x0, 0x0,
    0x0, 0x0, 0xff, 0xf9, 0xef, 0xf9, 0x0, 0x0,
    0x0, 0x0, 0x9f, 0xff, 0xff, 0xf3, 0x0, 0x0,
    0x0, 0x0, 0x4f, 0xff, 0xff, 0xe0, 0x0, 0x0,
    0x0, 0x0, 0xe, 0xff, 0xff, 0x80, 0x0, 0x0,
    0x0, 0x0, 0x8, 0xff, 0xff, 0x20, 0x0, 0x0,
    0x0, 0x0, 0x2, 0xff, 0xfd, 0x0, 0x0, 0x0,
    0x0, 0x0, 0x0, 0xff, 0xf7, 0x0, 0x0, 0x0,
    0x0, 0x0, 0x5, 0xff, 0xf1, 0x0, 0x0, 0x0,
    0x0, 0x0, 0xd, 0xff, 0xc0, 0x0, 0x0, 0x0,
    0x1, 0x24, 0xbf, 0xff, 0x50, 0x0, 0x0, 0x0,
    0x7, 0xff, 0xff, 0xfc, 0x0, 0x0, 0x0, 0x0,
    0x7, 0xff, 0xff, 0xe2, 0x0, 0x0, 0x0, 0x0,
    0x5, 0xef, 0xe9, 0x10, 0x0, 0x0, 0x0, 0x0,

    /* U+007A "z" */
    0x9f, 0xff, 0xff, 0xff, 0xff, 0xff, 0xfa, 0x9f,
    0xff, 0xff, 0xff, 0xff, 0xff, 0xfa, 0x9f, 0xff,
    0xff, 0xff, 0xff, 0xff, 0xf8, 0x0, 0x0, 0x0,
    0x0, 0x8f, 0xff, 0xc0, 0x0, 0x0, 0x0, 0x4,
    0xff, 0xff, 0x20, 0x0, 0x0, 0x0, 0x1e, 0xff,
    0xf5, 0x0, 0x0, 0x0, 0x0, 0xbf, 0xff, 0x90,
    0x0, 0x0, 0x0, 0x7, 0xff, 0xfd, 0x0, 0x0,
    0x0, 0x0, 0x3f, 0xff, 0xf2, 0x0, 0x0, 0x0,
    0x1, 0xef, 0xff, 0x50, 0x0, 0x0, 0x0, 0xb,
    0xff, 0xf9, 0x0, 0x0, 0x0, 0x0, 0x7f, 0xff,
    0xd0, 0x0, 0x0, 0x0, 0x3, 0xff, 0xff, 0x20,
    0x0, 0x0, 0x0, 0x1d, 0xff, 0xf5, 0x0, 0x0,
    0x0, 0x0, 0x9f, 0xff, 0xff, 0xff, 0xff, 0xff,
    0xff, 0xbf, 0xff, 0xff, 0xff, 0xff, 0xff, 0xff,
    0xbf, 0xff, 0xff, 0xff, 0xff, 0xff, 0xff,

    /* U+007B "{" */
    0x0, 0x0, 0x0, 0x0, 0x23, 0x0, 0x0, 0x0,
    0x1, 0xaf, 0xd0, 0x0, 0x0, 0x3, 0xef, 0xff,
    0x10, 0x0, 0x1, 0xef, 0xfd, 0x10, 0x0, 0x0,
    0x8f, 0xff, 0x20, 0x0, 0x0, 0xd, 0xff, 0xc0,
    0x0, 0x0, 0x0, 0xff, 0xf9, 0x0, 0x0, 0x0,
    0x1f, 0xff, 0x70, 0x0, 0x0, 0x1, 0xff, 0xf7,
    0x0, 0x0, 0x0, 0x1f, 0xff, 0x70, 0x0, 0x0,
    0x1, 0xff, 0xf7, 0x0, 0x0, 0x0, 0x3f, 0xff,
    0x60, 0x0, 0x0, 0x6, 0xff, 0xf3, 0x0, 0x0,
    0x3, 0xef, 0xfd, 0x0, 0x0, 0x1d, 0xff, 0xff,
    0x30, 0x0, 0x2, 0xff, 0xff, 0x20, 0x0, 0x0,
    0x2f, 0xff, 0xfd, 0x10, 0x0, 0x0, 0x17, 0xff,
    0xfb, 0x0, 0x0, 0x0, 0x8, 0xff, 0xf2, 0x0,
    0x0, 0x0, 0x3f, 0xff, 0x50, 0x0, 0x0, 0x1,
    0xff, 0xf7, 0x0, 0x0, 0x0, 0x1f, 0xff, 0x70,
    0x0, 0x0, 0x1, 0xff, 0xf7, 0x0, 0x0, 0x0,
    0x1f, 0xff, 0x70, 0x0, 0x0, 0x0, 0xff, 0xf8,
    0x0, 0x0, 0x0, 0xe, 0xff, 0xb0, 0x0, 0x0,
    0x0, 0x9f, 0xff, 0x10, 0x0, 0x0, 0x2, 0xff,
    0xfb, 0x0, 0x0, 0x0, 0x5, 0xff, 0xfd, 0x10,
    0x0, 0x0, 0x4, 0xef, 0xe0, 0x0, 0x0, 0x0,
    0x0, 0x56, 0x0,

    /* U+007C "|" */
    0x4f, 0xf5, 0x4f, 0xf5, 0x4f, 0xf5, 0x4f, 0xf5,
    0x4f, 0xf5, 0x4f, 0xf5, 0x4f, 0xf5, 0x4f, 0xf5,
    0x4f, 0xf5, 0x4f, 0xf5, 0x4f, 0xf5, 0x4f, 0xf5,
    0x4f, 0xf5, 0x4f, 0xf5, 0x4f, 0xf5, 0x4f, 0xf5,
    0x4f, 0xf5, 0x4f, 0xf5, 0x4f, 0xf5, 0x4f, 0xf5,
    0x4f, 0xf5, 0x4f, 0xf5, 0x4f, 0xf5, 0x4f, 0xf5,
    0x4f, 0xf5, 0x4f, 0xf5, 0x2a, 0xa3,

    /* U+007D "}" */
    0x5, 0x0, 0x0, 0x0, 0x0, 0x2f, 0xf8, 0x0,
    0x0, 0x0, 0x6f, 0xff, 0xc0, 0x0, 0x0, 0x4,
    0xff, 0xfa, 0x0, 0x0, 0x0, 0x7f, 0xff, 0x30,
    0x0, 0x0, 0x1f, 0xff, 0x80, 0x0, 0x0, 0xe,
    0xff, 0xb0, 0x0, 0x0, 0xc, 0xff, 0xc0, 0x0,
    0x0, 0xc, 0xff, 0xc0, 0x0, 0x0, 0xc, 0xff,
    0xc0, 0x0, 0x0, 0xc, 0xff, 0xc0, 0x0, 0x0,
    0xa, 0xff, 0xe0, 0x0, 0x0, 0x8, 0xff, 0xf1,
    0x0, 0x0, 0x2, 0xff, 0xfb, 0x10, 0x0, 0x0,
    0x6f, 0xff, 0xfa, 0x0, 0x0, 0x5, 0xff, 0xfd,
    0x0, 0x0, 0x3e, 0xff, 0xfd, 0x0, 0x1, 0xef,
    0xfd, 0x40, 0x0, 0x7, 0xff, 0xf3, 0x0, 0x0,
    0xa, 0xff, 0xe0, 0x0, 0x0, 0xc, 0xff, 0xc0,
    0x0, 0x0, 0xc, 0xff, 0xc0, 0x0, 0x0, 0xc,
    0xff, 0xc0, 0x0, 0x0, 0xc, 0xff, 0xc0, 0x0,
    0x0, 0xd, 0xff, 0xb0, 0x0, 0x0, 0xf, 0xff,
    0x90, 0x0, 0x0, 0x5f, 0xff, 0x40, 0x0, 0x2,
    0xef, 0xfc, 0x0, 0x0, 0x5f, 0xff, 0xe2, 0x0,
    0x0, 0x3f, 0xfb, 0x10, 0x0, 0x0, 0x8, 0x30,
    0x0, 0x0, 0x0,

    /* U+007E "~" */
    0x0, 0x4, 0xcf, 0xfb, 0x40, 0x0, 0x0, 0x4,
    0x88, 0x30, 0x7, 0xff, 0xff, 0xff, 0x90, 0x0,
    0x0, 0xaf, 0xf5, 0x3, 0xff, 0xff, 0xff, 0xff,
    0xa0, 0x0, 0xe, 0xff, 0x30, 0xaf, 0xfd, 0x43,
    0xaf, 0xff, 0xc4, 0x3b, 0xff, 0xe0, 0xf, 0xff,
    0x30, 0x0, 0x7f, 0xff, 0xff, 0xff, 0xf6, 0x1,
    0xff, 0xf0, 0x0, 0x0, 0x5f, 0xff, 0xff, 0xf9,
    0x0, 0x16, 0x65, 0x0, 0x0, 0x0, 0x2a, 0xef,
    0xc6, 0x0, 0x0,

    /* U+00A0 " " */

    /* U+00A1 "¡" */
    0x3d, 0xf9, 0xc, 0xff, 0xf4, 0xcf, 0xff, 0x44,
    0xef, 0xa0, 0x0, 0x0, 0x0, 0x0, 0x0, 0x0,
    0x0, 0x5, 0xff, 0xe0, 0x6f, 0xff, 0x6, 0xff,
    0xf0, 0x6f, 0xff, 0x7, 0xff, 0xf0, 0x7f, 0xff,
    0x8, 0xff, 0xf1, 0x8f, 0xff, 0x18, 0xff, 0xf1,
    0x9f, 0xff, 0x29, 0xff, 0xf2, 0x9f, 0xff, 0x3a,
    0xff, 0xf3, 0xaf, 0xff, 0x3b, 0xff, 0xf4, 0x9d,
    0xdd, 0x30,

    /* U+00A2 "¢" */
    0x0, 0x0, 0x0, 0x6f, 0xfb, 0x0, 0x0, 0x0,
    0x0, 0x0, 0x0, 0x6f, 0xfb, 0x0, 0x0, 0x0,
    0x0, 0x0, 0x0, 0x6f, 0xfb, 0x0, 0x0, 0x0,
    0x0, 0x0, 0x3, 0xaf, 0xfd, 0x50, 0x0, 0x0,
    0x0, 0x3, 0xcf, 0xff, 0xff, 0xff, 0x60, 0x0,
    0x0, 0x4f, 0xff, 0xff, 0xff, 0xff, 0xf8, 0x0,
    0x1, 0xef, 0xff, 0xb6, 0x69, 0xff, 0xff, 0x40,
    0x9, 0xff, 0xf8, 0x0, 0x0, 0x4f, 0xff, 0xc0,
    0xf, 0xff, 0xe0, 0x0, 0x0, 0xa, 0xff, 0xf0,
    0x3f, 0xff, 0x90, 0x0, 0x0, 0x4, 0x99, 0x91,
    0x5f, 0xff, 0x60, 0x0, 0x0, 0x0, 0x0, 0x0,
    0x6f, 0xff, 0x50, 0x0, 0x0, 0x0, 0x0, 0x0,
    0x6f, 0xff, 0x50, 0x0, 0x0, 0x0, 0x0, 0x0,
    0x5f, 0xff, 0x60, 0x0, 0x0, 0x0, 0x0, 0x0,
    0x2f, 0xff, 0x90, 0x0, 0x0, 0x1, 0x44, 0x40,
    0xe, 0xff, 0xe0, 0x0, 0x0, 0x9, 0xff, 0xf0,
    0x8, 0xff, 0xf9, 0x0, 0x0, 0x4f, 0xff, 0xc0,
    0x0, 0xef, 0xff, 0xd8, 0x8b, 0xff, 0xff, 0x40,
    0x0, 0x2e, 0xff, 0xff, 0xff, 0xff, 0xf6, 0x0,
    0x0, 0x1, 0xaf, 0xff, 0xff, 0xfc, 0x40, 0x0,
    0x0, 0x0, 0x1, 0x9f, 0xfd, 0x30, 0x0, 0x0,
    0x0, 0x0, 0x0, 0x6f, 0xfb, 0x0, 0x0, 0x0,
    0x0, 0x0, 0x0, 0x6f, 0xfb, 0x0, 0x0, 0x0,
    0x0, 0x0, 0x0, 0x6f, 0xfb, 0x0, 0x0, 0x0,

    /* U+00A3 "£" */
    0x0, 0x0, 0x0, 0x5b, 0xef, 0xfd, 0x93, 0x0,
    0x0, 0x0, 0x2, 0xcf, 0xff, 0xff, 0xff, 0xf9,
    0x0, 0x0, 0x1, 0xef, 0xff, 0xff, 0xff, 0xff,
    0xf9, 0x0, 0x0, 0x9f, 0xff, 0xe6, 0x23, 0x9f,
    0xff, 0xf2, 0x0, 0xf, 0xff, 0xf3, 0x0, 0x0,
    0x9f, 0xff, 0x70, 0x2, 0xff, 0xfd, 0x0, 0x0,
    0x4, 0xff, 0xf9, 0x0, 0x3f, 0xff, 0xb0, 0x0,
    0x0, 0x0, 0x0, 0x0, 0x3, 0xff, 0xfb, 0x0,
    0x0, 0x0, 0x0, 0x0, 0x0, 0x2f, 0xff, 0xc0,
    0x0, 0x0, 0x0, 0x0, 0x0, 0x13, 0xff, 0xfd,
    0x11, 0x11, 0x0, 0x0, 0x0, 0x8f, 0xff, 0xff,
    0xff, 0xff, 0xfb, 0x0, 0x0, 0x8, 0xff, 0xff,
    0xff, 0xff, 0xff, 0xb0, 0x0, 0x0, 0x8f, 0xff,
    0xff, 0xff, 0xff, 0xfb, 0x0, 0x0, 0x0, 0x0,
    0xff, 0xff, 0x0, 0x0, 0x0, 0x0, 0x0, 0x0,
    0xf, 0xff, 0xf0, 0x0, 0x0, 0x0, 0x0, 0x0,
    0x0, 0xef, 0xff, 0x0, 0x0, 0x0, 0x0, 0x0,
    0x0, 0xf, 0xff, 0xf0, 0x0, 0x0, 0x0, 0x0,
    0x0, 0x2, 0xff, 0xfb, 0x0, 0x0, 0x0, 0x0,
    0x0, 0x1, 0xaf, 0xff, 0x51, 0x11, 0x11, 0x11,
    0x11, 0x17, 0xff, 0xff, 0xff, 0xff, 0xff, 0xff,
    0xff, 0xfe, 0x7f, 0xff, 0xff, 0xff, 0xff, 0xff,
    0xff, 0xff, 0xe7, 0xff, 0xff, 0xff, 0xff, 0xff,
    0xff, 0xff, 0xfe,

    /* U+00A4 "¤" */
    0x0, 0x30, 0x0, 0x0, 0x0, 0x0, 0x0, 0x0,
    0x1, 0x10, 0x0, 0x5f, 0x90, 0x2, 0x8c, 0xff,
    0xeb, 0x60, 0x1, 0xdd, 0x10, 0x4f, 0xff, 0x99,
    0xff, 0xff, 0xff, 0xff, 0xe6, 0xdf, 0xfd, 0x0,
    0xcf, 0xff, 0xff, 0xff, 0xfe, 0xff, 0xff, 0xff,
    0xff, 0x70, 0x0, 0xbf, 0xff, 0xf9, 0x20, 0x0,
    0x5c, 0xff, 0xff, 0x70, 0x0, 0x9, 0xff, 0xe3,
    0x0, 0x0, 0x0, 0x8, 0xff, 0xf3, 0x0, 0x2,
    0xff, 0xf3, 0x0, 0x0, 0x0, 0x0, 0xa, 0xff,
    0xb0, 0x0, 0x8f, 0xf9, 0x0, 0x0, 0x0, 0x0,
    0x0, 0x1f, 0xff, 0x20, 0xc, 0xff, 0x30, 0x0,
    0x0, 0x0, 0x0, 0x0, 0xaf, 0xf5, 0x0, 0xef,
    0xf0, 0x0, 0x0, 0x0, 0x0, 0x0, 0x7, 0xff,
    0x80, 0xf, 0xfe, 0x0, 0x0, 0x0, 0x0, 0x0,
    0x0, 0x5f, 0xf9, 0x0, 0xef, 0xf0, 0x0, 0x0,
    0x0, 0x0, 0x0, 0x7, 0xff, 0x80, 0xc, 0xff,
    0x30, 0x0, 0x0, 0x0, 0x0, 0x0, 0xaf, 0xf5,
    0x0, 0x8f, 0xf9, 0x0, 0x0, 0x0, 0x0, 0x0,
    0x1f, 0xff, 0x10, 0x2, 0xff, 0xf3, 0x0, 0x0,
    0x0, 0x0, 0xa, 0xff, 0xb0, 0x0, 0xa, 0xff,
    0xe3, 0x0, 0x0, 0x0, 0x8, 0xff, 0xf3, 0x0,
    0x3, 0xff, 0xff, 0xf8, 0x20, 0x0, 0x4c, 0xff,
    0xff, 0xc0, 0x3, 0xff, 0xff, 0xff, 0xff, 0xfe,
    0xff, 0xff, 0xff, 0xff, 0xc0, 0x1d, 0xff, 0x59,
    0xff, 0xff, 0xff, 0xff, 0xe5, 0x9f, 0xf9, 0x0,
    0x1c, 0x40, 0x2, 0x8c, 0xff, 0xeb, 0x60, 0x0,
    0x99, 0x0, 0x0, 0x0, 0x0, 0x0, 0x0, 0x0,
    0x0, 0x0, 0x0, 0x0, 0x0,

    /* U+00A5 "¥" */
    0x5f, 0xff, 0xf1, 0x0, 0x0, 0x0, 0x0, 0xaf,
    0xff, 0xb0, 0xbf, 0xff, 0x80, 0x0, 0x0, 0x0,
    0x2f, 0xff, 0xf2, 0x2, 0xff, 0xff, 0x10, 0x0,
    0x0, 0xa, 0xff, 0xf8, 0x0, 0x9, 0xff, 0xf8,
    0x0, 0x0, 0x2, 0xff, 0xfe, 0x10, 0x0, 0x1e,
    0xff, 0xf1, 0x0, 0x0, 0xaf, 0xff, 0x60, 0x0,
    0x0, 0x7f, 0xff, 0x80, 0x0, 0x2f, 0xff, 0xd0,
    0x0, 0x0, 0x0, 0xdf, 0xff, 0x10, 0xa, 0xff,
    0xf4, 0x0, 0x0, 0x0, 0x4, 0xff, 0xf8, 0x2,
    0xff, 0xfa, 0x0, 0x0, 0x0, 0x0, 0xb, 0xff,
    0xf1, 0xaf, 0xff, 0x20, 0x0, 0x0, 0x0, 0x0,
    0x2f, 0xff, 0xbf, 0xff, 0x80, 0x0, 0x0, 0x0,
    0x45, 0x55, 0xcf, 0xff, 0xff, 0xf6, 0x55, 0x50,
    0x0, 0xd, 0xff, 0xff, 0xff, 0xff, 0xff, 0xff,
    0xff, 0x10, 0x0, 0xdf, 0xff, 0xff, 0xff, 0xff,
    0xff, 0xff, 0xf1, 0x0, 0x0, 0x0, 0x0, 0x5f,
    0xff, 0x90, 0x0, 0x0, 0x0, 0x0, 0x0, 0x0,
    0x5, 0xff, 0xf9, 0x0, 0x0, 0x0, 0x0, 0xd,
    0xff, 0xff, 0xff, 0xff, 0xff, 0xff, 0xff, 0x10,
    0x0, 0xdf, 0xff, 0xff, 0xff, 0xff, 0xff, 0xff,
    0xf1, 0x0, 0x4, 0x55, 0x55, 0x8f, 0xff, 0xb5,
    0x55, 0x55, 0x0, 0x0, 0x0, 0x0, 0x5, 0xff,
    0xf9, 0x0, 0x0, 0x0, 0x0, 0x0, 0x0, 0x0,
    0x5f, 0xff, 0x90, 0x0, 0x0, 0x0, 0x0, 0x0,
    0x0, 0x5, 0xff, 0xf9, 0x0, 0x0, 0x0, 0x0,
    0x0, 0x0, 0x0, 0x5f, 0xff, 0x90, 0x0, 0x0,
    0x0,

    /* U+00A6 "¦" */
    0xef, 0xfb, 0xef, 0xfb, 0xef, 0xfb, 0xef, 0xfb,
    0xef, 0xfb, 0xef, 0xfb, 0xef, 0xfb, 0xef, 0xfb,
    0xef, 0xfb, 0xef, 0xfb, 0xef, 0xfb, 0x9b, 0xb7,
    0x0, 0x0, 0x0, 0x0, 0xef, 0xfb, 0xef, 0xfb,
    0xef, 0xfb, 0xef, 0xfb, 0xef, 0xfb, 0xef, 0xfb,
    0xef, 0xfb, 0xef, 0xfb, 0xef, 0xfb, 0xef, 0xfb,
    0xef, 0xfb, 0xef, 0xfb, 0x34, 0x42,

    /* U+00A7 "§" */
    0x0, 0x0, 0x28, 0xce, 0xff, 0xeb, 0x71, 0x0,
    0x0, 0x0, 0x9, 0xff, 0xff, 0xff, 0xff, 0xff,
    0x60, 0x0, 0x0, 0xcf, 0xff, 0xff, 0xff, 0xff,
    0xff, 0xf7, 0x0, 0x7, 0xff, 0xfe, 0x72, 0x1,
    0x4b, 0xff, 0xff, 0x20, 0xc, 0xff, 0xf3, 0x0,
    0x0, 0x0, 0xaf, 0xff, 0x80, 0xe, 0xff, 0xd0,
    0x0, 0x0, 0x0, 0x1f, 0xff, 0xc0, 0xe, 0xff,
    0xf0, 0x0, 0x0, 0x0, 0x9, 0x99, 0x70, 0xb,
    0xff, 0xf9, 0x0, 0x0, 0x0, 0x0, 0x0, 0x0,
    0x5, 0xff, 0xff, 0xe8, 0x20, 0x0, 0x0, 0x0,
    0x0, 0x0, 0x9f, 0xff, 0xff, 0xfe, 0x94, 0x0,
    0x0, 0x0, 0x0, 0x6f, 0xff, 0xff, 0xff, 0xff,
    0xe8, 0x10, 0x0, 0x8, 0xff, 0xfd, 0xcf, 0xff,
    0xff, 0xff, 0xe4, 0x0, 0x2f, 0xff, 0xb0, 0x1,
    0x6b, 0xff, 0xff, 0xff, 0x30, 0x6f, 0xff, 0x50,
    0x0, 0x0, 0x17, 0xff, 0xff, 0xb0, 0x8f, 0xff,
    0x50, 0x0, 0x0, 0x0, 0x2f, 0xff, 0xf0, 0x6f,
    0xff, 0xa0, 0x0, 0x0, 0x0, 0xa, 0xff, 0xf2,
    0x2f, 0xff, 0xfa, 0x20, 0x0, 0x0, 0xa, 0xff,
    0xf1, 0x9, 0xff, 0xff, 0xfc, 0x72, 0x0, 0x2f,
    0xff, 0xd0, 0x0, 0xaf, 0xff, 0xff, 0xff, 0xd9,
    0xef, 0xff, 0x40, 0x0, 0x4, 0xcf, 0xff, 0xff,
    0xff, 0xff, 0xe4, 0x0, 0x0, 0x0, 0x2, 0x8c,
    0xff, 0xff, 0xff, 0xe3, 0x0, 0x0, 0x0, 0x0,
    0x0, 0x16, 0xcf, 0xff, 0xfd, 0x0, 0x0, 0x0,
    0x0, 0x0, 0x0, 0x4, 0xef, 0xff, 0x50, 0x48,
    0x88, 0x10, 0x0, 0x0, 0x0, 0x5f, 0xff, 0x80,
    0x7f, 0xff, 0x50, 0x0, 0x0, 0x0, 0x3f, 0xff,
    0x90, 0x4f, 0xff, 0xc0, 0x0, 0x0, 0x0, 0x8f,
    0xff, 0x70, 0xd, 0xff, 0xfd, 0x62, 0x1, 0x3a,
    0xff, 0xff, 0x20, 0x4, 0xff, 0xff, 0xff, 0xff,
    0xff, 0xff, 0xf8, 0x0, 0x0, 0x3d, 0xff, 0xff,
    0xff, 0xff, 0xff, 0x70, 0x0, 0x0, 0x0, 0x5a,
    0xdf, 0xff, 0xeb, 0x71, 0x0, 0x0, 0x0, 0x0,
    0x0, 0x0, 0x0, 0x0, 0x0, 0x0, 0x0,

    /* U+00A8 "¨" */
    0x6, 0x95, 0x0, 0x0, 0x59, 0x60, 0x5f, 0xff,
    0x30, 0x3, 0xff, 0xf5, 0x7f, 0xff, 0x50, 0x5,
    0xff, 0xf7, 0x1c, 0xfb, 0x0, 0x0, 0xbf, 0xc1,

    /* U+00A9 "©" */
    0x0, 0x0, 0x0, 0x3, 0x9c, 0xef, 0xec, 0x83,
    0x0, 0x0, 0x0, 0x0, 0x0, 0x0, 0x3c, 0xff,
    0xff, 0xff, 0xff, 0xfb, 0x20, 0x0, 0x0, 0x0,
    0x0, 0x7f, 0xfd, 0x62, 0x0, 0x2, 0x7d, 0xff,
    0x60, 0x0, 0x0, 0x0, 0x9f, 0xf7, 0x0, 0x0,
    0x0, 0x0, 0x8, 0xff, 0x70, 0x0, 0x0, 0x6f,
    0xf3, 0x0, 0x0, 0x0, 0x0, 0x0, 0x5, 0xff,
    0x40, 0x0, 0x1f, 0xf5, 0x0, 0x6, 0xdf, 0xff,
    0xb4, 0x0, 0x6, 0xfe, 0x0, 0x8, 0xf9, 0x0,
    0xa, 0xff, 0xff, 0xff, 0xf6, 0x0, 0xb, 0xf6,
    0x0, 0xef, 0x10, 0x7, 0xff, 0x92, 0x3, 0xcf,
    0xf1, 0x0, 0x3f, 0xd0, 0x4f, 0xb0, 0x0, 0xef,
    0xb0, 0x0, 0x2, 0xff, 0x50, 0x0, 0xdf, 0x27,
    0xf7, 0x0, 0x1f, 0xf5, 0x0, 0x0, 0x9, 0x94,
    0x0, 0x9, 0xf5, 0x9f, 0x50, 0x3, 0xff, 0x30,
    0x0, 0x0, 0x0, 0x0, 0x0, 0x6f, 0x7a, 0xf4,
    0x0, 0x3f, 0xf3, 0x0, 0x0, 0x0, 0x0, 0x0,
    0x6, 0xf8, 0x9f, 0x50, 0x3, 0xff, 0x30, 0x0,
    0x0, 0x0, 0x0, 0x0, 0x7f, 0x77, 0xf7, 0x0,
    0x1f, 0xf5, 0x0, 0x0, 0x9, 0x94, 0x0, 0x9,
    0xf5, 0x4f, 0xb0, 0x0, 0xef, 0xb0, 0x0, 0x2,
    0xff, 0x50, 0x0, 0xdf, 0x20, 0xef, 0x10, 0x7,
    0xff, 0x92, 0x3, 0xcf, 0xf1, 0x0, 0x3f, 0xd0,
    0x8, 0xf9, 0x0, 0xb, 0xff, 0xff, 0xff, 0xf6,
    0x0, 0xb, 0xf6, 0x0, 0x1e, 0xf5, 0x0, 0x7,
    0xdf, 0xff, 0xc4, 0x0, 0x7, 0xfd, 0x0, 0x0,
    0x5f, 0xf4, 0x0, 0x0, 0x1, 0x0, 0x0, 0x5,
    0xff, 0x40, 0x0, 0x0, 0x8f, 0xf7, 0x0, 0x0,
    0x0, 0x0, 0x8, 0xff, 0x60, 0x0, 0x0, 0x0,
    0x7f, 0xfd, 0x62, 0x0, 0x2, 0x7e, 0xff, 0x60,
    0x0, 0x0, 0x0, 0x0, 0x3c, 0xff, 0xff, 0xef,
    0xff, 0xfb, 0x20, 0x0, 0x0, 0x0, 0x0, 0x0,
    0x4, 0x9c, 0xff, 0xec, 0x83, 0x0, 0x0, 0x0,
    0x0,

    /* U+00AA "ª" */
    0x0, 0x5b, 0xef, 0xe9, 0x10, 0x0, 0xbf, 0xff,
    0xff, 0xfe, 0x10, 0x5f, 0xfd, 0x65, 0xbf, 0xf8,
    0x5, 0xac, 0x30, 0x0, 0xff, 0xc0, 0x0, 0x0,
    0x0, 0xe, 0xfd, 0x0, 0x18, 0xdf, 0xff, 0xff,
    0xd0, 0x2e, 0xff, 0xfd, 0xdf, 0xfd, 0xa, 0xff,
    0x70, 0x0, 0xef, 0xd0, 0xcf, 0xf0, 0x0, 0xe,
    0xfd, 0xa, 0xff, 0x94, 0x5c, 0xff, 0xe0, 0x3f,
    0xff, 0xff, 0xff, 0xff, 0x0, 0x3b, 0xef, 0xc4,
    0x7c, 0xc2,

    /* U+00AB "«" */
    0x0, 0x0, 0x15, 0x51, 0x0, 0x35, 0x50, 0x0,
    0x0, 0xbf, 0xe0, 0x2, 0xff, 0x80, 0x0, 0x8,
    0xff, 0x50, 0xd, 0xfe, 0x0, 0x0, 0x4f, 0xfb,
    0x0, 0xaf, 0xf4, 0x0, 0x1, 0xef, 0xf1, 0x6,
    0xff, 0xa0, 0x0, 0xb, 0xff, 0x70, 0x2f, 0xff,
    0x10, 0x0, 0x7f, 0xfd, 0x0, 0xdf, 0xf7, 0x0,
    0x0, 0x4f, 0xfe, 0x10, 0xaf, 0xfa, 0x0, 0x0,
    0x8, 0xff, 0xa0, 0xd, 0xff, 0x40, 0x0, 0x0,
    0xbf, 0xf4, 0x2, 0xff, 0xd0, 0x0, 0x0, 0x1e,
    0xfd, 0x0, 0x6f, 0xf8, 0x0, 0x0, 0x4, 0xff,
    0x80, 0xa, 0xff, 0x20, 0x0, 0x0, 0x8f, 0xf2,
    0x0, 0xdf, 0xc0,

    /* U+00AC "¬" */
    0xa, 0xaa, 0xaa, 0xaa, 0xaa, 0xaa, 0xaa, 0x0,
    0xff, 0xff, 0xff, 0xff, 0xff, 0xff, 0xf0, 0xf,
    0xff, 0xff, 0xff, 0xff, 0xff, 0xff, 0x0, 0x0,
    0x0, 0x0, 0x0, 0x1, 0xff, 0xf0, 0x0, 0x0,
    0x0, 0x0, 0x0, 0x1f, 0xff, 0x0, 0x0, 0x0,
    0x0, 0x0, 0x1, 0xff, 0xf0, 0x0, 0x0, 0x0,
    0x0, 0x0, 0x1f, 0xff, 0x0,

    /* U+00AD "­" */
    0x0, 0x0, 0x0, 0x0, 0xe, 0xff, 0xff, 0xff,
    0xf5, 0xef, 0xff, 0xff, 0xff, 0x5e, 0xff, 0xff,
    0xff, 0xf5,

    /* U+00AE "®" */
    0x0, 0x0, 0x0, 0x3, 0x9c, 0xef, 0xec, 0x83,
    0x0, 0x0, 0x0, 0x0, 0x0, 0x0, 0x3c, 0xff,
    0xff, 0xff, 0xff, 0xfb, 0x20, 0x0, 0x0, 0x0,
    0x0, 0x7f, 0xfd, 0x62, 0x0, 0x2, 0x7d, 0xff,
    0x60, 0x0, 0x0, 0x0, 0x9f, 0xf7, 0x0, 0x0,
    0x0, 0x0, 0x8, 0xff, 0x70, 0x0, 0x0, 0x6f,
    0xf3, 0x1, 0x11, 0x10, 0x0, 0x0, 0x5, 0xff,
    0x40, 0x0, 0x1f, 0xf5, 0x2, 0xff, 0xff, 0xff,
    0xb4, 0x0, 0x6, 0xfe, 0x0, 0x8, 0xf9, 0x0,
    0x2f, 0xff, 0xff, 0xff, 0xf6, 0x0, 0xb, 0xf6,
    0x0, 0xef, 0x10, 0x2, 0xff, 0x30, 0x2, 0xaf,
    0xf0, 0x0, 0x3f, 0xd0, 0x4f, 0xb0, 0x0, 0x2f,
    0xf3, 0x0, 0x1, 0xff, 0x40, 0x0, 0xdf, 0x27,
    0xf7, 0x0, 0x2, 0xff, 0x30, 0x0, 0x2f, 0xf4,
    0x0, 0x9, 0xf5, 0x9f, 0x50, 0x0, 0x2f, 0xf4,
    0x11, 0x4c, 0xfe, 0x0, 0x0, 0x6f, 0x7a, 0xf4,
    0x0, 0x2, 0xff, 0xff, 0xff, 0xfd, 0x20, 0x0,
    0x6, 0xf8, 0x9f, 0x50, 0x0, 0x2f, 0xff, 0xff,
    0xff, 0xf5, 0x0, 0x0, 0x7f, 0x77, 0xf7, 0x0,
    0x2, 0xff, 0x30, 0x1, 0xbf, 0xf0, 0x0, 0x9,
    0xf5, 0x4f, 0xb0, 0x0, 0x2f, 0xf3, 0x0, 0x2,
    0xff, 0x30, 0x0, 0xdf, 0x20, 0xef, 0x10, 0x2,
    0xff, 0x30, 0x0, 0x1f, 0xf4, 0x0, 0x3f, 0xd0,
    0x8, 0xf9, 0x0, 0x2f, 0xf3, 0x0, 0x1, 0xff,
    0x40, 0xb, 0xf6, 0x0, 0x1e, 0xf5, 0x2, 0xff,
    0x30, 0x0, 0xf, 0xf7, 0x7, 0xfd, 0x0, 0x0,
    0x5f, 0xf4, 0x0, 0x0, 0x0, 0x0, 0x0, 0x5,
    0xff, 0x40, 0x0, 0x0, 0x8f, 0xf7, 0x0, 0x0,
    0x0, 0x0, 0x8, 0xff, 0x60, 0x0, 0x0, 0x0,
    0x7f, 0xfd, 0x62, 0x0, 0x2, 0x7e, 0xff, 0x60,
    0x0, 0x0, 0x0, 0x0, 0x3c, 0xff, 0xff, 0xef,
    0xff, 0xfb, 0x20, 0x0, 0x0, 0x0, 0x0, 0x0,
    0x4, 0x9c, 0xff, 0xec, 0x83, 0x0, 0x0, 0x0,
    0x0,

    /* U+00AF "¯" */
    0x66, 0x66, 0x66, 0x66, 0x66, 0x63, 0xef, 0xff,
    0xff, 0xff, 0xff, 0xf7, 0xef, 0xff, 0xff, 0xff,
    0xff, 0xf7,

    /* U+00B0 "°" */
    0x0, 0x0, 0x11, 0x0, 0x0, 0x0, 0x3c, 0xff,
    0xe5, 0x0, 0x3, 0xff, 0xff, 0xff, 0x50, 0xb,
    0xfc, 0x21, 0xaf, 0xe0, 0xf, 0xf4, 0x0, 0x1f,
    0xf2, 0xf, 0xf4, 0x0, 0x1f, 0xf1, 0xa, 0xfd,
    0x43, 0xcf, 0xd0, 0x2, 0xef, 0xff, 0xff, 0x40,
    0x0, 0x2a, 0xff, 0xb3, 0x0,

    /* U+00B1 "±" */
    0x0, 0x0, 0x0, 0xde, 0xe6, 0x0, 0x0, 0x0,
    0x0, 0x0, 0xf, 0xff, 0x70, 0x0, 0x0, 0x0,
    0x0, 0x0, 0xff, 0xf7, 0x0, 0x0, 0x0, 0x0,
    0x0, 0xf, 0xff, 0x70, 0x0, 0x0, 0x0, 0x0,
    0x0, 0xff, 0xf7, 0x0, 0x0, 0x0, 0x0, 0x0,
    0xf, 0xff, 0x70, 0x0, 0x0, 0x8f, 0xff, 0xff,
    0xff, 0xff, 0xff, 0xff, 0xc8, 0xff, 0xff, 0xff,
    0xff, 0xff, 0xff, 0xfc, 0x8f, 0xff, 0xff, 0xff,
    0xff, 0xff, 0xff, 0xc0, 0x11, 0x11, 0x1f, 0xff,
    0x71, 0x11, 0x10, 0x0, 0x0, 0x0, 0xff, 0xf7,
    0x0, 0x0, 0x0, 0x0, 0x0, 0xf, 0xff, 0x70,
    0x0, 0x0, 0x0, 0x0, 0x0, 0xff, 0xf7, 0x0,
    0x0, 0x0, 0x0, 0x0, 0xf, 0xff, 0x70, 0x0,
    0x0, 0x0, 0x0, 0x0, 0xff, 0xf7, 0x0, 0x0,
    0x0, 0x0, 0x0, 0x0, 0x0, 0x0, 0x0, 0x0,
    0x0, 0x0, 0x0, 0x0, 0x0, 0x0, 0x0, 0x0,
    0xff, 0xff, 0xff, 0xff, 0xff, 0xff, 0xf3, 0xf,
    0xff, 0xff, 0xff, 0xff, 0xff, 0xff, 0x30, 0xff,
    0xff, 0xff, 0xff, 0xff, 0xff, 0xf3,

    /* U+00B2 "²" */
    0x0, 0x19, 0xdf, 0xfc, 0x60, 0x0, 0x2e, 0xff,
    0xff, 0xff, 0xa0, 0xb, 0xff, 0xb6, 0x7f, 0xff,
    0x20, 0xff, 0xf0, 0x0, 0xaf, 0xf5, 0x1, 0x11,
    0x0, 0xd, 0xff, 0x30, 0x0, 0x0, 0x9, 0xff,
    0xb0, 0x0, 0x0, 0xa, 0xff, 0xd1, 0x0, 0x0,
    0x1c, 0xff, 0xb0, 0x0, 0x0, 0x2d, 0xff, 0x80,
    0x0, 0x0, 0x3e, 0xff, 0x95, 0x55, 0x53, 0xc,
    0xff, 0xff, 0xff, 0xff, 0xc0, 0xcf, 0xff, 0xff,
    0xff, 0xfc,

    /* U+00B3 "³" */
    0x0, 0x29, 0xdf, 0xec, 0x60, 0x0, 0x3f, 0xff,
    0xff, 0xff, 0xb0, 0xc, 0xff, 0xa5, 0x7e, 0xff,
    0x40, 0x77, 0x70, 0x0, 0x8f, 0xf6, 0x0, 0x0,
    0x0, 0x3d, 0xff, 0x20, 0x0, 0xd, 0xff, 0xfd,
    0x40, 0x0, 0x0, 0xdf, 0xff, 0xf8, 0x0, 0x0,
    0x0, 0x1, 0xaf, 0xf5, 0x19, 0x97, 0x0, 0x5,
    0xff, 0x90, 0xef, 0xfa, 0x56, 0xdf, 0xf7, 0x6,
    0xff, 0xff, 0xff, 0xfd, 0x0, 0x3, 0xad, 0xfe,
    0xc6, 0x0,

    /* U+00B4 "´" */
    0x0, 0x2, 0x88, 0x86, 0x0, 0x0, 0xdf, 0xff,
    0x30, 0x0, 0x8f, 0xff, 0x30, 0x0, 0x3f, 0xff,
    0x40, 0x0, 0xd, 0xff, 0x40, 0x0, 0x0,

    /* U+00B5 "µ" */
    0xbf, 0xff, 0x10, 0x0, 0x0, 0x5f, 0xff, 0x7b,
    0xff, 0xf1, 0x0, 0x0, 0x5, 0xff, 0xf7, 0xbf,
    0xff, 0x10, 0x0, 0x0, 0x5f, 0xff, 0x7b, 0xff,
    0xf1, 0x0, 0x0, 0x5, 0xff, 0xf7, 0xbf, 0xff,
    0x10, 0x0, 0x0, 0x5f, 0xff, 0x7b, 0xff, 0xf1,
    0x0, 0x0, 0x5, 0xff, 0xf7, 0xbf, 0xff, 0x10,
    0x0, 0x0, 0x5f, 0xff, 0x7b, 0xff, 0xf1, 0x0,
    0x0, 0x5, 0xff, 0xf7, 0xbf, 0xff, 0x10, 0x0,
    0x0, 0x5f, 0xff, 0x7b, 0xff, 0xf1, 0x0, 0x0,
    0x5, 0xff, 0xf7, 0xbf, 0xff, 0x10, 0x0, 0x0,
    0x5f, 0xff, 0x7b, 0xff, 0xf3, 0x0, 0x0, 0x5,
    0xff, 0xf7, 0xbf, 0xff, 0x80, 0x0, 0x0, 0x9f,
    0xff, 0x7b, 0xff, 0xff, 0x72, 0x13, 0xaf, 0xff,
    0xf7, 0xbf, 0xff, 0xff, 0xff, 0xff, 0xff, 0xff,
    0x7b, 0xff, 0xff, 0xff, 0xff, 0xfd, 0xff, 0xf7,
    0xbf, 0xff, 0x9d, 0xff, 0xd7, 0x1f, 0xff, 0x7b,
    0xff, 0xf1, 0x0, 0x0, 0x0, 0x0, 0x0, 0xbf,
    0xff, 0x10, 0x0, 0x0, 0x0, 0x0, 0xb, 0xff,
    0xf1, 0x0, 0x0, 0x0, 0x0, 0x0, 0xbf, 0xff,
    0x10, 0x0, 0x0, 0x0, 0x0, 0xb, 0xff, 0xf1,
    0x0, 0x0, 0x0, 0x0, 0x0, 0xbf, 0xff, 0x10,
    0x0, 0x0, 0x0, 0x0, 0x0,

    /* U+00B6 "¶" */
    0x0, 0x0, 0x6b, 0xef, 0xff, 0xff, 0x50, 0x4,
    0xef, 0xff, 0xff, 0xff, 0xf5, 0x4, 0xff, 0xff,
    0xff, 0xff, 0xff, 0x51, 0xef, 0xff, 0xff, 0xff,
    0xff, 0xf5, 0x7f, 0xff, 0xff, 0xff, 0xff, 0xff,
    0x5b, 0xff, 0xff, 0xff, 0xff, 0xff, 0xf5, 0xdf,
    0xff, 0xff, 0xff, 0xff, 0xff, 0x5e, 0xff, 0xff,
    0xff, 0xff, 0xff, 0xf5, 0xdf, 0xff, 0xff, 0xff,
    0xff, 0xff, 0x59, 0xff, 0xff, 0xff, 0xff, 0xff,
    0xf5, 0x3f, 0xff, 0xff, 0xff, 0xff, 0xff, 0x50,
    0xaf, 0xff, 0xff, 0xff, 0xff, 0xf5, 0x0, 0xbf,
    0xff, 0xff, 0xff, 0xff, 0x50, 0x0, 0x6e, 0xff,
    0xff, 0xff, 0xf5, 0x0, 0x0, 0x2, 0x56, 0x7f,
    0xff, 0x50, 0x0, 0x0, 0x0, 0x0, 0xff, 0xf5,
    0x0, 0x0, 0x0, 0x0, 0xf, 0xff, 0x50, 0x0,
    0x0, 0x0, 0x0, 0xff, 0xf5, 0x0, 0x0, 0x0,
    0x0, 0xf, 0xff, 0x50, 0x0, 0x0, 0x0, 0x0,
    0xff, 0xf5, 0x0, 0x0, 0x0, 0x0, 0xf, 0xff,
    0x50, 0x0, 0x0, 0x0, 0x0, 0xff, 0xf5,

    /* U+00B7 "·" */
    0x0, 0x10, 0x3, 0xef, 0xd1, 0xbf, 0xff, 0x8a,
    0xff, 0xf8, 0x2c, 0xfb, 0x10,

    /* U+00B8 "¸" */
    0xe, 0xfe, 0x0, 0x2, 0xff, 0xfe, 0x40, 0x3,
    0x8f, 0xfe, 0x0, 0x0, 0xff, 0xf1, 0x2, 0x9f,
    0xff, 0x0, 0xff, 0xff, 0x60, 0xf, 0xea, 0x30,
    0x0,

    /* U+00B9 "¹" */
    0x0, 0x0, 0x3, 0x0, 0x3, 0x9e, 0xf0, 0x9e,
    0xff, 0xff, 0xf, 0xff, 0xff, 0xf0, 0xb7, 0x3e,
    0xff, 0x0, 0x0, 0xdf, 0xf0, 0x0, 0xd, 0xff,
    0x0, 0x0, 0xdf, 0xf0, 0x0, 0xd, 0xff, 0x0,
    0x0, 0xdf, 0xf0, 0x0, 0xd, 0xff, 0x0, 0x0,
    0xdf, 0xf0, 0x0, 0xd, 0xff, 0x0,

    /* U+00BA "º" */
    0x0, 0x5, 0xbe, 0xfd, 0x91, 0x0, 0x0, 0x9f,
    0xff, 0xff, 0xfe, 0x30, 0x6, 0xff, 0xe7, 0x5a,
    0xff, 0xe0, 0xd, 0xff, 0x20, 0x0, 0x9f, 0xf6,
    0x1f, 0xfb, 0x0, 0x0, 0x2f, 0xf9, 0x2f, 0xf9,
    0x0, 0x0, 0xf, 0xfa, 0x2f, 0xf9, 0x0, 0x0,
    0xf, 0xfa, 0xf, 0xfb, 0x0, 0x0, 0x2f, 0xf9,
    0xd, 0xff, 0x20, 0x0, 0x8f, 0xf6, 0x6, 0xff,
    0xe6, 0x59, 0xff, 0xe0, 0x0, 0x9f, 0xff, 0xff,
    0xff, 0x30, 0x0, 0x5, 0xbe, 0xfe, 0x92, 0x0,

    /* U+00BB "»" */
    0x25, 0x50, 0x0, 0x35, 0x50, 0x0, 0x0, 0x1e,
    0xfa, 0x0, 0x3f, 0xf8, 0x0, 0x0, 0x6, 0xff,
    0x60, 0x9, 0xff, 0x40, 0x0, 0x0, 0xcf, 0xf3,
    0x0, 0xef, 0xe1, 0x0, 0x0, 0x2f, 0xfd, 0x0,
    0x5f, 0xfb, 0x0, 0x0, 0x8, 0xff, 0xa0, 0xb,
    0xff, 0x80, 0x0, 0x0, 0xef, 0xf6, 0x1, 0xff,
    0xf3, 0x0, 0x2, 0xff, 0xf3, 0x4, 0xff, 0xe1,
    0x0, 0xb, 0xff, 0x60, 0xd, 0xff, 0x40, 0x0,
    0x5f, 0xfa, 0x0, 0x8f, 0xf8, 0x0, 0x1, 0xef,
    0xd0, 0x2, 0xff, 0xb0, 0x0, 0x9, 0xff, 0x30,
    0xc, 0xfe, 0x10, 0x0, 0x3f, 0xf6, 0x0, 0x6f,
    0xf4, 0x0, 0x0,

    /* U+00BC "¼" */
    0x0, 0x0, 0x3, 0x20, 0x0, 0x0, 0x0, 0x0,
    0x0, 0x0, 0x0, 0x0, 0x38, 0xdf, 0x60, 0x0,
    0x0, 0x0, 0x0, 0x0, 0x0, 0x0, 0x6e, 0xff,
    0xff, 0x60, 0x0, 0x0, 0x0, 0x4, 0x0, 0x0,
    0x0, 0x9f, 0xff, 0xff, 0x60, 0x0, 0x0, 0x0,
    0x6f, 0xb0, 0x0, 0x0, 0x67, 0x37, 0xff, 0x60,
    0x0, 0x0, 0x1, 0xef, 0xa0, 0x0, 0x0, 0x0,
    0x7, 0xff, 0x60, 0x0, 0x0, 0xa, 0xfe, 0x10,
    0x0, 0x0, 0x0, 0x7, 0xff, 0x60, 0x0, 0x0,
    0x4f, 0xf5, 0x0, 0x0, 0x0, 0x0, 0x7, 0xff,
    0x60, 0x0, 0x0, 0xef, 0xb0, 0x0, 0x0, 0x0,
    0x0, 0x7, 0xff, 0x60, 0x0, 0x9, 0xff, 0x20,
    0x0, 0x0, 0x0, 0x0, 0x7, 0xff, 0x60, 0x0,
    0x3f, 0xf7, 0x0, 0x0, 0x0, 0x0, 0x0, 0x7,
    0xff, 0x60, 0x0, 0xdf, 0xc0, 0x0, 0x12, 0x21,
    0x0, 0x0, 0x7, 0xff, 0x60, 0x7, 0xff, 0x20,
    0x0, 0xdf, 0xf9, 0x0, 0x0, 0x5, 0xbb, 0x40,
    0x2f, 0xf8, 0x0, 0xa, 0xff, 0xf9, 0x0, 0x0,
    0x0, 0x0, 0x0, 0xcf, 0xd0, 0x0, 0x6f, 0xff,
    0xf9, 0x0, 0x0, 0x0, 0x0, 0x6, 0xff, 0x40,
    0x2, 0xff, 0xdf, 0xf9, 0x0, 0x0, 0x0, 0x0,
    0x1f, 0xf9, 0x0, 0xd, 0xfb, 0x6f, 0xf9, 0x0,
    0x0, 0x0, 0x0, 0xbf, 0xe1, 0x0, 0x9f, 0xd1,
    0x5f, 0xf9, 0x0, 0x0, 0x0, 0x5, 0xff, 0x50,
    0x5, 0xff, 0x20, 0x5f, 0xf9, 0x0, 0x0, 0x0,
    0x1e, 0xfb, 0x0, 0xf, 0xff, 0xff, 0xff, 0xff,
    0xf0, 0x0, 0x0, 0x9f, 0xf1, 0x0, 0xf, 0xff,
    0xff, 0xff, 0xff, 0xf0, 0x0, 0x0, 0x2b, 0x60,
    0x0, 0x5, 0x55, 0x55, 0x9f, 0xfb, 0x50, 0x0,
    0x0, 0x0, 0x0, 0x0, 0x0, 0x0, 0x0, 0x5f,
    0xf9, 0x0, 0x0, 0x0, 0x0, 0x0, 0x0, 0x0,
    0x0, 0x0, 0x5f, 0xf9, 0x0,

    /* U+00BD "½" */
    0x0, 0x0, 0x3, 0x10, 0x0, 0x0, 0x0, 0x0,
    0x0, 0x0, 0x0, 0x0, 0x4, 0x9e, 0xf4, 0x0,
    0x0, 0x0, 0x0, 0x0, 0x0, 0x0, 0x0, 0x7e,
    0xff, 0xff, 0x40, 0x0, 0x0, 0x0, 0x20, 0x0,
    0x0, 0x0, 0xc, 0xff, 0xff, 0xf4, 0x0, 0x0,
    0x0, 0x1e, 0xd3, 0x0, 0x0, 0x0, 0x76, 0x29,
    0xff, 0x40, 0x0, 0x0, 0xa, 0xfe, 0x10, 0x0,
    0x0, 0x0, 0x0, 0x9f, 0xf4, 0x0, 0x0, 0x4,
    0xff, 0x50, 0x0, 0x0, 0x0, 0x0, 0x9, 0xff,
    0x40, 0x0, 0x0, 0xef, 0xb0, 0x0, 0x0, 0x0,
    0x0, 0x0, 0x9f, 0xf4, 0x0, 0x0, 0x8f, 0xf2,
    0x0, 0x0, 0x0, 0x0, 0x0, 0x9, 0xff, 0x40,
    0x0, 0x3f, 0xf7, 0x0, 0x0, 0x0, 0x0, 0x0,
    0x0, 0x9f, 0xf4, 0x0, 0xc, 0xfc, 0x0, 0x0,
    0x0, 0x0, 0x0, 0x0, 0x9, 0xff, 0x40, 0x7,
    0xff, 0x30, 0x1, 0x44, 0x20, 0x0, 0x0, 0x0,
    0x9f, 0xf4, 0x2, 0xff, 0x80, 0x1a, 0xff, 0xff,
    0xe5, 0x0, 0x0, 0x7, 0xcc, 0x30, 0xbf, 0xe0,
    0xd, 0xff, 0xff, 0xff, 0xf3, 0x0, 0x0, 0x0,
    0x0, 0x5f, 0xf4, 0x6, 0xff, 0xc2, 0x9, 0xff,
    0xa0, 0x0, 0x0, 0x0, 0x1e, 0xfa, 0x0, 0x8d,
    0xd4, 0x0, 0x3f, 0xfb, 0x0, 0x0, 0x0, 0xa,
    0xfe, 0x10, 0x0, 0x0, 0x0, 0x8, 0xff, 0x80,
    0x0, 0x0, 0x4, 0xff, 0x60, 0x0, 0x0, 0x0,
    0x5, 0xff, 0xf1, 0x0, 0x0, 0x0, 0xdf, 0xc0,
    0x0, 0x0, 0x0, 0x6, 0xff, 0xf4, 0x0, 0x0,
    0x0, 0x8f, 0xf2, 0x0, 0x0, 0x0, 0x8, 0xff,
    0xe3, 0x0, 0x0, 0x0, 0x2f, 0xf7, 0x0, 0x0,
    0x0, 0x9, 0xff, 0xc1, 0x0, 0x0, 0x0, 0x2,
    0xbd, 0x0, 0x0, 0x0, 0xb, 0xff, 0xd5, 0x44,
    0x44, 0x0, 0x0, 0x0, 0x0, 0x0, 0x0, 0x5,
    0xff, 0xff, 0xff, 0xff, 0xf3, 0x0, 0x0, 0x0,
    0x0, 0x0, 0x0, 0x6f, 0xff, 0xff, 0xff, 0xff,
    0x30,

    /* U+00BE "¾" */
    0x0, 0x0, 0x24, 0x20, 0x0, 0x0, 0x0, 0x0,
    0x0, 0x0, 0x0, 0x0, 0x8, 0xff, 0xff, 0xf8,
    0x0, 0x0, 0x0, 0x0, 0x0, 0x0, 0x0, 0xb,
    0xff, 0xff, 0xff, 0xfa, 0x0, 0x0, 0x0, 0x0,
    0x0, 0x0, 0x2, 0xff, 0xe3, 0x4, 0xff, 0xf1,
    0x0, 0x0, 0x1, 0xe8, 0x0, 0x0, 0x2, 0x21,
    0x0, 0xc, 0xff, 0x20, 0x0, 0x0, 0xaf, 0xf1,
    0x0, 0x0, 0x0, 0x0, 0x5, 0xff, 0xd0, 0x0,
    0x0, 0x4f, 0xf6, 0x0, 0x0, 0x0, 0x1, 0xff,
    0xff, 0xb1, 0x0, 0x0, 0xe, 0xfb, 0x0, 0x0,
    0x0, 0x0, 0x1f, 0xff, 0xfd, 0x50, 0x0, 0x9,
    0xff, 0x20, 0x0, 0x0, 0x0, 0x0, 0x0, 0x2d,
    0xff, 0x20, 0x3, 0xff, 0x70, 0x0, 0x0, 0x3,
    0x88, 0x50, 0x0, 0x9f, 0xf5, 0x0, 0xdf, 0xc0,
    0x0, 0x0, 0x0, 0x3f, 0xff, 0x75, 0x7f, 0xff,
    0x30, 0x8f, 0xf2, 0x0, 0x12, 0x21, 0x0, 0xaf,
    0xff, 0xff, 0xff, 0xa0, 0x3f, 0xf7, 0x0, 0x1e,
    0xff, 0x70, 0x0, 0x5b, 0xef, 0xeb, 0x40, 0xd,
    0xfd, 0x0, 0xb, 0xff, 0xf7, 0x0, 0x0, 0x0,
    0x0, 0x0, 0x7, 0xff, 0x30, 0x7, 0xff, 0xff,
    0x70, 0x0, 0x0, 0x0, 0x0, 0x2, 0xff, 0x80,
    0x3, 0xff, 0xef, 0xf7, 0x0, 0x0, 0x0, 0x0,
    0x0, 0xcf, 0xd0, 0x1, 0xef, 0xb7, 0xff, 0x70,
    0x0, 0x0, 0x0, 0x0, 0x7f, 0xf3, 0x0, 0xbf,
    0xd0, 0x7f, 0xf7, 0x0, 0x0, 0x0, 0x0, 0x2f,
    0xf9, 0x0, 0x7f, 0xe2, 0x7, 0xff, 0x70, 0x0,
    0x0, 0x0, 0xb, 0xfe, 0x0, 0x1f, 0xff, 0xff,
    0xff, 0xff, 0xf0, 0x0, 0x0, 0x6, 0xff, 0x40,
    0x2, 0xff, 0xff, 0xff, 0xff, 0xff, 0x0, 0x0,
    0x0, 0x19, 0x90, 0x0, 0x5, 0x55, 0x55, 0xaf,
    0xfa, 0x40, 0x0, 0x0, 0x0, 0x0, 0x0, 0x0,
    0x0, 0x0, 0x7, 0xff, 0x70, 0x0, 0x0, 0x0,
    0x0, 0x0, 0x0, 0x0, 0x0, 0x0, 0x7f, 0xf7,
    0x0,

    /* U+00BF "¿" */
    0x0, 0x0, 0x6, 0xee, 0x60, 0x0, 0x0, 0x0,
    0x0, 0xf, 0xff, 0xf1, 0x0, 0x0, 0x0, 0x0,
    0xf, 0xff, 0xf1, 0x0, 0x0, 0x0, 0x0, 0x6,
    0xff, 0x70, 0x0, 0x0, 0x0, 0x0, 0x0, 0x0,
    0x0, 0x0, 0x0, 0x0, 0x0, 0x0, 0x0, 0x0,
    0x0, 0x0, 0x0, 0x0, 0x2, 0x33, 0x20, 0x0,
    0x0, 0x0, 0x0, 0xb, 0xff, 0xc0, 0x0, 0x0,
    0x0, 0x0, 0xe, 0xff, 0xb0, 0x0, 0x0, 0x0,
    0x0, 0x5f, 0xff, 0x70, 0x0, 0x0, 0x0, 0x2,
    0xef, 0xff, 0x10, 0x0, 0x0, 0x0, 0x2e, 0xff,
    0xf6, 0x0, 0x0, 0x0, 0x1, 0xef, 0xff, 0x80,
    0x0, 0x0, 0x0, 0xc, 0xff, 0xf9, 0x0, 0x0,
    0x0, 0x0, 0x5f, 0xff, 0xb0, 0x0, 0x0, 0x0,
    0x0, 0xbf, 0xff, 0x20, 0x0, 0x0, 0x0, 0x0,
    0xef, 0xfe, 0x0, 0x0, 0x0, 0x0, 0x0, 0xef,
    0xfe, 0x0, 0x0, 0x4, 0xff, 0xf8, 0xdf, 0xff,
    0x20, 0x0, 0xa, 0xff, 0xf6, 0x8f, 0xff, 0xd5,
    0x23, 0x9f, 0xff, 0xf1, 0x1e, 0xff, 0xff, 0xff,
    0xff, 0xff, 0x70, 0x3, 0xef, 0xff, 0xff, 0xff,
    0xf7, 0x0, 0x0, 0x6, 0xbe, 0xff, 0xd9, 0x20,
    0x0,

    /* U+00C0 "À" */
    0x0, 0x0, 0x3, 0x88, 0x86, 0x0, 0x0, 0x0,
    0x0, 0x0, 0x0, 0x0, 0x0, 0x0, 0xbf, 0xff,
    0x50, 0x0, 0x0, 0x0, 0x0, 0x0, 0x0, 0x0,
    0x0, 0xc, 0xff, 0xe1, 0x0, 0x0, 0x0, 0x0,
    0x0, 0x0, 0x0, 0x0, 0x1, 0xdf, 0xfa, 0x0,
    0x0, 0x0, 0x0, 0x0, 0x0, 0x0, 0x0, 0x0,
    0x1d, 0xff, 0x50, 0x0, 0x0, 0x0, 0x0, 0x0,
    0x0, 0x0, 0x0, 0x0, 0x0, 0x0, 0x0, 0x0,
    0x0, 0x0, 0x0, 0x0, 0x0, 0x0, 0x0, 0x0,
    0x0, 0x0, 0x0, 0x0, 0x0, 0x0, 0x0, 0x0,
    0x0, 0x5f, 0xff, 0x90, 0x0, 0x0, 0x0, 0x0,
    0x0, 0x0, 0x0, 0x0, 0xbf, 0xff, 0xf0, 0x0,
    0x0, 0x0, 0x0, 0x0, 0x0, 0x0, 0x1, 0xff,
    0xff, 0xf6, 0x0, 0x0, 0x0, 0x0, 0x0, 0x0,
    0x0, 0x7, 0xff, 0xff, 0xfc, 0x0, 0x0, 0x0,
    0x0, 0x0, 0x0, 0x0, 0xe, 0xff, 0xff, 0xff,
    0x20, 0x0, 0x0, 0x0, 0x0, 0x0, 0x0, 0x4f,
    0xff, 0x6f, 0xff, 0x90, 0x0, 0x0, 0x0, 0x0,
    0x0, 0x0, 0xaf, 0xff, 0xb, 0xff, 0xe0, 0x0,
    0x0, 0x0, 0x0, 0x0, 0x1, 0xff, 0xfa, 0x5,
    0xff, 0xf5, 0x0, 0x0, 0x0, 0x0, 0x0, 0x7,
    0xff, 0xf4, 0x0, 0xff, 0xfb, 0x0, 0x0, 0x0,
    0x0, 0x0, 0xd, 0xff, 0xe0, 0x0, 0xaf, 0xff,
    0x20, 0x0, 0x0, 0x0, 0x0, 0x3f, 0xff, 0x80,
    0x0, 0x4f, 0xff, 0x80, 0x0, 0x0, 0x0, 0x0,
    0x9f, 0xff, 0x30, 0x0, 0xe, 0xff, 0xe0, 0x0,
    0x0, 0x0, 0x0, 0xff, 0xfd, 0x0, 0x0, 0x8,
    0xff, 0xf5, 0x0, 0x0, 0x0, 0x6, 0xff, 0xf9,
    0x22, 0x22, 0x25, 0xff, 0xfb, 0x0, 0x0, 0x0,
    0xc, 0xff, 0xff, 0xff, 0xff, 0xff, 0xff, 0xff,
    0x10, 0x0, 0x0, 0x2f, 0xff, 0xff, 0xff, 0xff,
    0xff, 0xff, 0xff, 0x70, 0x0, 0x0, 0x9f, 0xff,
    0xff, 0xff, 0xff, 0xff, 0xff, 0xff, 0xd0, 0x0,
    0x0, 0xef, 0xff, 0x10, 0x0, 0x0, 0x0, 0xc,
    0xff, 0xf4, 0x0, 0x5, 0xff, 0xfa, 0x0, 0x0,
    0x0, 0x0, 0x6, 0xff, 0xfa, 0x0, 0xb, 0xff,
    0xf4, 0x0, 0x0, 0x0, 0x0, 0x0, 0xff, 0xff,
    0x10, 0x2f, 0xff, 0xe0, 0x0, 0x0, 0x0, 0x0,
    0x0, 0xaf, 0xff, 0x70, 0x8f, 0xff, 0x90, 0x0,
    0x0, 0x0, 0x0, 0x0, 0x4f, 0xff, 0xd0,

    /* U+00C1 "Á" */
    0x0, 0x0, 0x0, 0x0, 0x0, 0x2, 0x88, 0x87,
    0x0, 0x0, 0x0, 0x0, 0x0, 0x0, 0x0, 0x0,
    0xd, 0xff, 0xf3, 0x0, 0x0, 0x0, 0x0, 0x0,
    0x0, 0x0, 0x0, 0x8f, 0xff, 0x40, 0x0, 0x0,
    0x0, 0x0, 0x0, 0x0, 0x0, 0x3, 0xff, 0xf4,
    0x0, 0x0, 0x0, 0x0, 0x0, 0x0, 0x0, 0x0,
    0xd, 0xff, 0x50, 0x0, 0x0, 0x0, 0x0, 0x0,
    0x0, 0x0, 0x0, 0x0, 0x0, 0x0, 0x0, 0x0,
    0x0, 0x0, 0x0, 0x0, 0x0, 0x0, 0x0, 0x0,
    0x0, 0x0, 0x0, 0x0, 0x0, 0x0, 0x0, 0x0,
    0x0, 0x5f, 0xff, 0x90, 0x0, 0x0, 0x0, 0x0,
    0x0, 0x0, 0x0, 0x0, 0xbf, 0xff, 0xf0, 0x0,
    0x0, 0x0, 0x0, 0x0, 0x0, 0x0, 0x1, 0xff,
    0xff, 0xf6, 0x0, 0x0, 0x0, 0x0, 0x0, 0x0,
    0x0, 0x7, 0xff, 0xff, 0xfc, 0x0, 0x0, 0x0,
    0x0, 0x0, 0x0, 0x0, 0xe, 0xff, 0xff, 0xff,
    0x20, 0x0, 0x0, 0x0, 0x0, 0x0, 0x0, 0x4f,
    0xff, 0x6f, 0xff, 0x90, 0x0, 0x0, 0x0, 0x0,
    0x0, 0x0, 0xaf, 0xff, 0xb, 0xff, 0xe0, 0x0,
    0x0, 0x0, 0x0, 0x0, 0x1, 0xff, 0xfa, 0x5,
    0xff, 0xf5, 0x0, 0x0, 0x0, 0x0, 0x0, 0x7,
    0xff, 0xf4, 0x0, 0xff, 0xfb, 0x0, 0x0, 0x0,
    0x0, 0x0, 0xd, 0xff, 0xe0, 0x0, 0xaf, 0xff,
    0x20, 0x0, 0x0, 0x0, 0x0, 0x3f, 0xff, 0x80,
    0x0, 0x4f, 0xff, 0x80, 0x0, 0x0, 0x0, 0x0,
    0x9f, 0xff, 0x30, 0x0, 0xe, 0xff, 0xe0, 0x0,
    0x0, 0x0, 0x0, 0xff, 0xfd, 0x0, 0x0, 0x8,
    0xff, 0xf5, 0x0, 0x0, 0x0, 0x6, 0xff, 0xf9,
    0x22, 0x22, 0x25, 0xff, 0xfb, 0x0, 0x0, 0x0,
    0xc, 0xff, 0xff, 0xff, 0xff, 0xff, 0xff, 0xff,
    0x10, 0x0, 0x0, 0x2f, 0xff, 0xff, 0xff, 0xff,
    0xff, 0xff, 0xff, 0x70, 0x0, 0x0, 0x9f, 0xff,
    0xff, 0xff, 0xff, 0xff, 0xff, 0xff, 0xd0, 0x0,
    0x0, 0xef, 0xff, 0x10, 0x0, 0x0, 0x0, 0xc,
    0xff, 0xf4, 0x0, 0x5, 0xff, 0xfa, 0x0, 0x0,
    0x0, 0x0, 0x6, 0xff, 0xfa, 0x0, 0xb, 0xff,
    0xf4, 0x0, 0x0, 0x0, 0x0, 0x0, 0xff, 0xff,
    0x10, 0x2f, 0xff, 0xe0, 0x0, 0x0, 0x0, 0x0,
    0x0, 0xaf, 0xff, 0x70, 0x8f, 0xff, 0x90, 0x0,
    0x0, 0x0, 0x0, 0x0, 0x4f, 0xff, 0xd0,

    /* U+00C2 "Â" */
    0x0, 0x0, 0x0, 0x0, 0x5, 0x87, 0x0, 0x0,
    0x0, 0x0, 0x0, 0x0, 0x0, 0x0, 0x0, 0x6f,
    0xff, 0xb0, 0x0, 0x0, 0x0, 0x0, 0x0, 0x0,
    0x0, 0x6, 0xff, 0xdf, 0xfb, 0x0, 0x0, 0x0,
    0x0, 0x0, 0x0, 0x0, 0x5f, 0xfc, 0x6, 0xff,
    0xa0, 0x0, 0x0, 0x0, 0x0, 0x0, 0x5, 0xff,
    0xc0, 0x0, 0x7f, 0xf9, 0x0, 0x0, 0x0, 0x0,
    0x0, 0x0, 0x0, 0x0, 0x0, 0x0, 0x0, 0x0,
    0x0, 0x0, 0x0, 0x0, 0x0, 0x0, 0x0, 0x0,
    0x0, 0x0, 0x0, 0x0, 0x0, 0x0, 0x0, 0x0,
    0x0, 0x5f, 0xff, 0x90, 0x0, 0x0, 0x0, 0x0,
    0x0, 0x0, 0x0, 0x0, 0xbf, 0xff, 0xf0, 0x0,
    0x0, 0x0, 0x0, 0x0, 0x0, 0x0, 0x1, 0xff,
    0xff, 0xf6, 0x0, 0x0, 0x0, 0x0, 0x0, 0x0,
    0x0, 0x7, 0xff, 0xff, 0xfc, 0x0, 0x0, 0x0,
    0x0, 0x0, 0x0, 0x0, 0xe, 0xff, 0xff, 0xff,
    0x20, 0x0, 0x0, 0x0, 0x0, 0x0, 0x0, 0x4f,
    0xff, 0x6f, 0xff, 0x90, 0x0, 0x0, 0x0, 0x0,
    0x0, 0x0, 0xaf, 0xff, 0xb, 0xff, 0xe0, 0x0,
    0x0, 0x0, 0x0, 0x0, 0x1, 0xff, 0xfa, 0x5,
    0xff, 0xf5, 0x0, 0x0, 0x0, 0x0, 0x0, 0x7,
    0xff, 0xf4, 0x0, 0xff, 0xfb, 0x0, 0x0, 0x0,
    0x0, 0x0, 0xd, 0xff, 0xe0, 0x0, 0xaf, 0xff,
    0x20, 0x0, 0x0, 0x0, 0x0, 0x3f, 0xff, 0x80,
    0x0, 0x4f, 0xff, 0x80, 0x0, 0x0, 0x0, 0x0,
    0x9f, 0xff, 0x30, 0x0, 0xe, 0xff, 0xe0, 0x0,
    0x0, 0x0, 0x0, 0xff, 0xfd, 0x0, 0x0, 0x8,
    0xff, 0xf5, 0x0, 0x0, 0x0, 0x6, 0xff, 0xf9,
    0x22, 0x22, 0x25, 0xff, 0xfb, 0x0, 0x0, 0x0,
    0xc, 0xff, 0xff, 0xff, 0xff, 0xff, 0xff, 0xff,
    0x10, 0x0, 0x0, 0x2f, 0xff, 0xff, 0xff, 0xff,
    0xff, 0xff, 0xff, 0x70, 0x0, 0x0, 0x9f, 0xff,
    0xff, 0xff, 0xff, 0xff, 0xff, 0xff, 0xd0, 0x0,
    0x0, 0xef, 0xff, 0x10, 0x0, 0x0, 0x0, 0xc,
    0xff, 0xf4, 0x0, 0x5, 0xff, 0xfa, 0x0, 0x0,
    0x0, 0x0, 0x6, 0xff, 0xfa, 0x0, 0xb, 0xff,
    0xf4, 0x0, 0x0, 0x0, 0x0, 0x0, 0xff, 0xff,
    0x10, 0x2f, 0xff, 0xe0, 0x0, 0x0, 0x0, 0x0,
    0x0, 0xaf, 0xff, 0x70, 0x8f, 0xff, 0x90, 0x0,
    0x0, 0x0, 0x0, 0x0, 0x4f, 0xff, 0xd0,

    /* U+00C3 "Ã" */
    0x0, 0x0, 0x0, 0x0, 0x0, 0x0, 0x0, 0x21,
    0x0, 0x0, 0x0, 0x0, 0x0, 0x0, 0x5d, 0xfc,
    0x40, 0x1, 0xff, 0x50, 0x0, 0x0, 0x0, 0x0,
    0x3, 0xff, 0xff, 0xfd, 0x9d, 0xff, 0x20, 0x0,
    0x0, 0x0, 0x0, 0xb, 0xff, 0x9b, 0xff, 0xff,
    0xfa, 0x0, 0x0, 0x0, 0x0, 0x0, 0xe, 0xf7,
    0x0, 0x2a, 0xfe, 0x90, 0x0, 0x0, 0x0, 0x0,
    0x0, 0x0, 0x0, 0x0, 0x0, 0x0, 0x0, 0x0,
    0x0, 0x0, 0x0, 0x0, 0x0, 0x0, 0x0, 0x0,
    0x0, 0x0, 0x0, 0x0, 0x0, 0x0, 0x0, 0x0,
    0x0, 0x5f, 0xff, 0x90, 0x0, 0x0, 0x0, 0x0,
    0x0, 0x0, 0x0, 0x0, 0xbf, 0xff, 0xf0, 0x0,
    0x0, 0x0, 0x0, 0x0, 0x0, 0x0, 0x1, 0xff,
    0xff, 0xf6, 0x0, 0x0, 0x0, 0x0, 0x0, 0x0,
    0x0, 0x7, 0xff, 0xff, 0xfc, 0x0, 0x0, 0x0,
    0x0, 0x0, 0x0, 0x0, 0xe, 0xff, 0xff, 0xff,
    0x20, 0x0, 0x0, 0x0, 0x0, 0x0, 0x0, 0x4f,
    0xff, 0x6f, 0xff, 0x90, 0x0, 0x0, 0x0, 0x0,
    0x0, 0x0, 0xaf, 0xff, 0xb, 0xff, 0xe0, 0x0,
    0x0, 0x0, 0x0, 0x0, 0x1, 0xff, 0xfa, 0x5,
    0xff, 0xf5, 0x0, 0x0, 0x0, 0x0, 0x0, 0x7,
    0xff, 0xf4, 0x0, 0xff, 0xfb, 0x0, 0x0, 0x0,
    0x0, 0x0, 0xd, 0xff, 0xe0, 0x0, 0xaf, 0xff,
    0x20, 0x0, 0x0, 0x0, 0x0, 0x3f, 0xff, 0x80,
    0x0, 0x4f, 0xff, 0x80, 0x0, 0x0, 0x0, 0x0,
    0x9f, 0xff, 0x30, 0x0, 0xe, 0xff, 0xe0, 0x0,
    0x0, 0x0, 0x0, 0xff, 0xfd, 0x0, 0x0, 0x8,
    0xff, 0xf5, 0x0, 0x0, 0x0, 0x6, 0xff, 0xf9,
    0x22, 0x22, 0x25, 0xff, 0xfb, 0x0, 0x0, 0x0,
    0xc, 0xff, 0xff, 0xff, 0xff, 0xff, 0xff, 0xff,
    0x10, 0x0, 0x0, 0x2f, 0xff, 0xff, 0xff, 0xff,
    0xff, 0xff, 0xff, 0x70, 0x0, 0x0, 0x9f, 0xff,
    0xff, 0xff, 0xff, 0xff, 0xff, 0xff, 0xd0, 0x0,
    0x0, 0xef, 0xff, 0x10, 0x0, 0x0, 0x0, 0xc,
    0xff, 0xf4, 0x0, 0x5, 0xff, 0xfa, 0x0, 0x0,
    0x0, 0x0, 0x6, 0xff, 0xfa, 0x0, 0xb, 0xff,
    0xf4, 0x0, 0x0, 0x0, 0x0, 0x0, 0xff, 0xff,
    0x10, 0x2f, 0xff, 0xe0, 0x0, 0x0, 0x0, 0x0,
    0x0, 0xaf, 0xff, 0x70, 0x8f, 0xff, 0x90, 0x0,
    0x0, 0x0, 0x0, 0x0, 0x4f, 0xff, 0xd0,

    /* U+00C4 "Ä" */
    0x0, 0x0, 0x1, 0x89, 0x20, 0x0, 0x7, 0x94,
    0x0, 0x0, 0x0, 0x0, 0x0, 0xa, 0xff, 0xe0,
    0x0, 0x8f, 0xff, 0x10, 0x0, 0x0, 0x0, 0x0,
    0xc, 0xff, 0xf0, 0x0, 0xaf, 0xff, 0x30, 0x0,
    0x0, 0x0, 0x0, 0x4, 0xef, 0x70, 0x0, 0x2d,
    0xf9, 0x0, 0x0, 0x0, 0x0, 0x0, 0x0, 0x0,
    0x0, 0x0, 0x0, 0x0, 0x0, 0x0, 0x0, 0x0,
    0x0, 0x0, 0x0, 0x0, 0x0, 0x0, 0x0, 0x0,
    0x0, 0x0, 0x0, 0x0, 0x0, 0x0, 0x5f, 0xff,
    0x90, 0x0, 0x0, 0x0, 0x0, 0x0, 0x0, 0x0,
    0x0, 0xbf, 0xff, 0xf0, 0x0, 0x0, 0x0, 0x0,
    0x0, 0x0, 0x0, 0x1, 0xff, 0xff, 0xf6, 0x0,
    0x0, 0x0, 0x0, 0x0, 0x0, 0x0, 0x7, 0xff,
    0xff, 0xfc, 0x0, 0x0, 0x0, 0x0, 0x0, 0x0,
    0x0, 0xe, 0xff, 0xff, 0xff, 0x20, 0x0, 0x0,
    0x0, 0x0, 0x0, 0x0, 0x4f, 0xff, 0x6f, 0xff,
    0x90, 0x0, 0x0, 0x0, 0x0, 0x0, 0x0, 0xaf,
    0xff, 0xb, 0xff, 0xe0, 0x0, 0x0, 0x0, 0x0,
    0x0, 0x1, 0xff, 0xfa, 0x5, 0xff, 0xf5, 0x0,
    0x0, 0x0, 0x0, 0x0, 0x7, 0xff, 0xf4, 0x0,
    0xff, 0xfb, 0x0, 0x0, 0x0, 0x0, 0x0, 0xd,
    0xff, 0xe0, 0x0, 0xaf, 0xff, 0x20, 0x0, 0x0,
    0x0, 0x0, 0x3f, 0xff, 0x80, 0x0, 0x4f, 0xff,
    0x80, 0x0, 0x0, 0x0, 0x0, 0x9f, 0xff, 0x30,
    0x0, 0xe, 0xff, 0xe0, 0x0, 0x0, 0x0, 0x0,
    0xff, 0xfd, 0x0, 0x0, 0x8, 0xff, 0xf5, 0x0,
    0x0, 0x0, 0x6, 0xff, 0xf9, 0x22, 0x22, 0x25,
    0xff, 0xfb, 0x0, 0x0, 0x0, 0xc, 0xff, 0xff,
    0xff, 0xff, 0xff, 0xff, 0xff, 0x10, 0x0, 0x0,
    0x2f, 0xff, 0xff, 0xff, 0xff, 0xff, 0xff, 0xff,
    0x70, 0x0, 0x0, 0x9f, 0xff, 0xff, 0xff, 0xff,
    0xff, 0xff, 0xff, 0xd0, 0x0, 0x0, 0xef, 0xff,
    0x10, 0x0, 0x0, 0x0, 0xc, 0xff, 0xf4, 0x0,
    0x5, 0xff, 0xfa, 0x0, 0x0, 0x0, 0x0, 0x6,
    0xff, 0xfa, 0x0, 0xb, 0xff, 0xf4, 0x0, 0x0,
    0x0, 0x0, 0x0, 0xff, 0xff, 0x10, 0x2f, 0xff,
    0xe0, 0x0, 0x0, 0x0, 0x0, 0x0, 0xaf, 0xff,
    0x70, 0x8f, 0xff, 0x90, 0x0, 0x0, 0x0, 0x0,
    0x0, 0x4f, 0xff, 0xd0,

    /* U+00C5 "Å" */
    0x0, 0x0, 0x0, 0x0, 0x0, 0x10, 0x0, 0x0,
    0x0, 0x0, 0x0, 0x0, 0x0, 0x0, 0x0, 0x5e,
    0xff, 0x90, 0x0, 0x0, 0x0, 0x0, 0x0, 0x0,
    0x0, 0x3, 0xfc, 0x58, 0xfa, 0x0, 0x0, 0x0,
    0x0, 0x0, 0x0, 0x0, 0xa, 0xf1, 0x0, 0xbf,
    0x0, 0x0, 0x0, 0x0, 0x0, 0x0, 0x0, 0xa,
    0xf0, 0x0, 0x9f, 0x10, 0x0, 0x0, 0x0, 0x0,
    0x0, 0x0, 0x5, 0xfa, 0x25, 0xfc, 0x0, 0x0,
    0x0, 0x0, 0x0, 0x0, 0x0, 0x0, 0x8f, 0xff,
    0xc2, 0x0, 0x0, 0x0, 0x0, 0x0, 0x0, 0x0,
    0x0, 0x1, 0x32, 0x0, 0x0, 0x0, 0x0, 0x0,
    0x0, 0x0, 0x0, 0x0, 0x0, 0x0, 0x0, 0x0,
    0x0, 0x0, 0x0, 0x0, 0x0, 0x0, 0x0, 0x5f,
    0xff, 0x90, 0x0, 0x0, 0x0, 0x0, 0x0, 0x0,
    0x0, 0x0, 0xbf, 0xff, 0xf0, 0x0, 0x0, 0x0,
    0x0, 0x0, 0x0, 0x0, 0x1, 0xff, 0xff, 0xf6,
    0x0, 0x0, 0x0, 0x0, 0x0, 0x0, 0x0, 0x7,
    0xff, 0xff, 0xfc, 0x0, 0x0, 0x0, 0x0, 0x0,
    0x0, 0x0, 0xe, 0xff, 0xff, 0xff, 0x20, 0x0,
    0x0, 0x0, 0x0, 0x0, 0x0, 0x4f, 0xff, 0x6f,
    0xff, 0x90, 0x0, 0x0, 0x0, 0x0, 0x0, 0x0,
    0xaf, 0xff, 0xb, 0xff, 0xe0, 0x0, 0x0, 0x0,
    0x0, 0x0, 0x1, 0xff, 0xfa, 0x5, 0xff, 0xf5,
    0x0, 0x0, 0x0, 0x0, 0x0, 0x7, 0xff, 0xf4,
    0x0, 0xff, 0xfb, 0x0, 0x0, 0x0, 0x0, 0x0,
    0xd, 0xff, 0xe0, 0x0, 0xaf, 0xff, 0x20, 0x0,
    0x0, 0x0, 0x0, 0x3f, 0xff, 0x80, 0x0, 0x4f,
    0xff, 0x80, 0x0, 0x0, 0x0, 0x0, 0x9f, 0xff,
    0x30, 0x0, 0xe, 0xff, 0xe0, 0x0, 0x0, 0x0,
    0x0, 0xff, 0xfd, 0x0, 0x0, 0x8, 0xff, 0xf5,
    0x0, 0x0, 0x0, 0x6, 0xff, 0xf9, 0x22, 0x22,
    0x25, 0xff, 0xfb, 0x0, 0x0, 0x0, 0xc, 0xff,
    0xff, 0xff, 0xff, 0xff, 0xff, 0xff, 0x10, 0x0,
    0x0, 0x2f, 0xff, 0xff, 0xff, 0xff, 0xff, 0xff,
    0xff, 0x70, 0x0, 0x0, 0x9f, 0xff, 0xff, 0xff,
    0xff, 0xff, 0xff, 0xff, 0xd0, 0x0, 0x0, 0xef,
    0xff, 0x10, 0x0, 0x0, 0x0, 0xc, 0xff, 0xf4,
    0x0, 0x5, 0xff, 0xfa, 0x0, 0x0, 0x0, 0x0,
    0x6, 0xff, 0xfa, 0x0, 0xb, 0xff, 0xf4, 0x0,
    0x0, 0x0, 0x0, 0x0, 0xff, 0xff, 0x10, 0x2f,
    0xff, 0xe0, 0x0, 0x0, 0x0, 0x0, 0x0, 0xaf,
    0xff, 0x70, 0x8f, 0xff, 0x90, 0x0, 0x0, 0x0,
    0x0, 0x0, 0x4f, 0xff, 0xd0,

    /* U+00C6 "Æ" */
    0x0, 0x0, 0x0, 0x0, 0x0, 0x0, 0x6, 0xff,
    0xff, 0xff, 0xff, 0xff, 0xff, 0xff, 0xf6, 0x0,
    0x0, 0x0, 0x0, 0x0, 0x0, 0x1, 0xef, 0xff,
    0xff, 0xff, 0xff, 0xff, 0xff, 0xff, 0x60, 0x0,
    0x0, 0x0, 0x0, 0x0, 0x0, 0x9f, 0xff, 0xff,
    0xff, 0xff, 0xff, 0xff, 0xff, 0xf6, 0x0, 0x0,
    0x0, 0x0, 0x0, 0x0, 0x3f, 0xff, 0xff, 0xff,
    0x50, 0x0, 0x0, 0x0, 0x0, 0x0, 0x0, 0x0,
    0x0, 0x0, 0x0, 0xc, 0xff, 0xf9, 0xff, 0xf5,
    0x0, 0x0, 0x0, 0x0, 0x0, 0x0, 0x0, 0x0,
    0x0, 0x0, 0x5, 0xff, 0xf9, 0x6f, 0xff, 0x60,
    0x0, 0x0, 0x0, 0x0, 0x0, 0x0, 0x0, 0x0,
    0x0, 0x0, 0xef, 0xff, 0x15, 0xff, 0xf7, 0x0,
    0x0, 0x0, 0x0, 0x0, 0x0, 0x0, 0x0, 0x0,
    0x0, 0x8f, 0xff, 0x70, 0x5f, 0xff, 0x70, 0x0,
    0x0, 0x0, 0x0, 0x0, 0x0, 0x0, 0x0, 0x0,
    0x2f, 0xff, 0xe0, 0x4, 0xff, 0xf8, 0x0, 0x0,
    0x0, 0x0, 0x0, 0x0, 0x0, 0x0, 0x0, 0xb,
    0xff, 0xf6, 0x0, 0x3f, 0xff, 0xff, 0xff, 0xff,
    0xff, 0xf2, 0x0, 0x0, 0x0, 0x0, 0x5, 0xff,
    0xfd, 0x0, 0x2, 0xff, 0xff, 0xff, 0xff, 0xff,
    0xff, 0x20, 0x0, 0x0, 0x0, 0x0, 0xef, 0xff,
    0x40, 0x0, 0x2f, 0xff, 0xff, 0xff, 0xff, 0xff,
    0xf2, 0x0, 0x0, 0x0, 0x0, 0x8f, 0xff, 0xb0,
    0x0, 0x1, 0xff, 0xfb, 0x0, 0x0, 0x0, 0x0,
    0x0, 0x0, 0x0, 0x0, 0x2f, 0xff, 0xf7, 0x55,
    0x55, 0x5f, 0xff, 0xc0, 0x0, 0x0, 0x0, 0x0,
    0x0, 0x0, 0x0, 0xb, 0xff, 0xff, 0xff, 0xff,
    0xff, 0xff, 0xfc, 0x0, 0x0, 0x0, 0x0, 0x0,
    0x0, 0x0, 0x4, 0xff, 0xff, 0xff, 0xff, 0xff,
    0xff, 0xff, 0xd0, 0x0, 0x0, 0x0, 0x0, 0x0,
    0x0, 0x0, 0xdf, 0xff, 0xff, 0xff, 0xff, 0xff,
    0xff, 0xfe, 0x0, 0x0, 0x0, 0x0, 0x0, 0x0,
    0x0, 0x7f, 0xff, 0xe0, 0x0, 0x0, 0x0, 0xe,
    0xff, 0xe0, 0x0, 0x0, 0x0, 0x0, 0x0, 0x0,
    0x1f, 0xff, 0xf6, 0x0, 0x0, 0x0, 0x0, 0xdf,
    0xff, 0x0, 0x0, 0x0, 0x0, 0x0, 0x0, 0xa,
    0xff, 0xfc, 0x0, 0x0, 0x0, 0x0, 0xc, 0xff,
    0xff, 0xff, 0xff, 0xff, 0xff, 0xf5, 0x4, 0xff,
    0xff, 0x30, 0x0, 0x0, 0x0, 0x0, 0xbf, 0xff,
    0xff, 0xff, 0xff, 0xff, 0xff, 0x50, 0xdf, 0xff,
    0xa0, 0x0, 0x0, 0x0, 0x0, 0xb, 0xff, 0xff,
    0xff, 0xff, 0xff, 0xff, 0xf5,

    /* U+00C7 "Ç" */
    0x0, 0x0, 0x0, 0x6b, 0xef, 0xfe, 0xb6, 0x10,
    0x0, 0x0, 0x0, 0x6, 0xef, 0xff, 0xff, 0xff,
    0xff, 0x60, 0x0, 0x0, 0x9, 0xff, 0xff, 0xff,
    0xff, 0xff, 0xff, 0x80, 0x0, 0x7, 0xff, 0xff,
    0xb5, 0x33, 0x5a, 0xff, 0xff, 0x50, 0x1, 0xff,
    0xff, 0x60, 0x0, 0x0, 0x6, 0xff, 0xfe, 0x0,
    0x8f, 0xff, 0x90, 0x0, 0x0, 0x0, 0xc, 0xff,
    0xf4, 0xe, 0xff, 0xf2, 0x0, 0x0, 0x0, 0x0,
    0x7f, 0xff, 0x82, 0xff, 0xfd, 0x0, 0x0, 0x0,
    0x0, 0x2, 0x66, 0x64, 0x4f, 0xff, 0xa0, 0x0,
    0x0, 0x0, 0x0, 0x0, 0x0, 0x6, 0xff, 0xf9,
    0x0, 0x0, 0x0, 0x0, 0x0, 0x0, 0x0, 0x6f,
    0xff, 0x90, 0x0, 0x0, 0x0, 0x0, 0x0, 0x0,
    0x6, 0xff, 0xf9, 0x0, 0x0, 0x0, 0x0, 0x0,
    0x0, 0x0, 0x6f, 0xff, 0x90, 0x0, 0x0, 0x0,
    0x0, 0x0, 0x0, 0x5, 0xff, 0xfa, 0x0, 0x0,
    0x0, 0x0, 0x0, 0x0, 0x0, 0x2f, 0xff, 0xd0,
    0x0, 0x0, 0x0, 0x0, 0x15, 0x55, 0x30, 0xef,
    0xff, 0x10, 0x0, 0x0, 0x0, 0x7, 0xff, 0xf8,
    0x9, 0xff, 0xf8, 0x0, 0x0, 0x0, 0x0, 0xcf,
    0xff, 0x40, 0x2f, 0xff, 0xf5, 0x0, 0x0, 0x0,
    0x6f, 0xff, 0xe0, 0x0, 0x8f, 0xff, 0xfa, 0x42,
    0x35, 0xaf, 0xff, 0xf5, 0x0, 0x0, 0xaf, 0xff,
    0xff, 0xff, 0xff, 0xff, 0xf8, 0x0, 0x0, 0x0,
    0x7f, 0xff, 0xff, 0xff, 0xff, 0xf6, 0x0, 0x0,
    0x0, 0x0, 0x17, 0xcf, 0xff, 0xea, 0x60, 0x0,
    0x0, 0x0, 0x0, 0x0, 0x0, 0xdf, 0xf5, 0x0,
    0x0, 0x0, 0x0, 0x0, 0x0, 0x0, 0xa, 0xdf,
    0xfc, 0x0, 0x0, 0x0, 0x0, 0x0, 0x0, 0x0,
    0x0, 0xef, 0xf3, 0x0, 0x0, 0x0, 0x0, 0x0,
    0x0, 0x2, 0x6f, 0xff, 0x20, 0x0, 0x0, 0x0,
    0x0, 0x0, 0x0, 0xef, 0xff, 0xa0, 0x0, 0x0,
    0x0, 0x0, 0x0, 0x0, 0xd, 0xeb, 0x60, 0x0,
    0x0, 0x0,

    /* U+00C8 "È" */
    0x0, 0x38, 0x88, 0x70, 0x0, 0x0, 0x0, 0x0,
    0x0, 0xa, 0xff, 0xf6, 0x0, 0x0, 0x0, 0x0,
    0x0, 0x0, 0xbf, 0xff, 0x10, 0x0, 0x0, 0x0,
    0x0, 0x0, 0xc, 0xff, 0xb0, 0x0, 0x0, 0x0,
    0x0, 0x0, 0x0, 0xcf, 0xf6, 0x0, 0x0, 0x0,
    0x0, 0x0, 0x0, 0x0, 0x0, 0x0, 0x0, 0x0,
    0x0, 0x0, 0x0, 0x0, 0x0, 0x0, 0x0, 0x0,
    0xbf, 0xff, 0xff, 0xff, 0xff, 0xff, 0xff, 0xf1,
    0xbf, 0xff, 0xff, 0xff, 0xff, 0xff, 0xff, 0xf1,
    0xbf, 0xff, 0xff, 0xff, 0xff, 0xff, 0xff, 0xf1,
    0xbf, 0xff, 0x52, 0x22, 0x22, 0x22, 0x22, 0x20,
    0xbf, 0xff, 0x40, 0x0, 0x0, 0x0, 0x0, 0x0,
    0xbf, 0xff, 0x40, 0x0, 0x0, 0x0, 0x0, 0x0,
    0xbf, 0xff, 0x40, 0x0, 0x0, 0x0, 0x0, 0x0,
    0xbf, 0xff, 0x40, 0x0, 0x0, 0x0, 0x0, 0x0,
    0xbf, 0xff, 0x51, 0x11, 0x11, 0x11, 0x10, 0x0,
    0xbf, 0xff, 0xff, 0xff, 0xff, 0xff, 0xf9, 0x0,
    0xbf, 0xff, 0xff, 0xff, 0xff, 0xff, 0xf9, 0x0,
    0xbf, 0xff, 0xff, 0xff, 0xff, 0xff, 0xf9, 0x0,
    0xbf, 0xff, 0x40, 0x0, 0x0, 0x0, 0x0, 0x0,
    0xbf, 0xff, 0x40, 0x0, 0x0, 0x0, 0x0, 0x0,
    0xbf, 0xff, 0x40, 0x0, 0x0, 0x0, 0x0, 0x0,
    0xbf, 0xff, 0x40, 0x0, 0x0, 0x0, 0x0, 0x0,
    0xbf, 0xff, 0x40, 0x0, 0x0, 0x0, 0x0, 0x0,
    0xbf, 0xff, 0x40, 0x0, 0x0, 0x0, 0x0, 0x0,
    0xbf, 0xff, 0x51, 0x11, 0x11, 0x11, 0x11, 0x10,
    0xbf, 0xff, 0xff, 0xff, 0xff, 0xff, 0xff, 0xf3,
    0xbf, 0xff, 0xff, 0xff, 0xff, 0xff, 0xff, 0xf3,
    0xbf, 0xff, 0xff, 0xff, 0xff, 0xff, 0xff, 0xf3,

    /* U+00C9 "É" */
    0x0, 0x0, 0x0, 0x0, 0x28, 0x88, 0x70, 0x0,
    0x0, 0x0, 0x0, 0x0, 0xcf, 0xff, 0x40, 0x0,
    0x0, 0x0, 0x0, 0x7, 0xff, 0xf5, 0x0, 0x0,
    0x0, 0x0, 0x0, 0x2f, 0xff, 0x50, 0x0, 0x0,
    0x0, 0x0, 0x0, 0xcf, 0xf6, 0x0, 0x0, 0x0,
    0x0, 0x0, 0x0, 0x0, 0x0, 0x0, 0x0, 0x0,
    0x0, 0x0, 0x0, 0x0, 0x0, 0x0, 0x0, 0x0,
    0xbf, 0xff, 0xff, 0xff, 0xff, 0xff, 0xff, 0xf1,
    0xbf, 0xff, 0xff, 0xff, 0xff, 0xff, 0xff, 0xf1,
    0xbf, 0xff, 0xff, 0xff, 0xff, 0xff, 0xff, 0xf1,
    0xbf, 0xff, 0x52, 0x22, 0x22, 0x22, 0x22, 0x20,
    0xbf, 0xff, 0x40, 0x0, 0x0, 0x0, 0x0, 0x0,
    0xbf, 0xff, 0x40, 0x0, 0x0, 0x0, 0x0, 0x0,
    0xbf, 0xff, 0x40, 0x0, 0x0, 0x0, 0x0, 0x0,
    0xbf, 0xff, 0x40, 0x0, 0x0, 0x0, 0x0, 0x0,
    0xbf, 0xff, 0x51, 0x11, 0x11, 0x11, 0x10, 0x0,
    0xbf, 0xff, 0xff, 0xff, 0xff, 0xff, 0xf9, 0x0,
    0xbf, 0xff, 0xff, 0xff, 0xff, 0xff, 0xf9, 0x0,
    0xbf, 0xff, 0xff, 0xff, 0xff, 0xff, 0xf9, 0x0,
    0xbf, 0xff, 0x40, 0x0, 0x0, 0x0, 0x0, 0x0,
    0xbf, 0xff, 0x40, 0x0, 0x0, 0x0, 0x0, 0x0,
    0xbf, 0xff, 0x40, 0x0, 0x0, 0x0, 0x0, 0x0,
    0xbf, 0xff, 0x40, 0x0, 0x0, 0x0, 0x0, 0x0,
    0xbf, 0xff, 0x40, 0x0, 0x0, 0x0, 0x0, 0x0,
    0xbf, 0xff, 0x40, 0x0, 0x0, 0x0, 0x0, 0x0,
    0xbf, 0xff, 0x51, 0x11, 0x11, 0x11, 0x11, 0x10,
    0xbf, 0xff, 0xff, 0xff, 0xff, 0xff, 0xff, 0xf3,
    0xbf, 0xff, 0xff, 0xff, 0xff, 0xff, 0xff, 0xf3,
    0xbf, 0xff, 0xff, 0xff, 0xff, 0xff, 0xff, 0xf3,

    /* U+00CA "Ê" */
    0x0, 0x0, 0x0, 0x48, 0x71, 0x0, 0x0, 0x0,
    0x0, 0x0, 0x5, 0xff, 0xfc, 0x0, 0x0, 0x0,
    0x0, 0x0, 0x5f, 0xfd, 0xff, 0xc0, 0x0, 0x0,
    0x0, 0x4, 0xff, 0xd1, 0x5f, 0xfb, 0x0, 0x0,
    0x0, 0x4f, 0xfd, 0x10, 0x5, 0xff, 0xa0, 0x0,
    0x0, 0x0, 0x0, 0x0, 0x0, 0x0, 0x0, 0x0,
    0x0, 0x0, 0x0, 0x0, 0x0, 0x0, 0x0, 0x0,
    0xbf, 0xff, 0xff, 0xff, 0xff, 0xff, 0xff, 0xf1,
    0xbf, 0xff, 0xff, 0xff, 0xff, 0xff, 0xff, 0xf1,
    0xbf, 0xff, 0xff, 0xff, 0xff, 0xff, 0xff, 0xf1,
    0xbf, 0xff, 0x52, 0x22, 0x22, 0x22, 0x22, 0x20,
    0xbf, 0xff, 0x40, 0x0, 0x0, 0x0, 0x0, 0x0,
    0xbf, 0xff, 0x40, 0x0, 0x0, 0x0, 0x0, 0x0,
    0xbf, 0xff, 0x40, 0x0, 0x0, 0x0, 0x0, 0x0,
    0xbf, 0xff, 0x40, 0x0, 0x0, 0x0, 0x0, 0x0,
    0xbf, 0xff, 0x51, 0x11, 0x11, 0x11, 0x10, 0x0,
    0xbf, 0xff, 0xff, 0xff, 0xff, 0xff, 0xf9, 0x0,
    0xbf, 0xff, 0xff, 0xff, 0xff, 0xff, 0xf9, 0x0,
    0xbf, 0xff, 0xff, 0xff, 0xff, 0xff, 0xf9, 0x0,
    0xbf, 0xff, 0x40, 0x0, 0x0, 0x0, 0x0, 0x0,
    0xbf, 0xff, 0x40, 0x0, 0x0, 0x0, 0x0, 0x0,
    0xbf, 0xff, 0x40, 0x0, 0x0, 0x0, 0x0, 0x0,
    0xbf, 0xff, 0x40, 0x0, 0x0, 0x0, 0x0, 0x0,
    0xbf, 0xff, 0x40, 0x0, 0x0, 0x0, 0x0, 0x0,
    0xbf, 0xff, 0x40, 0x0, 0x0, 0x0, 0x0, 0x0,
    0xbf, 0xff, 0x51, 0x11, 0x11, 0x11, 0x11, 0x10,
    0xbf, 0xff, 0xff, 0xff, 0xff, 0xff, 0xff, 0xf3,
    0xbf, 0xff, 0xff, 0xff, 0xff, 0xff, 0xff, 0xf3,
    0xbf, 0xff, 0xff, 0xff, 0xff, 0xff, 0xff, 0xf3,

    /* U+00CB "Ë" */
    0x0, 0x7, 0x93, 0x0, 0x0, 0x69, 0x40, 0x0,
    0x0, 0x9f, 0xff, 0x10, 0x7, 0xff, 0xf2, 0x0,
    0x0, 0xaf, 0xff, 0x20, 0x8, 0xff, 0xf4, 0x0,
    0x0, 0x3d, 0xf8, 0x0, 0x2, 0xcf, 0xa0, 0x0,
    0x0, 0x0, 0x0, 0x0, 0x0, 0x0, 0x0, 0x0,
    0x0, 0x0, 0x0, 0x0, 0x0, 0x0, 0x0, 0x0,
    0xbf, 0xff, 0xff, 0xff, 0xff, 0xff, 0xff, 0xf1,
    0xbf, 0xff, 0xff, 0xff, 0xff, 0xff, 0xff, 0xf1,
    0xbf, 0xff, 0xff, 0xff, 0xff, 0xff, 0xff, 0xf1,
    0xbf, 0xff, 0x52, 0x22, 0x22, 0x22, 0x22, 0x20,
    0xbf, 0xff, 0x40, 0x0, 0x0, 0x0, 0x0, 0x0,
    0xbf, 0xff, 0x40, 0x0, 0x0, 0x0, 0x0, 0x0,
    0xbf, 0xff, 0x40, 0x0, 0x0, 0x0, 0x0, 0x0,
    0xbf, 0xff, 0x40, 0x0, 0x0, 0x0, 0x0, 0x0,
    0xbf, 0xff, 0x51, 0x11, 0x11, 0x11, 0x10, 0x0,
    0xbf, 0xff, 0xff, 0xff, 0xff, 0xff, 0xf9, 0x0,
    0xbf, 0xff, 0xff, 0xff, 0xff, 0xff, 0xf9, 0x0,
    0xbf, 0xff, 0xff, 0xff, 0xff, 0xff, 0xf9, 0x0,
    0xbf, 0xff, 0x40, 0x0, 0x0, 0x0, 0x0, 0x0,
    0xbf, 0xff, 0x40, 0x0, 0x0, 0x0, 0x0, 0x0,
    0xbf, 0xff, 0x40, 0x0, 0x0, 0x0, 0x0, 0x0,
    0xbf, 0xff, 0x40, 0x0, 0x0, 0x0, 0x0, 0x0,
    0xbf, 0xff, 0x40, 0x0, 0x0, 0x0, 0x0, 0x0,
    0xbf, 0xff, 0x40, 0x0, 0x0, 0x0, 0x0, 0x0,
    0xbf, 0xff, 0x51, 0x11, 0x11, 0x11, 0x11, 0x10,
    0xbf, 0xff, 0xff, 0xff, 0xff, 0xff, 0xff, 0xf3,
    0xbf, 0xff, 0xff, 0xff, 0xff, 0xff, 0xff, 0xf3,
    0xbf, 0xff, 0xff, 0xff, 0xff, 0xff, 0xff, 0xf3,

    /* U+00CC "Ì" */
    0x58, 0x88, 0x40, 0x0, 0x1d, 0xff, 0xf2, 0x0,
    0x1, 0xef, 0xfc, 0x0, 0x0, 0x2e, 0xff, 0x70,
    0x0, 0x3, 0xff, 0xf2, 0x0, 0x0, 0x0, 0x0,
    0x0, 0x0, 0x0, 0x0, 0x0, 0x7, 0xff, 0xf7,
    0x0, 0x7, 0xff, 0xf7, 0x0, 0x7, 0xff, 0xf7,
    0x0, 0x7, 0xff, 0xf7, 0x0, 0x7, 0xff, 0xf7,
    0x0, 0x7, 0xff, 0xf7, 0x0, 0x7, 0xff, 0xf7,
    0x0, 0x7, 0xff, 0xf7, 0x0, 0x7, 0xff, 0xf7,
    0x0, 0x7, 0xff, 0xf7, 0x0, 0x7, 0xff, 0xf7,
    0x0, 0x7, 0xff, 0xf7, 0x0, 0x7, 0xff, 0xf7,
    0x0, 0x7, 0xff, 0xf7, 0x0, 0x7, 0xff, 0xf7,
    0x0, 0x7, 0xff, 0xf7, 0x0, 0x7, 0xff, 0xf7,
    0x0, 0x7, 0xff, 0xf7, 0x0, 0x7, 0xff, 0xf7,
    0x0, 0x7, 0xff, 0xf7, 0x0, 0x7, 0xff, 0xf7,
    0x0, 0x7, 0xff, 0xf7,

    /* U+00CD "Í" */
    0x0, 0x4, 0x88, 0x85, 0x0, 0x1f, 0xff, 0xe1,
    0x0, 0xbf, 0xfe, 0x20, 0x6, 0xff, 0xe2, 0x0,
    0x2f, 0xfe, 0x20, 0x0, 0x0, 0x0, 0x0, 0x0,
    0x0, 0x0, 0x0, 0x0, 0x7f, 0xff, 0x70, 0x0,
    0x7f, 0xff, 0x70, 0x0, 0x7f, 0xff, 0x70, 0x0,
    0x7f, 0xff, 0x70, 0x0, 0x7f, 0xff, 0x70, 0x0,
    0x7f, 0xff, 0x70, 0x0, 0x7f, 0xff, 0x70, 0x0,
    0x7f, 0xff, 0x70, 0x0, 0x7f, 0xff, 0x70, 0x0,
    0x7f, 0xff, 0x70, 0x0, 0x7f, 0xff, 0x70, 0x0,
    0x7f, 0xff, 0x70, 0x0, 0x7f, 0xff, 0x70, 0x0,
    0x7f, 0xff, 0x70, 0x0, 0x7f, 0xff, 0x70, 0x0,
    0x7f, 0xff, 0x70, 0x0, 0x7f, 0xff, 0x70, 0x0,
    0x7f, 0xff, 0x70, 0x0, 0x7f, 0xff, 0x70, 0x0,
    0x7f, 0xff, 0x70, 0x0, 0x7f, 0xff, 0x70, 0x0,
    0x7f, 0xff, 0x70, 0x0,

    /* U+00CE "Î" */
    0x0, 0x0, 0x68, 0x60, 0x0, 0x0, 0x0, 0x9f,
    0xff, 0x90, 0x0, 0x0, 0x8f, 0xfd, 0xff, 0x80,
    0x0, 0x8f, 0xfa, 0x9, 0xff, 0x70, 0x8f, 0xfa,
    0x0, 0x9, 0xff, 0x60, 0x0, 0x0, 0x0, 0x0,
    0x0, 0x0, 0x0, 0x0, 0x0, 0x0, 0x0, 0x0,
    0x7f, 0xff, 0x70, 0x0, 0x0, 0x7, 0xff, 0xf7,
    0x0, 0x0, 0x0, 0x7f, 0xff, 0x70, 0x0, 0x0,
    0x7, 0xff, 0xf7, 0x0, 0x0, 0x0, 0x7f, 0xff,
    0x70, 0x0, 0x0, 0x7, 0xff, 0xf7, 0x0, 0x0,
    0x0, 0x7f, 0xff, 0x70, 0x0, 0x0, 0x7, 0xff,
    0xf7, 0x0, 0x0, 0x0, 0x7f, 0xff, 0x70, 0x0,
    0x0, 0x7, 0xff, 0xf7, 0x0, 0x0, 0x0, 0x7f,
    0xff, 0x70, 0x0, 0x0, 0x7, 0xff, 0xf7, 0x0,
    0x0, 0x0, 0x7f, 0xff, 0x70, 0x0, 0x0, 0x7,
    0xff, 0xf7, 0x0, 0x0, 0x0, 0x7f, 0xff, 0x70,
    0x0, 0x0, 0x7, 0xff, 0xf7, 0x0, 0x0, 0x0,
    0x7f, 0xff, 0x70, 0x0, 0x0, 0x7, 0xff, 0xf7,
    0x0, 0x0, 0x0, 0x7f, 0xff, 0x70, 0x0, 0x0,
    0x7, 0xff, 0xf7, 0x0, 0x0, 0x0, 0x7f, 0xff,
    0x70, 0x0, 0x0, 0x7, 0xff, 0xf7, 0x0, 0x0,

    /* U+00CF "Ï" */
    0x2, 0x98, 0x10, 0x0, 0x18, 0x92, 0x0, 0xdf,
    0xfc, 0x0, 0xb, 0xff, 0xe0, 0xf, 0xff, 0xd0,
    0x0, 0xdf, 0xff, 0x0, 0x6e, 0xe5, 0x0, 0x4,
    0xee, 0x60, 0x0, 0x0, 0x0, 0x0, 0x0, 0x0,
    0x0, 0x0, 0x0, 0x0, 0x0, 0x0, 0x0, 0x0,
    0x0, 0x7f, 0xff, 0x70, 0x0, 0x0, 0x0, 0x7,
    0xff, 0xf7, 0x0, 0x0, 0x0, 0x0, 0x7f, 0xff,
    0x70, 0x0, 0x0, 0x0, 0x7, 0xff, 0xf7, 0x0,
    0x0, 0x0, 0x0, 0x7f, 0xff, 0x70, 0x0, 0x0,
    0x0, 0x7, 0xff, 0xf7, 0x0, 0x0, 0x0, 0x0,
    0x7f, 0xff, 0x70, 0x0, 0x0, 0x0, 0x7, 0xff,
    0xf7, 0x0, 0x0, 0x0, 0x0, 0x7f, 0xff, 0x70,
    0x0, 0x0, 0x0, 0x7, 0xff, 0xf7, 0x0, 0x0,
    0x0, 0x0, 0x7f, 0xff, 0x70, 0x0, 0x0, 0x0,
    0x7, 0xff, 0xf7, 0x0, 0x0, 0x0, 0x0, 0x7f,
    0xff, 0x70, 0x0, 0x0, 0x0, 0x7, 0xff, 0xf7,
    0x0, 0x0, 0x0, 0x0, 0x7f, 0xff, 0x70, 0x0,
    0x0, 0x0, 0x7, 0xff, 0xf7, 0x0, 0x0, 0x0,
    0x0, 0x7f, 0xff, 0x70, 0x0, 0x0, 0x0, 0x7,
    0xff, 0xf7, 0x0, 0x0, 0x0, 0x0, 0x7f, 0xff,
    0x70, 0x0, 0x0, 0x0, 0x7, 0xff, 0xf7, 0x0,
    0x0, 0x0, 0x0, 0x7f, 0xff, 0x70, 0x0, 0x0,
    0x0, 0x7, 0xff, 0xf7, 0x0, 0x0,

    /* U+00D0 "Ð" */
    0x0, 0x3, 0xff, 0xff, 0xff, 0xff, 0xd9, 0x40,
    0x0, 0x0, 0x0, 0x0, 0x3f, 0xff, 0xff, 0xff,
    0xff, 0xff, 0xd4, 0x0, 0x0, 0x0, 0x3, 0xff,
    0xff, 0xff, 0xff, 0xff, 0xff, 0xf8, 0x0, 0x0,
    0x0, 0x3f, 0xff, 0xc2, 0x22, 0x36, 0xcf, 0xff,
    0xf7, 0x0, 0x0, 0x3, 0xff, 0xfb, 0x0, 0x0,
    0x0, 0x6f, 0xff, 0xf2, 0x0, 0x0, 0x3f, 0xff,
    0xb0, 0x0, 0x0, 0x0, 0x8f, 0xff, 0xb0, 0x0,
    0x3, 0xff, 0xfb, 0x0, 0x0, 0x0, 0x0, 0xef,
    0xff, 0x10, 0x0, 0x3f, 0xff, 0xb0, 0x0, 0x0,
    0x0, 0x9, 0xff, 0xf6, 0x0, 0x3, 0xff, 0xfb,
    0x0, 0x0, 0x0, 0x0, 0x6f, 0xff, 0x91, 0xaa,
    0xbf, 0xff, 0xea, 0xaa, 0x30, 0x0, 0x4, 0xff,
    0xfb, 0x2f, 0xff, 0xff, 0xff, 0xff, 0xf5, 0x0,
    0x0, 0x3f, 0xff, 0xb2, 0xff, 0xff, 0xff, 0xff,
    0xff, 0x50, 0x0, 0x3, 0xff, 0xfb, 0x0, 0x3,
    0xff, 0xfb, 0x0, 0x0, 0x0, 0x0, 0x4f, 0xff,
    0xb0, 0x0, 0x3f, 0xff, 0xb0, 0x0, 0x0, 0x0,
    0x6, 0xff, 0xf9, 0x0, 0x3, 0xff, 0xfb, 0x0,
    0x0, 0x0, 0x0, 0x9f, 0xff, 0x60, 0x0, 0x3f,
    0xff, 0xb0, 0x0, 0x0, 0x0, 0xe, 0xff, 0xf1,
    0x0, 0x3, 0xff, 0xfb, 0x0, 0x0, 0x0, 0x8,
    0xff, 0xfb, 0x0, 0x0, 0x3f, 0xff, 0xb0, 0x0,
    0x0, 0x7, 0xff, 0xff, 0x30, 0x0, 0x3, 0xff,
    0xfc, 0x11, 0x23, 0x6c, 0xff, 0xff, 0x70, 0x0,
    0x0, 0x3f, 0xff, 0xff, 0xff, 0xff, 0xff, 0xff,
    0x70, 0x0, 0x0, 0x3, 0xff, 0xff, 0xff, 0xff,
    0xff, 0xfd, 0x40, 0x0, 0x0, 0x0, 0x3f, 0xff,
    0xff, 0xff, 0xec, 0x94, 0x0, 0x0, 0x0,

    /* U+00D1 "Ñ" */
    0x0, 0x0, 0x0, 0x0, 0x0, 0x0, 0x2, 0x10,
    0x0, 0x0, 0x0, 0x0, 0x8e, 0xe9, 0x20, 0x6,
    0xff, 0x0, 0x0, 0x0, 0x0, 0x9f, 0xff, 0xff,
    0xb9, 0xff, 0xc0, 0x0, 0x0, 0x0, 0x1f, 0xfd,
    0x9d, 0xff, 0xff, 0xf4, 0x0, 0x0, 0x0, 0x4,
    0xff, 0x10, 0x5, 0xdf, 0xd5, 0x0, 0x0, 0x0,
    0x0, 0x0, 0x0, 0x0, 0x0, 0x0, 0x0, 0x0,
    0x0, 0x0, 0x0, 0x0, 0x0, 0x0, 0x0, 0x0,
    0x0, 0x0, 0xb, 0xff, 0xf9, 0x0, 0x0, 0x0,
    0x0, 0x9, 0xff, 0xf5, 0xbf, 0xff, 0xf3, 0x0,
    0x0, 0x0, 0x0, 0x9f, 0xff, 0x5b, 0xff, 0xff,
    0xd0, 0x0, 0x0, 0x0, 0x9, 0xff, 0xf5, 0xbf,
    0xff, 0xff, 0x80, 0x0, 0x0, 0x0, 0x9f, 0xff,
    0x5b, 0xff, 0xff, 0xff, 0x30, 0x0, 0x0, 0x9,
    0xff, 0xf5, 0xbf, 0xff, 0xff, 0xfd, 0x0, 0x0,
    0x0, 0x9f, 0xff, 0x5b, 0xff, 0xfe, 0xff, 0xf7,
    0x0, 0x0, 0x9, 0xff, 0xf5, 0xbf, 0xff, 0x5e,
    0xff, 0xf2, 0x0, 0x0, 0x9f, 0xff, 0x5b, 0xff,
    0xf4, 0x5f, 0xff, 0xc0, 0x0, 0x9, 0xff, 0xf5,
    0xbf, 0xff, 0x40, 0xbf, 0xff, 0x60, 0x0, 0x9f,
    0xff, 0x5b, 0xff, 0xf4, 0x1, 0xff, 0xff, 0x10,
    0x9, 0xff, 0xf5, 0xbf, 0xff, 0x40, 0x6, 0xff,
    0xfb, 0x0, 0x9f, 0xff, 0x5b, 0xff, 0xf4, 0x0,
    0xc, 0xff, 0xf6, 0x9, 0xff, 0xf5, 0xbf, 0xff,
    0x40, 0x0, 0x2f, 0xff, 0xe1, 0x9f, 0xff, 0x5b,
    0xff, 0xf4, 0x0, 0x0, 0x7f, 0xff, 0xa9, 0xff,
    0xf5, 0xbf, 0xff, 0x40, 0x0, 0x0, 0xcf, 0xff,
    0xdf, 0xff, 0x5b, 0xff, 0xf4, 0x0, 0x0, 0x2,
    0xff, 0xff, 0xff, 0xf5, 0xbf, 0xff, 0x40, 0x0,
    0x0, 0x8, 0xff, 0xff, 0xff, 0x5b, 0xff, 0xf4,
    0x0, 0x0, 0x0, 0xd, 0xff, 0xff, 0xf5, 0xbf,
    0xff, 0x40, 0x0, 0x0, 0x0, 0x3f, 0xff, 0xff,
    0x5b, 0xff, 0xf4, 0x0, 0x0, 0x0, 0x0, 0x9f,
    0xff, 0xf5, 0xbf, 0xff, 0x40, 0x0, 0x0, 0x0,
    0x0, 0xdf, 0xff, 0x50,

    /* U+00D2 "Ò" */
    0x0, 0x0, 0x1d, 0xff, 0xf4, 0x0, 0x0, 0x0,
    0x0, 0x0, 0x0, 0x0, 0x2, 0xef, 0xfd, 0x0,
    0x0, 0x0, 0x0, 0x0, 0x0, 0x0, 0x0, 0x3f,
    0xff, 0x80, 0x0, 0x0, 0x0, 0x0, 0x0, 0x0,
    0x0, 0x6, 0xff, 0xf2, 0x0, 0x0, 0x0, 0x0,
    0x0, 0x0, 0x0, 0x0, 0x8f, 0xfb, 0x0, 0x0,
    0x0, 0x0, 0x0, 0x0, 0x0, 0x0, 0x0, 0x0,
    0x0, 0x0, 0x0, 0x0, 0x0, 0x0, 0x0, 0x0,
    0x0, 0x0, 0x0, 0x0, 0x0, 0x0, 0x0, 0x0,
    0x0, 0x5a, 0xef, 0xfe, 0xb6, 0x0, 0x0, 0x0,
    0x0, 0x0, 0x4e, 0xff, 0xff, 0xff, 0xff, 0xe5,
    0x0, 0x0, 0x0, 0x7, 0xff, 0xff, 0xff, 0xff,
    0xff, 0xff, 0x80, 0x0, 0x0, 0x5f, 0xff, 0xfd,
    0x74, 0x46, 0xcf, 0xff, 0xf6, 0x0, 0x1, 0xef,
    0xff, 0x90, 0x0, 0x0, 0x8, 0xff, 0xff, 0x10,
    0x7, 0xff, 0xfc, 0x0, 0x0, 0x0, 0x0, 0xaf,
    0xff, 0x80, 0xd, 0xff, 0xf3, 0x0, 0x0, 0x0,
    0x0, 0x2f, 0xff, 0xe0, 0x1f, 0xff, 0xe0, 0x0,
    0x0, 0x0, 0x0, 0xd, 0xff, 0xf2, 0x4f, 0xff,
    0xb0, 0x0, 0x0, 0x0, 0x0, 0xa, 0xff, 0xf5,
    0x5f, 0xff, 0x90, 0x0, 0x0, 0x0, 0x0, 0x8,
    0xff, 0xf6, 0x6f, 0xff, 0x80, 0x0, 0x0, 0x0,
    0x0, 0x7, 0xff, 0xf7, 0x6f, 0xff, 0x80, 0x0,
    0x0, 0x0, 0x0, 0x7, 0xff, 0xf7, 0x5f, 0xff,
    0x90, 0x0, 0x0, 0x0, 0x0, 0x8, 0xff, 0xf6,
    0x4f, 0xff, 0xb0, 0x0, 0x0, 0x0, 0x0, 0xa,
    0xff, 0xf5, 0x1f, 0xff, 0xe0, 0x0, 0x0, 0x0,
    0x0, 0xd, 0xff, 0xf2, 0xd, 0xff, 0xf3, 0x0,
    0x0, 0x0, 0x0, 0x2f, 0xff, 0xe0, 0x7, 0xff,
    0xfb, 0x0, 0x0, 0x0, 0x0, 0xaf, 0xff, 0x80,
    0x1, 0xef, 0xff, 0x90, 0x0, 0x0, 0x7, 0xff,
    0xff, 0x10, 0x0, 0x5f, 0xff, 0xfd, 0x74, 0x46,
    0xcf, 0xff, 0xf6, 0x0, 0x0, 0x7, 0xff, 0xff,
    0xff, 0xff, 0xff, 0xff, 0x90, 0x0, 0x0, 0x0,
    0x4e, 0xff, 0xff, 0xff, 0xff, 0xe6, 0x0, 0x0,
    0x0, 0x0, 0x0, 0x5a, 0xef, 0xfe, 0xb6, 0x0,
    0x0, 0x0,

    /* U+00D3 "Ó" */
    0x0, 0x0, 0x0, 0x0, 0x0, 0x2f, 0xff, 0xe2,
    0x0, 0x0, 0x0, 0x0, 0x0, 0x0, 0x0, 0xbf,
    0xff, 0x30, 0x0, 0x0, 0x0, 0x0, 0x0, 0x0,
    0x5, 0xff, 0xf5, 0x0, 0x0, 0x0, 0x0, 0x0,
    0x0, 0x0, 0xe, 0xff, 0x70, 0x0, 0x0, 0x0,
    0x0, 0x0, 0x0, 0x0, 0x8f, 0xf9, 0x0, 0x0,
    0x0, 0x0, 0x0, 0x0, 0x0, 0x0, 0x0, 0x0,
    0x0, 0x0, 0x0, 0x0, 0x0, 0x0, 0x0, 0x0,
    0x0, 0x0, 0x0, 0x0, 0x0, 0x0, 0x0, 0x0,
    0x0, 0x5a, 0xef, 0xfe, 0xb6, 0x0, 0x0, 0x0,
    0x0, 0x0, 0x4e, 0xff, 0xff, 0xff, 0xff, 0xe5,
    0x0, 0x0, 0x0, 0x7, 0xff, 0xff, 0xff, 0xff,
    0xff, 0xff, 0x80, 0x0, 0x0, 0x5f, 0xff, 0xfd,
    0x74, 0x46, 0xcf, 0xff, 0xf6, 0x0, 0x1, 0xef,
    0xff, 0x90, 0x0, 0x0, 0x8, 0xff, 0xff, 0x10,
    0x7, 0xff, 0xfc, 0x0, 0x0, 0x0, 0x0, 0xaf,
    0xff, 0x80, 0xd, 0xff, 0xf3, 0x0, 0x0, 0x0,
    0x0, 0x2f, 0xff, 0xe0, 0x1f, 0xff, 0xe0, 0x0,
    0x0, 0x0, 0x0, 0xd, 0xff, 0xf2, 0x4f, 0xff,
    0xb0, 0x0, 0x0, 0x0, 0x0, 0xa, 0xff, 0xf5,
    0x5f, 0xff, 0x90, 0x0, 0x0, 0x0, 0x0, 0x8,
    0xff, 0xf6, 0x6f, 0xff, 0x80, 0x0, 0x0, 0x0,
    0x0, 0x7, 0xff, 0xf7, 0x6f, 0xff, 0x80, 0x0,
    0x0, 0x0, 0x0, 0x7, 0xff, 0xf7, 0x5f, 0xff,
    0x90, 0x0, 0x0, 0x0, 0x0, 0x8, 0xff, 0xf6,
    0x4f, 0xff, 0xb0, 0x0, 0x0, 0x0, 0x0, 0xa,
    0xff, 0xf5, 0x1f, 0xff, 0xe0, 0x0, 0x0, 0x0,
    0x0, 0xd, 0xff, 0xf2, 0xd, 0xff, 0xf3, 0x0,
    0x0, 0x0, 0x0, 0x2f, 0xff, 0xe0, 0x7, 0xff,
    0xfb, 0x0, 0x0, 0x0, 0x0, 0xaf, 0xff, 0x80,
    0x1, 0xef, 0xff, 0x90, 0x0, 0x0, 0x7, 0xff,
    0xff, 0x10, 0x0, 0x5f, 0xff, 0xfd, 0x74, 0x46,
    0xcf, 0xff, 0xf6, 0x0, 0x0, 0x7, 0xff, 0xff,
    0xff, 0xff, 0xff, 0xff, 0x90, 0x0, 0x0, 0x0,
    0x4e, 0xff, 0xff, 0xff, 0xff, 0xe6, 0x0, 0x0,
    0x0, 0x0, 0x0, 0x5a, 0xef, 0xfe, 0xb6, 0x0,
    0x0, 0x0,

    /* U+00D4 "Ô" */
    0x0, 0x0, 0x0, 0x0, 0x8f, 0xfa, 0x0, 0x0,
    0x0, 0x0, 0x0, 0x0, 0x0, 0x8, 0xff, 0xff,
    0x90, 0x0, 0x0, 0x0, 0x0, 0x0, 0x0, 0x8f,
    0xfa, 0x8f, 0xf8, 0x0, 0x0, 0x0, 0x0, 0x0,
    0x7, 0xff, 0xb0, 0x9, 0xff, 0x80, 0x0, 0x0,
    0x0, 0x0, 0x17, 0x87, 0x0, 0x0, 0x68, 0x71,
    0x0, 0x0, 0x0, 0x0, 0x0, 0x0, 0x0, 0x0,
    0x0, 0x0, 0x0, 0x0, 0x0, 0x0, 0x0, 0x0,
    0x0, 0x0, 0x0, 0x0, 0x0, 0x0, 0x0, 0x0,
    0x0, 0x5a, 0xef, 0xfe, 0xb6, 0x0, 0x0, 0x0,
    0x0, 0x0, 0x4e, 0xff, 0xff, 0xff, 0xff, 0xe5,
    0x0, 0x0, 0x0, 0x7, 0xff, 0xff, 0xff, 0xff,
    0xff, 0xff, 0x80, 0x0, 0x0, 0x5f, 0xff, 0xfd,
    0x74, 0x46, 0xcf, 0xff, 0xf6, 0x0, 0x1, 0xef,
    0xff, 0x90, 0x0, 0x0, 0x8, 0xff, 0xff, 0x10,
    0x7, 0xff, 0xfc, 0x0, 0x0, 0x0, 0x0, 0xaf,
    0xff, 0x80, 0xd, 0xff, 0xf3, 0x0, 0x0, 0x0,
    0x0, 0x2f, 0xff, 0xe0, 0x1f, 0xff, 0xe0, 0x0,
    0x0, 0x0, 0x0, 0xd, 0xff, 0xf2, 0x4f, 0xff,
    0xb0, 0x0, 0x0, 0x0, 0x0, 0xa, 0xff, 0xf5,
    0x5f, 0xff, 0x90, 0x0, 0x0, 0x0, 0x0, 0x8,
    0xff, 0xf6, 0x6f, 0xff, 0x80, 0x0, 0x0, 0x0,
    0x0, 0x7, 0xff, 0xf7, 0x6f, 0xff, 0x80, 0x0,
    0x0, 0x0, 0x0, 0x7, 0xff, 0xf7, 0x5f, 0xff,
    0x90, 0x0, 0x0, 0x0, 0x0, 0x8, 0xff, 0xf6,
    0x4f, 0xff, 0xb0, 0x0, 0x0, 0x0, 0x0, 0xa,
    0xff, 0xf5, 0x1f, 0xff, 0xe0, 0x0, 0x0, 0x0,
    0x0, 0xd, 0xff, 0xf2, 0xd, 0xff, 0xf3, 0x0,
    0x0, 0x0, 0x0, 0x2f, 0xff, 0xe0, 0x7, 0xff,
    0xfb, 0x0, 0x0, 0x0, 0x0, 0xaf, 0xff, 0x80,
    0x1, 0xef, 0xff, 0x90, 0x0, 0x0, 0x7, 0xff,
    0xff, 0x10, 0x0, 0x5f, 0xff, 0xfd, 0x74, 0x46,
    0xcf, 0xff, 0xf6, 0x0, 0x0, 0x7, 0xff, 0xff,
    0xff, 0xff, 0xff, 0xff, 0x90, 0x0, 0x0, 0x0,
    0x4e, 0xff, 0xff, 0xff, 0xff, 0xe6, 0x0, 0x0,
    0x0, 0x0, 0x0, 0x5a, 0xef, 0xfe, 0xb6, 0x0,
    0x0, 0x0,

    /* U+00D5 "Õ" */
    0x0, 0x0, 0x0, 0x38, 0x60, 0x0, 0x7, 0xa7,
    0x0, 0x0, 0x0, 0x0, 0x8, 0xff, 0xfe, 0x71,
    0x2e, 0xfa, 0x0, 0x0, 0x0, 0x0, 0x2f, 0xff,
    0xff, 0xff, 0xff, 0xf4, 0x0, 0x0, 0x0, 0x0,
    0x8f, 0xf3, 0x17, 0xef, 0xff, 0x90, 0x0, 0x0,
    0x0, 0x0, 0x58, 0x60, 0x0, 0x16, 0x84, 0x0,
    0x0, 0x0, 0x0, 0x0, 0x0, 0x0, 0x0, 0x0,
    0x0, 0x0, 0x0, 0x0, 0x0, 0x0, 0x0, 0x0,
    0x0, 0x0, 0x0, 0x0, 0x0, 0x0, 0x0, 0x0,
    0x0, 0x5a, 0xef, 0xfe, 0xb6, 0x0, 0x0, 0x0,
    0x0, 0x0, 0x4e, 0xff, 0xff, 0xff, 0xff, 0xe5,
    0x0, 0x0, 0x0, 0x7, 0xff, 0xff, 0xff, 0xff,
    0xff, 0xff, 0x80, 0x0, 0x0, 0x5f, 0xff, 0xfd,
    0x74, 0x46, 0xcf, 0xff, 0xf6, 0x0, 0x1, 0xef,
    0xff, 0x90, 0x0, 0x0, 0x8, 0xff, 0xff, 0x10,
    0x7, 0xff, 0xfc, 0x0, 0x0, 0x0, 0x0, 0xaf,
    0xff, 0x80, 0xd, 0xff, 0xf3, 0x0, 0x0, 0x0,
    0x0, 0x2f, 0xff, 0xe0, 0x1f, 0xff, 0xe0, 0x0,
    0x0, 0x0, 0x0, 0xd, 0xff, 0xf2, 0x4f, 0xff,
    0xb0, 0x0, 0x0, 0x0, 0x0, 0xa, 0xff, 0xf5,
    0x5f, 0xff, 0x90, 0x0, 0x0, 0x0, 0x0, 0x8,
    0xff, 0xf6, 0x6f, 0xff, 0x80, 0x0, 0x0, 0x0,
    0x0, 0x7, 0xff, 0xf7, 0x6f, 0xff, 0x80, 0x0,
    0x0, 0x0, 0x0, 0x7, 0xff, 0xf7, 0x5f, 0xff,
    0x90, 0x0, 0x0, 0x0, 0x0, 0x8, 0xff, 0xf6,
    0x4f, 0xff, 0xb0, 0x0, 0x0, 0x0, 0x0, 0xa,
    0xff, 0xf5, 0x1f, 0xff, 0xe0, 0x0, 0x0, 0x0,
    0x0, 0xd, 0xff, 0xf2, 0xd, 0xff, 0xf3, 0x0,
    0x0, 0x0, 0x0, 0x2f, 0xff, 0xe0, 0x7, 0xff,
    0xfb, 0x0, 0x0, 0x0, 0x0, 0xaf, 0xff, 0x80,
    0x1, 0xef, 0xff, 0x90, 0x0, 0x0, 0x7, 0xff,
    0xff, 0x10, 0x0, 0x5f, 0xff, 0xfd, 0x74, 0x46,
    0xcf, 0xff, 0xf6, 0x0, 0x0, 0x7, 0xff, 0xff,
    0xff, 0xff, 0xff, 0xff, 0x90, 0x0, 0x0, 0x0,
    0x4e, 0xff, 0xff, 0xff, 0xff, 0xe6, 0x0, 0x0,
    0x0, 0x0, 0x0, 0x5a, 0xef, 0xfe, 0xb6, 0x0,
    0x0, 0x0,

    /* U+00D6 "Ö" */
    0x0, 0x0, 0xb, 0xfb, 0x0, 0x0, 0xaf, 0xc1,
    0x0, 0x0, 0x0, 0x0, 0x6f, 0xff, 0x60, 0x4,
    0xff, 0xf8, 0x0, 0x0, 0x0, 0x0, 0x4f, 0xff,
    0x40, 0x2, 0xff, 0xf7, 0x0, 0x0, 0x0, 0x0,
    0x6, 0x96, 0x0, 0x0, 0x49, 0x70, 0x0, 0x0,
    0x0, 0x0, 0x0, 0x0, 0x0, 0x0, 0x0, 0x0,
    0x0, 0x0, 0x0, 0x0, 0x0, 0x0, 0x0, 0x0,
    0x0, 0x0, 0x0, 0x0, 0x0, 0x0, 0x0, 0x5a,
    0xef, 0xfe, 0xb6, 0x0, 0x0, 0x0, 0x0, 0x0,
    0x4e, 0xff, 0xff, 0xff, 0xff, 0xe5, 0x0, 0x0,
    0x0, 0x7, 0xff, 0xff, 0xff, 0xff, 0xff, 0xff,
    0x80, 0x0, 0x0, 0x5f, 0xff, 0xfd, 0x74, 0x46,
    0xcf, 0xff, 0xf6, 0x0, 0x1, 0xef, 0xff, 0x90,
    0x0, 0x0, 0x8, 0xff, 0xff, 0x10, 0x7, 0xff,
    0xfc, 0x0, 0x0, 0x0, 0x0, 0xaf, 0xff, 0x80,
    0xd, 0xff, 0xf3, 0x0, 0x0, 0x0, 0x0, 0x2f,
    0xff, 0xe0, 0x1f, 0xff, 0xe0, 0x0, 0x0, 0x0,
    0x0, 0xd, 0xff, 0xf2, 0x4f, 0xff, 0xb0, 0x0,
    0x0, 0x0, 0x0, 0xa, 0xff, 0xf5, 0x5f, 0xff,
    0x90, 0x0, 0x0, 0x0, 0x0, 0x8, 0xff, 0xf6,
    0x6f, 0xff, 0x80, 0x0, 0x0, 0x0, 0x0, 0x7,
    0xff, 0xf7, 0x6f, 0xff, 0x80, 0x0, 0x0, 0x0,
    0x0, 0x7, 0xff, 0xf7, 0x5f, 0xff, 0x90, 0x0,
    0x0, 0x0, 0x0, 0x8, 0xff, 0xf6, 0x4f, 0xff,
    0xb0, 0x0, 0x0, 0x0, 0x0, 0xa, 0xff, 0xf5,
    0x1f, 0xff, 0xe0, 0x0, 0x0, 0x0, 0x0, 0xd,
    0xff, 0xf2, 0xd, 0xff, 0xf3, 0x0, 0x0, 0x0,
    0x0, 0x2f, 0xff, 0xe0, 0x7, 0xff, 0xfb, 0x0,
    0x0, 0x0, 0x0, 0xaf, 0xff, 0x80, 0x1, 0xef,
    0xff, 0x90, 0x0, 0x0, 0x7, 0xff, 0xff, 0x10,
    0x0, 0x5f, 0xff, 0xfd, 0x74, 0x46, 0xcf, 0xff,
    0xf6, 0x0, 0x0, 0x7, 0xff, 0xff, 0xff, 0xff,
    0xff, 0xff, 0x90, 0x0, 0x0, 0x0, 0x4e, 0xff,
    0xff, 0xff, 0xff, 0xe6, 0x0, 0x0, 0x0, 0x0,
    0x0, 0x5a, 0xef, 0xfe, 0xb6, 0x0, 0x0, 0x0,

    /* U+00D7 "×" */
    0x0, 0x91, 0x0, 0x0, 0x0, 0x1, 0x90, 0x0,
    0xcf, 0xc1, 0x0, 0x0, 0x1, 0xdf, 0xb0, 0x8f,
    0xff, 0xc0, 0x0, 0x1, 0xdf, 0xff, 0x60, 0xbf,
    0xff, 0xc0, 0x1, 0xdf, 0xff, 0xa0, 0x0, 0xbf,
    0xff, 0xc2, 0xdf, 0xff, 0xa0, 0x0, 0x0, 0xbf,
    0xff, 0xff, 0xff, 0xa0, 0x0, 0x0, 0x0, 0xbf,
    0xff, 0xff, 0xa0, 0x0, 0x0, 0x0, 0x2, 0xff,
    0xff, 0xe1, 0x0, 0x0, 0x0, 0x1, 0xdf, 0xff,
    0xff, 0xc0, 0x0, 0x0, 0x1, 0xdf, 0xff, 0xff,
    0xff, 0xc0, 0x0, 0x1, 0xdf, 0xff, 0xa1, 0xcf,
    0xff, 0xc0, 0x1, 0xdf, 0xff, 0xa0, 0x0, 0xcf,
    0xff, 0xc0, 0x8f, 0xff, 0xa0, 0x0, 0x0, 0xcf,
    0xff, 0x60, 0xaf, 0xb0, 0x0, 0x0, 0x0, 0xcf,
    0x90, 0x0, 0x70, 0x0, 0x0, 0x0, 0x0, 0x70,
    0x0,

    /* U+00D8 "Ø" */
    0x0, 0x0, 0x0, 0x0, 0x0, 0x0, 0x0, 0x0,
    0x8f, 0xf1, 0x0, 0x0, 0x0, 0x5a, 0xdf, 0xfe,
    0xb6, 0x1, 0xff, 0x80, 0x0, 0x0, 0x4d, 0xff,
    0xff, 0xff, 0xff, 0xeb, 0xfe, 0x0, 0x0, 0x6,
    0xff, 0xff, 0xff, 0xff, 0xff, 0xff, 0xf6, 0x0,
    0x0, 0x4f, 0xff, 0xfd, 0x74, 0x46, 0xcf, 0xff,
    0xf5, 0x0, 0x0, 0xef, 0xff, 0xa0, 0x0, 0x0,
    0xb, 0xff, 0xfe, 0x10, 0x6, 0xff, 0xfc, 0x0,
    0x0, 0x0, 0x2f, 0xff, 0xff, 0x80, 0xc, 0xff,
    0xf4, 0x0, 0x0, 0x0, 0xcf, 0xdf, 0xff, 0xe0,
    0x1f, 0xff, 0xe0, 0x0, 0x0, 0x7, 0xff, 0x3c,
    0xff, 0xf2, 0x3f, 0xff, 0xb0, 0x0, 0x0, 0x2f,
    0xf8, 0x9, 0xff, 0xf5, 0x5f, 0xff, 0xa0, 0x0,
    0x0, 0xcf, 0xd0, 0x7, 0xff, 0xf7, 0x5f, 0xff,
    0x90, 0x0, 0x6, 0xff, 0x30, 0x6, 0xff, 0xf8,
    0x5f, 0xff, 0x90, 0x0, 0x2f, 0xf8, 0x0, 0x6,
    0xff, 0xf8, 0x4f, 0xff, 0xa0, 0x0, 0xbf, 0xd0,
    0x0, 0x7, 0xff, 0xf7, 0x3f, 0xff, 0xb0, 0x6,
    0xff, 0x30, 0x0, 0x9, 0xff, 0xf6, 0xf, 0xff,
    0xe0, 0x1f, 0xf8, 0x0, 0x0, 0xc, 0xff, 0xf3,
    0xb, 0xff, 0xf4, 0xbf, 0xd0, 0x0, 0x0, 0x1f,
    0xff, 0xf0, 0x5, 0xff, 0xfe, 0xff, 0x30, 0x0,
    0x0, 0x9f, 0xff, 0x90, 0x0, 0xdf, 0xff, 0xf9,
    0x0, 0x0, 0x6, 0xff, 0xff, 0x20, 0x0, 0x3f,
    0xff, 0xfd, 0x74, 0x46, 0xbf, 0xff, 0xf8, 0x0,
    0x0, 0x7, 0xff, 0xff, 0xff, 0xff, 0xff, 0xff,
    0xa0, 0x0, 0x0, 0x1e, 0xff, 0xff, 0xff, 0xff,
    0xff, 0xf6, 0x0, 0x0, 0x0, 0x9f, 0xf1, 0x5a,
    0xdf, 0xfe, 0xb7, 0x10, 0x0, 0x0, 0x4, 0xff,
    0x60, 0x0, 0x0, 0x0, 0x0, 0x0, 0x0, 0x0,

    /* U+00D9 "Ù" */
    0x0, 0x0, 0x8f, 0xff, 0xa0, 0x0, 0x0, 0x0,
    0x0, 0x0, 0x0, 0xb, 0xff, 0xf4, 0x0, 0x0,
    0x0, 0x0, 0x0, 0x0, 0x0, 0xdf, 0xfd, 0x0,
    0x0, 0x0, 0x0, 0x0, 0x0, 0x0, 0x1e, 0xff,
    0x70, 0x0, 0x0, 0x0, 0x0, 0x0, 0x0, 0x3,
    0xff, 0xf2, 0x0, 0x0, 0x0, 0x0, 0x0, 0x0,
    0x0, 0x0, 0x0, 0x0, 0x0, 0x0, 0x0, 0x0,
    0x0, 0x0, 0x0, 0x0, 0x0, 0x0, 0x0, 0xf,
    0xff, 0xe0, 0x0, 0x0, 0x0, 0x0, 0xff, 0xff,
    0xf, 0xff, 0xe0, 0x0, 0x0, 0x0, 0x0, 0xff,
    0xff, 0xf, 0xff, 0xe0, 0x0, 0x0, 0x0, 0x0,
    0xff, 0xff, 0xf, 0xff, 0xe0, 0x0, 0x0, 0x0,
    0x0, 0xff, 0xff, 0xf, 0xff, 0xe0, 0x0, 0x0,
    0x0, 0x0, 0xff, 0xff, 0xf, 0xff, 0xe0, 0x0,
    0x0, 0x0, 0x0, 0xff, 0xff, 0xf, 0xff, 0xe0,
    0x0, 0x0, 0x0, 0x0, 0xff, 0xff, 0xf, 0xff,
    0xe0, 0x0, 0x0, 0x0, 0x0, 0xff, 0xff, 0xf,
    0xff, 0xe0, 0x0, 0x0, 0x0, 0x0, 0xff, 0xff,
    0xf, 0xff, 0xe0, 0x0, 0x0, 0x0, 0x0, 0xff,
    0xff, 0xf, 0xff, 0xe0, 0x0, 0x0, 0x0, 0x0,
    0xff, 0xff, 0xf, 0xff, 0xe0, 0x0, 0x0, 0x0,
    0x0, 0xff, 0xff, 0xf, 0xff, 0xe0, 0x0, 0x0,
    0x0, 0x0, 0xff, 0xff, 0xf, 0xff, 0xe0, 0x0,
    0x0, 0x0, 0x0, 0xff, 0xff, 0xf, 0xff, 0xe0,
    0x0, 0x0, 0x0, 0x0, 0xff, 0xff, 0xf, 0xff,
    0xf0, 0x0, 0x0, 0x0, 0x1, 0xff, 0xfd, 0xc,
    0xff, 0xf4, 0x0, 0x0, 0x0, 0x5, 0xff, 0xfb,
    0x7, 0xff, 0xfd, 0x0, 0x0, 0x0, 0x1d, 0xff,
    0xf6, 0x1, 0xef, 0xff, 0xd6, 0x32, 0x37, 0xef,
    0xff, 0xd0, 0x0, 0x4f, 0xff, 0xff, 0xff, 0xff,
    0xff, 0xfe, 0x20, 0x0, 0x3, 0xdf, 0xff, 0xff,
    0xff, 0xff, 0xc2, 0x0, 0x0, 0x0, 0x5, 0xad,
    0xff, 0xed, 0x93, 0x0, 0x0,

    /* U+00DA "Ú" */
    0x0, 0x0, 0x0, 0x0, 0x0, 0xcf, 0xff, 0x70,
    0x0, 0x0, 0x0, 0x0, 0x0, 0x5, 0xff, 0xf9,
    0x0, 0x0, 0x0, 0x0, 0x0, 0x0, 0x1e, 0xff,
    0xb0, 0x0, 0x0, 0x0, 0x0, 0x0, 0x0, 0x9f,
    0xfc, 0x0, 0x0, 0x0, 0x0, 0x0, 0x0, 0x3,
    0xff, 0xe1, 0x0, 0x0, 0x0, 0x0, 0x0, 0x0,
    0x0, 0x0, 0x0, 0x0, 0x0, 0x0, 0x0, 0x0,
    0x0, 0x0, 0x0, 0x0, 0x0, 0x0, 0x0, 0xf,
    0xff, 0xe0, 0x0, 0x0, 0x0, 0x0, 0xff, 0xff,
    0xf, 0xff, 0xe0, 0x0, 0x0, 0x0, 0x0, 0xff,
    0xff, 0xf, 0xff, 0xe0, 0x0, 0x0, 0x0, 0x0,
    0xff, 0xff, 0xf, 0xff, 0xe0, 0x0, 0x0, 0x0,
    0x0, 0xff, 0xff, 0xf, 0xff, 0xe0, 0x0, 0x0,
    0x0, 0x0, 0xff, 0xff, 0xf, 0xff, 0xe0, 0x0,
    0x0, 0x0, 0x0, 0xff, 0xff, 0xf, 0xff, 0xe0,
    0x0, 0x0, 0x0, 0x0, 0xff, 0xff, 0xf, 0xff,
    0xe0, 0x0, 0x0, 0x0, 0x0, 0xff, 0xff, 0xf,
    0xff, 0xe0, 0x0, 0x0, 0x0, 0x0, 0xff, 0xff,
    0xf, 0xff, 0xe0, 0x0, 0x0, 0x0, 0x0, 0xff,
    0xff, 0xf, 0xff, 0xe0, 0x0, 0x0, 0x0, 0x0,
    0xff, 0xff, 0xf, 0xff, 0xe0, 0x0, 0x0, 0x0,
    0x0, 0xff, 0xff, 0xf, 0xff, 0xe0, 0x0, 0x0,
    0x0, 0x0, 0xff, 0xff, 0xf, 0xff, 0xe0, 0x0,
    0x0, 0x0, 0x0, 0xff, 0xff, 0xf, 0xff, 0xe0,
    0x0, 0x0, 0x0, 0x0, 0xff, 0xff, 0xf, 0xff,
    0xf0, 0x0, 0x0, 0x0, 0x1, 0xff, 0xfd, 0xc,
    0xff, 0xf4, 0x0, 0x0, 0x0, 0x5, 0xff, 0xfb,
    0x7, 0xff, 0xfd, 0x0, 0x0, 0x0, 0x1d, 0xff,
    0xf6, 0x1, 0xef, 0xff, 0xd6, 0x32, 0x37, 0xef,
    0xff, 0xd0, 0x0, 0x4f, 0xff, 0xff, 0xff, 0xff,
    0xff, 0xfe, 0x20, 0x0, 0x3, 0xdf, 0xff, 0xff,
    0xff, 0xff, 0xc2, 0x0, 0x0, 0x0, 0x5, 0xad,
    0xff, 0xed, 0x93, 0x0, 0x0,

    /* U+00DB "Û" */
    0x0, 0x0, 0x0, 0x3, 0xff, 0xe2, 0x0, 0x0,
    0x0, 0x0, 0x0, 0x0, 0x3f, 0xff, 0xfd, 0x10,
    0x0, 0x0, 0x0, 0x0, 0x3, 0xff, 0xe5, 0xff,
    0xd1, 0x0, 0x0, 0x0, 0x0, 0x3e, 0xfe, 0x20,
    0x4f, 0xfc, 0x0, 0x0, 0x0, 0x0, 0x68, 0x82,
    0x0, 0x3, 0x88, 0x40, 0x0, 0x0, 0x0, 0x0,
    0x0, 0x0, 0x0, 0x0, 0x0, 0x0, 0x0, 0x0,
    0x0, 0x0, 0x0, 0x0, 0x0, 0x0, 0x0, 0xf,
    0xff, 0xe0, 0x0, 0x0, 0x0, 0x0, 0xff, 0xff,
    0xf, 0xff, 0xe0, 0x0, 0x0, 0x0, 0x0, 0xff,
    0xff, 0xf, 0xff, 0xe0, 0x0, 0x0, 0x0, 0x0,
    0xff, 0xff, 0xf, 0xff, 0xe0, 0x0, 0x0, 0x0,
    0x0, 0xff, 0xff, 0xf, 0xff, 0xe0, 0x0, 0x0,
    0x0, 0x0, 0xff, 0xff, 0xf, 0xff, 0xe0, 0x0,
    0x0, 0x0, 0x0, 0xff, 0xff, 0xf, 0xff, 0xe0,
    0x0, 0x0, 0x0, 0x0, 0xff, 0xff, 0xf, 0xff,
    0xe0, 0x0, 0x0, 0x0, 0x0, 0xff, 0xff, 0xf,
    0xff, 0xe0, 0x0, 0x0, 0x0, 0x0, 0xff, 0xff,
    0xf, 0xff, 0xe0, 0x0, 0x0, 0x0, 0x0, 0xff,
    0xff, 0xf, 0xff, 0xe0, 0x0, 0x0, 0x0, 0x0,
    0xff, 0xff, 0xf, 0xff, 0xe0, 0x0, 0x0, 0x0,
    0x0, 0xff, 0xff, 0xf, 0xff, 0xe0, 0x0, 0x0,
    0x0, 0x0, 0xff, 0xff, 0xf, 0xff, 0xe0, 0x0,
    0x0, 0x0, 0x0, 0xff, 0xff, 0xf, 0xff, 0xe0,
    0x0, 0x0, 0x0, 0x0, 0xff, 0xff, 0xf, 0xff,
    0xf0, 0x0, 0x0, 0x0, 0x1, 0xff, 0xfd, 0xc,
    0xff, 0xf4, 0x0, 0x0, 0x0, 0x5, 0xff, 0xfb,
    0x7, 0xff, 0xfd, 0x0, 0x0, 0x0, 0x1d, 0xff,
    0xf6, 0x1, 0xef, 0xff, 0xd6, 0x32, 0x37, 0xef,
    0xff, 0xd0, 0x0, 0x4f, 0xff, 0xff, 0xff, 0xff,
    0xff, 0xfe, 0x20, 0x0, 0x3, 0xdf, 0xff, 0xff,
    0xff, 0xff, 0xc2, 0x0, 0x0, 0x0, 0x5, 0xad,
    0xff, 0xed, 0x93, 0x0, 0x0,

    /* U+00DC "Ü" */
    0x0, 0x0, 0x7f, 0xd4, 0x0, 0x5, 0xee, 0x50,
    0x0, 0x0, 0x0, 0xff, 0xfc, 0x0, 0xe, 0xff,
    0xe0, 0x0, 0x0, 0x0, 0xef, 0xfa, 0x0, 0xc,
    0xff, 0xc0, 0x0, 0x0, 0x0, 0x39, 0x81, 0x0,
    0x2, 0x88, 0x20, 0x0, 0x0, 0x0, 0x0, 0x0,
    0x0, 0x0, 0x0, 0x0, 0x0, 0x0, 0x0, 0x0,
    0x0, 0x0, 0x0, 0x0, 0x0, 0x0, 0xf, 0xff,
    0xe0, 0x0, 0x0, 0x0, 0x0, 0xff, 0xff, 0xf,
    0xff, 0xe0, 0x0, 0x0, 0x0, 0x0, 0xff, 0xff,
    0xf, 0xff, 0xe0, 0x0, 0x0, 0x0, 0x0, 0xff,
    0xff, 0xf, 0xff, 0xe0, 0x0, 0x0, 0x0, 0x0,
    0xff, 0xff, 0xf, 0xff, 0xe0, 0x0, 0x0, 0x0,
    0x0, 0xff, 0xff, 0xf, 0xff, 0xe0, 0x0, 0x0,
    0x0, 0x0, 0xff, 0xff, 0xf, 0xff, 0xe0, 0x0,
    0x0, 0x0, 0x0, 0xff, 0xff, 0xf, 0xff, 0xe0,
    0x0, 0x0, 0x0, 0x0, 0xff, 0xff, 0xf, 0xff,
    0xe0, 0x0, 0x0, 0x0, 0x0, 0xff, 0xff, 0xf,
    0xff, 0xe0, 0x0, 0x0, 0x0, 0x0, 0xff, 0xff,
    0xf, 0xff, 0xe0, 0x0, 0x0, 0x0, 0x0, 0xff,
    0xff, 0xf, 0xff, 0xe0, 0x0, 0x0, 0x0, 0x0,
    0xff, 0xff, 0xf, 0xff, 0xe0, 0x0, 0x0, 0x0,
    0x0, 0xff, 0xff, 0xf, 0xff, 0xe0, 0x0, 0x0,
    0x0, 0x0, 0xff, 0xff, 0xf, 0xff, 0xe0, 0x0,
    0x0, 0x0, 0x0, 0xff, 0xff, 0xf, 0xff, 0xf0,
    0x0, 0x0, 0x0, 0x1, 0xff, 0xfd, 0xc, 0xff,
    0xf4, 0x0, 0x0, 0x0, 0x5, 0xff, 0xfb, 0x7,
    0xff, 0xfd, 0x0, 0x0, 0x0, 0x1d, 0xff, 0xf6,
    0x1, 0xef, 0xff, 0xd6, 0x32, 0x37, 0xef, 0xff,
    0xd0, 0x0, 0x4f, 0xff, 0xff, 0xff, 0xff, 0xff,
    0xfe, 0x20, 0x0, 0x3, 0xdf, 0xff, 0xff, 0xff,
    0xff, 0xc2, 0x0, 0x0, 0x0, 0x5, 0xad, 0xff,
    0xed, 0x93, 0x0, 0x0,

    /* U+00DD "Ý" */
    0x0, 0x0, 0x0, 0x0, 0x0, 0x17, 0x77, 0x70,
    0x0, 0x0, 0x0, 0x0, 0x0, 0x0, 0x0, 0xbf,
    0xff, 0x60, 0x0, 0x0, 0x0, 0x0, 0x0, 0x0,
    0x4, 0xff, 0xf8, 0x0, 0x0, 0x0, 0x0, 0x0,
    0x0, 0x0, 0xd, 0xff, 0xa0, 0x0, 0x0, 0x0,
    0x0, 0x0, 0x0, 0x0, 0x8f, 0xfc, 0x0, 0x0,
    0x0, 0x0, 0x0, 0x0, 0x0, 0x0, 0x89, 0x81,
    0x0, 0x0, 0x0, 0x0, 0x0, 0x0, 0x0, 0x0,
    0x0, 0x0, 0x0, 0x0, 0x0, 0x0, 0x9f, 0xff,
    0xb0, 0x0, 0x0, 0x0, 0x0, 0x4f, 0xff, 0xf1,
    0x1f, 0xff, 0xf3, 0x0, 0x0, 0x0, 0x0, 0xcf,
    0xff, 0x80, 0x8, 0xff, 0xfb, 0x0, 0x0, 0x0,
    0x4, 0xff, 0xfe, 0x0, 0x0, 0xef, 0xff, 0x30,
    0x0, 0x0, 0xc, 0xff, 0xf6, 0x0, 0x0, 0x6f,
    0xff, 0xb0, 0x0, 0x0, 0x3f, 0xff, 0xd0, 0x0,
    0x0, 0xd, 0xff, 0xf3, 0x0, 0x0, 0xbf, 0xff,
    0x50, 0x0, 0x0, 0x5, 0xff, 0xfb, 0x0, 0x3,
    0xff, 0xfc, 0x0, 0x0, 0x0, 0x0, 0xcf, 0xff,
    0x30, 0xb, 0xff, 0xf3, 0x0, 0x0, 0x0, 0x0,
    0x3f, 0xff, 0xa0, 0x3f, 0xff, 0xa0, 0x0, 0x0,
    0x0, 0x0, 0xa, 0xff, 0xf2, 0xbf, 0xff, 0x20,
    0x0, 0x0, 0x0, 0x0, 0x2, 0xff, 0xfc, 0xff,
    0xf9, 0x0, 0x0, 0x0, 0x0, 0x0, 0x0, 0x9f,
    0xff, 0xff, 0xf1, 0x0, 0x0, 0x0, 0x0, 0x0,
    0x0, 0x1f, 0xff, 0xff, 0x70, 0x0, 0x0, 0x0,
    0x0, 0x0, 0x0, 0x7, 0xff, 0xfe, 0x0, 0x0,
    0x0, 0x0, 0x0, 0x0, 0x0, 0x4, 0xff, 0xfb,
    0x0, 0x0, 0x0, 0x0, 0x0, 0x0, 0x0, 0x4,
    0xff, 0xfb, 0x0, 0x0, 0x0, 0x0, 0x0, 0x0,
    0x0, 0x4, 0xff, 0xfb, 0x0, 0x0, 0x0, 0x0,
    0x0, 0x0, 0x0, 0x4, 0xff, 0xfb, 0x0, 0x0,
    0x0, 0x0, 0x0, 0x0, 0x0, 0x4, 0xff, 0xfb,
    0x0, 0x0, 0x0, 0x0, 0x0, 0x0, 0x0, 0x4,
    0xff, 0xfb, 0x0, 0x0, 0x0, 0x0, 0x0, 0x0,
    0x0, 0x4, 0xff, 0xfb, 0x0, 0x0, 0x0, 0x0,
    0x0, 0x0, 0x0, 0x4, 0xff, 0xfb, 0x0, 0x0,
    0x0, 0x0,

    /* U+00DE "Þ" */
    0xbf, 0xff, 0x10, 0x0, 0x0, 0x0, 0x0, 0x0,
    0xbf, 0xff, 0x10, 0x0, 0x0, 0x0, 0x0, 0x0,
    0xbf, 0xff, 0x10, 0x0, 0x0, 0x0, 0x0, 0x0,
    0xbf, 0xff, 0x10, 0x0, 0x0, 0x0, 0x0, 0x0,
    0xbf, 0xff, 0xff, 0xff, 0xfe, 0xb7, 0x10, 0x0,
    0xbf, 0xff, 0xff, 0xff, 0xff, 0xff, 0xf7, 0x0,
    0xbf, 0xff, 0xff, 0xff, 0xff, 0xff, 0xff, 0x80,
    0xbf, 0xff, 0x10, 0x0, 0x3, 0xaf, 0xff, 0xf3,
    0xbf, 0xff, 0x10, 0x0, 0x0, 0x7, 0xff, 0xfa,
    0xbf, 0xff, 0x10, 0x0, 0x0, 0x0, 0xff, 0xfd,
    0xbf, 0xff, 0x10, 0x0, 0x0, 0x0, 0xdf, 0xff,
    0xbf, 0xff, 0x10, 0x0, 0x0, 0x0, 0xff, 0xfd,
    0xbf, 0xff, 0x10, 0x0, 0x0, 0x7, 0xff, 0xfa,
    0xbf, 0xff, 0x10, 0x0, 0x13, 0xaf, 0xff, 0xf3,
    0xbf, 0xff, 0xff, 0xff, 0xff, 0xff, 0xff, 0x80,
    0xbf, 0xff, 0xff, 0xff, 0xff, 0xff, 0xf7, 0x0,
    0xbf, 0xff, 0xff, 0xff, 0xfe, 0xb7, 0x10, 0x0,
    0xbf, 0xff, 0x10, 0x0, 0x0, 0x0, 0x0, 0x0,
    0xbf, 0xff, 0x10, 0x0, 0x0, 0x0, 0x0, 0x0,
    0xbf, 0xff, 0x10, 0x0, 0x0, 0x0, 0x0, 0x0,
    0xbf, 0xff, 0x10, 0x0, 0x0, 0x0, 0x0, 0x0,
    0xbf, 0xff, 0x10, 0x0, 0x0, 0x0, 0x0, 0x0,

    /* U+00DF "ß" */
    0x0, 0x4, 0xad, 0xff, 0xda, 0x30, 0x0, 0x0,
    0x0, 0xa, 0xff, 0xff, 0xff, 0xff, 0x80, 0x0,
    0x0, 0x9, 0xff, 0xff, 0xff, 0xff, 0xff, 0x60,
    0x0, 0x2, 0xff, 0xfe, 0x50, 0x18, 0xff, 0xfe,
    0x0, 0x0, 0x8f, 0xff, 0x60, 0x0, 0xb, 0xff,
    0xf1, 0x0, 0xc, 0xff, 0xf1, 0x0, 0x0, 0x8f,
    0xff, 0x20, 0x0, 0xdf, 0xff, 0x0, 0x0, 0xa,
    0xff, 0xf0, 0x0, 0xe, 0xff, 0xe0, 0x0, 0x1,
    0xff, 0xfd, 0x0, 0x0, 0xef, 0xfe, 0x0, 0x0,
    0x8f, 0xff, 0x50, 0x0, 0xe, 0xff, 0xe0, 0x0,
    0x1f, 0xff, 0xc0, 0x0, 0x0, 0xef, 0xfe, 0x0,
    0x4, 0xff, 0xf7, 0x0, 0x0, 0xe, 0xff, 0xe0,
    0x0, 0x6f, 0xff, 0x60, 0x0, 0x0, 0xef, 0xfe,
    0x0, 0x3, 0xff, 0xfd, 0x10, 0x0, 0xe, 0xff,
    0xe0, 0x0, 0xc, 0xff, 0xfc, 0x10, 0x0, 0xef,
    0xfe, 0x0, 0x0, 0x1d, 0xff, 0xfe, 0x20, 0xe,
    0xff, 0xe0, 0x0, 0x0, 0x1c, 0xff, 0xfe, 0x20,
    0xef, 0xfe, 0x0, 0x0, 0x0, 0xa, 0xff, 0xfc,
    0xe, 0xff, 0xe0, 0x0, 0x0, 0x0, 0xc, 0xff,
    0xf3, 0xef, 0xfe, 0x0, 0x0, 0x0, 0x0, 0x6f,
    0xff, 0x6e, 0xff, 0xe0, 0x0, 0x0, 0x0, 0x8,
    0xff, 0xf5, 0xef, 0xfe, 0x0, 0xb6, 0x20, 0x16,
    0xff, 0xff, 0x1e, 0xff, 0xe0, 0x2f, 0xff, 0xff,
    0xff, 0xff, 0xa0, 0xef, 0xfe, 0x6, 0xff, 0xff,
    0xff, 0xff, 0xb0, 0xe, 0xff, 0xe0, 0x39, 0xcd,
    0xff, 0xea, 0x50, 0x0,

    /* U+00E0 "à" */
    0x0, 0x2e, 0xff, 0xf3, 0x0, 0x0, 0x0, 0x0,
    0x0, 0x2e, 0xff, 0xd0, 0x0, 0x0, 0x0, 0x0,
    0x0, 0x2e, 0xff, 0x90, 0x0, 0x0, 0x0, 0x0,
    0x0, 0x2e, 0xff, 0x50, 0x0, 0x0, 0x0, 0x0,
    0x0, 0x13, 0x32, 0x0, 0x0, 0x0, 0x0, 0x0,
    0x0, 0x0, 0x0, 0x0, 0x0, 0x0, 0x0, 0x6b,
    0xef, 0xfd, 0x92, 0x0, 0x0, 0x4, 0xef, 0xff,
    0xff, 0xff, 0xf6, 0x0, 0x4, 0xff, 0xff, 0xfe,
    0xff, 0xff, 0xf5, 0x0, 0xdf, 0xff, 0x70, 0x0,
    0x7f, 0xff, 0xd0, 0x2f, 0xff, 0xb0, 0x0, 0x0,
    0xbf, 0xff, 0x20, 0x0, 0x0, 0x0, 0x0, 0x8,
    0xff, 0xf4, 0x0, 0x0, 0x1, 0x45, 0x55, 0xbf,
    0xff, 0x40, 0x1, 0x8e, 0xff, 0xff, 0xff, 0xff,
    0xf4, 0x3, 0xef, 0xff, 0xff, 0xff, 0xff, 0xff,
    0x40, 0xdf, 0xff, 0x93, 0x0, 0x8, 0xff, 0xf4,
    0x5f, 0xff, 0x80, 0x0, 0x0, 0x8f, 0xff, 0x48,
    0xff, 0xf3, 0x0, 0x0, 0x8, 0xff, 0xf4, 0x8f,
    0xff, 0x60, 0x0, 0x0, 0xdf, 0xff, 0x45, 0xff,
    0xfe, 0x51, 0x15, 0xdf, 0xff, 0xf4, 0xd, 0xff,
    0xff, 0xff, 0xff, 0xff, 0xff, 0x50, 0x2e, 0xff,
    0xff, 0xff, 0xfa, 0xff, 0xf7, 0x0, 0x7, 0xcf,
    0xfd, 0x92, 0x1f, 0xff, 0xc0,

    /* U+00E1 "á" */
    0x0, 0x0, 0x0, 0x0, 0x6f, 0xff, 0xb0, 0x0,
    0x0, 0x0, 0x0, 0x2f, 0xff, 0xb0, 0x0, 0x0,
    0x0, 0x0, 0xc, 0xff, 0xb0, 0x0, 0x0, 0x0,
    0x0, 0x9, 0xff, 0xa0, 0x0, 0x0, 0x0, 0x0,
    0x0, 0x23, 0x20, 0x0, 0x0, 0x0, 0x0, 0x0,
    0x0, 0x0, 0x0, 0x0, 0x0, 0x0, 0x0, 0x6b,
    0xef, 0xfd, 0x92, 0x0, 0x0, 0x4, 0xef, 0xff,
    0xff, 0xff, 0xf6, 0x0, 0x4, 0xff, 0xff, 0xfe,
    0xff, 0xff, 0xf5, 0x0, 0xdf, 0xff, 0x70, 0x0,
    0x7f, 0xff, 0xd0, 0x2f, 0xff, 0xb0, 0x0, 0x0,
    0xbf, 0xff, 0x20, 0x0, 0x0, 0x0, 0x0, 0x8,
    0xff, 0xf4, 0x0, 0x0, 0x1, 0x45, 0x55, 0xbf,
    0xff, 0x40, 0x1, 0x8e, 0xff, 0xff, 0xff, 0xff,
    0xf4, 0x3, 0xef, 0xff, 0xff, 0xff, 0xff, 0xff,
    0x40, 0xdf, 0xff, 0x93, 0x0, 0x8, 0xff, 0xf4,
    0x5f, 0xff, 0x80, 0x0, 0x0, 0x8f, 0xff, 0x48,
    0xff, 0xf3, 0x0, 0x0, 0x8, 0xff, 0xf4, 0x8f,
    0xff, 0x60, 0x0, 0x0, 0xdf, 0xff, 0x45, 0xff,
    0xfe, 0x51, 0x15, 0xdf, 0xff, 0xf4, 0xd, 0xff,
    0xff, 0xff, 0xff, 0xff, 0xff, 0x50, 0x2e, 0xff,
    0xff, 0xff, 0xfa, 0xff, 0xf7, 0x0, 0x7, 0xcf,
    0xfd, 0x92, 0x1f, 0xff, 0xc0,

    /* U+00E2 "â" */
    0x0, 0x0, 0x1, 0xcf, 0xf8, 0x0, 0x0, 0x0,
    0x0, 0x1, 0xdf, 0xff, 0xf9, 0x0, 0x0, 0x0,
    0x2, 0xef, 0xe3, 0x6f, 0xfa, 0x0, 0x0, 0x2,
    0xde, 0xd2, 0x0, 0x4e, 0xea, 0x0, 0x0, 0x0,
    0x0, 0x0, 0x0, 0x0, 0x0, 0x0, 0x0, 0x0,
    0x0, 0x0, 0x0, 0x0, 0x0, 0x0, 0x0, 0x6b,
    0xef, 0xfd, 0x92, 0x0, 0x0, 0x4, 0xef, 0xff,
    0xff, 0xff, 0xf6, 0x0, 0x4, 0xff, 0xff, 0xfe,
    0xff, 0xff, 0xf5, 0x0, 0xdf, 0xff, 0x70, 0x0,
    0x7f, 0xff, 0xd0, 0x2f, 0xff, 0xb0, 0x0, 0x0,
    0xbf, 0xff, 0x20, 0x0, 0x0, 0x0, 0x0, 0x8,
    0xff, 0xf4, 0x0, 0x0, 0x1, 0x45, 0x55, 0xbf,
    0xff, 0x40, 0x1, 0x8e, 0xff, 0xff, 0xff, 0xff,
    0xf4, 0x3, 0xef, 0xff, 0xff, 0xff, 0xff, 0xff,
    0x40, 0xdf, 0xff, 0x93, 0x0, 0x8, 0xff, 0xf4,
    0x5f, 0xff, 0x80, 0x0, 0x0, 0x8f, 0xff, 0x48,
    0xff, 0xf3, 0x0, 0x0, 0x8, 0xff, 0xf4, 0x8f,
    0xff, 0x60, 0x0, 0x0, 0xdf, 0xff, 0x45, 0xff,
    0xfe, 0x51, 0x15, 0xdf, 0xff, 0xf4, 0xd, 0xff,
    0xff, 0xff, 0xff, 0xff, 0xff, 0x50, 0x2e, 0xff,
    0xff, 0xff, 0xfa, 0xff, 0xf7, 0x0, 0x7, 0xcf,
    0xfd, 0x92, 0x1f, 0xff, 0xc0,

    /* U+00E3 "ã" */
    0x0, 0x0, 0x0, 0x0, 0x0, 0x2, 0x10, 0x0,
    0x0, 0x4c, 0xfd, 0x94, 0x2, 0xef, 0x70, 0x0,
    0x3f, 0xff, 0xff, 0xff, 0xff, 0xf3, 0x0, 0xa,
    0xff, 0x99, 0xef, 0xff, 0xf8, 0x0, 0x0, 0x68,
    0x40, 0x0, 0x47, 0x73, 0x0, 0x0, 0x0, 0x0,
    0x0, 0x0, 0x0, 0x0, 0x0, 0x0, 0x0, 0x0,
    0x0, 0x0, 0x0, 0x0, 0x0, 0x0, 0x6, 0xbe,
    0xff, 0xd9, 0x20, 0x0, 0x0, 0x4e, 0xff, 0xff,
    0xff, 0xff, 0x60, 0x0, 0x4f, 0xff, 0xff, 0xef,
    0xff, 0xff, 0x50, 0xd, 0xff, 0xf7, 0x0, 0x7,
    0xff, 0xfd, 0x2, 0xff, 0xfb, 0x0, 0x0, 0xb,
    0xff, 0xf2, 0x0, 0x0, 0x0, 0x0, 0x0, 0x8f,
    0xff, 0x40, 0x0, 0x0, 0x14, 0x55, 0x5b, 0xff,
    0xf4, 0x0, 0x18, 0xef, 0xff, 0xff, 0xff, 0xff,
    0x40, 0x3e, 0xff, 0xff, 0xff, 0xff, 0xff, 0xf4,
    0xd, 0xff, 0xf9, 0x30, 0x0, 0x8f, 0xff, 0x45,
    0xff, 0xf8, 0x0, 0x0, 0x8, 0xff, 0xf4, 0x8f,
    0xff, 0x30, 0x0, 0x0, 0x8f, 0xff, 0x48, 0xff,
    0xf6, 0x0, 0x0, 0xd, 0xff, 0xf4, 0x5f, 0xff,
    0xe5, 0x11, 0x5d, 0xff, 0xff, 0x40, 0xdf, 0xff,
    0xff, 0xff, 0xff, 0xff, 0xf5, 0x2, 0xef, 0xff,
    0xff, 0xff, 0xaf, 0xff, 0x70, 0x0, 0x7c, 0xff,
    0xd9, 0x21, 0xff, 0xfc,

    /* U+00E4 "ä" */
    0x0, 0x2d, 0xf9, 0x0, 0x1, 0xcf, 0xb0, 0x0,
    0x9, 0xff, 0xf3, 0x0, 0x7f, 0xff, 0x50, 0x0,
    0x7f, 0xff, 0x10, 0x5, 0xff, 0xf3, 0x0, 0x0,
    0x79, 0x40, 0x0, 0x6, 0x95, 0x0, 0x0, 0x0,
    0x0, 0x0, 0x0, 0x0, 0x0, 0x0, 0x0, 0x6,
    0xbe, 0xff, 0xd9, 0x20, 0x0, 0x0, 0x4e, 0xff,
    0xff, 0xff, 0xff, 0x60, 0x0, 0x4f, 0xff, 0xff,
    0xef, 0xff, 0xff, 0x50, 0xd, 0xff, 0xf7, 0x0,
    0x7, 0xff, 0xfd, 0x2, 0xff, 0xfb, 0x0, 0x0,
    0xb, 0xff, 0xf2, 0x0, 0x0, 0x0, 0x0, 0x0,
    0x8f, 0xff, 0x40, 0x0, 0x0, 0x14, 0x55, 0x5b,
    0xff, 0xf4, 0x0, 0x18, 0xef, 0xff, 0xff, 0xff,
    0xff, 0x40, 0x3e, 0xff, 0xff, 0xff, 0xff, 0xff,
    0xf4, 0xd, 0xff, 0xf9, 0x30, 0x0, 0x8f, 0xff,
    0x45, 0xff, 0xf8, 0x0, 0x0, 0x8, 0xff, 0xf4,
    0x8f, 0xff, 0x30, 0x0, 0x0, 0x8f, 0xff, 0x48,
    0xff, 0xf6, 0x0, 0x0, 0xd, 0xff, 0xf4, 0x5f,
    0xff, 0xe5, 0x11, 0x5d, 0xff, 0xff, 0x40, 0xdf,
    0xff, 0xff, 0xff, 0xff, 0xff, 0xf5, 0x2, 0xef,
    0xff, 0xff, 0xff, 0xaf, 0xff, 0x70, 0x0, 0x7c,
    0xff, 0xd9, 0x21, 0xff, 0xfc,

    /* U+00E5 "å" */
    0x0, 0x0, 0x0, 0x1, 0x0, 0x0, 0x0, 0x0,
    0x0, 0x0, 0x3d, 0xff, 0xb1, 0x0, 0x0, 0x0,
    0x0, 0x2f, 0xe6, 0x7f, 0xc0, 0x0, 0x0, 0x0,
    0x7, 0xf4, 0x0, 0x8f, 0x30, 0x0, 0x0, 0x0,
    0x8f, 0x30, 0x7, 0xf3, 0x0, 0x0, 0x0, 0x3,
    0xfc, 0x34, 0xee, 0x0, 0x0, 0x0, 0x0, 0x6,
    0xff, 0xfd, 0x30, 0x0, 0x0, 0x0, 0x0, 0x0,
    0x33, 0x0, 0x0, 0x0, 0x0, 0x0, 0x0, 0x0,
    0x0, 0x0, 0x0, 0x0, 0x0, 0x6, 0xbe, 0xff,
    0xd9, 0x20, 0x0, 0x0, 0x4e, 0xff, 0xff, 0xff,
    0xff, 0x60, 0x0, 0x4f, 0xff, 0xff, 0xef, 0xff,
    0xff, 0x50, 0xd, 0xff, 0xf7, 0x0, 0x7, 0xff,
    0xfd, 0x2, 0xff, 0xfb, 0x0, 0x0, 0xb, 0xff,
    0xf2, 0x0, 0x0, 0x0, 0x0, 0x0, 0x8f, 0xff,
    0x40, 0x0, 0x0, 0x14, 0x55, 0x5b, 0xff, 0xf4,
    0x0, 0x18, 0xef, 0xff, 0xff, 0xff, 0xff, 0x40,
    0x3e, 0xff, 0xff, 0xff, 0xff, 0xff, 0xf4, 0xd,
    0xff, 0xf9, 0x30, 0x0, 0x8f, 0xff, 0x45, 0xff,
    0xf8, 0x0, 0x0, 0x8, 0xff, 0xf4, 0x8f, 0xff,
    0x30, 0x0, 0x0, 0x8f, 0xff, 0x48, 0xff, 0xf6,
    0x0, 0x0, 0xd, 0xff, 0xf4, 0x5f, 0xff, 0xe5,
    0x11, 0x5d, 0xff, 0xff, 0x40, 0xdf, 0xff, 0xff,
    0xff, 0xff, 0xff, 0xf5, 0x2, 0xef, 0xff, 0xff,
    0xff, 0xaf, 0xff, 0x70, 0x0, 0x7c, 0xff, 0xd9,
    0x21, 0xff, 0xfc,

    /* U+00E6 "æ" */
    0x0, 0x2, 0x8c, 0xef, 0xec, 0x81, 0x0, 0x29,
    0xdf, 0xfd, 0xa3, 0x0, 0x0, 0x0, 0x7f, 0xff,
    0xff, 0xff, 0xff, 0x47, 0xff, 0xff, 0xff, 0xff,
    0x90, 0x0, 0x8, 0xff, 0xff, 0xff, 0xff, 0xff,
    0xff, 0xff, 0xff, 0xff, 0xff, 0xf9, 0x0, 0x1f,
    0xff, 0xf9, 0x20, 0x2a, 0xff, 0xff, 0xfe, 0x51,
    0x15, 0xef, 0xff, 0x30, 0x5f, 0xff, 0xa0, 0x0,
    0x0, 0xdf, 0xff, 0xf3, 0x0, 0x0, 0x3f, 0xff,
    0x90, 0x2, 0x34, 0x20, 0x0, 0x0, 0x9f, 0xff,
    0xa0, 0x0, 0x0, 0xd, 0xff, 0xd0, 0x0, 0x0,
    0x0, 0x0, 0x0, 0x8f, 0xff, 0x60, 0x0, 0x0,
    0xb, 0xff, 0xf0, 0x0, 0x6, 0xbd, 0xff, 0xff,
    0xff, 0xff, 0xff, 0xff, 0xff, 0xff, 0xff, 0xf0,
    0x4, 0xef, 0xff, 0xff, 0xff, 0xff, 0xff, 0xff,
    0xff, 0xff, 0xff, 0xff, 0xf1, 0x2f, 0xff, 0xff,
    0xba, 0xaa, 0xdf, 0xff, 0xba, 0xaa, 0xaa, 0xaa,
    0xaa, 0xa0, 0xaf, 0xff, 0xa1, 0x0, 0x0, 0x8f,
    0xff, 0x50, 0x0, 0x0, 0x0, 0x0, 0x0, 0xdf,
    0xff, 0x0, 0x0, 0x0, 0x8f, 0xff, 0xa0, 0x0,
    0x0, 0x0, 0x0, 0x0, 0xdf, 0xff, 0x0, 0x0,
    0x0, 0x9f, 0xff, 0xf4, 0x0, 0x0, 0x0, 0x2,
    0x0, 0xaf, 0xff, 0xb2, 0x1, 0x5b, 0xff, 0xff,
    0xff, 0x82, 0x1, 0x27, 0xce, 0x0, 0x3f, 0xff,
    0xff, 0xff, 0xff, 0xff, 0xbf, 0xff, 0xff, 0xff,
    0xff, 0xff, 0x60, 0x7, 0xff, 0xff, 0xff, 0xff,
    0xe5, 0x7, 0xff, 0xff, 0xff, 0xff, 0xfd, 0x40,
    0x0, 0x3a, 0xdf, 0xfe, 0xb6, 0x0, 0x0, 0x17,
    0xce, 0xff, 0xd9, 0x50, 0x0,

    /* U+00E7 "ç" */
    0x0, 0x0, 0x4a, 0xef, 0xfd, 0x92, 0x0, 0x0,
    0x1, 0xbf, 0xff, 0xff, 0xff, 0xf8, 0x0, 0x0,
    0xdf, 0xff, 0xff, 0xff, 0xff, 0xf8, 0x0, 0x9f,
    0xff, 0xc4, 0x1, 0x7f, 0xff, 0xf2, 0x1f, 0xff,
    0xe0, 0x0, 0x0, 0x5f, 0xff, 0x86, 0xff, 0xf6,
    0x0, 0x0, 0x0, 0xef, 0xfb, 0x9f, 0xff, 0x20,
    0x0, 0x0, 0x2, 0x33, 0x2b, 0xff, 0xf1, 0x0,
    0x0, 0x0, 0x0, 0x0, 0xcf, 0xff, 0x0, 0x0,
    0x0, 0x0, 0x0, 0xb, 0xff, 0xf1, 0x0, 0x0,
    0x0, 0x0, 0x0, 0x9f, 0xff, 0x20, 0x0, 0x0,
    0x0, 0x0, 0x6, 0xff, 0xf6, 0x0, 0x0, 0x0,
    0xac, 0xc9, 0x1f, 0xff, 0xd0, 0x0, 0x0, 0x3f,
    0xff, 0x90, 0x9f, 0xff, 0xc3, 0x1, 0x5e, 0xff,
    0xf2, 0x0, 0xdf, 0xff, 0xff, 0xff, 0xff, 0xf7,
    0x0, 0x1, 0xbf, 0xff, 0xff, 0xff, 0xf7, 0x0,
    0x0, 0x0, 0x4a, 0xff, 0xfd, 0x82, 0x0, 0x0,
    0x0, 0x0, 0x1f, 0xfe, 0x40, 0x0, 0x0, 0x0,
    0x0, 0x2, 0xae, 0xff, 0x90, 0x0, 0x0, 0x0,
    0x0, 0x0, 0x1f, 0xff, 0x0, 0x0, 0x0, 0x0,
    0x0, 0x28, 0xff, 0xf0, 0x0, 0x0, 0x0, 0x0,
    0x1f, 0xff, 0xf7, 0x0, 0x0, 0x0, 0x0, 0x0,
    0xfe, 0xb4, 0x0, 0x0, 0x0,

    /* U+00E8 "è" */
    0x0, 0x4f, 0xff, 0xe1, 0x0, 0x0, 0x0, 0x0,
    0x0, 0x4, 0xff, 0xfb, 0x0, 0x0, 0x0, 0x0,
    0x0, 0x0, 0x3f, 0xff, 0x60, 0x0, 0x0, 0x0,
    0x0, 0x0, 0x3, 0xff, 0xf2, 0x0, 0x0, 0x0,
    0x0, 0x0, 0x0, 0x13, 0x31, 0x0, 0x0, 0x0,
    0x0, 0x0, 0x0, 0x0, 0x0, 0x0, 0x0, 0x0,
    0x0, 0x0, 0x29, 0xdf, 0xfd, 0x93, 0x0, 0x0,
    0x0, 0x7, 0xff, 0xff, 0xff, 0xff, 0x80, 0x0,
    0x0, 0x9f, 0xff, 0xff, 0xff, 0xff, 0xf8, 0x0,
    0x5, 0xff, 0xfe, 0x50, 0x16, 0xef, 0xff, 0x20,
    0xe, 0xff, 0xf2, 0x0, 0x0, 0x4f, 0xff, 0x90,
    0x3f, 0xff, 0x90, 0x0, 0x0, 0xd, 0xff, 0xd0,
    0x7f, 0xff, 0x50, 0x0, 0x0, 0xa, 0xff, 0xf0,
    0x9f, 0xff, 0xff, 0xff, 0xff, 0xff, 0xff, 0xf1,
    0xbf, 0xff, 0xff, 0xff, 0xff, 0xff, 0xff, 0xf2,
    0xaf, 0xff, 0xcc, 0xcc, 0xcc, 0xcc, 0xcc, 0xc2,
    0x9f, 0xff, 0x40, 0x0, 0x0, 0x0, 0x0, 0x0,
    0x5f, 0xff, 0x90, 0x0, 0x0, 0x0, 0x0, 0x0,
    0xf, 0xff, 0xf3, 0x0, 0x0, 0x0, 0x96, 0x0,
    0x7, 0xff, 0xff, 0x72, 0x1, 0x5c, 0xff, 0x70,
    0x0, 0xbf, 0xff, 0xff, 0xff, 0xff, 0xff, 0x50,
    0x0, 0x8, 0xff, 0xff, 0xff, 0xff, 0xe5, 0x0,
    0x0, 0x0, 0x28, 0xce, 0xfe, 0xb6, 0x10, 0x0,

    /* U+00E9 "é" */
    0x0, 0x0, 0x0, 0x0, 0x9f, 0xff, 0x90, 0x0,
    0x0, 0x0, 0x0, 0x4, 0xff, 0xf9, 0x0, 0x0,
    0x0, 0x0, 0x0, 0x1e, 0xff, 0x80, 0x0, 0x0,
    0x0, 0x0, 0x0, 0xbf, 0xf8, 0x0, 0x0, 0x0,
    0x0, 0x0, 0x0, 0x33, 0x20, 0x0, 0x0, 0x0,
    0x0, 0x0, 0x0, 0x0, 0x0, 0x0, 0x0, 0x0,
    0x0, 0x0, 0x29, 0xdf, 0xfd, 0x93, 0x0, 0x0,
    0x0, 0x7, 0xff, 0xff, 0xff, 0xff, 0x80, 0x0,
    0x0, 0x9f, 0xff, 0xff, 0xff, 0xff, 0xf8, 0x0,
    0x5, 0xff, 0xfe, 0x50, 0x16, 0xef, 0xff, 0x20,
    0xe, 0xff, 0xf2, 0x0, 0x0, 0x4f, 0xff, 0x90,
    0x3f, 0xff, 0x90, 0x0, 0x0, 0xd, 0xff, 0xd0,
    0x7f, 0xff, 0x50, 0x0, 0x0, 0xa, 0xff, 0xf0,
    0x9f, 0xff, 0xff, 0xff, 0xff, 0xff, 0xff, 0xf1,
    0xbf, 0xff, 0xff, 0xff, 0xff, 0xff, 0xff, 0xf2,
    0xaf, 0xff, 0xcc, 0xcc, 0xcc, 0xcc, 0xcc, 0xc2,
    0x9f, 0xff, 0x40, 0x0, 0x0, 0x0, 0x0, 0x0,
    0x5f, 0xff, 0x90, 0x0, 0x0, 0x0, 0x0, 0x0,
    0xf, 0xff, 0xf3, 0x0, 0x0, 0x0, 0x96, 0x0,
    0x7, 0xff, 0xff, 0x72, 0x1, 0x5c, 0xff, 0x70,
    0x0, 0xbf, 0xff, 0xff, 0xff, 0xff, 0xff, 0x50,
    0x0, 0x8, 0xff, 0xff, 0xff, 0xff, 0xe5, 0x0,
    0x0, 0x0, 0x28, 0xce, 0xfe, 0xb6, 0x10, 0x0,

    /* U+00EA "ê" */
    0x0, 0x0, 0x2, 0xdf, 0xf5, 0x0, 0x0, 0x0,
    0x0, 0x0, 0x3e, 0xff, 0xff, 0x60, 0x0, 0x0,
    0x0, 0x4, 0xff, 0xd1, 0x9f, 0xf8, 0x0, 0x0,
    0x0, 0x5e, 0xeb, 0x10, 0x7, 0xee, 0x80, 0x0,
    0x0, 0x0, 0x0, 0x0, 0x0, 0x0, 0x0, 0x0,
    0x0, 0x0, 0x0, 0x0, 0x0, 0x0, 0x0, 0x0,
    0x0, 0x0, 0x29, 0xdf, 0xfd, 0x93, 0x0, 0x0,
    0x0, 0x7, 0xff, 0xff, 0xff, 0xff, 0x80, 0x0,
    0x0, 0x9f, 0xff, 0xff, 0xff, 0xff, 0xf8, 0x0,
    0x5, 0xff, 0xfe, 0x50, 0x16, 0xef, 0xff, 0x20,
    0xe, 0xff, 0xf2, 0x0, 0x0, 0x4f, 0xff, 0x90,
    0x3f, 0xff, 0x90, 0x0, 0x0, 0xd, 0xff, 0xd0,
    0x7f, 0xff, 0x50, 0x0, 0x0, 0xa, 0xff, 0xf0,
    0x9f, 0xff, 0xff, 0xff, 0xff, 0xff, 0xff, 0xf1,
    0xbf, 0xff, 0xff, 0xff, 0xff, 0xff, 0xff, 0xf2,
    0xaf, 0xff, 0xcc, 0xcc, 0xcc, 0xcc, 0xcc, 0xc2,
    0x9f, 0xff, 0x40, 0x0, 0x0, 0x0, 0x0, 0x0,
    0x5f, 0xff, 0x90, 0x0, 0x0, 0x0, 0x0, 0x0,
    0xf, 0xff, 0xf3, 0x0, 0x0, 0x0, 0x96, 0x0,
    0x7, 0xff, 0xff, 0x72, 0x1, 0x5c, 0xff, 0x70,
    0x0, 0xbf, 0xff, 0xff, 0xff, 0xff, 0xff, 0x50,
    0x0, 0x8, 0xff, 0xff, 0xff, 0xff, 0xe5, 0x0,
    0x0, 0x0, 0x28, 0xce, 0xfe, 0xb6, 0x10, 0x0,

    /* U+00EB "ë" */
    0x0, 0x4e, 0xe7, 0x0, 0x2, 0xdf, 0x80, 0x0,
    0x0, 0xcf, 0xff, 0x0, 0xa, 0xff, 0xf2, 0x0,
    0x0, 0xaf, 0xfe, 0x0, 0x8, 0xff, 0xf1, 0x0,
    0x0, 0x18, 0x92, 0x0, 0x0, 0x79, 0x30, 0x0,
    0x0, 0x0, 0x0, 0x0, 0x0, 0x0, 0x0, 0x0,
    0x0, 0x0, 0x29, 0xdf, 0xfd, 0x93, 0x0, 0x0,
    0x0, 0x7, 0xff, 0xff, 0xff, 0xff, 0x80, 0x0,
    0x0, 0x9f, 0xff, 0xff, 0xff, 0xff, 0xf8, 0x0,
    0x5, 0xff, 0xfe, 0x50, 0x16, 0xef, 0xff, 0x20,
    0xe, 0xff, 0xf2, 0x0, 0x0, 0x4f, 0xff, 0x90,
    0x3f, 0xff, 0x90, 0x0, 0x0, 0xd, 0xff, 0xd0,
    0x7f, 0xff, 0x50, 0x0, 0x0, 0xa, 0xff, 0xf0,
    0x9f, 0xff, 0xff, 0xff, 0xff, 0xff, 0xff, 0xf1,
    0xbf, 0xff, 0xff, 0xff, 0xff, 0xff, 0xff, 0xf2,
    0xaf, 0xff, 0xcc, 0xcc, 0xcc, 0xcc, 0xcc, 0xc2,
    0x9f, 0xff, 0x40, 0x0, 0x0, 0x0, 0x0, 0x0,
    0x5f, 0xff, 0x90, 0x0, 0x0, 0x0, 0x0, 0x0,
    0xf, 0xff, 0xf3, 0x0, 0x0, 0x0, 0x96, 0x0,
    0x7, 0xff, 0xff, 0x72, 0x1, 0x5c, 0xff, 0x70,
    0x0, 0xbf, 0xff, 0xff, 0xff, 0xff, 0xff, 0x50,
    0x0, 0x8, 0xff, 0xff, 0xff, 0xff, 0xe5, 0x0,
    0x0, 0x0, 0x28, 0xce, 0xfe, 0xb6, 0x10, 0x0,

    /* U+00EC "ì" */
    0xa, 0xff, 0xf8, 0x0, 0x0, 0xa, 0xff, 0xf4,
    0x0, 0x0, 0x9, 0xff, 0xe1, 0x0, 0x0, 0x9,
    0xff, 0xb0, 0x0, 0x0, 0x1, 0x11, 0x0, 0x0,
    0x0, 0x0, 0x0, 0x0, 0x0, 0xcf, 0xff, 0x0,
    0x0, 0xc, 0xff, 0xf0, 0x0, 0x0, 0xcf, 0xff,
    0x0, 0x0, 0xc, 0xff, 0xf0, 0x0, 0x0, 0xcf,
    0xff, 0x0, 0x0, 0xc, 0xff, 0xf0, 0x0, 0x0,
    0xcf, 0xff, 0x0, 0x0, 0xc, 0xff, 0xf0, 0x0,
    0x0, 0xcf, 0xff, 0x0, 0x0, 0xc, 0xff, 0xf0,
    0x0, 0x0, 0xcf, 0xff, 0x0, 0x0, 0xc, 0xff,
    0xf0, 0x0, 0x0, 0xcf, 0xff, 0x0, 0x0, 0xc,
    0xff, 0xf0, 0x0, 0x0, 0xcf, 0xff, 0x0, 0x0,
    0xc, 0xff, 0xf0, 0x0, 0x0, 0xcf, 0xff, 0x0,

    /* U+00ED "í" */
    0x0, 0x2e, 0xff, 0xe3, 0x0, 0xcf, 0xfe, 0x20,
    0x8, 0xff, 0xd2, 0x0, 0x4f, 0xfd, 0x10, 0x0,
    0x1, 0x10, 0x0, 0x0, 0x0, 0x0, 0x0, 0x0,
    0xcf, 0xff, 0x0, 0x0, 0xcf, 0xff, 0x0, 0x0,
    0xcf, 0xff, 0x0, 0x0, 0xcf, 0xff, 0x0, 0x0,
    0xcf, 0xff, 0x0, 0x0, 0xcf, 0xff, 0x0, 0x0,
    0xcf, 0xff, 0x0, 0x0, 0xcf, 0xff, 0x0, 0x0,
    0xcf, 0xff, 0x0, 0x0, 0xcf, 0xff, 0x0, 0x0,
    0xcf, 0xff, 0x0, 0x0, 0xcf, 0xff, 0x0, 0x0,
    0xcf, 0xff, 0x0, 0x0, 0xcf, 0xff, 0x0, 0x0,
    0xcf, 0xff, 0x0, 0x0, 0xcf, 0xff, 0x0, 0x0,
    0xcf, 0xff, 0x0, 0x0,

    /* U+00EE "î" */
    0x0, 0x0, 0x7f, 0xfc, 0x10, 0x0, 0x0, 0xa,
    0xff, 0xff, 0xd2, 0x0, 0x1, 0xbf, 0xf6, 0x2d,
    0xfe, 0x30, 0xa, 0xdc, 0x40, 0x1, 0xad, 0xc2,
    0x0, 0x0, 0x0, 0x0, 0x0, 0x0, 0x0, 0x0,
    0x0, 0x0, 0x0, 0x0, 0x0, 0x0, 0xcf, 0xff,
    0x0, 0x0, 0x0, 0x0, 0xcf, 0xff, 0x0, 0x0,
    0x0, 0x0, 0xcf, 0xff, 0x0, 0x0, 0x0, 0x0,
    0xcf, 0xff, 0x0, 0x0, 0x0, 0x0, 0xcf, 0xff,
    0x0, 0x0, 0x0, 0x0, 0xcf, 0xff, 0x0, 0x0,
    0x0, 0x0, 0xcf, 0xff, 0x0, 0x0, 0x0, 0x0,
    0xcf, 0xff, 0x0, 0x0, 0x0, 0x0, 0xcf, 0xff,
    0x0, 0x0, 0x0, 0x0, 0xcf, 0xff, 0x0, 0x0,
    0x0, 0x0, 0xcf, 0xff, 0x0, 0x0, 0x0, 0x0,
    0xcf, 0xff, 0x0, 0x0, 0x0, 0x0, 0xcf, 0xff,
    0x0, 0x0, 0x0, 0x0, 0xcf, 0xff, 0x0, 0x0,
    0x0, 0x0, 0xcf, 0xff, 0x0, 0x0, 0x0, 0x0,
    0xcf, 0xff, 0x0, 0x0, 0x0, 0x0, 0xcf, 0xff,
    0x0, 0x0,

    /* U+00EF "ï" */
    0xa, 0xfc, 0x10, 0x0, 0x8f, 0xd3, 0x4f, 0xff,
    0x80, 0x2, 0xff, 0xfb, 0x2f, 0xff, 0x70, 0x1,
    0xff, 0xf9, 0x4, 0x97, 0x0, 0x0, 0x39, 0x70,
    0x0, 0x0, 0x0, 0x0, 0x0, 0x0, 0x0, 0x0,
    0xcf, 0xff, 0x0, 0x0, 0x0, 0x0, 0xcf, 0xff,
    0x0, 0x0, 0x0, 0x0, 0xcf, 0xff, 0x0, 0x0,
    0x0, 0x0, 0xcf, 0xff, 0x0, 0x0, 0x0, 0x0,
    0xcf, 0xff, 0x0, 0x0, 0x0, 0x0, 0xcf, 0xff,
    0x0, 0x0, 0x0, 0x0, 0xcf, 0xff, 0x0, 0x0,
    0x0, 0x0, 0xcf, 0xff, 0x0, 0x0, 0x0, 0x0,
    0xcf, 0xff, 0x0, 0x0, 0x0, 0x0, 0xcf, 0xff,
    0x0, 0x0, 0x0, 0x0, 0xcf, 0xff, 0x0, 0x0,
    0x0, 0x0, 0xcf, 0xff, 0x0, 0x0, 0x0, 0x0,
    0xcf, 0xff, 0x0, 0x0, 0x0, 0x0, 0xcf, 0xff,
    0x0, 0x0, 0x0, 0x0, 0xcf, 0xff, 0x0, 0x0,
    0x0, 0x0, 0xcf, 0xff, 0x0, 0x0, 0x0, 0x0,
    0xcf, 0xff, 0x0, 0x0,

    /* U+00F0 "ð" */
    0x0, 0x0, 0x30, 0x0, 0x0, 0x0, 0x0, 0x0,
    0x0, 0x6, 0xfe, 0x93, 0x0, 0x0, 0x1, 0x0,
    0x0, 0xc, 0xff, 0xff, 0xb2, 0x3, 0xdc, 0x0,
    0x0, 0x1e, 0xff, 0xff, 0xff, 0xaf, 0xfe, 0x20,
    0x0, 0x0, 0x3a, 0xff, 0xff, 0xff, 0x90, 0x0,
    0x0, 0x0, 0x0, 0x3f, 0xff, 0xff, 0x80, 0x0,
    0x0, 0x0, 0x4, 0xef, 0xff, 0xff, 0xf5, 0x0,
    0x0, 0x0, 0x3f, 0xfd, 0x38, 0xff, 0xff, 0x10,
    0x0, 0x0, 0x9, 0x80, 0x0, 0xbf, 0xff, 0x80,
    0x0, 0x0, 0x0, 0x0, 0x0, 0x1f, 0xff, 0xf0,
    0x0, 0x0, 0x4a, 0xdf, 0xeb, 0x5a, 0xff, 0xf4,
    0x0, 0xa, 0xff, 0xff, 0xff, 0xfe, 0xff, 0xf9,
    0x0, 0xbf, 0xff, 0xff, 0xef, 0xff, 0xff, 0xfc,
    0x6, 0xff, 0xff, 0x60, 0x0, 0x4c, 0xff, 0xfd,
    0xd, 0xff, 0xf4, 0x0, 0x0, 0x0, 0xef, 0xff,
    0x2f, 0xff, 0xb0, 0x0, 0x0, 0x0, 0xcf, 0xff,
    0x4f, 0xff, 0x80, 0x0, 0x0, 0x0, 0xcf, 0xff,
    0x5f, 0xff, 0x60, 0x0, 0x0, 0x0, 0xdf, 0xfd,
    0x4f, 0xff, 0x70, 0x0, 0x0, 0x0, 0xff, 0xfc,
    0x2f, 0xff, 0xc0, 0x0, 0x0, 0x5, 0xff, 0xf7,
    0xc, 0xff, 0xf5, 0x0, 0x0, 0xd, 0xff, 0xf1,
    0x4, 0xff, 0xff, 0x71, 0x3, 0xcf, 0xff, 0x80,
    0x0, 0x8f, 0xff, 0xff, 0xff, 0xff, 0xfc, 0x0,
    0x0, 0x7, 0xff, 0xff, 0xff, 0xff, 0xa0, 0x0,
    0x0, 0x0, 0x17, 0xce, 0xfe, 0xa4, 0x0, 0x0,

    /* U+00F1 "ñ" */
    0x0, 0x0, 0x0, 0x0, 0x0, 0x2, 0x20, 0x0,
    0x0, 0x3c, 0xfe, 0x94, 0x2, 0xef, 0x90, 0x0,
    0x2f, 0xff, 0xff, 0xff, 0xff, 0xf5, 0x0, 0x9,
    0xff, 0xa9, 0xdf, 0xff, 0xfa, 0x0, 0x0, 0x68,
    0x50, 0x0, 0x37, 0x84, 0x0, 0x0, 0x0, 0x0,
    0x0, 0x0, 0x0, 0x0, 0x0, 0x0, 0x0, 0x0,
    0x0, 0x0, 0x0, 0x0, 0x1, 0xff, 0xf7, 0x5,
    0xbe, 0xfe, 0xb4, 0x0, 0x1f, 0xff, 0x9a, 0xff,
    0xff, 0xff, 0xf6, 0x1, 0xff, 0xff, 0xff, 0xff,
    0xff, 0xff, 0xf2, 0x1f, 0xff, 0xfe, 0x62, 0x15,
    0xef, 0xff, 0x81, 0xff, 0xff, 0x20, 0x0, 0x4,
    0xff, 0xfb, 0x1f, 0xff, 0xb0, 0x0, 0x0, 0xf,
    0xff, 0xd1, 0xff, 0xfb, 0x0, 0x0, 0x0, 0xef,
    0xfe, 0x1f, 0xff, 0xb0, 0x0, 0x0, 0xe, 0xff,
    0xe1, 0xff, 0xfb, 0x0, 0x0, 0x0, 0xef, 0xfe,
    0x1f, 0xff, 0xb0, 0x0, 0x0, 0xe, 0xff, 0xe1,
    0xff, 0xfb, 0x0, 0x0, 0x0, 0xef, 0xfe, 0x1f,
    0xff, 0xb0, 0x0, 0x0, 0xe, 0xff, 0xe1, 0xff,
    0xfb, 0x0, 0x0, 0x0, 0xef, 0xfe, 0x1f, 0xff,
    0xb0, 0x0, 0x0, 0xe, 0xff, 0xe1, 0xff, 0xfb,
    0x0, 0x0, 0x0, 0xef, 0xfe, 0x1f, 0xff, 0xb0,
    0x0, 0x0, 0xe, 0xff, 0xe1, 0xff, 0xfb, 0x0,
    0x0, 0x0, 0xef, 0xfe,

    /* U+00F2 "ò" */
    0x0, 0x1d, 0xff, 0xf4, 0x0, 0x0, 0x0, 0x0,
    0x0, 0x1, 0xcf, 0xfe, 0x10, 0x0, 0x0, 0x0,
    0x0, 0x0, 0x1c, 0xff, 0xb0, 0x0, 0x0, 0x0,
    0x0, 0x0, 0x1, 0xcf, 0xf7, 0x0, 0x0, 0x0,
    0x0, 0x0, 0x0, 0x3, 0x32, 0x0, 0x0, 0x0,
    0x0, 0x0, 0x0, 0x0, 0x0, 0x0, 0x0, 0x0,
    0x0, 0x0, 0x39, 0xdf, 0xfd, 0xa4, 0x0, 0x0,
    0x0, 0x9, 0xff, 0xff, 0xff, 0xff, 0xb1, 0x0,
    0x0, 0xbf, 0xff, 0xff, 0xff, 0xff, 0xfd, 0x10,
    0x6, 0xff, 0xfe, 0x51, 0x4, 0xdf, 0xff, 0xa0,
    0xe, 0xff, 0xf2, 0x0, 0x0, 0x1d, 0xff, 0xf3,
    0x5f, 0xff, 0x80, 0x0, 0x0, 0x5, 0xff, 0xf8,
    0x9f, 0xff, 0x40, 0x0, 0x0, 0x0, 0xff, 0xfc,
    0xaf, 0xff, 0x10, 0x0, 0x0, 0x0, 0xef, 0xfe,
    0xcf, 0xff, 0x0, 0x0, 0x0, 0x0, 0xdf, 0xff,
    0xbf, 0xff, 0x10, 0x0, 0x0, 0x0, 0xef, 0xfd,
    0x9f, 0xff, 0x30, 0x0, 0x0, 0x0, 0xff, 0xfc,
    0x5f, 0xff, 0x80, 0x0, 0x0, 0x5, 0xff, 0xf8,
    0xf, 0xff, 0xf2, 0x0, 0x0, 0xd, 0xff, 0xf2,
    0x7, 0xff, 0xfe, 0x50, 0x4, 0xcf, 0xff, 0xa0,
    0x0, 0xbf, 0xff, 0xff, 0xff, 0xff, 0xfd, 0x0,
    0x0, 0xa, 0xff, 0xff, 0xff, 0xff, 0xb1, 0x0,
    0x0, 0x0, 0x39, 0xdf, 0xfe, 0xa4, 0x0, 0x0,

    /* U+00F3 "ó" */
    0x0, 0x0, 0x0, 0x0, 0x4f, 0xff, 0xd1, 0x0,
    0x0, 0x0, 0x0, 0x1, 0xef, 0xfd, 0x10, 0x0,
    0x0, 0x0, 0x0, 0xb, 0xff, 0xc1, 0x0, 0x0,
    0x0, 0x0, 0x0, 0x6f, 0xfc, 0x0, 0x0, 0x0,
    0x0, 0x0, 0x0, 0x23, 0x30, 0x0, 0x0, 0x0,
    0x0, 0x0, 0x0, 0x0, 0x0, 0x0, 0x0, 0x0,
    0x0, 0x0, 0x39, 0xdf, 0xfd, 0xa4, 0x0, 0x0,
    0x0, 0x9, 0xff, 0xff, 0xff, 0xff, 0xb1, 0x0,
    0x0, 0xbf, 0xff, 0xff, 0xff, 0xff, 0xfd, 0x10,
    0x6, 0xff, 0xfe, 0x51, 0x4, 0xdf, 0xff, 0xa0,
    0xe, 0xff, 0xf2, 0x0, 0x0, 0x1d, 0xff, 0xf3,
    0x5f, 0xff, 0x80, 0x0, 0x0, 0x5, 0xff, 0xf8,
    0x9f, 0xff, 0x40, 0x0, 0x0, 0x0, 0xff, 0xfc,
    0xaf, 0xff, 0x10, 0x0, 0x0, 0x0, 0xef, 0xfe,
    0xcf, 0xff, 0x0, 0x0, 0x0, 0x0, 0xdf, 0xff,
    0xbf, 0xff, 0x10, 0x0, 0x0, 0x0, 0xef, 0xfd,
    0x9f, 0xff, 0x30, 0x0, 0x0, 0x0, 0xff, 0xfc,
    0x5f, 0xff, 0x80, 0x0, 0x0, 0x5, 0xff, 0xf8,
    0xf, 0xff, 0xf2, 0x0, 0x0, 0xd, 0xff, 0xf2,
    0x7, 0xff, 0xfe, 0x50, 0x4, 0xcf, 0xff, 0xa0,
    0x0, 0xbf, 0xff, 0xff, 0xff, 0xff, 0xfd, 0x0,
    0x0, 0xa, 0xff, 0xff, 0xff, 0xff, 0xb1, 0x0,
    0x0, 0x0, 0x39, 0xdf, 0xfe, 0xa4, 0x0, 0x0,

    /* U+00F4 "ô" */
    0x0, 0x0, 0x0, 0xaf, 0xfa, 0x0, 0x0, 0x0,
    0x0, 0x0, 0xb, 0xff, 0xff, 0xb0, 0x0, 0x0,
    0x0, 0x1, 0xdf, 0xf4, 0x4f, 0xfc, 0x10, 0x0,
    0x0, 0x1c, 0xed, 0x30, 0x3, 0xde, 0xb1, 0x0,
    0x0, 0x0, 0x0, 0x0, 0x0, 0x0, 0x0, 0x0,
    0x0, 0x0, 0x0, 0x0, 0x0, 0x0, 0x0, 0x0,
    0x0, 0x0, 0x39, 0xdf, 0xfd, 0xa4, 0x0, 0x0,
    0x0, 0x9, 0xff, 0xff, 0xff, 0xff, 0xb1, 0x0,
    0x0, 0xbf, 0xff, 0xff, 0xff, 0xff, 0xfd, 0x10,
    0x6, 0xff, 0xfe, 0x51, 0x4, 0xdf, 0xff, 0xa0,
    0xe, 0xff, 0xf2, 0x0, 0x0, 0x1d, 0xff, 0xf3,
    0x5f, 0xff, 0x80, 0x0, 0x0, 0x5, 0xff, 0xf8,
    0x9f, 0xff, 0x40, 0x0, 0x0, 0x0, 0xff, 0xfc,
    0xaf, 0xff, 0x10, 0x0, 0x0, 0x0, 0xef, 0xfe,
    0xcf, 0xff, 0x0, 0x0, 0x0, 0x0, 0xdf, 0xff,
    0xbf, 0xff, 0x10, 0x0, 0x0, 0x0, 0xef, 0xfd,
    0x9f, 0xff, 0x30, 0x0, 0x0, 0x0, 0xff, 0xfc,
    0x5f, 0xff, 0x80, 0x0, 0x0, 0x5, 0xff, 0xf8,
    0xf, 0xff, 0xf2, 0x0, 0x0, 0xd, 0xff, 0xf2,
    0x7, 0xff, 0xfe, 0x50, 0x4, 0xcf, 0xff, 0xa0,
    0x0, 0xbf, 0xff, 0xff, 0xff, 0xff, 0xfd, 0x0,
    0x0, 0xa, 0xff, 0xff, 0xff, 0xff, 0xb1, 0x0,
    0x0, 0x0, 0x39, 0xdf, 0xfe, 0xa4, 0x0, 0x0,

    /* U+00F5 "õ" */
    0x0, 0x0, 0x0, 0x0, 0x0, 0x1, 0x20, 0x0,
    0x0, 0x3, 0xcf, 0xe9, 0x41, 0x1d, 0xfa, 0x0,
    0x0, 0x1f, 0xff, 0xff, 0xff, 0xff, 0xf5, 0x0,
    0x0, 0x8f, 0xfa, 0x9d, 0xff, 0xff, 0xa0, 0x0,
    0x0, 0x58, 0x50, 0x0, 0x37, 0x84, 0x0, 0x0,
    0x0, 0x0, 0x0, 0x0, 0x0, 0x0, 0x0, 0x0,
    0x0, 0x0, 0x0, 0x0, 0x0, 0x0, 0x0, 0x0,
    0x0, 0x0, 0x39, 0xdf, 0xfd, 0xa4, 0x0, 0x0,
    0x0, 0x9, 0xff, 0xff, 0xff, 0xff, 0xb1, 0x0,
    0x0, 0xbf, 0xff, 0xff, 0xff, 0xff, 0xfd, 0x10,
    0x6, 0xff, 0xfe, 0x51, 0x4, 0xdf, 0xff, 0xa0,
    0xe, 0xff, 0xf2, 0x0, 0x0, 0x1d, 0xff, 0xf3,
    0x5f, 0xff, 0x80, 0x0, 0x0, 0x5, 0xff, 0xf8,
    0x9f, 0xff, 0x40, 0x0, 0x0, 0x0, 0xff, 0xfc,
    0xaf, 0xff, 0x10, 0x0, 0x0, 0x0, 0xef, 0xfe,
    0xcf, 0xff, 0x0, 0x0, 0x0, 0x0, 0xdf, 0xff,
    0xbf, 0xff, 0x10, 0x0, 0x0, 0x0, 0xef, 0xfd,
    0x9f, 0xff, 0x30, 0x0, 0x0, 0x0, 0xff, 0xfc,
    0x5f, 0xff, 0x80, 0x0, 0x0, 0x5, 0xff, 0xf8,
    0xf, 0xff, 0xf2, 0x0, 0x0, 0xd, 0xff, 0xf2,
    0x7, 0xff, 0xfe, 0x50, 0x4, 0xcf, 0xff, 0xa0,
    0x0, 0xbf, 0xff, 0xff, 0xff, 0xff, 0xfd, 0x0,
    0x0, 0xa, 0xff, 0xff, 0xff, 0xff, 0xb1, 0x0,
    0x0, 0x0, 0x39, 0xdf, 0xfe, 0xa4, 0x0, 0x0,

    /* U+00F6 "ö" */
    0x0, 0x1c, 0xfb, 0x0, 0x0, 0xaf, 0xc1, 0x0,
    0x0, 0x7f, 0xff, 0x50, 0x5, 0xff, 0xf7, 0x0,
    0x0, 0x5f, 0xff, 0x30, 0x3, 0xff, 0xf6, 0x0,
    0x0, 0x6, 0x95, 0x0, 0x0, 0x59, 0x60, 0x0,
    0x0, 0x0, 0x0, 0x0, 0x0, 0x0, 0x0, 0x0,
    0x0, 0x0, 0x39, 0xdf, 0xfd, 0xa4, 0x0, 0x0,
    0x0, 0x9, 0xff, 0xff, 0xff, 0xff, 0xb1, 0x0,
    0x0, 0xbf, 0xff, 0xff, 0xff, 0xff, 0xfd, 0x10,
    0x6, 0xff, 0xfe, 0x51, 0x4, 0xdf, 0xff, 0xa0,
    0xe, 0xff, 0xf2, 0x0, 0x0, 0x1d, 0xff, 0xf3,
    0x5f, 0xff, 0x80, 0x0, 0x0, 0x5, 0xff, 0xf8,
    0x9f, 0xff, 0x40, 0x0, 0x0, 0x0, 0xff, 0xfc,
    0xaf, 0xff, 0x10, 0x0, 0x0, 0x0, 0xef, 0xfe,
    0xcf, 0xff, 0x0, 0x0, 0x0, 0x0, 0xdf, 0xff,
    0xbf, 0xff, 0x10, 0x0, 0x0, 0x0, 0xef, 0xfd,
    0x9f, 0xff, 0x30, 0x0, 0x0, 0x0, 0xff, 0xfc,
    0x5f, 0xff, 0x80, 0x0, 0x0, 0x5, 0xff, 0xf8,
    0xf, 0xff, 0xf2, 0x0, 0x0, 0xd, 0xff, 0xf2,
    0x7, 0xff, 0xfe, 0x50, 0x4, 0xcf, 0xff, 0xa0,
    0x0, 0xbf, 0xff, 0xff, 0xff, 0xff, 0xfd, 0x0,
    0x0, 0xa, 0xff, 0xff, 0xff, 0xff, 0xb1, 0x0,
    0x0, 0x0, 0x39, 0xdf, 0xfe, 0xa4, 0x0, 0x0,

    /* U+00F7 "÷" */
    0x0, 0x0, 0x0, 0x6e, 0xe7, 0x0, 0x0, 0x0,
    0x0, 0x0, 0x1, 0xff, 0xff, 0x10, 0x0, 0x0,
    0x0, 0x0, 0x1, 0xff, 0xff, 0x20, 0x0, 0x0,
    0x0, 0x0, 0x0, 0x8f, 0xf8, 0x0, 0x0, 0x0,
    0x0, 0x0, 0x0, 0x0, 0x0, 0x0, 0x0, 0x0,
    0x0, 0x0, 0x0, 0x0, 0x0, 0x0, 0x0, 0x0,
    0x0, 0x0, 0x0, 0x0, 0x0, 0x0, 0x0, 0x0,
    0xff, 0xff, 0xff, 0xff, 0xff, 0xff, 0xff, 0xfd,
    0xff, 0xff, 0xff, 0xff, 0xff, 0xff, 0xff, 0xfd,
    0xff, 0xff, 0xff, 0xff, 0xff, 0xff, 0xff, 0xfd,
    0x44, 0x44, 0x44, 0x44, 0x44, 0x44, 0x44, 0x43,
    0x0, 0x0, 0x0, 0x0, 0x0, 0x0, 0x0, 0x0,
    0x0, 0x0, 0x0, 0x0, 0x0, 0x0, 0x0, 0x0,
    0x0, 0x0, 0x0, 0x8f, 0xf8, 0x0, 0x0, 0x0,
    0x0, 0x0, 0x1, 0xff, 0xff, 0x20, 0x0, 0x0,
    0x0, 0x0, 0x1, 0xff, 0xff, 0x10, 0x0, 0x0,
    0x0, 0x0, 0x0, 0x7e, 0xe7, 0x0, 0x0, 0x0,

    /* U+00F8 "ø" */
    0x0, 0x0, 0x0, 0x0, 0x0, 0x0, 0xff, 0x40,
    0x0, 0x0, 0x0, 0x0, 0x0, 0x7, 0xfc, 0x0,
    0x0, 0x0, 0x39, 0xdf, 0xfd, 0xae, 0xf5, 0x0,
    0x0, 0x9, 0xff, 0xff, 0xff, 0xff, 0xf1, 0x0,
    0x0, 0xbf, 0xff, 0xff, 0xff, 0xff, 0xfc, 0x10,
    0x6, 0xff, 0xfe, 0x51, 0x9, 0xff, 0xff, 0x90,
    0xe, 0xff, 0xf2, 0x0, 0xd, 0xff, 0xff, 0xf2,
    0x5f, 0xff, 0x80, 0x0, 0x6f, 0xd6, 0xff, 0xf7,
    0x9f, 0xff, 0x40, 0x0, 0xef, 0x50, 0xff, 0xfb,
    0xaf, 0xff, 0x10, 0x6, 0xfd, 0x0, 0xef, 0xfd,
    0xbf, 0xff, 0x0, 0xe, 0xf5, 0x0, 0xdf, 0xfe,
    0xaf, 0xff, 0x20, 0x7f, 0xd0, 0x0, 0xef, 0xfd,
    0x9f, 0xff, 0x40, 0xef, 0x40, 0x0, 0xff, 0xfc,
    0x5f, 0xff, 0x97, 0xfc, 0x0, 0x5, 0xff, 0xf8,
    0xf, 0xff, 0xfe, 0xf4, 0x0, 0xd, 0xff, 0xf2,
    0x7, 0xff, 0xff, 0xd1, 0x4, 0xcf, 0xff, 0xa0,
    0x0, 0xbf, 0xff, 0xff, 0xff, 0xff, 0xfd, 0x10,
    0x0, 0xc, 0xff, 0xff, 0xff, 0xff, 0xb1, 0x0,
    0x0, 0xe, 0xfa, 0xdf, 0xfe, 0xa4, 0x0, 0x0,
    0x0, 0x7f, 0xc0, 0x0, 0x0, 0x0, 0x0, 0x0,
    0x0, 0xef, 0x50, 0x0, 0x0, 0x0, 0x0, 0x0,

    /* U+00F9 "ù" */
    0x0, 0x1d, 0xff, 0xf3, 0x0, 0x0, 0x0, 0x0,
    0x0, 0x1d, 0xff, 0xe1, 0x0, 0x0, 0x0, 0x0,
    0x0, 0x1c, 0xff, 0xb0, 0x0, 0x0, 0x0, 0x0,
    0x0, 0xc, 0xff, 0x70, 0x0, 0x0, 0x0, 0x0,
    0x0, 0x0, 0x0, 0x0, 0x0, 0x0, 0x0, 0x0,
    0x0, 0x0, 0x0, 0x0, 0x0, 0x2f, 0xff, 0xa0,
    0x0, 0x0, 0xf, 0xff, 0xd2, 0xff, 0xfa, 0x0,
    0x0, 0x0, 0xff, 0xfd, 0x2f, 0xff, 0xa0, 0x0,
    0x0, 0xf, 0xff, 0xd2, 0xff, 0xfa, 0x0, 0x0,
    0x0, 0xff, 0xfd, 0x2f, 0xff, 0xa0, 0x0, 0x0,
    0xf, 0xff, 0xd2, 0xff, 0xfa, 0x0, 0x0, 0x0,
    0xff, 0xfd, 0x2f, 0xff, 0xa0, 0x0, 0x0, 0xf,
    0xff, 0xd2, 0xff, 0xfa, 0x0, 0x0, 0x0, 0xff,
    0xfd, 0x2f, 0xff, 0xa0, 0x0, 0x0, 0xf, 0xff,
    0xd2, 0xff, 0xfa, 0x0, 0x0, 0x0, 0xff, 0xfd,
    0x2f, 0xff, 0xa0, 0x0, 0x0, 0xf, 0xff, 0xd1,
    0xff, 0xfb, 0x0, 0x0, 0x0, 0xff, 0xfd, 0xf,
    0xff, 0xf0, 0x0, 0x0, 0x4f, 0xff, 0xd0, 0xcf,
    0xff, 0xb3, 0x13, 0x8f, 0xff, 0xfd, 0x5, 0xff,
    0xff, 0xff, 0xff, 0xff, 0xff, 0xd0, 0x9, 0xff,
    0xff, 0xff, 0xfb, 0xdf, 0xfd, 0x0, 0x5, 0xbe,
    0xfe, 0xb5, 0xb, 0xff, 0xd0,

    /* U+00FA "ú" */
    0x0, 0x0, 0x0, 0x0, 0x5f, 0xff, 0xb0, 0x0,
    0x0, 0x0, 0x0, 0x2f, 0xff, 0xb0, 0x0, 0x0,
    0x0, 0x0, 0xd, 0xff, 0x90, 0x0, 0x0, 0x0,
    0x0, 0xa, 0xff, 0x80, 0x0, 0x0, 0x0, 0x0,
    0x0, 0x0, 0x0, 0x0, 0x0, 0x0, 0x0, 0x0,
    0x0, 0x0, 0x0, 0x0, 0x0, 0x2f, 0xff, 0xa0,
    0x0, 0x0, 0xf, 0xff, 0xd2, 0xff, 0xfa, 0x0,
    0x0, 0x0, 0xff, 0xfd, 0x2f, 0xff, 0xa0, 0x0,
    0x0, 0xf, 0xff, 0xd2, 0xff, 0xfa, 0x0, 0x0,
    0x0, 0xff, 0xfd, 0x2f, 0xff, 0xa0, 0x0, 0x0,
    0xf, 0xff, 0xd2, 0xff, 0xfa, 0x0, 0x0, 0x0,
    0xff, 0xfd, 0x2f, 0xff, 0xa0, 0x0, 0x0, 0xf,
    0xff, 0xd2, 0xff, 0xfa, 0x0, 0x0, 0x0, 0xff,
    0xfd, 0x2f, 0xff, 0xa0, 0x0, 0x0, 0xf, 0xff,
    0xd2, 0xff, 0xfa, 0x0, 0x0, 0x0, 0xff, 0xfd,
    0x2f, 0xff, 0xa0, 0x0, 0x0, 0xf, 0xff, 0xd1,
    0xff, 0xfb, 0x0, 0x0, 0x0, 0xff, 0xfd, 0xf,
    0xff, 0xf0, 0x0, 0x0, 0x4f, 0xff, 0xd0, 0xcf,
    0xff, 0xb3, 0x13, 0x8f, 0xff, 0xfd, 0x5, 0xff,
    0xff, 0xff, 0xff, 0xff, 0xff, 0xd0, 0x9, 0xff,
    0xff, 0xff, 0xfb, 0xdf, 0xfd, 0x0, 0x5, 0xbe,
    0xfe, 0xb5, 0xb, 0xff, 0xd0,

    /* U+00FB "û" */
    0x0, 0x0, 0x1, 0xbf, 0xf9, 0x0, 0x0, 0x0,
    0x0, 0x2, 0xdf, 0xff, 0xfb, 0x0, 0x0, 0x0,
    0x4, 0xef, 0xd2, 0x4f, 0xfc, 0x10, 0x0, 0x2,
    0xbb, 0xa1, 0x0, 0x2b, 0xb9, 0x0, 0x0, 0x0,
    0x0, 0x0, 0x0, 0x0, 0x0, 0x0, 0x0, 0x0,
    0x0, 0x0, 0x0, 0x0, 0x0, 0x2f, 0xff, 0xa0,
    0x0, 0x0, 0xf, 0xff, 0xd2, 0xff, 0xfa, 0x0,
    0x0, 0x0, 0xff, 0xfd, 0x2f, 0xff, 0xa0, 0x0,
    0x0, 0xf, 0xff, 0xd2, 0xff, 0xfa, 0x0, 0x0,
    0x0, 0xff, 0xfd, 0x2f, 0xff, 0xa0, 0x0, 0x0,
    0xf, 0xff, 0xd2, 0xff, 0xfa, 0x0, 0x0, 0x0,
    0xff, 0xfd, 0x2f, 0xff, 0xa0, 0x0, 0x0, 0xf,
    0xff, 0xd2, 0xff, 0xfa, 0x0, 0x0, 0x0, 0xff,
    0xfd, 0x2f, 0xff, 0xa0, 0x0, 0x0, 0xf, 0xff,
    0xd2, 0xff, 0xfa, 0x0, 0x0, 0x0, 0xff, 0xfd,
    0x2f, 0xff, 0xa0, 0x0, 0x0, 0xf, 0xff, 0xd1,
    0xff, 0xfb, 0x0, 0x0, 0x0, 0xff, 0xfd, 0xf,
    0xff, 0xf0, 0x0, 0x0, 0x4f, 0xff, 0xd0, 0xcf,
    0xff, 0xb3, 0x13, 0x8f, 0xff, 0xfd, 0x5, 0xff,
    0xff, 0xff, 0xff, 0xff, 0xff, 0xd0, 0x9, 0xff,
    0xff, 0xff, 0xfb, 0xdf, 0xfd, 0x0, 0x5, 0xbe,
    0xfe, 0xb5, 0xb, 0xff, 0xd0,

    /* U+00FC "ü" */
    0x0, 0x2c, 0xf9, 0x0, 0x1, 0xbf, 0xb0, 0x0,
    0x9, 0xff, 0xf3, 0x0, 0x7f, 0xff, 0x60, 0x0,
    0x7f, 0xff, 0x20, 0x5, 0xff, 0xf4, 0x0, 0x0,
    0x79, 0x40, 0x0, 0x6, 0x95, 0x0, 0x0, 0x0,
    0x0, 0x0, 0x0, 0x0, 0x0, 0x2, 0xff, 0xfa,
    0x0, 0x0, 0x0, 0xff, 0xfd, 0x2f, 0xff, 0xa0,
    0x0, 0x0, 0xf, 0xff, 0xd2, 0xff, 0xfa, 0x0,
    0x0, 0x0, 0xff, 0xfd, 0x2f, 0xff, 0xa0, 0x0,
    0x0, 0xf, 0xff, 0xd2, 0xff, 0xfa, 0x0, 0x0,
    0x0, 0xff, 0xfd, 0x2f, 0xff, 0xa0, 0x0, 0x0,
    0xf, 0xff, 0xd2, 0xff, 0xfa, 0x0, 0x0, 0x0,
    0xff, 0xfd, 0x2f, 0xff, 0xa0, 0x0, 0x0, 0xf,
    0xff, 0xd2, 0xff, 0xfa, 0x0, 0x0, 0x0, 0xff,
    0xfd, 0x2f, 0xff, 0xa0, 0x0, 0x0, 0xf, 0xff,
    0xd2, 0xff, 0xfa, 0x0, 0x0, 0x0, 0xff, 0xfd,
    0x1f, 0xff, 0xb0, 0x0, 0x0, 0xf, 0xff, 0xd0,
    0xff, 0xff, 0x0, 0x0, 0x4, 0xff, 0xfd, 0xc,
    0xff, 0xfb, 0x31, 0x38, 0xff, 0xff, 0xd0, 0x5f,
    0xff, 0xff, 0xff, 0xff, 0xff, 0xfd, 0x0, 0x9f,
    0xff, 0xff, 0xff, 0xbd, 0xff, 0xd0, 0x0, 0x5b,
    0xef, 0xeb, 0x50, 0xbf, 0xfd,

    /* U+00FD "ý" */
    0x0, 0x0, 0x0, 0x0, 0x4f, 0xff, 0xd1, 0x0,
    0x0, 0x0, 0x0, 0x1, 0xef, 0xfc, 0x10, 0x0,
    0x0, 0x0, 0x0, 0xc, 0xff, 0xb0, 0x0, 0x0,
    0x0, 0x0, 0x0, 0x8f, 0xfa, 0x0, 0x0, 0x0,
    0x0, 0x0, 0x0, 0x0, 0x0, 0x0, 0x0, 0x0,
    0x0, 0x0, 0x0, 0x0, 0x0, 0x0, 0x0, 0x0,
    0xaf, 0xff, 0x60, 0x0, 0x0, 0xd, 0xff, 0xf2,
    0x4f, 0xff, 0xc0, 0x0, 0x0, 0x2f, 0xff, 0xc0,
    0xe, 0xff, 0xf1, 0x0, 0x0, 0x7f, 0xff, 0x70,
    0x8, 0xff, 0xf6, 0x0, 0x0, 0xcf, 0xff, 0x10,
    0x2, 0xff, 0xfb, 0x0, 0x1, 0xff, 0xfb, 0x0,
    0x0, 0xcf, 0xff, 0x0, 0x6, 0xff, 0xf6, 0x0,
    0x0, 0x7f, 0xff, 0x50, 0xa, 0xff, 0xf0, 0x0,
    0x0, 0x1f, 0xff, 0xa0, 0xf, 0xff, 0xa0, 0x0,
    0x0, 0xb, 0xff, 0xf0, 0x4f, 0xff, 0x50, 0x0,
    0x0, 0x5, 0xff, 0xf4, 0x9f, 0xfe, 0x0, 0x0,
    0x0, 0x0, 0xff, 0xf9, 0xef, 0xf9, 0x0, 0x0,
    0x0, 0x0, 0x9f, 0xff, 0xff, 0xf3, 0x0, 0x0,
    0x0, 0x0, 0x4f, 0xff, 0xff, 0xe0, 0x0, 0x0,
    0x0, 0x0, 0xe, 0xff, 0xff, 0x80, 0x0, 0x0,
    0x0, 0x0, 0x8, 0xff, 0xff, 0x20, 0x0, 0x0,
    0x0, 0x0, 0x2, 0xff, 0xfd, 0x0, 0x0, 0x0,
    0x0, 0x0, 0x0, 0xff, 0xf7, 0x0, 0x0, 0x0,
    0x0, 0x0, 0x5, 0xff, 0xf1, 0x0, 0x0, 0x0,
    0x0, 0x0, 0xd, 0xff, 0xc0, 0x0, 0x0, 0x0,
    0x1, 0x24, 0xbf, 0xff, 0x50, 0x0, 0x0, 0x0,
    0x7, 0xff, 0xff, 0xfc, 0x0, 0x0, 0x0, 0x0,
    0x7, 0xff, 0xff, 0xe2, 0x0, 0x0, 0x0, 0x0,
    0x5, 0xef, 0xe9, 0x10, 0x0, 0x0, 0x0, 0x0,

    /* U+00FE "þ" */
    0xff, 0xfd, 0x0, 0x0, 0x0, 0x0, 0x0, 0xf,
    0xff, 0xd0, 0x0, 0x0, 0x0, 0x0, 0x0, 0xff,
    0xfd, 0x0, 0x0, 0x0, 0x0, 0x0, 0xf, 0xff,
    0xd0, 0x0, 0x0, 0x0, 0x0, 0x0, 0xff, 0xfd,
    0x0, 0x0, 0x0, 0x0, 0x0, 0xf, 0xff, 0xd0,
    0x0, 0x0, 0x0, 0x0, 0x0, 0xff, 0xfd, 0x6,
    0xce, 0xfd, 0x92, 0x0, 0xf, 0xff, 0xdb, 0xff,
    0xff, 0xff, 0xf5, 0x0, 0xff, 0xff, 0xff, 0xff,
    0xff, 0xff, 0xf3, 0xf, 0xff, 0xfe, 0x62, 0x15,
    0xdf, 0xff, 0xd0, 0xff, 0xff, 0x20, 0x0, 0x1,
    0xef, 0xff, 0x4f, 0xff, 0xd0, 0x0, 0x0, 0x6,
    0xff, 0xf8, 0xff, 0xfd, 0x0, 0x0, 0x0, 0x2f,
    0xff, 0xbf, 0xff, 0xd0, 0x0, 0x0, 0x0, 0xff,
    0xfc, 0xff, 0xfd, 0x0, 0x0, 0x0, 0xf, 0xff,
    0xdf, 0xff, 0xd0, 0x0, 0x0, 0x0, 0xff, 0xfc,
    0xff, 0xfd, 0x0, 0x0, 0x0, 0x2f, 0xff, 0xbf,
    0xff, 0xd0, 0x0, 0x0, 0x6, 0xff, 0xf8, 0xff,
    0xff, 0x20, 0x0, 0x0, 0xef, 0xff, 0x3f, 0xff,
    0xfe, 0x51, 0x3, 0xcf, 0xff, 0xc0, 0xff, 0xff,
    0xff, 0xff, 0xff, 0xff, 0xf3, 0xf, 0xff, 0xdc,
    0xff, 0xff, 0xff, 0xf5, 0x0, 0xff, 0xfd, 0x6,
    0xce, 0xfd, 0x92, 0x0, 0xf, 0xff, 0xd0, 0x0,
    0x0, 0x0, 0x0, 0x0, 0xff, 0xfd, 0x0, 0x0,
    0x0, 0x0, 0x0, 0xf, 0xff, 0xd0, 0x0, 0x0,
    0x0, 0x0, 0x0, 0xff, 0xfd, 0x0, 0x0, 0x0,
    0x0, 0x0, 0xf, 0xff, 0xd0, 0x0, 0x0, 0x0,
    0x0, 0x0, 0xff, 0xfd, 0x0, 0x0, 0x0, 0x0,
    0x0, 0x0,

    /* U+00FF "ÿ" */
    0x0, 0x1c, 0xfb, 0x0, 0x0, 0xaf, 0xc1, 0x0,
    0x0, 0x7f, 0xff, 0x50, 0x5, 0xff, 0xf8, 0x0,
    0x0, 0x5f, 0xff, 0x40, 0x3, 0xff, 0xf6, 0x0,
    0x0, 0x6, 0x95, 0x0, 0x0, 0x59, 0x60, 0x0,
    0x0, 0x0, 0x0, 0x0, 0x0, 0x0, 0x0, 0x0,
    0xaf, 0xff, 0x60, 0x0, 0x0, 0xd, 0xff, 0xf2,
    0x4f, 0xff, 0xc0, 0x0, 0x0, 0x2f, 0xff, 0xc0,
    0xe, 0xff, 0xf1, 0x0, 0x0, 0x7f, 0xff, 0x70,
    0x8, 0xff, 0xf6, 0x0, 0x0, 0xcf, 0xff, 0x10,
    0x2, 0xff, 0xfb, 0x0, 0x1, 0xff, 0xfb, 0x0,
    0x0, 0xcf, 0xff, 0x0, 0x6, 0xff, 0xf6, 0x0,
    0x0, 0x7f, 0xff, 0x50, 0xa, 0xff, 0xf0, 0x0,
    0x0, 0x1f, 0xff, 0xa0, 0xf, 0xff, 0xa0, 0x0,
    0x0, 0xb, 0xff, 0xf0, 0x4f, 0xff, 0x50, 0x0,
    0x0, 0x5, 0xff, 0xf4, 0x9f, 0xfe, 0x0, 0x0,
    0x0, 0x0, 0xff, 0xf9, 0xef, 0xf9, 0x0, 0x0,
    0x0, 0x0, 0x9f, 0xff, 0xff, 0xf3, 0x0, 0x0,
    0x0, 0x0, 0x4f, 0xff, 0xff, 0xe0, 0x0, 0x0,
    0x0, 0x0, 0xe, 0xff, 0xff, 0x80, 0x0, 0x0,
    0x0, 0x0, 0x8, 0xff, 0xff, 0x20, 0x0, 0x0,
    0x0, 0x0, 0x2, 0xff, 0xfd, 0x0, 0x0, 0x0,
    0x0, 0x0, 0x0, 0xff, 0xf7, 0x0, 0x0, 0x0,
    0x0, 0x0, 0x5, 0xff, 0xf1, 0x0, 0x0, 0x0,
    0x0, 0x0, 0xd, 0xff, 0xc0, 0x0, 0x0, 0x0,
    0x1, 0x24, 0xbf, 0xff, 0x50, 0x0, 0x0, 0x0,
    0x7, 0xff, 0xff, 0xfc, 0x0, 0x0, 0x0, 0x0,
    0x7, 0xff, 0xff, 0xe2, 0x0, 0x0, 0x0, 0x0,
    0x5, 0xef, 0xe9, 0x10, 0x0, 0x0, 0x0, 0x0,

    /* U+0100 "Ā" */
    0x0, 0x0, 0x6, 0x77, 0x77, 0x77, 0x77, 0x77,
    0x30, 0x0, 0x0, 0x0, 0x0, 0xe, 0xff, 0xff,
    0xff, 0xff, 0xff, 0x70, 0x0, 0x0, 0x0, 0x0,
    0xe, 0xff, 0xff, 0xff, 0xff, 0xff, 0x70, 0x0,
    0x0, 0x0, 0x0, 0x0, 0x0, 0x0, 0x0, 0x0,
    0x0, 0x0, 0x0, 0x0, 0x0, 0x0, 0x0, 0x0,
    0x0, 0x0, 0x0, 0x0, 0x0, 0x0, 0x0, 0x0,
    0x0, 0x0, 0x0, 0x0, 0x0, 0x0, 0x0, 0x0,
    0x0, 0x0, 0x0, 0x0, 0x0, 0x0, 0x5f, 0xff,
    0x90, 0x0, 0x0, 0x0, 0x0, 0x0, 0x0, 0x0,
    0x0, 0xbf, 0xff, 0xf0, 0x0, 0x0, 0x0, 0x0,
    0x0, 0x0, 0x0, 0x1, 0xff, 0xff, 0xf6, 0x0,
    0x0, 0x0, 0x0, 0x0, 0x0, 0x0, 0x7, 0xff,
    0xff, 0xfc, 0x0, 0x0, 0x0, 0x0, 0x0, 0x0,
    0x0, 0xe, 0xff, 0xff, 0xff, 0x20, 0x0, 0x0,
    0x0, 0x0, 0x0, 0x0, 0x4f, 0xff, 0x6f, 0xff,
    0x90, 0x0, 0x0, 0x0, 0x0, 0x0, 0x0, 0xaf,
    0xff, 0xb, 0xff, 0xe0, 0x0, 0x0, 0x0, 0x0,
    0x0, 0x1, 0xff, 0xfa, 0x5, 0xff, 0xf5, 0x0,
    0x0, 0x0, 0x0, 0x0, 0x7, 0xff, 0xf4, 0x0,
    0xff, 0xfb, 0x0, 0x0, 0x0, 0x0, 0x0, 0xd,
    0xff, 0xe0, 0x0, 0xaf, 0xff, 0x20, 0x0, 0x0,
    0x0, 0x0, 0x3f, 0xff, 0x80, 0x0, 0x4f, 0xff,
    0x80, 0x0, 0x0, 0x0, 0x0, 0x9f, 0xff, 0x30,
    0x0, 0xe, 0xff, 0xe0, 0x0, 0x0, 0x0, 0x0,
    0xff, 0xfd, 0x0, 0x0, 0x8, 0xff, 0xf5, 0x0,
    0x0, 0x0, 0x6, 0xff, 0xf9, 0x22, 0x22, 0x25,
    0xff, 0xfb, 0x0, 0x0, 0x0, 0xc, 0xff, 0xff,
    0xff, 0xff, 0xff, 0xff, 0xff, 0x10, 0x0, 0x0,
    0x2f, 0xff, 0xff, 0xff, 0xff, 0xff, 0xff, 0xff,
    0x70, 0x0, 0x0, 0x9f, 0xff, 0xff, 0xff, 0xff,
    0xff, 0xff, 0xff, 0xd0, 0x0, 0x0, 0xef, 0xff,
    0x10, 0x0, 0x0, 0x0, 0xc, 0xff, 0xf4, 0x0,
    0x5, 0xff, 0xfa, 0x0, 0x0, 0x0, 0x0, 0x6,
    0xff, 0xfa, 0x0, 0xb, 0xff, 0xf4, 0x0, 0x0,
    0x0, 0x0, 0x0, 0xff, 0xff, 0x10, 0x2f, 0xff,
    0xe0, 0x0, 0x0, 0x0, 0x0, 0x0, 0xaf, 0xff,
    0x70, 0x8f, 0xff, 0x90, 0x0, 0x0, 0x0, 0x0,
    0x0, 0x4f, 0xff, 0xd0,

    /* U+0101 "ā" */
    0x0, 0xcf, 0xff, 0xff, 0xff, 0xff, 0xf9, 0x0,
    0xc, 0xff, 0xff, 0xff, 0xff, 0xff, 0x90, 0x0,
    0x57, 0x77, 0x77, 0x77, 0x77, 0x74, 0x0, 0x0,
    0x0, 0x0, 0x0, 0x0, 0x0, 0x0, 0x0, 0x0,
    0x0, 0x0, 0x0, 0x0, 0x0, 0x0, 0x0, 0x6,
    0xbe, 0xff, 0xd9, 0x20, 0x0, 0x0, 0x4e, 0xff,
    0xff, 0xff, 0xff, 0x60, 0x0, 0x4f, 0xff, 0xff,
    0xef, 0xff, 0xff, 0x50, 0xd, 0xff, 0xf7, 0x0,
    0x7, 0xff, 0xfd, 0x2, 0xff, 0xfb, 0x0, 0x0,
    0xb, 0xff, 0xf2, 0x0, 0x0, 0x0, 0x0, 0x0,
    0x8f, 0xff, 0x40, 0x0, 0x0, 0x14, 0x55, 0x5b,
    0xff, 0xf4, 0x0, 0x18, 0xef, 0xff, 0xff, 0xff,
    0xff, 0x40, 0x3e, 0xff, 0xff, 0xff, 0xff, 0xff,
    0xf4, 0xd, 0xff, 0xf9, 0x30, 0x0, 0x8f, 0xff,
    0x45, 0xff, 0xf8, 0x0, 0x0, 0x8, 0xff, 0xf4,
    0x8f, 0xff, 0x30, 0x0, 0x0, 0x8f, 0xff, 0x48,
    0xff, 0xf6, 0x0, 0x0, 0xd, 0xff, 0xf4, 0x5f,
    0xff, 0xe5, 0x11, 0x5d, 0xff, 0xff, 0x40, 0xdf,
    0xff, 0xff, 0xff, 0xff, 0xff, 0xf5, 0x2, 0xef,
    0xff, 0xff, 0xff, 0xaf, 0xff, 0x70, 0x0, 0x7c,
    0xff, 0xd9, 0x21, 0xff, 0xfc,

    /* U+0102 "Ă" */
    0x0, 0x0, 0x4, 0xff, 0x90, 0x0, 0x2f, 0xfb,
    0x0, 0x0, 0x0, 0x0, 0x0, 0x1, 0xff, 0xf4,
    0x2, 0xbf, 0xf7, 0x0, 0x0, 0x0, 0x0, 0x0,
    0x0, 0x7f, 0xff, 0xff, 0xff, 0xd0, 0x0, 0x0,
    0x0, 0x0, 0x0, 0x0, 0x5, 0xdf, 0xff, 0xf9,
    0x10, 0x0, 0x0, 0x0, 0x0, 0x0, 0x0, 0x0,
    0x1, 0x32, 0x0, 0x0, 0x0, 0x0, 0x0, 0x0,
    0x0, 0x0, 0x0, 0x0, 0x0, 0x0, 0x0, 0x0,
    0x0, 0x0, 0x0, 0x0, 0x0, 0x0, 0x5f, 0xff,
    0x90, 0x0, 0x0, 0x0, 0x0, 0x0, 0x0, 0x0,
    0x0, 0xbf, 0xff, 0xf0, 0x0, 0x0, 0x0, 0x0,
    0x0, 0x0, 0x0, 0x1, 0xff, 0xff, 0xf6, 0x0,
    0x0, 0x0, 0x0, 0x0, 0x0, 0x0, 0x7, 0xff,
    0xff, 0xfc, 0x0, 0x0, 0x0, 0x0, 0x0, 0x0,
    0x0, 0xe, 0xff, 0xff, 0xff, 0x20, 0x0, 0x0,
    0x0, 0x0, 0x0, 0x0, 0x4f, 0xff, 0x6f, 0xff,
    0x90, 0x0, 0x0, 0x0, 0x0, 0x0, 0x0, 0xaf,
    0xff, 0xb, 0xff, 0xe0, 0x0, 0x0, 0x0, 0x0,
    0x0, 0x1, 0xff, 0xfa, 0x5, 0xff, 0xf5, 0x0,
    0x0, 0x0, 0x0, 0x0, 0x7, 0xff, 0xf4, 0x0,
    0xff, 0xfb, 0x0, 0x0, 0x0, 0x0, 0x0, 0xd,
    0xff, 0xe0, 0x0, 0xaf, 0xff, 0x20, 0x0, 0x0,
    0x0, 0x0, 0x3f, 0xff, 0x80, 0x0, 0x4f, 0xff,
    0x80, 0x0, 0x0, 0x0, 0x0, 0x9f, 0xff, 0x30,
    0x0, 0xe, 0xff, 0xe0, 0x0, 0x0, 0x0, 0x0,
    0xff, 0xfd, 0x0, 0x0, 0x8, 0xff, 0xf5, 0x0,
    0x0, 0x0, 0x6, 0xff, 0xf9, 0x22, 0x22, 0x25,
    0xff, 0xfb, 0x0, 0x0, 0x0, 0xc, 0xff, 0xff,
    0xff, 0xff, 0xff, 0xff, 0xff, 0x10, 0x0, 0x0,
    0x2f, 0xff, 0xff, 0xff, 0xff, 0xff, 0xff, 0xff,
    0x70, 0x0, 0x0, 0x9f, 0xff, 0xff, 0xff, 0xff,
    0xff, 0xff, 0xff, 0xd0, 0x0, 0x0, 0xef, 0xff,
    0x10, 0x0, 0x0, 0x0, 0xc, 0xff, 0xf4, 0x0,
    0x5, 0xff, 0xfa, 0x0, 0x0, 0x0, 0x0, 0x6,
    0xff, 0xfa, 0x0, 0xb, 0xff, 0xf4, 0x0, 0x0,
    0x0, 0x0, 0x0, 0xff, 0xff, 0x10, 0x2f, 0xff,
    0xe0, 0x0, 0x0, 0x0, 0x0, 0x0, 0xaf, 0xff,
    0x70, 0x8f, 0xff, 0x90, 0x0, 0x0, 0x0, 0x0,
    0x0, 0x4f, 0xff, 0xd0,

    /* U+0103 "ă" */
    0x0, 0x1f, 0xfc, 0x0, 0x0, 0xff, 0xd0, 0x0,
    0x0, 0xdf, 0xf9, 0x44, 0xcf, 0xf9, 0x0, 0x0,
    0x3, 0xff, 0xff, 0xff, 0xfd, 0x10, 0x0, 0x0,
    0x2, 0x9d, 0xff, 0xd8, 0x0, 0x0, 0x0, 0x0,
    0x0, 0x0, 0x0, 0x0, 0x0, 0x0, 0x0, 0x0,
    0x0, 0x0, 0x0, 0x0, 0x0, 0x0, 0x0, 0x6b,
    0xef, 0xfd, 0x92, 0x0, 0x0, 0x3, 0xdf, 0xff,
    0xff, 0xff, 0xf6, 0x0, 0x2, 0xef, 0xff, 0xfe,
    0xff, 0xff, 0xf5, 0x0, 0xbf, 0xff, 0x90, 0x0,
    0x7f, 0xff, 0xd0, 0x1f, 0xff, 0xc0, 0x0, 0x0,
    0xbf, 0xff, 0x21, 0x66, 0x64, 0x0, 0x0, 0x8,
    0xff, 0xf4, 0x0, 0x0, 0x1, 0x45, 0x55, 0xbf,
    0xff, 0x40, 0x1, 0x8e, 0xff, 0xff, 0xff, 0xff,
    0xf4, 0x3, 0xef, 0xff, 0xff, 0xff, 0xff, 0xff,
    0x40, 0xdf, 0xff, 0x93, 0x0, 0x8, 0xff, 0xf4,
    0x5f, 0xff, 0x80, 0x0, 0x0, 0x8f, 0xff, 0x48,
    0xff, 0xf3, 0x0, 0x0, 0x8, 0xff, 0xf4, 0x8f,
    0xff, 0x60, 0x0, 0x0, 0xdf, 0xff, 0x45, 0xff,
    0xfe, 0x51, 0x15, 0xdf, 0xff, 0xf4, 0xd, 0xff,
    0xff, 0xff, 0xff, 0xff, 0xff, 0x50, 0x2e, 0xff,
    0xff, 0xff, 0xfa, 0xff, 0xf7, 0x0, 0x7, 0xcf,
    0xfd, 0x92, 0x1f, 0xff, 0xc0,

    /* U+0104 "Ą" */
    0x0, 0x0, 0x0, 0x0, 0x5f, 0xff, 0x90, 0x0,
    0x0, 0x0, 0x0, 0x0, 0x0, 0x0, 0x0, 0xbf,
    0xff, 0xf0, 0x0, 0x0, 0x0, 0x0, 0x0, 0x0,
    0x0, 0x1, 0xff, 0xff, 0xf6, 0x0, 0x0, 0x0,
    0x0, 0x0, 0x0, 0x0, 0x7, 0xff, 0xff, 0xfc,
    0x0, 0x0, 0x0, 0x0, 0x0, 0x0, 0x0, 0xe,
    0xff, 0xdf, 0xff, 0x20, 0x0, 0x0, 0x0, 0x0,
    0x0, 0x0, 0x4f, 0xff, 0x3e, 0xff, 0x90, 0x0,
    0x0, 0x0, 0x0, 0x0, 0x0, 0xaf, 0xfd, 0x8,
    0xff, 0xe0, 0x0, 0x0, 0x0, 0x0, 0x0, 0x1,
    0xff, 0xf7, 0x2, 0xff, 0xf5, 0x0, 0x0, 0x0,
    0x0, 0x0, 0x7, 0xff, 0xf1, 0x0, 0xcf, 0xfb,
    0x0, 0x0, 0x0, 0x0, 0x0, 0xd, 0xff, 0xa0,
    0x0, 0x6f, 0xff, 0x20, 0x0, 0x0, 0x0, 0x0,
    0x3f, 0xff, 0x40, 0x0, 0xf, 0xff, 0x80, 0x0,
    0x0, 0x0, 0x0, 0x9f, 0xfe, 0x0, 0x0, 0xa,
    0xff, 0xe0, 0x0, 0x0, 0x0, 0x0, 0xff, 0xf8,
    0x0, 0x0, 0x4, 0xff, 0xf5, 0x0, 0x0, 0x0,
    0x6, 0xff, 0xff, 0xff, 0xff, 0xff, 0xff, 0xfb,
    0x0, 0x0, 0x0, 0xc, 0xff, 0xff, 0xff, 0xff,
    0xff, 0xff, 0xff, 0x10, 0x0, 0x0, 0x2f, 0xff,
    0xff, 0xff, 0xff, 0xff, 0xff, 0xff, 0x70, 0x0,
    0x0, 0x9f, 0xff, 0x32, 0x22, 0x22, 0x22, 0x2d,
    0xff, 0xd0, 0x0, 0x0, 0xef, 0xfc, 0x0, 0x0,
    0x0, 0x0, 0x8, 0xff, 0xf4, 0x0, 0x5, 0xff,
    0xf7, 0x0, 0x0, 0x0, 0x0, 0x3, 0xff, 0xfa,
    0x0, 0xb, 0xff, 0xf2, 0x0, 0x0, 0x0, 0x0,
    0x0, 0xef, 0xff, 0x10, 0x2f, 0xff, 0xd0, 0x0,
    0x0, 0x0, 0x0, 0x0, 0x9f, 0xff, 0x70, 0x8f,
    0xff, 0x80, 0x0, 0x0, 0x0, 0x0, 0x0, 0x4f,
    0xff, 0xd0, 0x0, 0x0, 0x0, 0x0, 0x0, 0x0,
    0x0, 0x2, 0xdf, 0xe5, 0x0, 0x0, 0x0, 0x0,
    0x0, 0x0, 0x0, 0x0, 0xe, 0xfe, 0x10, 0x0,
    0x0, 0x0, 0x0, 0x0, 0x0, 0x0, 0x0, 0x5f,
    0xf9, 0x0, 0x0, 0x0, 0x0, 0x0, 0x0, 0x0,
    0x0, 0x0, 0x6f, 0xfe, 0x8a, 0x10, 0x0, 0x0,
    0x0, 0x0, 0x0, 0x0, 0x0, 0x2f, 0xff, 0xff,
    0x40, 0x0, 0x0, 0x0, 0x0, 0x0, 0x0, 0x0,
    0x3, 0xcf, 0xeb, 0x20,

    /* U+0105 "ą" */
    0x0, 0x1, 0x7b, 0xef, 0xfd, 0x92, 0x0, 0x0,
    0x6, 0xff, 0xff, 0xff, 0xff, 0xf7, 0x0, 0x6,
    0xff, 0xff, 0xfe, 0xff, 0xff, 0xf6, 0x0, 0xef,
    0xff, 0x50, 0x0, 0x6f, 0xff, 0xe0, 0x1a, 0xaa,
    0x70, 0x0, 0x0, 0xaf, 0xff, 0x20, 0x0, 0x0,
    0x0, 0x0, 0x8, 0xff, 0xf4, 0x0, 0x2, 0x7b,
    0xef, 0xff, 0xff, 0xff, 0x40, 0x8, 0xff, 0xff,
    0xff, 0xff, 0xff, 0xf4, 0x8, 0xff, 0xff, 0x96,
    0x55, 0xbf, 0xff, 0x42, 0xff, 0xfd, 0x10, 0x0,
    0x8, 0xff, 0xf4, 0x7f, 0xff, 0x50, 0x0, 0x0,
    0x8f, 0xff, 0x49, 0xff, 0xf3, 0x0, 0x0, 0x8,
    0xff, 0xf4, 0x8f, 0xff, 0x70, 0x0, 0x1, 0xef,
    0xff, 0x44, 0xff, 0xff, 0x51, 0x16, 0xef, 0xff,
    0xf5, 0xc, 0xff, 0xff, 0xff, 0xff, 0xff, 0xff,
    0x60, 0x1d, 0xff, 0xff, 0xff, 0xe8, 0xff, 0xfa,
    0x0, 0x7, 0xcf, 0xfd, 0x81, 0x3f, 0xff, 0x90,
    0x0, 0x0, 0x0, 0x0, 0x3f, 0xfe, 0x30, 0x0,
    0x0, 0x0, 0x0, 0xe, 0xff, 0x20, 0x0, 0x0,
    0x0, 0x0, 0x3, 0xff, 0xc0, 0x0, 0x0, 0x0,
    0x0, 0x0, 0x3f, 0xff, 0x99, 0x40, 0x0, 0x0,
    0x0, 0x0, 0xdf, 0xff, 0xf7, 0x0, 0x0, 0x0,
    0x0, 0x1, 0xae, 0xfc, 0x40,

    /* U+0106 "Ć" */
    0x0, 0x0, 0x0, 0x0, 0x0, 0x8f, 0xff, 0xa0,
    0x0, 0x0, 0x0, 0x0, 0x0, 0x0, 0x3f, 0xff,
    0xa0, 0x0, 0x0, 0x0, 0x0, 0x0, 0x0, 0xd,
    0xff, 0xb0, 0x0, 0x0, 0x0, 0x0, 0x0, 0x0,
    0x9, 0xff, 0xb0, 0x0, 0x0, 0x0, 0x0, 0x0,
    0x0, 0x0, 0x78, 0x70, 0x0, 0x0, 0x0, 0x0,
    0x0, 0x0, 0x0, 0x0, 0x0, 0x0, 0x0, 0x0,
    0x0, 0x0, 0x0, 0x0, 0x0, 0x0, 0x0, 0x0,
    0x0, 0x0, 0x0, 0x0, 0x0, 0x6, 0xbe, 0xff,
    0xeb, 0x61, 0x0, 0x0, 0x0, 0x0, 0x6e, 0xff,
    0xff, 0xff, 0xff, 0xf6, 0x0, 0x0, 0x0, 0x9f,
    0xff, 0xff, 0xff, 0xff, 0xff, 0xf8, 0x0, 0x0,
    0x7f, 0xff, 0xfb, 0x53, 0x35, 0xaf, 0xff, 0xf5,
    0x0, 0x1f, 0xff, 0xf6, 0x0, 0x0, 0x0, 0x6f,
    0xff, 0xe0, 0x8, 0xff, 0xf9, 0x0, 0x0, 0x0,
    0x0, 0xcf, 0xff, 0x40, 0xef, 0xff, 0x20, 0x0,
    0x0, 0x0, 0x7, 0xff, 0xf8, 0x2f, 0xff, 0xd0,
    0x0, 0x0, 0x0, 0x0, 0x26, 0x66, 0x44, 0xff,
    0xfa, 0x0, 0x0, 0x0, 0x0, 0x0, 0x0, 0x0,
    0x6f, 0xff, 0x90, 0x0, 0x0, 0x0, 0x0, 0x0,
    0x0, 0x6, 0xff, 0xf9, 0x0, 0x0, 0x0, 0x0,
    0x0, 0x0, 0x0, 0x6f, 0xff, 0x90, 0x0, 0x0,
    0x0, 0x0, 0x0, 0x0, 0x6, 0xff, 0xf9, 0x0,
    0x0, 0x0, 0x0, 0x0, 0x0, 0x0, 0x5f, 0xff,
    0xa0, 0x0, 0x0, 0x0, 0x0, 0x0, 0x0, 0x2,
    0xff, 0xfd, 0x0, 0x0, 0x0, 0x0, 0x1, 0x55,
    0x53, 0xe, 0xff, 0xf1, 0x0, 0x0, 0x0, 0x0,
    0x7f, 0xff, 0x80, 0x9f, 0xff, 0x80, 0x0, 0x0,
    0x0, 0xc, 0xff, 0xf4, 0x2, 0xff, 0xff, 0x50,
    0x0, 0x0, 0x6, 0xff, 0xfe, 0x0, 0x8, 0xff,
    0xff, 0xa4, 0x23, 0x5a, 0xff, 0xff, 0x50, 0x0,
    0xa, 0xff, 0xff, 0xff, 0xff, 0xff, 0xff, 0x80,
    0x0, 0x0, 0x7, 0xff, 0xff, 0xff, 0xff, 0xff,
    0x60, 0x0, 0x0, 0x0, 0x1, 0x7c, 0xef, 0xfd,
    0xa6, 0x0, 0x0, 0x0,

    /* U+0107 "ć" */
    0x0, 0x0, 0x0, 0x0, 0xdf, 0xff, 0x40, 0x0,
    0x0, 0x0, 0x0, 0xaf, 0xff, 0x40, 0x0, 0x0,
    0x0, 0x0, 0x6f, 0xff, 0x30, 0x0, 0x0, 0x0,
    0x0, 0x2f, 0xfe, 0x30, 0x0, 0x0, 0x0, 0x0,
    0x1, 0x33, 0x10, 0x0, 0x0, 0x0, 0x0, 0x0,
    0x0, 0x0, 0x0, 0x0, 0x0, 0x0, 0x0, 0x4a,
    0xef, 0xfd, 0x92, 0x0, 0x0, 0x1, 0xbf, 0xff,
    0xff, 0xff, 0xf8, 0x0, 0x0, 0xdf, 0xff, 0xff,
    0xff, 0xff, 0xf8, 0x0, 0x9f, 0xff, 0xc4, 0x1,
    0x7f, 0xff, 0xf2, 0x1f, 0xff, 0xe0, 0x0, 0x0,
    0x5f, 0xff, 0x86, 0xff, 0xf6, 0x0, 0x0, 0x0,
    0xef, 0xfb, 0x9f, 0xff, 0x20, 0x0, 0x0, 0x2,
    0x33, 0x2b, 0xff, 0xf1, 0x0, 0x0, 0x0, 0x0,
    0x0, 0xcf, 0xff, 0x0, 0x0, 0x0, 0x0, 0x0,
    0xb, 0xff, 0xf1, 0x0, 0x0, 0x0, 0x0, 0x0,
    0x9f, 0xff, 0x20, 0x0, 0x0, 0x0, 0x0, 0x6,
    0xff, 0xf6, 0x0, 0x0, 0x0, 0xac, 0xc9, 0x1f,
    0xff, 0xd0, 0x0, 0x0, 0x3f, 0xff, 0x90, 0x9f,
    0xff, 0xc3, 0x1, 0x5e, 0xff, 0xf2, 0x0, 0xdf,
    0xff, 0xff, 0xff, 0xff, 0xf7, 0x0, 0x1, 0xbf,
    0xff, 0xff, 0xff, 0xf7, 0x0, 0x0, 0x0, 0x4a,
    0xef, 0xfd, 0x82, 0x0, 0x0,

    /* U+0108 "Ĉ" */
    0x0, 0x0, 0x0, 0x2, 0xdf, 0xf5, 0x0, 0x0,
    0x0, 0x0, 0x0, 0x0, 0x3, 0xef, 0xff, 0xf6,
    0x0, 0x0, 0x0, 0x0, 0x0, 0x4, 0xff, 0xd2,
    0x9f, 0xf7, 0x0, 0x0, 0x0, 0x0, 0x5, 0xff,
    0xc1, 0x0, 0x8f, 0xf8, 0x0, 0x0, 0x0, 0x0,
    0x0, 0x0, 0x0, 0x0, 0x0, 0x0, 0x0, 0x0,
    0x0, 0x0, 0x0, 0x0, 0x0, 0x0, 0x0, 0x0,
    0x0, 0x0, 0x0, 0x0, 0x0, 0x0, 0x0, 0x0,
    0x0, 0x0, 0x0, 0x0, 0x0, 0x6, 0xbe, 0xff,
    0xeb, 0x61, 0x0, 0x0, 0x0, 0x0, 0x6e, 0xff,
    0xff, 0xff, 0xff, 0xf6, 0x0, 0x0, 0x0, 0x9f,
    0xff, 0xff, 0xff, 0xff, 0xff, 0xf8, 0x0, 0x0,
    0x7f, 0xff, 0xfb, 0x53, 0x35, 0xaf, 0xff, 0xf5,
    0x0, 0x1f, 0xff, 0xf6, 0x0, 0x0, 0x0, 0x6f,
    0xff, 0xe0, 0x8, 0xff, 0xf9, 0x0, 0x0, 0x0,
    0x0, 0xcf, 0xff, 0x40, 0xef, 0xff, 0x20, 0x0,
    0x0, 0x0, 0x7, 0xff, 0xf8, 0x2f, 0xff, 0xd0,
    0x0, 0x0, 0x0, 0x0, 0x26, 0x66, 0x44, 0xff,
    0xfa, 0x0, 0x0, 0x0, 0x0, 0x0, 0x0, 0x0,
    0x6f, 0xff, 0x90, 0x0, 0x0, 0x0, 0x0, 0x0,
    0x0, 0x6, 0xff, 0xf9, 0x0, 0x0, 0x0, 0x0,
    0x0, 0x0, 0x0, 0x6f, 0xff, 0x90, 0x0, 0x0,
    0x0, 0x0, 0x0, 0x0, 0x6, 0xff, 0xf9, 0x0,
    0x0, 0x0, 0x0, 0x0, 0x0, 0x0, 0x5f, 0xff,
    0xa0, 0x0, 0x0, 0x0, 0x0, 0x0, 0x0, 0x2,
    0xff, 0xfd, 0x0, 0x0, 0x0, 0x0, 0x1, 0x55,
    0x53, 0xe, 0xff, 0xf1, 0x0, 0x0, 0x0, 0x0,
    0x7f, 0xff, 0x80, 0x9f, 0xff, 0x80, 0x0, 0x0,
    0x0, 0xc, 0xff, 0xf4, 0x2, 0xff, 0xff, 0x50,
    0x0, 0x0, 0x6, 0xff, 0xfe, 0x0, 0x8, 0xff,
    0xff, 0xa4, 0x23, 0x5a, 0xff, 0xff, 0x50, 0x0,
    0xa, 0xff, 0xff, 0xff, 0xff, 0xff, 0xff, 0x80,
    0x0, 0x0, 0x7, 0xff, 0xff, 0xff, 0xff, 0xff,
    0x60, 0x0, 0x0, 0x0, 0x1, 0x7c, 0xef, 0xfd,
    0xa6, 0x0, 0x0, 0x0,

    /* U+0109 "ĉ" */
    0x0, 0x0, 0x6, 0xff, 0xd2, 0x0, 0x0, 0x0,
    0x0, 0x7, 0xff, 0xff, 0xe2, 0x0, 0x0, 0x0,
    0x9, 0xff, 0x92, 0xdf, 0xe3, 0x0, 0x0, 0xa,
    0xee, 0x70, 0x1, 0xbe, 0xe3, 0x0, 0x0, 0x0,
    0x0, 0x0, 0x0, 0x0, 0x0, 0x0, 0x0, 0x0,
    0x0, 0x0, 0x0, 0x0, 0x0, 0x0, 0x0, 0x4a,
    0xef, 0xfd, 0x92, 0x0, 0x0, 0x1, 0xbf, 0xff,
    0xff, 0xff, 0xf8, 0x0, 0x0, 0xdf, 0xff, 0xff,
    0xff, 0xff, 0xf8, 0x0, 0x9f, 0xff, 0xc4, 0x1,
    0x7f, 0xff, 0xf2, 0x1f, 0xff, 0xe0, 0x0, 0x0,
    0x5f, 0xff, 0x86, 0xff, 0xf6, 0x0, 0x0, 0x0,
    0xef, 0xfb, 0x9f, 0xff, 0x20, 0x0, 0x0, 0x2,
    0x33, 0x2b, 0xff, 0xf1, 0x0, 0x0, 0x0, 0x0,
    0x0, 0xcf, 0xff, 0x0, 0x0, 0x0, 0x0, 0x0,
    0xb, 0xff, 0xf1, 0x0, 0x0, 0x0, 0x0, 0x0,
    0x9f, 0xff, 0x20, 0x0, 0x0, 0x0, 0x0, 0x6,
    0xff, 0xf6, 0x0, 0x0, 0x0, 0xac, 0xc9, 0x1f,
    0xff, 0xd0, 0x0, 0x0, 0x3f, 0xff, 0x90, 0x9f,
    0xff, 0xc3, 0x1, 0x5e, 0xff, 0xf2, 0x0, 0xdf,
    0xff, 0xff, 0xff, 0xff, 0xf7, 0x0, 0x1, 0xbf,
    0xff, 0xff, 0xff, 0xf7, 0x0, 0x0, 0x0, 0x4a,
    0xef, 0xfd, 0x82, 0x0, 0x0,

    /* U+010A "Ċ" */
    0x0, 0x0, 0x0, 0x0, 0x7c, 0x91, 0x0, 0x0,
    0x0, 0x0, 0x0, 0x0, 0x0, 0x3f, 0xff, 0x90,
    0x0, 0x0, 0x0, 0x0, 0x0, 0x0, 0x4, 0xff,
    0xfa, 0x0, 0x0, 0x0, 0x0, 0x0, 0x0, 0x0,
    0xa, 0xfd, 0x20, 0x0, 0x0, 0x0, 0x0, 0x0,
    0x0, 0x0, 0x0, 0x0, 0x0, 0x0, 0x0, 0x0,
    0x0, 0x0, 0x0, 0x0, 0x0, 0x0, 0x0, 0x0,
    0x0, 0x0, 0x0, 0x0, 0x0, 0x0, 0x0, 0x0,
    0x0, 0x0, 0x0, 0x0, 0x0, 0x6, 0xbe, 0xff,
    0xeb, 0x61, 0x0, 0x0, 0x0, 0x0, 0x6e, 0xff,
    0xff, 0xff, 0xff, 0xf6, 0x0, 0x0, 0x0, 0x9f,
    0xff, 0xff, 0xff, 0xff, 0xff, 0xf8, 0x0, 0x0,
    0x7f, 0xff, 0xfb, 0x53, 0x35, 0xaf, 0xff, 0xf5,
    0x0, 0x1f, 0xff, 0xf6, 0x0, 0x0, 0x0, 0x6f,
    0xff, 0xe0, 0x8, 0xff, 0xf9, 0x0, 0x0, 0x0,
    0x0, 0xcf, 0xff, 0x40, 0xef, 0xff, 0x20, 0x0,
    0x0, 0x0, 0x7, 0xff, 0xf8, 0x2f, 0xff, 0xd0,
    0x0, 0x0, 0x0, 0x0, 0x26, 0x66, 0x44, 0xff,
    0xfa, 0x0, 0x0, 0x0, 0x0, 0x0, 0x0, 0x0,
    0x6f, 0xff, 0x90, 0x0, 0x0, 0x0, 0x0, 0x0,
    0x0, 0x6, 0xff, 0xf9, 0x0, 0x0, 0x0, 0x0,
    0x0, 0x0, 0x0, 0x6f, 0xff, 0x90, 0x0, 0x0,
    0x0, 0x0, 0x0, 0x0, 0x6, 0xff, 0xf9, 0x0,
    0x0, 0x0, 0x0, 0x0, 0x0, 0x0, 0x5f, 0xff,
    0xa0, 0x0, 0x0, 0x0, 0x0, 0x0, 0x0, 0x2,
    0xff, 0xfd, 0x0, 0x0, 0x0, 0x0, 0x1, 0x55,
    0x53, 0xe, 0xff, 0xf1, 0x0, 0x0, 0x0, 0x0,
    0x7f, 0xff, 0x80, 0x9f, 0xff, 0x80, 0x0, 0x0,
    0x0, 0xc, 0xff, 0xf4, 0x2, 0xff, 0xff, 0x50,
    0x0, 0x0, 0x6, 0xff, 0xfe, 0x0, 0x8, 0xff,
    0xff, 0xa4, 0x23, 0x5a, 0xff, 0xff, 0x50, 0x0,
    0xa, 0xff, 0xff, 0xff, 0xff, 0xff, 0xff, 0x80,
    0x0, 0x0, 0x7, 0xff, 0xff, 0xff, 0xff, 0xff,
    0x60, 0x0, 0x0, 0x0, 0x1, 0x7c, 0xef, 0xfd,
    0xa6, 0x0, 0x0, 0x0,

    /* U+010B "ċ" */
    0x0, 0x0, 0x2, 0xdf, 0xa0, 0x0, 0x0, 0x0,
    0x0, 0x0, 0xaf, 0xff, 0x40, 0x0, 0x0, 0x0,
    0x0, 0x9, 0xff, 0xf3, 0x0, 0x0, 0x0, 0x0,
    0x0, 0x1a, 0xc7, 0x0, 0x0, 0x0, 0x0, 0x0,
    0x0, 0x0, 0x0, 0x0, 0x0, 0x0, 0x0, 0x0,
    0x0, 0x0, 0x0, 0x0, 0x0, 0x0, 0x0, 0x4a,
    0xef, 0xfd, 0x92, 0x0, 0x0, 0x1, 0xbf, 0xff,
    0xff, 0xff, 0xf8, 0x0, 0x0, 0xdf, 0xff, 0xff,
    0xff, 0xff, 0xf8, 0x0, 0x9f, 0xff, 0xc4, 0x1,
    0x7f, 0xff, 0xf2, 0x1f, 0xff, 0xe0, 0x0, 0x0,
    0x5f, 0xff, 0x86, 0xff, 0xf6, 0x0, 0x0, 0x0,
    0xef, 0xfb, 0x9f, 0xff, 0x20, 0x0, 0x0, 0x2,
    0x33, 0x2b, 0xff, 0xf1, 0x0, 0x0, 0x0, 0x0,
    0x0, 0xcf, 0xff, 0x0, 0x0, 0x0, 0x0, 0x0,
    0xb, 0xff, 0xf1, 0x0, 0x0, 0x0, 0x0, 0x0,
    0x9f, 0xff, 0x20, 0x0, 0x0, 0x0, 0x0, 0x6,
    0xff, 0xf6, 0x0, 0x0, 0x0, 0xac, 0xc9, 0x1f,
    0xff, 0xd0, 0x0, 0x0, 0x3f, 0xff, 0x90, 0x9f,
    0xff, 0xc3, 0x1, 0x5e, 0xff, 0xf2, 0x0, 0xdf,
    0xff, 0xff, 0xff, 0xff, 0xf7, 0x0, 0x1, 0xbf,
    0xff, 0xff, 0xff, 0xf7, 0x0, 0x0, 0x0, 0x4a,
    0xef, 0xfd, 0x82, 0x0, 0x0,

    /* U+010C "Č" */
    0x0, 0x0, 0x5f, 0xfc, 0x0, 0x8, 0xff, 0xc0,
    0x0, 0x0, 0x0, 0x0, 0x6f, 0xfc, 0x7, 0xff,
    0xc0, 0x0, 0x0, 0x0, 0x0, 0x0, 0x7f, 0xfd,
    0xff, 0xc0, 0x0, 0x0, 0x0, 0x0, 0x0, 0x0,
    0x7f, 0xff, 0xc0, 0x0, 0x0, 0x0, 0x0, 0x0,
    0x0, 0x0, 0x68, 0x70, 0x0, 0x0, 0x0, 0x0,
    0x0, 0x0, 0x0, 0x0, 0x0, 0x0, 0x0, 0x0,
    0x0, 0x0, 0x0, 0x0, 0x0, 0x0, 0x0, 0x0,
    0x0, 0x0, 0x0, 0x0, 0x0, 0x6, 0xbe, 0xff,
    0xeb, 0x61, 0x0, 0x0, 0x0, 0x0, 0x6e, 0xff,
    0xff, 0xff, 0xff, 0xf6, 0x0, 0x0, 0x0, 0x9f,
    0xff, 0xff, 0xff, 0xff, 0xff, 0xf8, 0x0, 0x0,
    0x7f, 0xff, 0xfb, 0x53, 0x35, 0xaf, 0xff, 0xf5,
    0x0, 0x1f, 0xff, 0xf6, 0x0, 0x0, 0x0, 0x6f,
    0xff, 0xe0, 0x8, 0xff, 0xf9, 0x0, 0x0, 0x0,
    0x0, 0xcf, 0xff, 0x40, 0xef, 0xff, 0x20, 0x0,
    0x0, 0x0, 0x7, 0xff, 0xf8, 0x2f, 0xff, 0xd0,
    0x0, 0x0, 0x0, 0x0, 0x26, 0x66, 0x44, 0xff,
    0xfa, 0x0, 0x0, 0x0, 0x0, 0x0, 0x0, 0x0,
    0x6f, 0xff, 0x90, 0x0, 0x0, 0x0, 0x0, 0x0,
    0x0, 0x6, 0xff, 0xf9, 0x0, 0x0, 0x0, 0x0,
    0x0, 0x0, 0x0, 0x6f, 0xff, 0x90, 0x0, 0x0,
    0x0, 0x0, 0x0, 0x0, 0x6, 0xff, 0xf9, 0x0,
    0x0, 0x0, 0x0, 0x0, 0x0, 0x0, 0x5f, 0xff,
    0xa0, 0x0, 0x0, 0x0, 0x0, 0x0, 0x0, 0x2,
    0xff, 0xfd, 0x0, 0x0, 0x0, 0x0, 0x1, 0x55,
    0x53, 0xe, 0xff, 0xf1, 0x0, 0x0, 0x0, 0x0,
    0x7f, 0xff, 0x80, 0x9f, 0xff, 0x80, 0x0, 0x0,
    0x0, 0xc, 0xff, 0xf4, 0x2, 0xff, 0xff, 0x50,
    0x0, 0x0, 0x6, 0xff, 0xfe, 0x0, 0x8, 0xff,
    0xff, 0xa4, 0x23, 0x5a, 0xff, 0xff, 0x50, 0x0,
    0xa, 0xff, 0xff, 0xff, 0xff, 0xff, 0xff, 0x80,
    0x0, 0x0, 0x7, 0xff, 0xff, 0xff, 0xff, 0xff,
    0x60, 0x0, 0x0, 0x0, 0x1, 0x7c, 0xef, 0xfd,
    0xa6, 0x0, 0x0, 0x0,

    /* U+010D "č" */
    0x0, 0xaf, 0xf7, 0x0, 0x1d, 0xff, 0x60, 0x0,
    0x0, 0x9f, 0xf7, 0xc, 0xff, 0x40, 0x0, 0x0,
    0x0, 0x7f, 0xfd, 0xfe, 0x30, 0x0, 0x0, 0x0,
    0x0, 0x6f, 0xfd, 0x20, 0x0, 0x0, 0x0, 0x0,
    0x0, 0x0, 0x0, 0x0, 0x0, 0x0, 0x0, 0x0,
    0x0, 0x0, 0x0, 0x0, 0x0, 0x0, 0x0, 0x4a,
    0xef, 0xfd, 0x81, 0x0, 0x0, 0x1, 0xbf, 0xff,
    0xff, 0xff, 0xf5, 0x0, 0x0, 0xdf, 0xff, 0xff,
    0xff, 0xff, 0xf4, 0x0, 0x9f, 0xff, 0xc4, 0x1,
    0x8f, 0xff, 0xe0, 0x1f, 0xff, 0xe0, 0x0, 0x0,
    0x8f, 0xff, 0x56, 0xff, 0xf6, 0x0, 0x0, 0x1,
    0xff, 0xfa, 0x9f, 0xff, 0x20, 0x0, 0x0, 0xd,
    0xff, 0xcb, 0xff, 0xf1, 0x0, 0x0, 0x0, 0x0,
    0x0, 0xcf, 0xff, 0x0, 0x0, 0x0, 0x0, 0x0,
    0xb, 0xff, 0xf1, 0x0, 0x0, 0x0, 0x0, 0x0,
    0x9f, 0xff, 0x20, 0x0, 0x0, 0x0, 0x0, 0x6,
    0xff, 0xf6, 0x0, 0x0, 0x0, 0x67, 0x75, 0x1f,
    0xff, 0xd0, 0x0, 0x0, 0x2f, 0xff, 0xa0, 0x9f,
    0xff, 0xc3, 0x1, 0x5d, 0xff, 0xf3, 0x0, 0xdf,
    0xff, 0xff, 0xff, 0xff, 0xf9, 0x0, 0x1, 0xbf,
    0xff, 0xff, 0xff, 0xf8, 0x0, 0x0, 0x0, 0x4a,
    0xef, 0xfd, 0x82, 0x0, 0x0,

    /* U+010E "Ď" */
    0x2, 0x88, 0x60, 0x0, 0x7, 0x88, 0x20, 0x0,
    0x0, 0x0, 0xaf, 0xf8, 0x0, 0xbf, 0xf8, 0x0,
    0x0, 0x0, 0x0, 0xa, 0xff, 0x8b, 0xff, 0x80,
    0x0, 0x0, 0x0, 0x0, 0x0, 0xbf, 0xff, 0xf8,
    0x0, 0x0, 0x0, 0x0, 0x0, 0x0, 0xb, 0xff,
    0x80, 0x0, 0x0, 0x0, 0x0, 0x0, 0x0, 0x0,
    0x0, 0x0, 0x0, 0x0, 0x0, 0x0, 0x0, 0x0,
    0x0, 0x0, 0x0, 0x0, 0x0, 0x0, 0x0, 0xbf,
    0xff, 0xff, 0xff, 0xeb, 0x72, 0x0, 0x0, 0x0,
    0xbf, 0xff, 0xff, 0xff, 0xff, 0xff, 0x91, 0x0,
    0x0, 0xbf, 0xff, 0xff, 0xff, 0xff, 0xff, 0xfd,
    0x20, 0x0, 0xbf, 0xff, 0x52, 0x22, 0x48, 0xff,
    0xff, 0xe1, 0x0, 0xbf, 0xff, 0x40, 0x0, 0x0,
    0x1c, 0xff, 0xfb, 0x0, 0xbf, 0xff, 0x40, 0x0,
    0x0, 0x1, 0xef, 0xff, 0x30, 0xbf, 0xff, 0x40,
    0x0, 0x0, 0x0, 0x6f, 0xff, 0xa0, 0xbf, 0xff,
    0x40, 0x0, 0x0, 0x0, 0x1f, 0xff, 0xe0, 0xbf,
    0xff, 0x40, 0x0, 0x0, 0x0, 0xd, 0xff, 0xf1,
    0xbf, 0xff, 0x40, 0x0, 0x0, 0x0, 0xb, 0xff,
    0xf3, 0xbf, 0xff, 0x40, 0x0, 0x0, 0x0, 0xb,
    0xff, 0xf4, 0xbf, 0xff, 0x40, 0x0, 0x0, 0x0,
    0xb, 0xff, 0xf4, 0xbf, 0xff, 0x40, 0x0, 0x0,
    0x0, 0xc, 0xff, 0xf3, 0xbf, 0xff, 0x40, 0x0,
    0x0, 0x0, 0xd, 0xff, 0xf2, 0xbf, 0xff, 0x40,
    0x0, 0x0, 0x0, 0x1f, 0xff, 0xe0, 0xbf, 0xff,
    0x40, 0x0, 0x0, 0x0, 0x7f, 0xff, 0xa0, 0xbf,
    0xff, 0x40, 0x0, 0x0, 0x1, 0xef, 0xff, 0x30,
    0xbf, 0xff, 0x40, 0x0, 0x0, 0x1d, 0xff, 0xfb,
    0x0, 0xbf, 0xff, 0x51, 0x12, 0x49, 0xff, 0xff,
    0xe1, 0x0, 0xbf, 0xff, 0xff, 0xff, 0xff, 0xff,
    0xfd, 0x20, 0x0, 0xbf, 0xff, 0xff, 0xff, 0xff,
    0xff, 0x91, 0x0, 0x0, 0xbf, 0xff, 0xff, 0xff,
    0xeb, 0x71, 0x0, 0x0, 0x0,

    /* U+010F "ď" */
    0x0, 0x0, 0x0, 0x0, 0x0, 0xc, 0xff, 0xf0,
    0xb, 0xff, 0x60, 0x0, 0x0, 0x0, 0x0, 0x0,
    0xcf, 0xff, 0x0, 0xbf, 0xf5, 0x0, 0x0, 0x0,
    0x0, 0x0, 0xc, 0xff, 0xf0, 0xe, 0xff, 0x20,
    0x0, 0x0, 0x0, 0x0, 0x0, 0xcf, 0xff, 0x4,
    0xff, 0xc0, 0x0, 0x0, 0x0, 0x0, 0x0, 0xc,
    0xff, 0xf0, 0xaf, 0xf3, 0x0, 0x0, 0x0, 0x0,
    0x0, 0x0, 0xcf, 0xff, 0x0, 0x76, 0x0, 0x0,
    0x1, 0x8d, 0xff, 0xc6, 0xc, 0xff, 0xf0, 0x0,
    0x0, 0x0, 0x3, 0xef, 0xff, 0xff, 0xfc, 0xdf,
    0xff, 0x0, 0x0, 0x0, 0x2, 0xff, 0xff, 0xff,
    0xff, 0xff, 0xff, 0xf0, 0x0, 0x0, 0x0, 0xbf,
    0xff, 0xd5, 0x12, 0x6e, 0xff, 0xff, 0x0, 0x0,
    0x0, 0x2f, 0xff, 0xe1, 0x0, 0x0, 0x2f, 0xff,
    0xf0, 0x0, 0x0, 0x6, 0xff, 0xf8, 0x0, 0x0,
    0x0, 0xcf, 0xff, 0x0, 0x0, 0x0, 0x9f, 0xff,
    0x30, 0x0, 0x0, 0xc, 0xff, 0xf0, 0x0, 0x0,
    0xb, 0xff, 0xf1, 0x0, 0x0, 0x0, 0xcf, 0xff,
    0x0, 0x0, 0x0, 0xcf, 0xff, 0x0, 0x0, 0x0,
    0xc, 0xff, 0xf0, 0x0, 0x0, 0xb, 0xff, 0xf1,
    0x0, 0x0, 0x0, 0xcf, 0xff, 0x0, 0x0, 0x0,
    0x9f, 0xff, 0x30, 0x0, 0x0, 0xc, 0xff, 0xf0,
    0x0, 0x0, 0x6, 0xff, 0xf7, 0x0, 0x0, 0x0,
    0xcf, 0xff, 0x0, 0x0, 0x0, 0x1f, 0xff, 0xe1,
    0x0, 0x0, 0x2f, 0xff, 0xf0, 0x0, 0x0, 0x0,
    0xaf, 0xff, 0xd5, 0x12, 0x6e, 0xff, 0xff, 0x0,
    0x0, 0x0, 0x1, 0xef, 0xff, 0xff, 0xff, 0xff,
    0xff, 0xf0, 0x0, 0x0, 0x0, 0x3, 0xef, 0xff,
    0xff, 0xfd, 0xaf, 0xff, 0x0, 0x0, 0x0, 0x0,
    0x1, 0x8d, 0xff, 0xc7, 0x7, 0xff, 0xf0, 0x0,
    0x0, 0x0,

    /* U+0110 "Đ" */
    0x0, 0x3, 0xff, 0xff, 0xff, 0xff, 0xd9, 0x40,
    0x0, 0x0, 0x0, 0x0, 0x3f, 0xff, 0xff, 0xff,
    0xff, 0xff, 0xd4, 0x0, 0x0, 0x0, 0x3, 0xff,
    0xff, 0xff, 0xff, 0xff, 0xff, 0xf8, 0x0, 0x0,
    0x0, 0x3f, 0xff, 0xc2, 0x22, 0x36, 0xcf, 0xff,
    0xf7, 0x0, 0x0, 0x3, 0xff, 0xfb, 0x0, 0x0,
    0x0, 0x6f, 0xff, 0xf2, 0x0, 0x0, 0x3f, 0xff,
    0xb0, 0x0, 0x0, 0x0, 0x8f, 0xff, 0xb0, 0x0,
    0x3, 0xff, 0xfb, 0x0, 0x0, 0x0, 0x0, 0xef,
    0xff, 0x10, 0x0, 0x3f, 0xff, 0xb0, 0x0, 0x0,
    0x0, 0x9, 0xff, 0xf6, 0x0, 0x3, 0xff, 0xfb,
    0x0, 0x0, 0x0, 0x0, 0x6f, 0xff, 0x91, 0xaa,
    0xbf, 0xff, 0xea, 0xaa, 0x30, 0x0, 0x4, 0xff,
    0xfb, 0x2f, 0xff, 0xff, 0xff, 0xff, 0xf5, 0x0,
    0x0, 0x3f, 0xff, 0xb2, 0xff, 0xff, 0xff, 0xff,
    0xff, 0x50, 0x0, 0x3, 0xff, 0xfb, 0x0, 0x3,
    0xff, 0xfb, 0x0, 0x0, 0x0, 0x0, 0x4f, 0xff,
    0xb0, 0x0, 0x3f, 0xff, 0xb0, 0x0, 0x0, 0x0,
    0x6, 0xff, 0xf9, 0x0, 0x3, 0xff, 0xfb, 0x0,
    0x0, 0x0, 0x0, 0x9f, 0xff, 0x60, 0x0, 0x3f,
    0xff, 0xb0, 0x0, 0x0, 0x0, 0xe, 0xff, 0xf1,
    0x0, 0x3, 0xff, 0xfb, 0x0, 0x0, 0x0, 0x8,
    0xff, 0xfb, 0x0, 0x0, 0x3f, 0xff, 0xb0, 0x0,
    0x0, 0x7, 0xff, 0xff, 0x30, 0x0, 0x3, 0xff,
    0xfc, 0x11, 0x23, 0x6c, 0xff, 0xff, 0x70, 0x0,
    0x0, 0x3f, 0xff, 0xff, 0xff, 0xff, 0xff, 0xff,
    0x70, 0x0, 0x0, 0x3, 0xff, 0xff, 0xff, 0xff,
    0xff, 0xfd, 0x40, 0x0, 0x0, 0x0, 0x3f, 0xff,
    0xff, 0xff, 0xec, 0x94, 0x0, 0x0, 0x0,

    /* U+0111 "đ" */
    0x0, 0x0, 0x0, 0x0, 0x0, 0xc, 0xff, 0xf0,
    0x0, 0x0, 0x0, 0x0, 0xa, 0xff, 0xff, 0xff,
    0xff, 0xfc, 0x0, 0x0, 0x0, 0xa, 0xff, 0xff,
    0xff, 0xff, 0xfc, 0x0, 0x0, 0x0, 0x6, 0xaa,
    0xae, 0xff, 0xfa, 0xa7, 0x0, 0x0, 0x0, 0x0,
    0x0, 0xc, 0xff, 0xf0, 0x0, 0x0, 0x0, 0x0,
    0x0, 0x0, 0xc, 0xff, 0xf0, 0x0, 0x0, 0x1,
    0x8d, 0xff, 0xc6, 0xc, 0xff, 0xf0, 0x0, 0x0,
    0x3e, 0xff, 0xff, 0xff, 0xcd, 0xff, 0xf0, 0x0,
    0x2, 0xff, 0xff, 0xff, 0xff, 0xff, 0xff, 0xf0,
    0x0, 0xb, 0xff, 0xfd, 0x51, 0x26, 0xef, 0xff,
    0xf0, 0x0, 0x2f, 0xff, 0xe1, 0x0, 0x0, 0x2f,
    0xff, 0xf0, 0x0, 0x6f, 0xff, 0x80, 0x0, 0x0,
    0xc, 0xff, 0xf0, 0x0, 0x9f, 0xff, 0x30, 0x0,
    0x0, 0xc, 0xff, 0xf0, 0x0, 0xbf, 0xff, 0x10,
    0x0, 0x0, 0xc, 0xff, 0xf0, 0x0, 0xcf, 0xff,
    0x0, 0x0, 0x0, 0xc, 0xff, 0xf0, 0x0, 0xbf,
    0xff, 0x10, 0x0, 0x0, 0xc, 0xff, 0xf0, 0x0,
    0x9f, 0xff, 0x30, 0x0, 0x0, 0xc, 0xff, 0xf0,
    0x0, 0x6f, 0xff, 0x70, 0x0, 0x0, 0xc, 0xff,
    0xf0, 0x0, 0x1f, 0xff, 0xe1, 0x0, 0x0, 0x2f,
    0xff, 0xf0, 0x0, 0xa, 0xff, 0xfd, 0x51, 0x26,
    0xef, 0xff, 0xf0, 0x0, 0x1, 0xef, 0xff, 0xff,
    0xff, 0xff, 0xff, 0xf0, 0x0, 0x0, 0x3e, 0xff,
    0xff, 0xff, 0xda, 0xff, 0xf0, 0x0, 0x0, 0x1,
    0x8d, 0xff, 0xc7, 0x7, 0xff, 0xf0, 0x0,

    /* U+0112 "Ē" */
    0x0, 0x57, 0x77, 0x77, 0x77, 0x77, 0x73, 0x0,
    0x0, 0xdf, 0xff, 0xff, 0xff, 0xff, 0xf8, 0x0,
    0x0, 0xdf, 0xff, 0xff, 0xff, 0xff, 0xf8, 0x0,
    0x0, 0x0, 0x0, 0x0, 0x0, 0x0, 0x0, 0x0,
    0x0, 0x0, 0x0, 0x0, 0x0, 0x0, 0x0, 0x0,
    0x0, 0x0, 0x0, 0x0, 0x0, 0x0, 0x0, 0x0,
    0xbf, 0xff, 0xff, 0xff, 0xff, 0xff, 0xff, 0xf1,
    0xbf, 0xff, 0xff, 0xff, 0xff, 0xff, 0xff, 0xf1,
    0xbf, 0xff, 0xff, 0xff, 0xff, 0xff, 0xff, 0xf1,
    0xbf, 0xff, 0x52, 0x22, 0x22, 0x22, 0x22, 0x20,
    0xbf, 0xff, 0x40, 0x0, 0x0, 0x0, 0x0, 0x0,
    0xbf, 0xff, 0x40, 0x0, 0x0, 0x0, 0x0, 0x0,
    0xbf, 0xff, 0x40, 0x0, 0x0, 0x0, 0x0, 0x0,
    0xbf, 0xff, 0x40, 0x0, 0x0, 0x0, 0x0, 0x0,
    0xbf, 0xff, 0x51, 0x11, 0x11, 0x11, 0x10, 0x0,
    0xbf, 0xff, 0xff, 0xff, 0xff, 0xff, 0xf9, 0x0,
    0xbf, 0xff, 0xff, 0xff, 0xff, 0xff, 0xf9, 0x0,
    0xbf, 0xff, 0xff, 0xff, 0xff, 0xff, 0xf9, 0x0,
    0xbf, 0xff, 0x40, 0x0, 0x0, 0x0, 0x0, 0x0,
    0xbf, 0xff, 0x40, 0x0, 0x0, 0x0, 0x0, 0x0,
    0xbf, 0xff, 0x40, 0x0, 0x0, 0x0, 0x0, 0x0,
    0xbf, 0xff, 0x40, 0x0, 0x0, 0x0, 0x0, 0x0,
    0xbf, 0xff, 0x40, 0x0, 0x0, 0x0, 0x0, 0x0,
    0xbf, 0xff, 0x40, 0x0, 0x0, 0x0, 0x0, 0x0,
    0xbf, 0xff, 0x51, 0x11, 0x11, 0x11, 0x11, 0x10,
    0xbf, 0xff, 0xff, 0xff, 0xff, 0xff, 0xff, 0xf3,
    0xbf, 0xff, 0xff, 0xff, 0xff, 0xff, 0xff, 0xf3,
    0xbf, 0xff, 0xff, 0xff, 0xff, 0xff, 0xff, 0xf3,

    /* U+0113 "ē" */
    0x0, 0xff, 0xff, 0xff, 0xff, 0xff, 0xf6, 0x0,
    0x0, 0xff, 0xff, 0xff, 0xff, 0xff, 0xf6, 0x0,
    0x0, 0x67, 0x77, 0x77, 0x77, 0x77, 0x72, 0x0,
    0x0, 0x0, 0x0, 0x0, 0x0, 0x0, 0x0, 0x0,
    0x0, 0x0, 0x0, 0x0, 0x0, 0x0, 0x0, 0x0,
    0x0, 0x0, 0x29, 0xdf, 0xfd, 0x93, 0x0, 0x0,
    0x0, 0x7, 0xff, 0xff, 0xff, 0xff, 0x80, 0x0,
    0x0, 0x9f, 0xff, 0xff, 0xff, 0xff, 0xf8, 0x0,
    0x5, 0xff, 0xfe, 0x50, 0x16, 0xef, 0xff, 0x20,
    0xe, 0xff, 0xf2, 0x0, 0x0, 0x4f, 0xff, 0x90,
    0x3f, 0xff, 0x90, 0x0, 0x0, 0xd, 0xff, 0xd0,
    0x7f, 0xff, 0x50, 0x0, 0x0, 0xa, 0xff, 0xf0,
    0x9f, 0xff, 0xff, 0xff, 0xff, 0xff, 0xff, 0xf1,
    0xbf, 0xff, 0xff, 0xff, 0xff, 0xff, 0xff, 0xf2,
    0xaf, 0xff, 0xcc, 0xcc, 0xcc, 0xcc, 0xcc, 0xc2,
    0x9f, 0xff, 0x40, 0x0, 0x0, 0x0, 0x0, 0x0,
    0x5f, 0xff, 0x90, 0x0, 0x0, 0x0, 0x0, 0x0,
    0xf, 0xff, 0xf3, 0x0, 0x0, 0x0, 0x96, 0x0,
    0x7, 0xff, 0xff, 0x72, 0x1, 0x5c, 0xff, 0x70,
    0x0, 0xbf, 0xff, 0xff, 0xff, 0xff, 0xff, 0x50,
    0x0, 0x8, 0xff, 0xff, 0xff, 0xff, 0xe5, 0x0,
    0x0, 0x0, 0x28, 0xce, 0xfe, 0xb6, 0x10, 0x0,

    /* U+0114 "Ĕ" */
    0x0, 0x3f, 0xfa, 0x0, 0x1, 0xff, 0xc0, 0x0,
    0x0, 0xe, 0xff, 0x50, 0x1a, 0xff, 0x80, 0x0,
    0x0, 0x6, 0xff, 0xff, 0xff, 0xfe, 0x10, 0x0,
    0x0, 0x0, 0x5d, 0xff, 0xff, 0xa1, 0x0, 0x0,
    0x0, 0x0, 0x0, 0x13, 0x20, 0x0, 0x0, 0x0,
    0x0, 0x0, 0x0, 0x0, 0x0, 0x0, 0x0, 0x0,
    0xbf, 0xff, 0xff, 0xff, 0xff, 0xff, 0xff, 0xf1,
    0xbf, 0xff, 0xff, 0xff, 0xff, 0xff, 0xff, 0xf1,
    0xbf, 0xff, 0xff, 0xff, 0xff, 0xff, 0xff, 0xf1,
    0xbf, 0xff, 0x52, 0x22, 0x22, 0x22, 0x22, 0x20,
    0xbf, 0xff, 0x40, 0x0, 0x0, 0x0, 0x0, 0x0,
    0xbf, 0xff, 0x40, 0x0, 0x0, 0x0, 0x0, 0x0,
    0xbf, 0xff, 0x40, 0x0, 0x0, 0x0, 0x0, 0x0,
    0xbf, 0xff, 0x40, 0x0, 0x0, 0x0, 0x0, 0x0,
    0xbf, 0xff, 0x51, 0x11, 0x11, 0x11, 0x10, 0x0,
    0xbf, 0xff, 0xff, 0xff, 0xff, 0xff, 0xf9, 0x0,
    0xbf, 0xff, 0xff, 0xff, 0xff, 0xff, 0xf9, 0x0,
    0xbf, 0xff, 0xff, 0xff, 0xff, 0xff, 0xf9, 0x0,
    0xbf, 0xff, 0x40, 0x0, 0x0, 0x0, 0x0, 0x0,
    0xbf, 0xff, 0x40, 0x0, 0x0, 0x0, 0x0, 0x0,
    0xbf, 0xff, 0x40, 0x0, 0x0, 0x0, 0x0, 0x0,
    0xbf, 0xff, 0x40, 0x0, 0x0, 0x0, 0x0, 0x0,
    0xbf, 0xff, 0x40, 0x0, 0x0, 0x0, 0x0, 0x0,
    0xbf, 0xff, 0x40, 0x0, 0x0, 0x0, 0x0, 0x0,
    0xbf, 0xff, 0x51, 0x11, 0x11, 0x11, 0x11, 0x10,
    0xbf, 0xff, 0xff, 0xff, 0xff, 0xff, 0xff, 0xf3,
    0xbf, 0xff, 0xff, 0xff, 0xff, 0xff, 0xff, 0xf3,
    0xbf, 0xff, 0xff, 0xff, 0xff, 0xff, 0xff, 0xf3,

    /* U+0115 "ĕ" */
    0x0, 0x4f, 0xf9, 0x0, 0x3, 0xff, 0xa0, 0x0,
    0x0, 0x1f, 0xff, 0x74, 0x5d, 0xff, 0x60, 0x0,
    0x0, 0x6, 0xff, 0xff, 0xff, 0xfb, 0x0, 0x0,
    0x0, 0x0, 0x3a, 0xef, 0xfc, 0x60, 0x0, 0x0,
    0x0, 0x0, 0x0, 0x0, 0x0, 0x0, 0x0, 0x0,
    0x0, 0x0, 0x0, 0x0, 0x0, 0x0, 0x0, 0x0,
    0x0, 0x0, 0x29, 0xdf, 0xfd, 0x93, 0x0, 0x0,
    0x0, 0x7, 0xff, 0xff, 0xff, 0xff, 0x80, 0x0,
    0x0, 0x9f, 0xff, 0xff, 0xff, 0xff, 0xf8, 0x0,
    0x5, 0xff, 0xfe, 0x50, 0x16, 0xef, 0xff, 0x20,
    0xe, 0xff, 0xf2, 0x0, 0x0, 0x4f, 0xff, 0x90,
    0x3f, 0xff, 0x90, 0x0, 0x0, 0xd, 0xff, 0xd0,
    0x7f, 0xff, 0x50, 0x0, 0x0, 0xa, 0xff, 0xf0,
    0x9f, 0xff, 0xff, 0xff, 0xff, 0xff, 0xff, 0xf1,
    0xbf, 0xff, 0xff, 0xff, 0xff, 0xff, 0xff, 0xf2,
    0xaf, 0xff, 0xcc, 0xcc, 0xcc, 0xcc, 0xcc, 0xc2,
    0x9f, 0xff, 0x40, 0x0, 0x0, 0x0, 0x0, 0x0,
    0x5f, 0xff, 0x90, 0x0, 0x0, 0x0, 0x0, 0x0,
    0xf, 0xff, 0xf3, 0x0, 0x0, 0x0, 0x96, 0x0,
    0x7, 0xff, 0xff, 0x72, 0x1, 0x5c, 0xff, 0x70,
    0x0, 0xbf, 0xff, 0xff, 0xff, 0xff, 0xff, 0x50,
    0x0, 0x8, 0xff, 0xff, 0xff, 0xff, 0xe5, 0x0,
    0x0, 0x0, 0x28, 0xce, 0xfe, 0xb6, 0x10, 0x0,

    /* U+0116 "Ė" */
    0x0, 0x0, 0x0, 0x9f, 0xd3, 0x0, 0x0, 0x0,
    0x0, 0x0, 0x2, 0xff, 0xfb, 0x0, 0x0, 0x0,
    0x0, 0x0, 0x2, 0xff, 0xfb, 0x0, 0x0, 0x0,
    0x0, 0x0, 0x0, 0x6b, 0xa2, 0x0, 0x0, 0x0,
    0x0, 0x0, 0x0, 0x0, 0x0, 0x0, 0x0, 0x0,
    0x0, 0x0, 0x0, 0x0, 0x0, 0x0, 0x0, 0x0,
    0xbf, 0xff, 0xff, 0xff, 0xff, 0xff, 0xff, 0xf1,
    0xbf, 0xff, 0xff, 0xff, 0xff, 0xff, 0xff, 0xf1,
    0xbf, 0xff, 0xff, 0xff, 0xff, 0xff, 0xff, 0xf1,
    0xbf, 0xff, 0x52, 0x22, 0x22, 0x22, 0x22, 0x20,
    0xbf, 0xff, 0x40, 0x0, 0x0, 0x0, 0x0, 0x0,
    0xbf, 0xff, 0x40, 0x0, 0x0, 0x0, 0x0, 0x0,
    0xbf, 0xff, 0x40, 0x0, 0x0, 0x0, 0x0, 0x0,
    0xbf, 0xff, 0x40, 0x0, 0x0, 0x0, 0x0, 0x0,
    0xbf, 0xff, 0x51, 0x11, 0x11, 0x11, 0x10, 0x0,
    0xbf, 0xff, 0xff, 0xff, 0xff, 0xff, 0xf9, 0x0,
    0xbf, 0xff, 0xff, 0xff, 0xff, 0xff, 0xf9, 0x0,
    0xbf, 0xff, 0xff, 0xff, 0xff, 0xff, 0xf9, 0x0,
    0xbf, 0xff, 0x40, 0x0, 0x0, 0x0, 0x0, 0x0,
    0xbf, 0xff, 0x40, 0x0, 0x0, 0x0, 0x0, 0x0,
    0xbf, 0xff, 0x40, 0x0, 0x0, 0x0, 0x0, 0x0,
    0xbf, 0xff, 0x40, 0x0, 0x0, 0x0, 0x0, 0x0,
    0xbf, 0xff, 0x40, 0x0, 0x0, 0x0, 0x0, 0x0,
    0xbf, 0xff, 0x40, 0x0, 0x0, 0x0, 0x0, 0x0,
    0xbf, 0xff, 0x51, 0x11, 0x11, 0x11, 0x11, 0x10,
    0xbf, 0xff, 0xff, 0xff, 0xff, 0xff, 0xff, 0xf3,
    0xbf, 0xff, 0xff, 0xff, 0xff, 0xff, 0xff, 0xf3,
    0xbf, 0xff, 0xff, 0xff, 0xff, 0xff, 0xff, 0xf3,

    /* U+0117 "ė" */
    0x0, 0x0, 0x0, 0xaf, 0xd2, 0x0, 0x0, 0x0,
    0x0, 0x0, 0x4, 0xff, 0xfa, 0x0, 0x0, 0x0,
    0x0, 0x0, 0x3, 0xff, 0xf9, 0x0, 0x0, 0x0,
    0x0, 0x0, 0x0, 0x7c, 0x91, 0x0, 0x0, 0x0,
    0x0, 0x0, 0x0, 0x0, 0x0, 0x0, 0x0, 0x0,
    0x0, 0x0, 0x0, 0x0, 0x0, 0x0, 0x0, 0x0,
    0x0, 0x0, 0x29, 0xdf, 0xfd, 0x93, 0x0, 0x0,
    0x0, 0x7, 0xff, 0xff, 0xff, 0xff, 0x80, 0x0,
    0x0, 0x9f, 0xff, 0xff, 0xff, 0xff, 0xf8, 0x0,
    0x5, 0xff, 0xfe, 0x50, 0x16, 0xef, 0xff, 0x20,
    0xe, 0xff, 0xf2, 0x0, 0x0, 0x4f, 0xff, 0x90,
    0x3f, 0xff, 0x90, 0x0, 0x0, 0xd, 0xff, 0xd0,
    0x7f, 0xff, 0x50, 0x0, 0x0, 0xa, 0xff, 0xf0,
    0x9f, 0xff, 0xff, 0xff, 0xff, 0xff, 0xff, 0xf1,
    0xbf, 0xff, 0xff, 0xff, 0xff, 0xff, 0xff, 0xf2,
    0xaf, 0xff, 0xcc, 0xcc, 0xcc, 0xcc, 0xcc, 0xc2,
    0x9f, 0xff, 0x40, 0x0, 0x0, 0x0, 0x0, 0x0,
    0x5f, 0xff, 0x90, 0x0, 0x0, 0x0, 0x0, 0x0,
    0xf, 0xff, 0xf3, 0x0, 0x0, 0x0, 0x96, 0x0,
    0x7, 0xff, 0xff, 0x72, 0x1, 0x5c, 0xff, 0x70,
    0x0, 0xbf, 0xff, 0xff, 0xff, 0xff, 0xff, 0x50,
    0x0, 0x8, 0xff, 0xff, 0xff, 0xff, 0xe5, 0x0,
    0x0, 0x0, 0x28, 0xce, 0xfe, 0xb6, 0x10, 0x0,

    /* U+0118 "Ę" */
    0xbf, 0xff, 0xff, 0xff, 0xff, 0xff, 0xff, 0xf1,
    0xbf, 0xff, 0xff, 0xff, 0xff, 0xff, 0xff, 0xf1,
    0xbf, 0xff, 0xff, 0xff, 0xff, 0xff, 0xff, 0xf1,
    0xbf, 0xff, 0x52, 0x22, 0x22, 0x22, 0x22, 0x20,
    0xbf, 0xff, 0x40, 0x0, 0x0, 0x0, 0x0, 0x0,
    0xbf, 0xff, 0x40, 0x0, 0x0, 0x0, 0x0, 0x0,
    0xbf, 0xff, 0x40, 0x0, 0x0, 0x0, 0x0, 0x0,
    0xbf, 0xff, 0x40, 0x0, 0x0, 0x0, 0x0, 0x0,
    0xbf, 0xff, 0xff, 0xff, 0xff, 0xff, 0xf9, 0x0,
    0xbf, 0xff, 0xff, 0xff, 0xff, 0xff, 0xf9, 0x0,
    0xbf, 0xff, 0xff, 0xff, 0xff, 0xff, 0xf9, 0x0,
    0xbf, 0xff, 0x51, 0x11, 0x11, 0x11, 0x10, 0x0,
    0xbf, 0xff, 0x40, 0x0, 0x0, 0x0, 0x0, 0x0,
    0xbf, 0xff, 0x40, 0x0, 0x0, 0x0, 0x0, 0x0,
    0xbf, 0xff, 0x40, 0x0, 0x0, 0x0, 0x0, 0x0,
    0xbf, 0xff, 0x40, 0x0, 0x0, 0x0, 0x0, 0x0,
    0xbf, 0xff, 0x40, 0x0, 0x0, 0x0, 0x0, 0x0,
    0xbf, 0xff, 0x40, 0x0, 0x0, 0x0, 0x0, 0x0,
    0xbf, 0xff, 0x51, 0x11, 0x11, 0x11, 0x11, 0x10,
    0xbf, 0xff, 0xff, 0xff, 0xff, 0xff, 0xff, 0xf3,
    0xbf, 0xff, 0xff, 0xff, 0xff, 0xff, 0xff, 0xf3,
    0xbf, 0xff, 0xff, 0xff, 0xff, 0xff, 0xff, 0xf3,
    0x0, 0x0, 0x0, 0x0, 0x9, 0xff, 0x90, 0x0,
    0x0, 0x0, 0x0, 0x0, 0x8f, 0xf6, 0x0, 0x0,
    0x0, 0x0, 0x0, 0x0, 0xff, 0xf0, 0x0, 0x0,
    0x0, 0x0, 0x0, 0x0, 0xff, 0xfa, 0x96, 0x0,
    0x0, 0x0, 0x0, 0x0, 0xbf, 0xff, 0xfa, 0x0,
    0x0, 0x0, 0x0, 0x0, 0x19, 0xef, 0xd5, 0x0,

    /* U+0119 "ę" */
    0x0, 0x0, 0x29, 0xdf, 0xfd, 0x93, 0x0, 0x0,
    0x0, 0x7, 0xff, 0xff, 0xff, 0xff, 0x80, 0x0,
    0x0, 0x9f, 0xff, 0xff, 0xff, 0xff, 0xf8, 0x0,
    0x4, 0xff, 0xfe, 0x50, 0x16, 0xef, 0xff, 0x20,
    0xd, 0xff, 0xf2, 0x0, 0x0, 0x4f, 0xff, 0x90,
    0x3f, 0xff, 0x90, 0x0, 0x0, 0xd, 0xff, 0xd0,
    0x7f, 0xff, 0x50, 0x0, 0x0, 0xa, 0xff, 0xf0,
    0x9f, 0xff, 0xff, 0xff, 0xff, 0xff, 0xff, 0xf1,
    0xaf, 0xff, 0xff, 0xff, 0xff, 0xff, 0xff, 0xf2,
    0xbf, 0xff, 0xcc, 0xcc, 0xcc, 0xcc, 0xcc, 0xc2,
    0x9f, 0xff, 0x30, 0x0, 0x0, 0x0, 0x0, 0x0,
    0x6f, 0xff, 0x80, 0x0, 0x0, 0x0, 0x0, 0x0,
    0x1f, 0xff, 0xf2, 0x0, 0x0, 0x0, 0x85, 0x0,
    0x9, 0xff, 0xfe, 0x50, 0x0, 0x3b, 0xff, 0x60,
    0x0, 0xdf, 0xff, 0xff, 0xef, 0xff, 0xff, 0x70,
    0x0, 0x1c, 0xff, 0xff, 0xff, 0xff, 0xf7, 0x0,
    0x0, 0x0, 0x5a, 0xef, 0xff, 0xfb, 0x20, 0x0,
    0x0, 0x0, 0x0, 0xb, 0xff, 0x80, 0x0, 0x0,
    0x0, 0x0, 0x0, 0x4f, 0xfc, 0x0, 0x0, 0x0,
    0x0, 0x0, 0x0, 0x8f, 0xf8, 0x0, 0x0, 0x0,
    0x0, 0x0, 0x0, 0x6f, 0xfe, 0x8a, 0x0, 0x0,
    0x0, 0x0, 0x0, 0x1f, 0xff, 0xff, 0x30, 0x0,
    0x0, 0x0, 0x0, 0x3, 0xcf, 0xea, 0x10, 0x0,

    /* U+011A "Ě" */
    0x0, 0x38, 0x85, 0x0, 0x1, 0x78, 0x71, 0x0,
    0x0, 0xb, 0xff, 0x60, 0x1d, 0xff, 0x70, 0x0,
    0x0, 0x0, 0xcf, 0xf7, 0xcf, 0xf7, 0x0, 0x0,
    0x0, 0x0, 0xc, 0xff, 0xff, 0x70, 0x0, 0x0,
    0x0, 0x0, 0x1, 0xdf, 0xf7, 0x0, 0x0, 0x0,
    0x0, 0x0, 0x0, 0x0, 0x0, 0x0, 0x0, 0x0,
    0x0, 0x0, 0x0, 0x0, 0x0, 0x0, 0x0, 0x0,
    0xbf, 0xff, 0xff, 0xff, 0xff, 0xff, 0xff, 0xf1,
    0xbf, 0xff, 0xff, 0xff, 0xff, 0xff, 0xff, 0xf1,
    0xbf, 0xff, 0xff, 0xff, 0xff, 0xff, 0xff, 0xf1,
    0xbf, 0xff, 0x52, 0x22, 0x22, 0x22, 0x22, 0x20,
    0xbf, 0xff, 0x40, 0x0, 0x0, 0x0, 0x0, 0x0,
    0xbf, 0xff, 0x40, 0x0, 0x0, 0x0, 0x0, 0x0,
    0xbf, 0xff, 0x40, 0x0, 0x0, 0x0, 0x0, 0x0,
    0xbf, 0xff, 0x40, 0x0, 0x0, 0x0, 0x0, 0x0,
    0xbf, 0xff, 0x51, 0x11, 0x11, 0x11, 0x10, 0x0,
    0xbf, 0xff, 0xff, 0xff, 0xff, 0xff, 0xf9, 0x0,
    0xbf, 0xff, 0xff, 0xff, 0xff, 0xff, 0xf9, 0x0,
    0xbf, 0xff, 0xff, 0xff, 0xff, 0xff, 0xf9, 0x0,
    0xbf, 0xff, 0x40, 0x0, 0x0, 0x0, 0x0, 0x0,
    0xbf, 0xff, 0x40, 0x0, 0x0, 0x0, 0x0, 0x0,
    0xbf, 0xff, 0x40, 0x0, 0x0, 0x0, 0x0, 0x0,
    0xbf, 0xff, 0x40, 0x0, 0x0, 0x0, 0x0, 0x0,
    0xbf, 0xff, 0x40, 0x0, 0x0, 0x0, 0x0, 0x0,
    0xbf, 0xff, 0x40, 0x0, 0x0, 0x0, 0x0, 0x0,
    0xbf, 0xff, 0x51, 0x11, 0x11, 0x11, 0x11, 0x10,
    0xbf, 0xff, 0xff, 0xff, 0xff, 0xff, 0xff, 0xf3,
    0xbf, 0xff, 0xff, 0xff, 0xff, 0xff, 0xff, 0xf3,
    0xbf, 0xff, 0xff, 0xff, 0xff, 0xff, 0xff, 0xf3,

    /* U+011B "ě" */
    0x0, 0x5f, 0xfc, 0x0, 0x8, 0xff, 0xb0, 0x0,
    0x0, 0x4, 0xff, 0xc0, 0x7f, 0xf9, 0x0, 0x0,
    0x0, 0x0, 0x3e, 0xfd, 0xff, 0x80, 0x0, 0x0,
    0x0, 0x0, 0x2, 0xef, 0xf6, 0x0, 0x0, 0x0,
    0x0, 0x0, 0x0, 0x0, 0x0, 0x0, 0x0, 0x0,
    0x0, 0x0, 0x0, 0x0, 0x0, 0x0, 0x0, 0x0,
    0x0, 0x0, 0x29, 0xdf, 0xfd, 0x93, 0x0, 0x0,
    0x0, 0x7, 0xff, 0xff, 0xff, 0xff, 0x80, 0x0,
    0x0, 0x9f, 0xff, 0xff, 0xff, 0xff, 0xf8, 0x0,
    0x5, 0xff, 0xfe, 0x50, 0x16, 0xef, 0xff, 0x20,
    0xe, 0xff, 0xf2, 0x0, 0x0, 0x4f, 0xff, 0x90,
    0x3f, 0xff, 0x90, 0x0, 0x0, 0xd, 0xff, 0xd0,
    0x7f, 0xff, 0x50, 0x0, 0x0, 0xa, 0xff, 0xf0,
    0x9f, 0xff, 0xff, 0xff, 0xff, 0xff, 0xff, 0xf1,
    0xbf, 0xff, 0xff, 0xff, 0xff, 0xff, 0xff, 0xf2,
    0xaf, 0xff, 0xcc, 0xcc, 0xcc, 0xcc, 0xcc, 0xc2,
    0x9f, 0xff, 0x40, 0x0, 0x0, 0x0, 0x0, 0x0,
    0x5f, 0xff, 0x90, 0x0, 0x0, 0x0, 0x0, 0x0,
    0xf, 0xff, 0xf3, 0x0, 0x0, 0x0, 0x96, 0x0,
    0x7, 0xff, 0xff, 0x72, 0x1, 0x5c, 0xff, 0x70,
    0x0, 0xbf, 0xff, 0xff, 0xff, 0xff, 0xff, 0x50,
    0x0, 0x8, 0xff, 0xff, 0xff, 0xff, 0xe5, 0x0,
    0x0, 0x0, 0x28, 0xce, 0xfe, 0xb6, 0x10, 0x0,

    /* U+011C "Ĝ" */
    0x0, 0x0, 0x0, 0x2, 0xef, 0xf4, 0x0, 0x0,
    0x0, 0x0, 0x0, 0x0, 0x3, 0xef, 0xff, 0xf5,
    0x0, 0x0, 0x0, 0x0, 0x0, 0x4, 0xff, 0xd2,
    0xaf, 0xf6, 0x0, 0x0, 0x0, 0x0, 0x5, 0xff,
    0xc1, 0x0, 0x9f, 0xf7, 0x0, 0x0, 0x0, 0x0,
    0x0, 0x0, 0x0, 0x0, 0x0, 0x0, 0x0, 0x0,
    0x0, 0x0, 0x0, 0x0, 0x0, 0x0, 0x0, 0x0,
    0x0, 0x0, 0x0, 0x0, 0x0, 0x0, 0x0, 0x0,
    0x0, 0x0, 0x0, 0x0, 0x0, 0x16, 0xbd, 0xff,
    0xec, 0x82, 0x0, 0x0, 0x0, 0x0, 0x6e, 0xff,
    0xff, 0xff, 0xff, 0xfa, 0x0, 0x0, 0x0, 0x9f,
    0xff, 0xff, 0xff, 0xff, 0xff, 0xfc, 0x10, 0x0,
    0x6f, 0xff, 0xfb, 0x52, 0x24, 0x9f, 0xff, 0xfa,
    0x0, 0x1f, 0xff, 0xf7, 0x0, 0x0, 0x0, 0x3f,
    0xff, 0xf2, 0x8, 0xff, 0xfa, 0x0, 0x0, 0x0,
    0x0, 0x8f, 0xff, 0x70, 0xdf, 0xff, 0x30, 0x0,
    0x0, 0x0, 0x2, 0x99, 0x96, 0x1f, 0xff, 0xe0,
    0x0, 0x0, 0x0, 0x0, 0x0, 0x0, 0x3, 0xff,
    0xfb, 0x0, 0x0, 0x0, 0x0, 0x0, 0x0, 0x0,
    0x4f, 0xff, 0xa0, 0x0, 0x0, 0x0, 0x0, 0x0,
    0x0, 0x5, 0xff, 0xfa, 0x0, 0x0, 0xd, 0xff,
    0xff, 0xff, 0xfb, 0x5f, 0xff, 0xa0, 0x0, 0x0,
    0xef, 0xff, 0xff, 0xff, 0xc5, 0xff, 0xfa, 0x0,
    0x0, 0xe, 0xff, 0xff, 0xff, 0xfc, 0x3f, 0xff,
    0xc0, 0x0, 0x0, 0x0, 0x0, 0x3f, 0xff, 0xc1,
    0xff, 0xff, 0x0, 0x0, 0x0, 0x0, 0x3, 0xff,
    0xfc, 0xd, 0xff, 0xf4, 0x0, 0x0, 0x0, 0x0,
    0x3f, 0xff, 0xc0, 0x7f, 0xff, 0xd0, 0x0, 0x0,
    0x0, 0x3, 0xff, 0xfc, 0x0, 0xef, 0xff, 0xa0,
    0x0, 0x0, 0x0, 0x5f, 0xff, 0xc0, 0x5, 0xff,
    0xff, 0xd7, 0x32, 0x25, 0xaf, 0xff, 0xfb, 0x0,
    0x6, 0xff, 0xff, 0xff, 0xff, 0xff, 0xff, 0xfd,
    0x10, 0x0, 0x4, 0xdf, 0xff, 0xff, 0xff, 0xff,
    0xf9, 0x10, 0x0, 0x0, 0x0, 0x5a, 0xdf, 0xfe,
    0xda, 0x61, 0x0, 0x0,

    /* U+011D "ĝ" */
    0x0, 0x0, 0x2, 0xdf, 0xf5, 0x0, 0x0, 0x0,
    0x0, 0x0, 0x3e, 0xff, 0xff, 0x60, 0x0, 0x0,
    0x0, 0x5, 0xff, 0xd1, 0x9f, 0xf7, 0x0, 0x0,
    0x0, 0x5e, 0xeb, 0x0, 0x7, 0xee, 0x80, 0x0,
    0x0, 0x0, 0x0, 0x0, 0x0, 0x0, 0x0, 0x0,
    0x0, 0x0, 0x0, 0x0, 0x0, 0x0, 0x0, 0x0,
    0x0, 0x0, 0x7c, 0xff, 0xd8, 0x14, 0xff, 0xf3,
    0x0, 0x2e, 0xff, 0xff, 0xff, 0xf9, 0xff, 0xf3,
    0x1, 0xef, 0xff, 0xff, 0xff, 0xff, 0xff, 0xf3,
    0xa, 0xff, 0xfe, 0x61, 0x15, 0xdf, 0xff, 0xf3,
    0x1f, 0xff, 0xf2, 0x0, 0x0, 0x1d, 0xff, 0xf3,
    0x6f, 0xff, 0x90, 0x0, 0x0, 0x9, 0xff, 0xf3,
    0x9f, 0xff, 0x40, 0x0, 0x0, 0x9, 0xff, 0xf3,
    0xaf, 0xff, 0x20, 0x0, 0x0, 0x9, 0xff, 0xf3,
    0xbf, 0xff, 0x10, 0x0, 0x0, 0x9, 0xff, 0xf3,
    0xaf, 0xff, 0x10, 0x0, 0x0, 0x9, 0xff, 0xf3,
    0x8f, 0xff, 0x30, 0x0, 0x0, 0x9, 0xff, 0xf3,
    0x5f, 0xff, 0x80, 0x0, 0x0, 0x9, 0xff, 0xf3,
    0x1f, 0xff, 0xf2, 0x0, 0x0, 0x1e, 0xff, 0xf3,
    0x9, 0xff, 0xfe, 0x51, 0x15, 0xdf, 0xff, 0xf3,
    0x1, 0xef, 0xff, 0xff, 0xff, 0xff, 0xff, 0xf3,
    0x0, 0x2e, 0xff, 0xff, 0xff, 0xec, 0xff, 0xf2,
    0x0, 0x0, 0x7c, 0xff, 0xd8, 0xa, 0xff, 0xf2,
    0x0, 0x0, 0x0, 0x0, 0x0, 0xc, 0xff, 0xf0,
    0x0, 0x56, 0x0, 0x0, 0x0, 0x3f, 0xff, 0xc0,
    0x3, 0xff, 0xb4, 0x0, 0x27, 0xff, 0xff, 0x50,
    0x7, 0xff, 0xff, 0xff, 0xff, 0xff, 0xfa, 0x0,
    0x0, 0x6e, 0xff, 0xff, 0xff, 0xff, 0x90, 0x0,
    0x0, 0x1, 0x6b, 0xef, 0xec, 0x92, 0x0, 0x0,

    /* U+011E "Ğ" */
    0x0, 0x0, 0x38, 0x83, 0x0, 0x1, 0x88, 0x50,
    0x0, 0x0, 0x0, 0x4, 0xff, 0xa0, 0x0, 0x6f,
    0xf9, 0x0, 0x0, 0x0, 0x0, 0xe, 0xff, 0x83,
    0x6e, 0xff, 0x30, 0x0, 0x0, 0x0, 0x0, 0x4f,
    0xff, 0xff, 0xff, 0x80, 0x0, 0x0, 0x0, 0x0,
    0x0, 0x2a, 0xef, 0xeb, 0x40, 0x0, 0x0, 0x0,
    0x0, 0x0, 0x0, 0x0, 0x0, 0x0, 0x0, 0x0,
    0x0, 0x0, 0x0, 0x0, 0x0, 0x0, 0x0, 0x0,
    0x0, 0x0, 0x0, 0x0, 0x0, 0x16, 0xbd, 0xff,
    0xec, 0x82, 0x0, 0x0, 0x0, 0x0, 0x6e, 0xff,
    0xff, 0xff, 0xff, 0xfa, 0x0, 0x0, 0x0, 0x9f,
    0xff, 0xff, 0xff, 0xff, 0xff, 0xfc, 0x10, 0x0,
    0x6f, 0xff, 0xfb, 0x52, 0x24, 0x9f, 0xff, 0xfa,
    0x0, 0x1f, 0xff, 0xf7, 0x0, 0x0, 0x0, 0x3f,
    0xff, 0xf2, 0x8, 0xff, 0xfa, 0x0, 0x0, 0x0,
    0x0, 0x8f, 0xff, 0x70, 0xdf, 0xff, 0x30, 0x0,
    0x0, 0x0, 0x2, 0x99, 0x96, 0x1f, 0xff, 0xe0,
    0x0, 0x0, 0x0, 0x0, 0x0, 0x0, 0x3, 0xff,
    0xfb, 0x0, 0x0, 0x0, 0x0, 0x0, 0x0, 0x0,
    0x4f, 0xff, 0xa0, 0x0, 0x0, 0x0, 0x0, 0x0,
    0x0, 0x5, 0xff, 0xfa, 0x0, 0x0, 0xd, 0xff,
    0xff, 0xff, 0xfb, 0x5f, 0xff, 0xa0, 0x0, 0x0,
    0xef, 0xff, 0xff, 0xff, 0xc5, 0xff, 0xfa, 0x0,
    0x0, 0xe, 0xff, 0xff, 0xff, 0xfc, 0x3f, 0xff,
    0xc0, 0x0, 0x0, 0x0, 0x0, 0x3f, 0xff, 0xc1,
    0xff, 0xff, 0x0, 0x0, 0x0, 0x0, 0x3, 0xff,
    0xfc, 0xd, 0xff, 0xf4, 0x0, 0x0, 0x0, 0x0,
    0x3f, 0xff, 0xc0, 0x7f, 0xff, 0xd0, 0x0, 0x0,
    0x0, 0x3, 0xff, 0xfc, 0x0, 0xef, 0xff, 0xa0,
    0x0, 0x0, 0x0, 0x5f, 0xff, 0xc0, 0x5, 0xff,
    0xff, 0xd7, 0x32, 0x25, 0xaf, 0xff, 0xfb, 0x0,
    0x6, 0xff, 0xff, 0xff, 0xff, 0xff, 0xff, 0xfd,
    0x10, 0x0, 0x4, 0xdf, 0xff, 0xff, 0xff, 0xff,
    0xf9, 0x10, 0x0, 0x0, 0x0, 0x5a, 0xdf, 0xfe,
    0xda, 0x61, 0x0, 0x0,

    /* U+011F "ğ" */
    0x0, 0x4f, 0xfc, 0x20, 0x18, 0xff, 0xa0, 0x0,
    0x0, 0xd, 0xff, 0xff, 0xff, 0xff, 0x30, 0x0,
    0x0, 0x1, 0x8e, 0xff, 0xff, 0xa3, 0x0, 0x0,
    0x0, 0x0, 0x0, 0x13, 0x20, 0x0, 0x0, 0x0,
    0x0, 0x0, 0x0, 0x0, 0x0, 0x0, 0x0, 0x0,
    0x0, 0x0, 0x0, 0x0, 0x0, 0x0, 0x0, 0x0,
    0x0, 0x0, 0x7c, 0xff, 0xd8, 0x14, 0xff, 0xf3,
    0x0, 0x2e, 0xff, 0xff, 0xff, 0xf9, 0xff, 0xf3,
    0x1, 0xef, 0xff, 0xff, 0xff, 0xff, 0xff, 0xf3,
    0xa, 0xff, 0xfe, 0x61, 0x15, 0xdf, 0xff, 0xf3,
    0x1f, 0xff, 0xf2, 0x0, 0x0, 0x1d, 0xff, 0xf3,
    0x6f, 0xff, 0x90, 0x0, 0x0, 0x9, 0xff, 0xf3,
    0x9f, 0xff, 0x40, 0x0, 0x0, 0x9, 0xff, 0xf3,
    0xaf, 0xff, 0x20, 0x0, 0x0, 0x9, 0xff, 0xf3,
    0xbf, 0xff, 0x10, 0x0, 0x0, 0x9, 0xff, 0xf3,
    0xaf, 0xff, 0x10, 0x0, 0x0, 0x9, 0xff, 0xf3,
    0x8f, 0xff, 0x30, 0x0, 0x0, 0x9, 0xff, 0xf3,
    0x5f, 0xff, 0x80, 0x0, 0x0, 0x9, 0xff, 0xf3,
    0x1f, 0xff, 0xf2, 0x0, 0x0, 0x1e, 0xff, 0xf3,
    0x9, 0xff, 0xfe, 0x51, 0x15, 0xdf, 0xff, 0xf3,
    0x1, 0xef, 0xff, 0xff, 0xff, 0xff, 0xff, 0xf3,
    0x0, 0x2e, 0xff, 0xff, 0xff, 0xec, 0xff, 0xf2,
    0x0, 0x0, 0x7c, 0xff, 0xd8, 0xa, 0xff, 0xf2,
    0x0, 0x0, 0x0, 0x0, 0x0, 0xc, 0xff, 0xf0,
    0x0, 0x56, 0x0, 0x0, 0x0, 0x3f, 0xff, 0xc0,
    0x3, 0xff, 0xb4, 0x0, 0x27, 0xff, 0xff, 0x50,
    0x7, 0xff, 0xff, 0xff, 0xff, 0xff, 0xfa, 0x0,
    0x0, 0x6e, 0xff, 0xff, 0xff, 0xff, 0x90, 0x0,
    0x0, 0x1, 0x6b, 0xef, 0xec, 0x92, 0x0, 0x0,

    /* U+0120 "Ġ" */
    0x0, 0x0, 0x0, 0x0, 0x7c, 0x90, 0x0, 0x0,
    0x0, 0x0, 0x0, 0x0, 0x0, 0x4f, 0xff, 0x80,
    0x0, 0x0, 0x0, 0x0, 0x0, 0x0, 0x5, 0xff,
    0xf9, 0x0, 0x0, 0x0, 0x0, 0x0, 0x0, 0x0,
    0xb, 0xfc, 0x20, 0x0, 0x0, 0x0, 0x0, 0x0,
    0x0, 0x0, 0x0, 0x0, 0x0, 0x0, 0x0, 0x0,
    0x0, 0x0, 0x0, 0x0, 0x0, 0x0, 0x0, 0x0,
    0x0, 0x0, 0x0, 0x0, 0x0, 0x0, 0x0, 0x0,
    0x0, 0x0, 0x0, 0x0, 0x0, 0x16, 0xbd, 0xff,
    0xec, 0x82, 0x0, 0x0, 0x0, 0x0, 0x6e, 0xff,
    0xff, 0xff, 0xff, 0xfa, 0x0, 0x0, 0x0, 0x9f,
    0xff, 0xff, 0xff, 0xff, 0xff, 0xfc, 0x10, 0x0,
    0x6f, 0xff, 0xfb, 0x52, 0x24, 0x9f, 0xff, 0xfa,
    0x0, 0x1f, 0xff, 0xf7, 0x0, 0x0, 0x0, 0x3f,
    0xff, 0xf2, 0x8, 0xff, 0xfa, 0x0, 0x0, 0x0,
    0x0, 0x8f, 0xff, 0x70, 0xdf, 0xff, 0x30, 0x0,
    0x0, 0x0, 0x2, 0x99, 0x96, 0x1f, 0xff, 0xe0,
    0x0, 0x0, 0x0, 0x0, 0x0, 0x0, 0x3, 0xff,
    0xfb, 0x0, 0x0, 0x0, 0x0, 0x0, 0x0, 0x0,
    0x4f, 0xff, 0xa0, 0x0, 0x0, 0x0, 0x0, 0x0,
    0x0, 0x5, 0xff, 0xfa, 0x0, 0x0, 0xd, 0xff,
    0xff, 0xff, 0xfb, 0x5f, 0xff, 0xa0, 0x0, 0x0,
    0xef, 0xff, 0xff, 0xff, 0xc5, 0xff, 0xfa, 0x0,
    0x0, 0xe, 0xff, 0xff, 0xff, 0xfc, 0x3f, 0xff,
    0xc0, 0x0, 0x0, 0x0, 0x0, 0x3f, 0xff, 0xc1,
    0xff, 0xff, 0x0, 0x0, 0x0, 0x0, 0x3, 0xff,
    0xfc, 0xd, 0xff, 0xf4, 0x0, 0x0, 0x0, 0x0,
    0x3f, 0xff, 0xc0, 0x7f, 0xff, 0xd0, 0x0, 0x0,
    0x0, 0x3, 0xff, 0xfc, 0x0, 0xef, 0xff, 0xa0,
    0x0, 0x0, 0x0, 0x5f, 0xff, 0xc0, 0x5, 0xff,
    0xff, 0xd7, 0x32, 0x25, 0xaf, 0xff, 0xfb, 0x0,
    0x6, 0xff, 0xff, 0xff, 0xff, 0xff, 0xff, 0xfd,
    0x10, 0x0, 0x4, 0xdf, 0xff, 0xff, 0xff, 0xff,
    0xf9, 0x10, 0x0, 0x0, 0x0, 0x5a, 0xdf, 0xfe,
    0xda, 0x61, 0x0, 0x0,

    /* U+0121 "ġ" */
    0x0, 0x0, 0x0, 0xaf, 0xd2, 0x0, 0x0, 0x0,
    0x0, 0x0, 0x4, 0xff, 0xf9, 0x0, 0x0, 0x0,
    0x0, 0x0, 0x4, 0xff, 0xf9, 0x0, 0x0, 0x0,
    0x0, 0x0, 0x0, 0x7c, 0x91, 0x0, 0x0, 0x0,
    0x0, 0x0, 0x0, 0x0, 0x0, 0x0, 0x0, 0x0,
    0x0, 0x0, 0x0, 0x0, 0x0, 0x0, 0x0, 0x0,
    0x0, 0x0, 0x7c, 0xff, 0xd8, 0x14, 0xff, 0xf3,
    0x0, 0x2e, 0xff, 0xff, 0xff, 0xf9, 0xff, 0xf3,
    0x1, 0xef, 0xff, 0xff, 0xff, 0xff, 0xff, 0xf3,
    0xa, 0xff, 0xfe, 0x61, 0x15, 0xdf, 0xff, 0xf3,
    0x1f, 0xff, 0xf2, 0x0, 0x0, 0x1d, 0xff, 0xf3,
    0x6f, 0xff, 0x90, 0x0, 0x0, 0x9, 0xff, 0xf3,
    0x9f, 0xff, 0x40, 0x0, 0x0, 0x9, 0xff, 0xf3,
    0xaf, 0xff, 0x20, 0x0, 0x0, 0x9, 0xff, 0xf3,
    0xbf, 0xff, 0x10, 0x0, 0x0, 0x9, 0xff, 0xf3,
    0xaf, 0xff, 0x10, 0x0, 0x0, 0x9, 0xff, 0xf3,
    0x8f, 0xff, 0x30, 0x0, 0x0, 0x9, 0xff, 0xf3,
    0x5f, 0xff, 0x80, 0x0, 0x0, 0x9, 0xff, 0xf3,
    0x1f, 0xff, 0xf2, 0x0, 0x0, 0x1e, 0xff, 0xf3,
    0x9, 0xff, 0xfe, 0x51, 0x15, 0xdf, 0xff, 0xf3,
    0x1, 0xef, 0xff, 0xff, 0xff, 0xff, 0xff, 0xf3,
    0x0, 0x2e, 0xff, 0xff, 0xff, 0xec, 0xff, 0xf2,
    0x0, 0x0, 0x7c, 0xff, 0xd8, 0xa, 0xff, 0xf2,
    0x0, 0x0, 0x0, 0x0, 0x0, 0xc, 0xff, 0xf0,
    0x0, 0x56, 0x0, 0x0, 0x0, 0x3f, 0xff, 0xc0,
    0x3, 0xff, 0xb4, 0x0, 0x27, 0xff, 0xff, 0x50,
    0x7, 0xff, 0xff, 0xff, 0xff, 0xff, 0xfa, 0x0,
    0x0, 0x6e, 0xff, 0xff, 0xff, 0xff, 0x90, 0x0,
    0x0, 0x1, 0x6b, 0xef, 0xec, 0x92, 0x0, 0x0,

    /* U+0122 "Ģ" */
    0x0, 0x0, 0x1, 0x6b, 0xdf, 0xfe, 0xc8, 0x20,
    0x0, 0x0, 0x0, 0x6, 0xef, 0xff, 0xff, 0xff,
    0xff, 0xa0, 0x0, 0x0, 0x9, 0xff, 0xff, 0xff,
    0xff, 0xff, 0xff, 0xc1, 0x0, 0x6, 0xff, 0xff,
    0xb5, 0x22, 0x49, 0xff, 0xff, 0xa0, 0x1, 0xff,
    0xff, 0x70, 0x0, 0x0, 0x3, 0xff, 0xff, 0x20,
    0x8f, 0xff, 0xa0, 0x0, 0x0, 0x0, 0x8, 0xff,
    0xf7, 0xd, 0xff, 0xf3, 0x0, 0x0, 0x0, 0x0,
    0x29, 0x99, 0x61, 0xff, 0xfe, 0x0, 0x0, 0x0,
    0x0, 0x0, 0x0, 0x0, 0x3f, 0xff, 0xb0, 0x0,
    0x0, 0x0, 0x0, 0x0, 0x0, 0x4, 0xff, 0xfa,
    0x0, 0x0, 0x0, 0x0, 0x0, 0x0, 0x0, 0x5f,
    0xff, 0xa0, 0x0, 0x0, 0xdf, 0xff, 0xff, 0xff,
    0xb5, 0xff, 0xfa, 0x0, 0x0, 0xe, 0xff, 0xff,
    0xff, 0xfc, 0x5f, 0xff, 0xa0, 0x0, 0x0, 0xef,
    0xff, 0xff, 0xff, 0xc3, 0xff, 0xfc, 0x0, 0x0,
    0x0, 0x0, 0x3, 0xff, 0xfc, 0x1f, 0xff, 0xf0,
    0x0, 0x0, 0x0, 0x0, 0x3f, 0xff, 0xc0, 0xdf,
    0xff, 0x40, 0x0, 0x0, 0x0, 0x3, 0xff, 0xfc,
    0x7, 0xff, 0xfd, 0x0, 0x0, 0x0, 0x0, 0x3f,
    0xff, 0xc0, 0xe, 0xff, 0xfa, 0x0, 0x0, 0x0,
    0x5, 0xff, 0xfc, 0x0, 0x5f, 0xff, 0xfd, 0x73,
    0x22, 0x5a, 0xff, 0xff, 0xb0, 0x0, 0x6f, 0xff,
    0xff, 0xff, 0xff, 0xff, 0xff, 0xd1, 0x0, 0x0,
    0x4d, 0xff, 0xff, 0xff, 0xff, 0xff, 0x91, 0x0,
    0x0, 0x0, 0x5, 0xad, 0xff, 0xed, 0xa6, 0x10,
    0x0, 0x0, 0x0, 0x0, 0x0, 0x0, 0x0, 0x0,
    0x0, 0x0, 0x0, 0x0, 0x0, 0x0, 0x6, 0x88,
    0x20, 0x0, 0x0, 0x0, 0x0, 0x0, 0x0, 0x0,
    0xdf, 0xf5, 0x0, 0x0, 0x0, 0x0, 0x0, 0x0,
    0x0, 0xd, 0xff, 0x30, 0x0, 0x0, 0x0, 0x0,
    0x0, 0x0, 0x0, 0xff, 0xf0, 0x0, 0x0, 0x0,
    0x0, 0x0, 0x0, 0x0, 0x6f, 0xfa, 0x0, 0x0,
    0x0, 0x0, 0x0, 0x0, 0x0, 0xc, 0xff, 0x20,
    0x0, 0x0, 0x0, 0x0, 0x0, 0x0, 0x0, 0x19,
    0x50, 0x0, 0x0, 0x0, 0x0,

    /* U+0123 "ģ" */
    0x0, 0x0, 0x0, 0x4, 0xb2, 0x0, 0x0, 0x0,
    0x0, 0x0, 0x0, 0x1e, 0xff, 0x10, 0x0, 0x0,
    0x0, 0x0, 0x0, 0x8f, 0xfc, 0x0, 0x0, 0x0,
    0x0, 0x0, 0x0, 0xdf, 0xf7, 0x0, 0x0, 0x0,
    0x0, 0x0, 0x0, 0xff, 0xf4, 0x0, 0x0, 0x0,
    0x0, 0x0, 0x1, 0xff, 0xf3, 0x0, 0x0, 0x0,
    0x0, 0x0, 0x1, 0xff, 0xf3, 0x0, 0x0, 0x0,
    0x0, 0x0, 0x0, 0x0, 0x0, 0x0, 0x0, 0x0,
    0x0, 0x0, 0x0, 0x0, 0x0, 0x0, 0x0, 0x0,
    0x0, 0x0, 0x0, 0x0, 0x0, 0x0, 0x0, 0x0,
    0x0, 0x0, 0x7c, 0xff, 0xd8, 0x14, 0xff, 0xf3,
    0x0, 0x2e, 0xff, 0xff, 0xff, 0xf9, 0xff, 0xf3,
    0x1, 0xef, 0xff, 0xff, 0xff, 0xff, 0xff, 0xf3,
    0xa, 0xff, 0xfe, 0x61, 0x15, 0xdf, 0xff, 0xf3,
    0x1f, 0xff, 0xf2, 0x0, 0x0, 0x1d, 0xff, 0xf3,
    0x6f, 0xff, 0x90, 0x0, 0x0, 0x9, 0xff, 0xf3,
    0x9f, 0xff, 0x40, 0x0, 0x0, 0x9, 0xff, 0xf3,
    0xaf, 0xff, 0x20, 0x0, 0x0, 0x9, 0xff, 0xf3,
    0xbf, 0xff, 0x10, 0x0, 0x0, 0x9, 0xff, 0xf3,
    0xaf, 0xff, 0x10, 0x0, 0x0, 0x9, 0xff, 0xf3,
    0x8f, 0xff, 0x30, 0x0, 0x0, 0x9, 0xff, 0xf3,
    0x5f, 0xff, 0x80, 0x0, 0x0, 0x9, 0xff, 0xf3,
    0x1f, 0xff, 0xf2, 0x0, 0x0, 0x1e, 0xff, 0xf3,
    0x9, 0xff, 0xfe, 0x51, 0x15, 0xdf, 0xff, 0xf3,
    0x1, 0xef, 0xff, 0xff, 0xff, 0xff, 0xff, 0xf3,
    0x0, 0x2e, 0xff, 0xff, 0xff, 0xec, 0xff, 0xf2,
    0x0, 0x0, 0x7c, 0xff, 0xd8, 0xa, 0xff, 0xf2,
    0x0, 0x0, 0x0, 0x0, 0x0, 0xc, 0xff, 0xf0,
    0x0, 0x56, 0x0, 0x0, 0x0, 0x3f, 0xff, 0xc0,
    0x3, 0xff, 0xb4, 0x0, 0x27, 0xff, 0xff, 0x50,
    0x7, 0xff, 0xff, 0xff, 0xff, 0xff, 0xfa, 0x0,
    0x0, 0x6e, 0xff, 0xff, 0xff, 0xff, 0x90, 0x0,
    0x0, 0x1, 0x6b, 0xef, 0xec, 0x92, 0x0, 0x0,

    /* U+0124 "Ĥ" */
    0x0, 0x0, 0x0, 0x1, 0x78, 0x40, 0x0, 0x0,
    0x0, 0x0, 0x0, 0x0, 0x1, 0xdf, 0xff, 0x40,
    0x0, 0x0, 0x0, 0x0, 0x0, 0x1, 0xdf, 0xfd,
    0xff, 0x30, 0x0, 0x0, 0x0, 0x0, 0x1, 0xcf,
    0xf5, 0x1d, 0xff, 0x30, 0x0, 0x0, 0x0, 0x0,
    0xcf, 0xf5, 0x0, 0x1d, 0xfe, 0x20, 0x0, 0x0,
    0x0, 0x0, 0x0, 0x0, 0x0, 0x0, 0x0, 0x0,
    0x0, 0x0, 0x0, 0x0, 0x0, 0x0, 0x0, 0x0,
    0x0, 0x0, 0xb, 0xff, 0xf4, 0x0, 0x0, 0x0,
    0x0, 0x9, 0xff, 0xf6, 0xbf, 0xff, 0x40, 0x0,
    0x0, 0x0, 0x0, 0x9f, 0xff, 0x6b, 0xff, 0xf4,
    0x0, 0x0, 0x0, 0x0, 0x9, 0xff, 0xf6, 0xbf,
    0xff, 0x40, 0x0, 0x0, 0x0, 0x0, 0x9f, 0xff,
    0x6b, 0xff, 0xf4, 0x0, 0x0, 0x0, 0x0, 0x9,
    0xff, 0xf6, 0xbf, 0xff, 0x40, 0x0, 0x0, 0x0,
    0x0, 0x9f, 0xff, 0x6b, 0xff, 0xf4, 0x0, 0x0,
    0x0, 0x0, 0x9, 0xff, 0xf6, 0xbf, 0xff, 0x40,
    0x0, 0x0, 0x0, 0x0, 0x9f, 0xff, 0x6b, 0xff,
    0xf5, 0x22, 0x22, 0x22, 0x22, 0x29, 0xff, 0xf6,
    0xbf, 0xff, 0xff, 0xff, 0xff, 0xff, 0xff, 0xff,
    0xff, 0x6b, 0xff, 0xff, 0xff, 0xff, 0xff, 0xff,
    0xff, 0xff, 0xf6, 0xbf, 0xff, 0xff, 0xff, 0xff,
    0xff, 0xff, 0xff, 0xff, 0x6b, 0xff, 0xf4, 0x0,
    0x0, 0x0, 0x0, 0x9, 0xff, 0xf6, 0xbf, 0xff,
    0x40, 0x0, 0x0, 0x0, 0x0, 0x9f, 0xff, 0x6b,
    0xff, 0xf4, 0x0, 0x0, 0x0, 0x0, 0x9, 0xff,
    0xf6, 0xbf, 0xff, 0x40, 0x0, 0x0, 0x0, 0x0,
    0x9f, 0xff, 0x6b, 0xff, 0xf4, 0x0, 0x0, 0x0,
    0x0, 0x9, 0xff, 0xf6, 0xbf, 0xff, 0x40, 0x0,
    0x0, 0x0, 0x0, 0x9f, 0xff, 0x6b, 0xff, 0xf4,
    0x0, 0x0, 0x0, 0x0, 0x9, 0xff, 0xf6, 0xbf,
    0xff, 0x40, 0x0, 0x0, 0x0, 0x0, 0x9f, 0xff,
    0x6b, 0xff, 0xf4, 0x0, 0x0, 0x0, 0x0, 0x9,
    0xff, 0xf6, 0xbf, 0xff, 0x40, 0x0, 0x0, 0x0,
    0x0, 0x9f, 0xff, 0x60,

    /* U+0125 "ĥ" */
    0x0, 0x0, 0x9, 0xff, 0x90, 0x0, 0x0, 0x0,
    0x0, 0x9, 0xff, 0xff, 0x80, 0x0, 0x0, 0x0,
    0x8, 0xff, 0xa9, 0xff, 0x80, 0x0, 0x0, 0x8,
    0xff, 0xa0, 0x9, 0xff, 0x70, 0x0, 0x1, 0x88,
    0x70, 0x0, 0x6, 0x87, 0x10, 0x0, 0x0, 0x0,
    0x0, 0x0, 0x0, 0x0, 0x0, 0x1f, 0xff, 0xb0,
    0x0, 0x0, 0x0, 0x0, 0x1, 0xff, 0xfb, 0x0,
    0x0, 0x0, 0x0, 0x0, 0x1f, 0xff, 0xb0, 0x0,
    0x0, 0x0, 0x0, 0x1, 0xff, 0xfb, 0x0, 0x0,
    0x0, 0x0, 0x0, 0x1f, 0xff, 0xb0, 0x0, 0x0,
    0x0, 0x0, 0x1, 0xff, 0xfb, 0x0, 0x0, 0x0,
    0x0, 0x0, 0x1f, 0xff, 0xb0, 0x4b, 0xef, 0xea,
    0x30, 0x1, 0xff, 0xfb, 0x9f, 0xff, 0xff, 0xff,
    0x60, 0x1f, 0xff, 0xff, 0xff, 0xff, 0xff, 0xff,
    0x11, 0xff, 0xff, 0xe6, 0x21, 0x5e, 0xff, 0xf7,
    0x1f, 0xff, 0xf2, 0x0, 0x0, 0x3f, 0xff, 0xb1,
    0xff, 0xfb, 0x0, 0x0, 0x0, 0xff, 0xfd, 0x1f,
    0xff, 0xb0, 0x0, 0x0, 0xe, 0xff, 0xd1, 0xff,
    0xfb, 0x0, 0x0, 0x0, 0xef, 0xfe, 0x1f, 0xff,
    0xb0, 0x0, 0x0, 0xe, 0xff, 0xe1, 0xff, 0xfb,
    0x0, 0x0, 0x0, 0xef, 0xfe, 0x1f, 0xff, 0xb0,
    0x0, 0x0, 0xe, 0xff, 0xe1, 0xff, 0xfb, 0x0,
    0x0, 0x0, 0xef, 0xfe, 0x1f, 0xff, 0xb0, 0x0,
    0x0, 0xe, 0xff, 0xe1, 0xff, 0xfb, 0x0, 0x0,
    0x0, 0xef, 0xfe, 0x1f, 0xff, 0xb0, 0x0, 0x0,
    0xe, 0xff, 0xe1, 0xff, 0xfb, 0x0, 0x0, 0x0,
    0xef, 0xfe, 0x1f, 0xff, 0xb0, 0x0, 0x0, 0xe,
    0xff, 0xe0,

    /* U+0126 "Ħ" */
    0x0, 0x9f, 0xff, 0x50, 0x0, 0x0, 0x0, 0x0,
    0x7f, 0xff, 0x70, 0x0, 0x9, 0xff, 0xf5, 0x0,
    0x0, 0x0, 0x0, 0x7, 0xff, 0xf7, 0x0, 0x0,
    0x9f, 0xff, 0x50, 0x0, 0x0, 0x0, 0x0, 0x7f,
    0xff, 0x70, 0x4, 0x8c, 0xff, 0xfa, 0x88, 0x88,
    0x88, 0x88, 0x8b, 0xff, 0xfb, 0x83, 0x8f, 0xff,
    0xff, 0xff, 0xff, 0xff, 0xff, 0xff, 0xff, 0xff,
    0xff, 0x78, 0xff, 0xff, 0xff, 0xff, 0xff, 0xff,
    0xff, 0xff, 0xff, 0xff, 0xf7, 0x0, 0x9f, 0xff,
    0x50, 0x0, 0x0, 0x0, 0x0, 0x7f, 0xff, 0x70,
    0x0, 0x9, 0xff, 0xf5, 0x0, 0x0, 0x0, 0x0,
    0x7, 0xff, 0xf7, 0x0, 0x0, 0x9f, 0xff, 0x72,
    0x22, 0x22, 0x22, 0x22, 0x8f, 0xff, 0x70, 0x0,
    0x9, 0xff, 0xff, 0xff, 0xff, 0xff, 0xff, 0xff,
    0xff, 0xf7, 0x0, 0x0, 0x9f, 0xff, 0xff, 0xff,
    0xff, 0xff, 0xff, 0xff, 0xff, 0x70, 0x0, 0x9,
    0xff, 0xff, 0xff, 0xff, 0xff, 0xff, 0xff, 0xff,
    0xf7, 0x0, 0x0, 0x9f, 0xff, 0x50, 0x0, 0x0,
    0x0, 0x0, 0x7f, 0xff, 0x70, 0x0, 0x9, 0xff,
    0xf5, 0x0, 0x0, 0x0, 0x0, 0x7, 0xff, 0xf7,
    0x0, 0x0, 0x9f, 0xff, 0x50, 0x0, 0x0, 0x0,
    0x0, 0x7f, 0xff, 0x70, 0x0, 0x9, 0xff, 0xf5,
    0x0, 0x0, 0x0, 0x0, 0x7, 0xff, 0xf7, 0x0,
    0x0, 0x9f, 0xff, 0x50, 0x0, 0x0, 0x0, 0x0,
    0x7f, 0xff, 0x70, 0x0, 0x9, 0xff, 0xf5, 0x0,
    0x0, 0x0, 0x0, 0x7, 0xff, 0xf7, 0x0, 0x0,
    0x9f, 0xff, 0x50, 0x0, 0x0, 0x0, 0x0, 0x7f,
    0xff, 0x70, 0x0, 0x9, 0xff, 0xf5, 0x0, 0x0,
    0x0, 0x0, 0x7, 0xff, 0xf7, 0x0, 0x0, 0x9f,
    0xff, 0x50, 0x0, 0x0, 0x0, 0x0, 0x7f, 0xff,
    0x70, 0x0, 0x9, 0xff, 0xf5, 0x0, 0x0, 0x0,
    0x0, 0x7, 0xff, 0xf7, 0x0,

    /* U+0127 "ħ" */
    0x0, 0xa, 0xff, 0xf2, 0x0, 0x0, 0x0, 0x0,
    0x0, 0x6a, 0xad, 0xff, 0xfa, 0xaa, 0x70, 0x0,
    0x0, 0x0, 0xbf, 0xff, 0xff, 0xff, 0xff, 0xc0,
    0x0, 0x0, 0x0, 0xbf, 0xff, 0xff, 0xff, 0xff,
    0xc0, 0x0, 0x0, 0x0, 0x0, 0xa, 0xff, 0xf2,
    0x0, 0x0, 0x0, 0x0, 0x0, 0x0, 0xa, 0xff,
    0xf2, 0x0, 0x0, 0x0, 0x0, 0x0, 0x0, 0xa,
    0xff, 0xf2, 0x18, 0xdf, 0xfc, 0x70, 0x0, 0x0,
    0xa, 0xff, 0xf6, 0xef, 0xff, 0xff, 0xfc, 0x0,
    0x0, 0xa, 0xff, 0xff, 0xff, 0xff, 0xff, 0xff,
    0x80, 0x0, 0xa, 0xff, 0xff, 0xa3, 0x13, 0xaf,
    0xff, 0xf0, 0x0, 0xa, 0xff, 0xf9, 0x0, 0x0,
    0xc, 0xff, 0xf3, 0x0, 0xa, 0xff, 0xf2, 0x0,
    0x0, 0x8, 0xff, 0xf4, 0x0, 0xa, 0xff, 0xf2,
    0x0, 0x0, 0x7, 0xff, 0xf5, 0x0, 0xa, 0xff,
    0xf2, 0x0, 0x0, 0x7, 0xff, 0xf5, 0x0, 0xa,
    0xff, 0xf2, 0x0, 0x0, 0x7, 0xff, 0xf5, 0x0,
    0xa, 0xff, 0xf2, 0x0, 0x0, 0x7, 0xff, 0xf5,
    0x0, 0xa, 0xff, 0xf2, 0x0, 0x0, 0x7, 0xff,
    0xf5, 0x0, 0xa, 0xff, 0xf2, 0x0, 0x0, 0x7,
    0xff, 0xf5, 0x0, 0xa, 0xff, 0xf2, 0x0, 0x0,
    0x7, 0xff, 0xf5, 0x0, 0xa, 0xff, 0xf2, 0x0,
    0x0, 0x7, 0xff, 0xf5, 0x0, 0xa, 0xff, 0xf2,
    0x0, 0x0, 0x7, 0xff, 0xf5, 0x0, 0xa, 0xff,
    0xf2, 0x0, 0x0, 0x7, 0xff, 0xf5, 0x0, 0xa,
    0xff, 0xf2, 0x0, 0x0, 0x7, 0xff, 0xf5,

    /* U+0128 "Ĩ" */
    0x0, 0x0, 0x0, 0x0, 0x0, 0x21, 0x0, 0x8,
    0xef, 0xc7, 0x20, 0x7f, 0xf2, 0x8, 0xff, 0xff,
    0xff, 0xff, 0xfd, 0x0, 0xff, 0xd9, 0xbf, 0xff,
    0xff, 0x30, 0x18, 0x81, 0x0, 0x15, 0x87, 0x10,
    0x0, 0x0, 0x0, 0x0, 0x0, 0x0, 0x0, 0x0,
    0x0, 0x0, 0x0, 0x0, 0x0, 0x0, 0x0, 0x7,
    0xff, 0xf7, 0x0, 0x0, 0x0, 0x0, 0x7f, 0xff,
    0x70, 0x0, 0x0, 0x0, 0x7, 0xff, 0xf7, 0x0,
    0x0, 0x0, 0x0, 0x7f, 0xff, 0x70, 0x0, 0x0,
    0x0, 0x7, 0xff, 0xf7, 0x0, 0x0, 0x0, 0x0,
    0x7f, 0xff, 0x70, 0x0, 0x0, 0x0, 0x7, 0xff,
    0xf7, 0x0, 0x0, 0x0, 0x0, 0x7f, 0xff, 0x70,
    0x0, 0x0, 0x0, 0x7, 0xff, 0xf7, 0x0, 0x0,
    0x0, 0x0, 0x7f, 0xff, 0x70, 0x0, 0x0, 0x0,
    0x7, 0xff, 0xf7, 0x0, 0x0, 0x0, 0x0, 0x7f,
    0xff, 0x70, 0x0, 0x0, 0x0, 0x7, 0xff, 0xf7,
    0x0, 0x0, 0x0, 0x0, 0x7f, 0xff, 0x70, 0x0,
    0x0, 0x0, 0x7, 0xff, 0xf7, 0x0, 0x0, 0x0,
    0x0, 0x7f, 0xff, 0x70, 0x0, 0x0, 0x0, 0x7,
    0xff, 0xf7, 0x0, 0x0, 0x0, 0x0, 0x7f, 0xff,
    0x70, 0x0, 0x0, 0x0, 0x7, 0xff, 0xf7, 0x0,
    0x0, 0x0, 0x0, 0x7f, 0xff, 0x70, 0x0, 0x0,
    0x0, 0x7, 0xff, 0xf7, 0x0, 0x0, 0x0, 0x0,
    0x7f, 0xff, 0x70, 0x0, 0x0,

    /* U+0129 "ĩ" */
    0x0, 0x0, 0x0, 0x0, 0x1, 0x21, 0x1, 0xaf,
    0xeb, 0x51, 0x1b, 0xfd, 0xd, 0xff, 0xff, 0xff,
    0xff, 0xf9, 0x5f, 0xfb, 0x9c, 0xff, 0xff, 0xd0,
    0x38, 0x70, 0x0, 0x26, 0x85, 0x0, 0x0, 0x0,
    0x0, 0x0, 0x0, 0x0, 0x0, 0x0, 0x0, 0x0,
    0x0, 0x0, 0x0, 0x0, 0xcf, 0xff, 0x0, 0x0,
    0x0, 0x0, 0xcf, 0xff, 0x0, 0x0, 0x0, 0x0,
    0xcf, 0xff, 0x0, 0x0, 0x0, 0x0, 0xcf, 0xff,
    0x0, 0x0, 0x0, 0x0, 0xcf, 0xff, 0x0, 0x0,
    0x0, 0x0, 0xcf, 0xff, 0x0, 0x0, 0x0, 0x0,
    0xcf, 0xff, 0x0, 0x0, 0x0, 0x0, 0xcf, 0xff,
    0x0, 0x0, 0x0, 0x0, 0xcf, 0xff, 0x0, 0x0,
    0x0, 0x0, 0xcf, 0xff, 0x0, 0x0, 0x0, 0x0,
    0xcf, 0xff, 0x0, 0x0, 0x0, 0x0, 0xcf, 0xff,
    0x0, 0x0, 0x0, 0x0, 0xcf, 0xff, 0x0, 0x0,
    0x0, 0x0, 0xcf, 0xff, 0x0, 0x0, 0x0, 0x0,
    0xcf, 0xff, 0x0, 0x0, 0x0, 0x0, 0xcf, 0xff,
    0x0, 0x0, 0x0, 0x0, 0xcf, 0xff, 0x0, 0x0,

    /* U+012A "Ī" */
    0x7, 0x77, 0x77, 0x77, 0x77, 0x77, 0x11, 0xff,
    0xff, 0xff, 0xff, 0xff, 0xf4, 0x1f, 0xff, 0xff,
    0xff, 0xff, 0xff, 0x40, 0x0, 0x0, 0x0, 0x0,
    0x0, 0x0, 0x0, 0x0, 0x0, 0x0, 0x0, 0x0,
    0x0, 0x0, 0x0, 0x0, 0x0, 0x0, 0x0, 0x0,
    0x0, 0x7f, 0xff, 0x70, 0x0, 0x0, 0x0, 0x7,
    0xff, 0xf7, 0x0, 0x0, 0x0, 0x0, 0x7f, 0xff,
    0x70, 0x0, 0x0, 0x0, 0x7, 0xff, 0xf7, 0x0,
    0x0, 0x0, 0x0, 0x7f, 0xff, 0x70, 0x0, 0x0,
    0x0, 0x7, 0xff, 0xf7, 0x0, 0x0, 0x0, 0x0,
    0x7f, 0xff, 0x70, 0x0, 0x0, 0x0, 0x7, 0xff,
    0xf7, 0x0, 0x0, 0x0, 0x0, 0x7f, 0xff, 0x70,
    0x0, 0x0, 0x0, 0x7, 0xff, 0xf7, 0x0, 0x0,
    0x0, 0x0, 0x7f, 0xff, 0x70, 0x0, 0x0, 0x0,
    0x7, 0xff, 0xf7, 0x0, 0x0, 0x0, 0x0, 0x7f,
    0xff, 0x70, 0x0, 0x0, 0x0, 0x7, 0xff, 0xf7,
    0x0, 0x0, 0x0, 0x0, 0x7f, 0xff, 0x70, 0x0,
    0x0, 0x0, 0x7, 0xff, 0xf7, 0x0, 0x0, 0x0,
    0x0, 0x7f, 0xff, 0x70, 0x0, 0x0, 0x0, 0x7,
    0xff, 0xf7, 0x0, 0x0, 0x0, 0x0, 0x7f, 0xff,
    0x70, 0x0, 0x0, 0x0, 0x7, 0xff, 0xf7, 0x0,
    0x0, 0x0, 0x0, 0x7f, 0xff, 0x70, 0x0, 0x0,
    0x0, 0x7, 0xff, 0xf7, 0x0, 0x0,

    /* U+012B "ī" */
    0x6f, 0xff, 0xff, 0xff, 0xff, 0xff, 0x6f, 0xff,
    0xff, 0xff, 0xff, 0xff, 0x27, 0x77, 0x77, 0x77,
    0x77, 0x76, 0x0, 0x0, 0x0, 0x0, 0x0, 0x0,
    0x0, 0x0, 0x0, 0x0, 0x0, 0x0, 0x0, 0x0,
    0xcf, 0xff, 0x0, 0x0, 0x0, 0x0, 0xcf, 0xff,
    0x0, 0x0, 0x0, 0x0, 0xcf, 0xff, 0x0, 0x0,
    0x0, 0x0, 0xcf, 0xff, 0x0, 0x0, 0x0, 0x0,
    0xcf, 0xff, 0x0, 0x0, 0x0, 0x0, 0xcf, 0xff,
    0x0, 0x0, 0x0, 0x0, 0xcf, 0xff, 0x0, 0x0,
    0x0, 0x0, 0xcf, 0xff, 0x0, 0x0, 0x0, 0x0,
    0xcf, 0xff, 0x0, 0x0, 0x0, 0x0, 0xcf, 0xff,
    0x0, 0x0, 0x0, 0x0, 0xcf, 0xff, 0x0, 0x0,
    0x0, 0x0, 0xcf, 0xff, 0x0, 0x0, 0x0, 0x0,
    0xcf, 0xff, 0x0, 0x0, 0x0, 0x0, 0xcf, 0xff,
    0x0, 0x0, 0x0, 0x0, 0xcf, 0xff, 0x0, 0x0,
    0x0, 0x0, 0xcf, 0xff, 0x0, 0x0, 0x0, 0x0,
    0xcf, 0xff, 0x0, 0x0,

    /* U+012C "Ĭ" */
    0x7f, 0xf6, 0x0, 0x5, 0xff, 0x83, 0xff, 0xd3,
    0x3, 0xdf, 0xf4, 0xa, 0xff, 0xff, 0xff, 0xfb,
    0x0, 0x7, 0xef, 0xff, 0xe8, 0x0, 0x0, 0x0,
    0x23, 0x20, 0x0, 0x0, 0x0, 0x0, 0x0, 0x0,
    0x0, 0x0, 0x7, 0xff, 0xf7, 0x0, 0x0, 0x0,
    0x7f, 0xff, 0x70, 0x0, 0x0, 0x7, 0xff, 0xf7,
    0x0, 0x0, 0x0, 0x7f, 0xff, 0x70, 0x0, 0x0,
    0x7, 0xff, 0xf7, 0x0, 0x0, 0x0, 0x7f, 0xff,
    0x70, 0x0, 0x0, 0x7, 0xff, 0xf7, 0x0, 0x0,
    0x0, 0x7f, 0xff, 0x70, 0x0, 0x0, 0x7, 0xff,
    0xf7, 0x0, 0x0, 0x0, 0x7f, 0xff, 0x70, 0x0,
    0x0, 0x7, 0xff, 0xf7, 0x0, 0x0, 0x0, 0x7f,
    0xff, 0x70, 0x0, 0x0, 0x7, 0xff, 0xf7, 0x0,
    0x0, 0x0, 0x7f, 0xff, 0x70, 0x0, 0x0, 0x7,
    0xff, 0xf7, 0x0, 0x0, 0x0, 0x7f, 0xff, 0x70,
    0x0, 0x0, 0x7, 0xff, 0xf7, 0x0, 0x0, 0x0,
    0x7f, 0xff, 0x70, 0x0, 0x0, 0x7, 0xff, 0xf7,
    0x0, 0x0, 0x0, 0x7f, 0xff, 0x70, 0x0, 0x0,
    0x7, 0xff, 0xf7, 0x0, 0x0, 0x0, 0x7f, 0xff,
    0x70, 0x0,

    /* U+012D "ĭ" */
    0xcf, 0xf1, 0x0, 0xa, 0xff, 0x38, 0xff, 0xa1,
    0x5, 0xff, 0xf0, 0x1e, 0xff, 0xff, 0xff, 0xf6,
    0x0, 0x1a, 0xff, 0xff, 0xd5, 0x0, 0x0, 0x0,
    0x23, 0x10, 0x0, 0x0, 0x0, 0x0, 0x0, 0x0,
    0x0, 0x0, 0xc, 0xff, 0xf0, 0x0, 0x0, 0x0,
    0xcf, 0xff, 0x0, 0x0, 0x0, 0xc, 0xff, 0xf0,
    0x0, 0x0, 0x0, 0xcf, 0xff, 0x0, 0x0, 0x0,
    0xc, 0xff, 0xf0, 0x0, 0x0, 0x0, 0xcf, 0xff,
    0x0, 0x0, 0x0, 0xc, 0xff, 0xf0, 0x0, 0x0,
    0x0, 0xcf, 0xff, 0x0, 0x0, 0x0, 0xc, 0xff,
    0xf0, 0x0, 0x0, 0x0, 0xcf, 0xff, 0x0, 0x0,
    0x0, 0xc, 0xff, 0xf0, 0x0, 0x0, 0x0, 0xcf,
    0xff, 0x0, 0x0, 0x0, 0xc, 0xff, 0xf0, 0x0,
    0x0, 0x0, 0xcf, 0xff, 0x0, 0x0, 0x0, 0xc,
    0xff, 0xf0, 0x0, 0x0, 0x0, 0xcf, 0xff, 0x0,
    0x0, 0x0, 0xc, 0xff, 0xf0, 0x0, 0x0,

    /* U+012E "Į" */
    0x0, 0x7f, 0xff, 0x70, 0x7, 0xff, 0xf7, 0x0,
    0x7f, 0xff, 0x70, 0x7, 0xff, 0xf7, 0x0, 0x7f,
    0xff, 0x70, 0x7, 0xff, 0xf7, 0x0, 0x7f, 0xff,
    0x70, 0x7, 0xff, 0xf7, 0x0, 0x7f, 0xff, 0x70,
    0x7, 0xff, 0xf7, 0x0, 0x7f, 0xff, 0x70, 0x7,
    0xff, 0xf7, 0x0, 0x7f, 0xff, 0x70, 0x7, 0xff,
    0xf7, 0x0, 0x7f, 0xff, 0x70, 0x7, 0xff, 0xf7,
    0x0, 0x7f, 0xff, 0x70, 0x7, 0xff, 0xf7, 0x0,
    0x7f, 0xff, 0x70, 0x7, 0xff, 0xf7, 0x0, 0x7f,
    0xff, 0x70, 0x9, 0xff, 0xf7, 0x5, 0xff, 0xb1,
    0x2, 0xff, 0xc0, 0x0, 0x8f, 0xf7, 0x0, 0x9,
    0xff, 0xd8, 0xa0, 0x3f, 0xff, 0xff, 0x10, 0x5c,
    0xfe, 0xa1,

    /* U+012F "į" */
    0x0, 0x5e, 0xe7, 0x0, 0xf, 0xff, 0xf2, 0x0,
    0xff, 0xff, 0x20, 0x5, 0xee, 0x70, 0x0, 0x0,
    0x0, 0x0, 0xd, 0xff, 0xf0, 0x0, 0xdf, 0xff,
    0x0, 0xd, 0xff, 0xf0, 0x0, 0xdf, 0xff, 0x0,
    0xd, 0xff, 0xf0, 0x0, 0xdf, 0xff, 0x0, 0xd,
    0xff, 0xf0, 0x0, 0xdf, 0xff, 0x0, 0xd, 0xff,
    0xf0, 0x0, 0xdf, 0xff, 0x0, 0xd, 0xff, 0xf0,
    0x0, 0xdf, 0xff, 0x0, 0xd, 0xff, 0xf0, 0x0,
    0xdf, 0xff, 0x0, 0xd, 0xff, 0xf0, 0x0, 0xdf,
    0xff, 0x0, 0xf, 0xff, 0xf0, 0x9, 0xff, 0x80,
    0x7, 0xff, 0x70, 0x0, 0xef, 0xf1, 0x0, 0xe,
    0xff, 0xb8, 0x70, 0x9f, 0xff, 0xfb, 0x0, 0x8e,
    0xfd, 0x70,

    /* U+0130 "İ" */
    0x1b, 0xfb, 0x17, 0xff, 0xf7, 0x6f, 0xff, 0x60,
    0x8c, 0x80, 0x0, 0x0, 0x0, 0x0, 0x0, 0x7f,
    0xff, 0x77, 0xff, 0xf7, 0x7f, 0xff, 0x77, 0xff,
    0xf7, 0x7f, 0xff, 0x77, 0xff, 0xf7, 0x7f, 0xff,
    0x77, 0xff, 0xf7, 0x7f, 0xff, 0x77, 0xff, 0xf7,
    0x7f, 0xff, 0x77, 0xff, 0xf7, 0x7f, 0xff, 0x77,
    0xff, 0xf7, 0x7f, 0xff, 0x77, 0xff, 0xf7, 0x7f,
    0xff, 0x77, 0xff, 0xf7, 0x7f, 0xff, 0x77, 0xff,
    0xf7, 0x7f, 0xff, 0x77, 0xff, 0xf7,

    /* U+0131 "ı" */
    0xcf, 0xff, 0xc, 0xff, 0xf0, 0xcf, 0xff, 0xc,
    0xff, 0xf0, 0xcf, 0xff, 0xc, 0xff, 0xf0, 0xcf,
    0xff, 0xc, 0xff, 0xf0, 0xcf, 0xff, 0xc, 0xff,
    0xf0, 0xcf, 0xff, 0xc, 0xff, 0xf0, 0xcf, 0xff,
    0xc, 0xff, 0xf0, 0xcf, 0xff, 0xc, 0xff, 0xf0,
    0xcf, 0xff, 0x0,

    /* U+0132 "Ĳ" */
    0x7f, 0xff, 0x70, 0x0, 0x0, 0x0, 0x0, 0x0,
    0x0, 0x5f, 0xff, 0x97, 0xff, 0xf7, 0x0, 0x0,
    0x0, 0x0, 0x0, 0x0, 0x5, 0xff, 0xf9, 0x7f,
    0xff, 0x70, 0x0, 0x0, 0x0, 0x0, 0x0, 0x0,
    0x5f, 0xff, 0x97, 0xff, 0xf7, 0x0, 0x0, 0x0,
    0x0, 0x0, 0x0, 0x5, 0xff, 0xf9, 0x7f, 0xff,
    0x70, 0x0, 0x0, 0x0, 0x0, 0x0, 0x0, 0x5f,
    0xff, 0x97, 0xff, 0xf7, 0x0, 0x0, 0x0, 0x0,
    0x0, 0x0, 0x5, 0xff, 0xf9, 0x7f, 0xff, 0x70,
    0x0, 0x0, 0x0, 0x0, 0x0, 0x0, 0x5f, 0xff,
    0x97, 0xff, 0xf7, 0x0, 0x0, 0x0, 0x0, 0x0,
    0x0, 0x5, 0xff, 0xf9, 0x7f, 0xff, 0x70, 0x0,
    0x0, 0x0, 0x0, 0x0, 0x0, 0x5f, 0xff, 0x97,
    0xff, 0xf7, 0x0, 0x0, 0x0, 0x0, 0x0, 0x0,
    0x5, 0xff, 0xf9, 0x7f, 0xff, 0x70, 0x0, 0x0,
    0x0, 0x0, 0x0, 0x0, 0x5f, 0xff, 0x97, 0xff,
    0xf7, 0x0, 0x0, 0x0, 0x0, 0x0, 0x0, 0x5,
    0xff, 0xf9, 0x7f, 0xff, 0x70, 0x0, 0x0, 0x0,
    0x0, 0x0, 0x0, 0x5f, 0xff, 0x97, 0xff, 0xf7,
    0x0, 0x0, 0x0, 0x0, 0x0, 0x0, 0x5, 0xff,
    0xf9, 0x7f, 0xff, 0x70, 0x0, 0x0, 0x0, 0x0,
    0x0, 0x0, 0x5f, 0xff, 0x97, 0xff, 0xf7, 0x0,
    0x29, 0x99, 0x60, 0x0, 0x0, 0x6, 0xff, 0xf9,
    0x7f, 0xff, 0x70, 0x2, 0xff, 0xfd, 0x0, 0x0,
    0x0, 0x9f, 0xff, 0x77, 0xff, 0xf7, 0x0, 0xf,
    0xff, 0xf3, 0x0, 0x0, 0x1f, 0xff, 0xf3, 0x7f,
    0xff, 0x70, 0x0, 0x9f, 0xff, 0xe7, 0x32, 0x6e,
    0xff, 0xfc, 0x7, 0xff, 0xf7, 0x0, 0x1, 0xef,
    0xff, 0xff, 0xff, 0xff, 0xff, 0x30, 0x7f, 0xff,
    0x70, 0x0, 0x2, 0xdf, 0xff, 0xff, 0xff, 0xfd,
    0x30, 0x7, 0xff, 0xf7, 0x0, 0x0, 0x0, 0x5a,
    0xef, 0xfe, 0xb6, 0x0, 0x0,

    /* U+0133 "ĳ" */
    0x5, 0xee, 0x70, 0x0, 0x5, 0xee, 0x70, 0xf,
    0xff, 0xf2, 0x0, 0xf, 0xff, 0xf2, 0xf, 0xff,
    0xf2, 0x0, 0xf, 0xff, 0xf2, 0x5, 0xee, 0x70,
    0x0, 0x5, 0xee, 0x70, 0x0, 0x0, 0x0, 0x0,
    0x0, 0x0, 0x0, 0xd, 0xff, 0xf0, 0x0, 0xb,
    0xff, 0xf1, 0xd, 0xff, 0xf0, 0x0, 0xb, 0xff,
    0xf1, 0xd, 0xff, 0xf0, 0x0, 0xb, 0xff, 0xf1,
    0xd, 0xff, 0xf0, 0x0, 0xb, 0xff, 0xf1, 0xd,
    0xff, 0xf0, 0x0, 0xb, 0xff, 0xf1, 0xd, 0xff,
    0xf0, 0x0, 0xb, 0xff, 0xf1, 0xd, 0xff, 0xf0,
    0x0, 0xb, 0xff, 0xf1, 0xd, 0xff, 0xf0, 0x0,
    0xb, 0xff, 0xf1, 0xd, 0xff, 0xf0, 0x0, 0xb,
    0xff, 0xf1, 0xd, 0xff, 0xf0, 0x0, 0xb, 0xff,
    0xf1, 0xd, 0xff, 0xf0, 0x0, 0xb, 0xff, 0xf1,
    0xd, 0xff, 0xf0, 0x0, 0xb, 0xff, 0xf1, 0xd,
    0xff, 0xf0, 0x0, 0xb, 0xff, 0xf1, 0xd, 0xff,
    0xf0, 0x0, 0xb, 0xff, 0xf1, 0xd, 0xff, 0xf0,
    0x0, 0xb, 0xff, 0xf1, 0xd, 0xff, 0xf0, 0x0,
    0xb, 0xff, 0xf1, 0xd, 0xff, 0xf0, 0x0, 0xb,
    0xff, 0xf1, 0x0, 0x0, 0x0, 0x0, 0xb, 0xff,
    0xf1, 0x0, 0x0, 0x0, 0x0, 0xd, 0xff, 0xf0,
    0x0, 0x0, 0x0, 0x21, 0x7f, 0xff, 0xe0, 0x0,
    0x0, 0x0, 0xff, 0xff, 0xff, 0x80, 0x0, 0x0,
    0x0, 0xff, 0xff, 0xfd, 0x10, 0x0, 0x0, 0x0,
    0xdf, 0xfd, 0x80, 0x0,

    /* U+0134 "Ĵ" */
    0x0, 0x0, 0x0, 0x0, 0x0, 0x5, 0xff, 0xc1,
    0x0, 0x0, 0x0, 0x0, 0x0, 0x0, 0x5, 0xff,
    0xff, 0xc0, 0x0, 0x0, 0x0, 0x0, 0x0, 0x4,
    0xff, 0xd6, 0xff, 0xb0, 0x0, 0x0, 0x0, 0x0,
    0x4, 0xff, 0xd1, 0x5, 0xff, 0xb0, 0x0, 0x0,
    0x0, 0x0, 0x78, 0x71, 0x0, 0x4, 0x88, 0x30,
    0x0, 0x0, 0x0, 0x0, 0x0, 0x0, 0x0, 0x0,
    0x0, 0x0, 0x0, 0x0, 0x0, 0x0, 0x0, 0x0,
    0x0, 0x0, 0x0, 0x0, 0x0, 0x0, 0x0, 0x0,
    0x6f, 0xff, 0x90, 0x0, 0x0, 0x0, 0x0, 0x0,
    0x0, 0x6, 0xff, 0xf9, 0x0, 0x0, 0x0, 0x0,
    0x0, 0x0, 0x0, 0x6f, 0xff, 0x90, 0x0, 0x0,
    0x0, 0x0, 0x0, 0x0, 0x6, 0xff, 0xf9, 0x0,
    0x0, 0x0, 0x0, 0x0, 0x0, 0x0, 0x6f, 0xff,
    0x90, 0x0, 0x0, 0x0, 0x0, 0x0, 0x0, 0x6,
    0xff, 0xf9, 0x0, 0x0, 0x0, 0x0, 0x0, 0x0,
    0x0, 0x6f, 0xff, 0x90, 0x0, 0x0, 0x0, 0x0,
    0x0, 0x0, 0x6, 0xff, 0xf9, 0x0, 0x0, 0x0,
    0x0, 0x0, 0x0, 0x0, 0x6f, 0xff, 0x90, 0x0,
    0x0, 0x0, 0x0, 0x0, 0x0, 0x6, 0xff, 0xf9,
    0x0, 0x0, 0x0, 0x0, 0x0, 0x0, 0x0, 0x6f,
    0xff, 0x90, 0x0, 0x0, 0x0, 0x0, 0x0, 0x0,
    0x6, 0xff, 0xf9, 0x0, 0x0, 0x0, 0x0, 0x0,
    0x0, 0x0, 0x6f, 0xff, 0x90, 0x0, 0x0, 0x0,
    0x0, 0x0, 0x0, 0x6, 0xff, 0xf9, 0x0, 0x0,
    0x0, 0x0, 0x0, 0x0, 0x0, 0x6f, 0xff, 0x90,
    0x0, 0x29, 0x99, 0x60, 0x0, 0x0, 0x6, 0xff,
    0xf8, 0x0, 0x3, 0xff, 0xfc, 0x0, 0x0, 0x0,
    0x9f, 0xff, 0x70, 0x0, 0xf, 0xff, 0xf3, 0x0,
    0x0, 0x2f, 0xff, 0xf3, 0x0, 0x0, 0xaf, 0xff,
    0xe7, 0x33, 0x6e, 0xff, 0xfc, 0x0, 0x0, 0x1,
    0xef, 0xff, 0xff, 0xff, 0xff, 0xff, 0x20, 0x0,
    0x0, 0x2, 0xdf, 0xff, 0xff, 0xff, 0xfd, 0x30,
    0x0, 0x0, 0x0, 0x0, 0x5a, 0xef, 0xfe, 0xb6,
    0x0, 0x0, 0x0, 0x0,

    /* U+0135 "ĵ" */
    0x0, 0x0, 0x6f, 0xfd, 0x10, 0x0, 0x0, 0x7,
    0xff, 0xff, 0xd2, 0x0, 0x0, 0x9f, 0xf9, 0x2e,
    0xfe, 0x20, 0xa, 0xff, 0x80, 0x1, 0xdf, 0xe3,
    0x0, 0x0, 0x0, 0x0, 0x0, 0x0, 0x0, 0x0,
    0x0, 0x0, 0x0, 0x0, 0x0, 0x0, 0x7f, 0xff,
    0x40, 0x0, 0x0, 0x0, 0x7f, 0xff, 0x40, 0x0,
    0x0, 0x0, 0x7f, 0xff, 0x40, 0x0, 0x0, 0x0,
    0x7f, 0xff, 0x40, 0x0, 0x0, 0x0, 0x7f, 0xff,
    0x40, 0x0, 0x0, 0x0, 0x7f, 0xff, 0x40, 0x0,
    0x0, 0x0, 0x7f, 0xff, 0x40, 0x0, 0x0, 0x0,
    0x7f, 0xff, 0x40, 0x0, 0x0, 0x0, 0x7f, 0xff,
    0x40, 0x0, 0x0, 0x0, 0x7f, 0xff, 0x40, 0x0,
    0x0, 0x0, 0x7f, 0xff, 0x40, 0x0, 0x0, 0x0,
    0x7f, 0xff, 0x40, 0x0, 0x0, 0x0, 0x7f, 0xff,
    0x40, 0x0, 0x0, 0x0, 0x7f, 0xff, 0x40, 0x0,
    0x0, 0x0, 0x7f, 0xff, 0x40, 0x0, 0x0, 0x0,
    0x7f, 0xff, 0x40, 0x0, 0x0, 0x0, 0x7f, 0xff,
    0x40, 0x0, 0x0, 0x0, 0x8f, 0xff, 0x40, 0x0,
    0x0, 0x0, 0xaf, 0xff, 0x30, 0x0, 0x1, 0x4,
    0xff, 0xff, 0x0, 0x0, 0xf, 0xff, 0xff, 0xf9,
    0x0, 0x0, 0x1f, 0xff, 0xff, 0xc0, 0x0, 0x0,
    0x1d, 0xff, 0xc7, 0x0, 0x0, 0x0,

    /* U+0136 "Ķ" */
    0xbf, 0xff, 0x40, 0x0, 0x0, 0x0, 0x5f, 0xff,
    0xf7, 0xb, 0xff, 0xf4, 0x0, 0x0, 0x0, 0x3f,
    0xff, 0xf9, 0x0, 0xbf, 0xff, 0x40, 0x0, 0x0,
    0x2e, 0xff, 0xfb, 0x0, 0xb, 0xff, 0xf4, 0x0,
    0x0, 0x1d, 0xff, 0xfc, 0x0, 0x0, 0xbf, 0xff,
    0x40, 0x0, 0xc, 0xff, 0xfe, 0x10, 0x0, 0xb,
    0xff, 0xf4, 0x0, 0xa, 0xff, 0xff, 0x20, 0x0,
    0x0, 0xbf, 0xff, 0x40, 0x8, 0xff, 0xff, 0x40,
    0x0, 0x0, 0xb, 0xff, 0xf4, 0x5, 0xff, 0xff,
    0x60, 0x0, 0x0, 0x0, 0xbf, 0xff, 0x43, 0xff,
    0xff, 0x80, 0x0, 0x0, 0x0, 0xb, 0xff, 0xf6,
    0xef, 0xff, 0xb0, 0x0, 0x0, 0x0, 0x0, 0xbf,
    0xff, 0xff, 0xff, 0xfe, 0x10, 0x0, 0x0, 0x0,
    0xb, 0xff, 0xff, 0xff, 0xff, 0xfb, 0x0, 0x0,
    0x0, 0x0, 0xbf, 0xff, 0xff, 0xcf, 0xff, 0xf7,
    0x0, 0x0, 0x0, 0xb, 0xff, 0xff, 0xc0, 0x6f,
    0xff, 0xf3, 0x0, 0x0, 0x0, 0xbf, 0xff, 0xc1,
    0x0, 0xaf, 0xff, 0xd0, 0x0, 0x0, 0xb, 0xff,
    0xf4, 0x0, 0x1, 0xef, 0xff, 0xa0, 0x0, 0x0,
    0xbf, 0xff, 0x40, 0x0, 0x4, 0xff, 0xff, 0x50,
    0x0, 0xb, 0xff, 0xf4, 0x0, 0x0, 0x8, 0xff,
    0xff, 0x20, 0x0, 0xbf, 0xff, 0x40, 0x0, 0x0,
    0xc, 0xff, 0xfc, 0x0, 0xb, 0xff, 0xf4, 0x0,
    0x0, 0x0, 0x2f, 0xff, 0xf8, 0x0, 0xbf, 0xff,
    0x40, 0x0, 0x0, 0x0, 0x6f, 0xff, 0xf4, 0xb,
    0xff, 0xf4, 0x0, 0x0, 0x0, 0x0, 0xaf, 0xff,
    0xe1, 0x0, 0x0, 0x0, 0x0, 0x0, 0x0, 0x0,
    0x0, 0x0, 0x0, 0x0, 0x0, 0x2, 0x88, 0x60,
    0x0, 0x0, 0x0, 0x0, 0x0, 0x0, 0x0, 0x4f,
    0xfd, 0x0, 0x0, 0x0, 0x0, 0x0, 0x0, 0x0,
    0x5, 0xff, 0xc0, 0x0, 0x0, 0x0, 0x0, 0x0,
    0x0, 0x0, 0x8f, 0xf8, 0x0, 0x0, 0x0, 0x0,
    0x0, 0x0, 0x0, 0xd, 0xff, 0x30, 0x0, 0x0,
    0x0, 0x0, 0x0, 0x0, 0x4, 0xff, 0xa0, 0x0,
    0x0, 0x0, 0x0, 0x0, 0x0, 0x0, 0x4, 0xa1,
    0x0, 0x0, 0x0, 0x0, 0x0,

    /* U+0137 "ķ" */
    0xf, 0xff, 0xc0, 0x0, 0x0, 0x0, 0x0, 0x0,
    0xf, 0xff, 0xc0, 0x0, 0x0, 0x0, 0x0, 0x0,
    0xf, 0xff, 0xc0, 0x0, 0x0, 0x0, 0x0, 0x0,
    0xf, 0xff, 0xc0, 0x0, 0x0, 0x0, 0x0, 0x0,
    0xf, 0xff, 0xc0, 0x0, 0x0, 0x0, 0x0, 0x0,
    0xf, 0xff, 0xc0, 0x0, 0x0, 0x0, 0x0, 0x0,
    0xf, 0xff, 0xc0, 0x0, 0x0, 0xcf, 0xff, 0xb0,
    0xf, 0xff, 0xc0, 0x0, 0xb, 0xff, 0xfc, 0x0,
    0xf, 0xff, 0xc0, 0x0, 0x9f, 0xff, 0xd1, 0x0,
    0xf, 0xff, 0xc0, 0x7, 0xff, 0xfe, 0x20, 0x0,
    0xf, 0xff, 0xc0, 0x5f, 0xff, 0xf3, 0x0, 0x0,
    0xf, 0xff, 0xc4, 0xff, 0xff, 0x50, 0x0, 0x0,
    0xf, 0xff, 0xde, 0xff, 0xf6, 0x0, 0x0, 0x0,
    0xf, 0xff, 0xff, 0xff, 0xf3, 0x0, 0x0, 0x0,
    0xf, 0xff, 0xff, 0xff, 0xfd, 0x0, 0x0, 0x0,
    0xf, 0xff, 0xff, 0xff, 0xff, 0x90, 0x0, 0x0,
    0xf, 0xff, 0xfa, 0x2e, 0xff, 0xf4, 0x0, 0x0,
    0xf, 0xff, 0xd0, 0x5, 0xff, 0xfe, 0x10, 0x0,
    0xf, 0xff, 0xc0, 0x0, 0xaf, 0xff, 0xa0, 0x0,
    0xf, 0xff, 0xc0, 0x0, 0x1e, 0xff, 0xf6, 0x0,
    0xf, 0xff, 0xc0, 0x0, 0x4, 0xff, 0xff, 0x20,
    0xf, 0xff, 0xc0, 0x0, 0x0, 0x9f, 0xff, 0xc0,
    0xf, 0xff, 0xc0, 0x0, 0x0, 0xd, 0xff, 0xf7,
    0x0, 0x0, 0x0, 0x0, 0x0, 0x0, 0x0, 0x0,
    0x0, 0x0, 0x0, 0x88, 0x80, 0x0, 0x0, 0x0,
    0x0, 0x0, 0x0, 0xff, 0xf1, 0x0, 0x0, 0x0,
    0x0, 0x0, 0x1, 0xff, 0xf0, 0x0, 0x0, 0x0,
    0x0, 0x0, 0x4, 0xff, 0xc0, 0x0, 0x0, 0x0,
    0x0, 0x0, 0x9, 0xff, 0x70, 0x0, 0x0, 0x0,
    0x0, 0x0, 0xf, 0xfe, 0x0, 0x0, 0x0, 0x0,
    0x0, 0x0, 0x2, 0xa3, 0x0, 0x0, 0x0, 0x0,

    /* U+0138 "ĸ" */
    0xcf, 0xff, 0x0, 0x0, 0x0, 0xcf, 0xff, 0xd0,
    0xcf, 0xff, 0x0, 0x0, 0x8, 0xff, 0xff, 0x20,
    0xcf, 0xff, 0x0, 0x0, 0x4f, 0xff, 0xf5, 0x0,
    0xcf, 0xff, 0x0, 0x1, 0xef, 0xff, 0x90, 0x0,
    0xcf, 0xff, 0x0, 0xc, 0xff, 0xfc, 0x0, 0x0,
    0xcf, 0xff, 0x0, 0x8f, 0xff, 0xe1, 0x0, 0x0,
    0xcf, 0xff, 0x4, 0xff, 0xff, 0x40, 0x0, 0x0,
    0xcf, 0xff, 0xff, 0xff, 0xf8, 0x0, 0x0, 0x0,
    0xcf, 0xff, 0xff, 0xff, 0xf0, 0x0, 0x0, 0x0,
    0xcf, 0xff, 0xff, 0xff, 0xfa, 0x0, 0x0, 0x0,
    0xcf, 0xff, 0x67, 0xff, 0xff, 0x70, 0x0, 0x0,
    0xcf, 0xff, 0x0, 0x6f, 0xff, 0xf4, 0x0, 0x0,
    0xcf, 0xff, 0x0, 0xa, 0xff, 0xfe, 0x20, 0x0,
    0xcf, 0xff, 0x0, 0x0, 0xdf, 0xff, 0xc0, 0x0,
    0xcf, 0xff, 0x0, 0x0, 0x2f, 0xff, 0xfa, 0x0,
    0xcf, 0xff, 0x0, 0x0, 0x5, 0xff, 0xff, 0x70,
    0xcf, 0xff, 0x0, 0x0, 0x0, 0x8f, 0xff, 0xf4,

    /* U+0139 "Ĺ" */
    0x0, 0x5, 0x88, 0x84, 0x0, 0x0, 0x0, 0x0,
    0x3, 0xff, 0xfc, 0x0, 0x0, 0x0, 0x0, 0x0,
    0xdf, 0xfc, 0x0, 0x0, 0x0, 0x0, 0x0, 0x9f,
    0xfd, 0x10, 0x0, 0x0, 0x0, 0x0, 0x4f, 0xfd,
    0x10, 0x0, 0x0, 0x0, 0x0, 0x0, 0x0, 0x0,
    0x0, 0x0, 0x0, 0x0, 0x0, 0x0, 0x0, 0x0,
    0x0, 0x0, 0x0, 0x0, 0xb, 0xff, 0xf4, 0x0,
    0x0, 0x0, 0x0, 0x0, 0xbf, 0xff, 0x40, 0x0,
    0x0, 0x0, 0x0, 0xb, 0xff, 0xf4, 0x0, 0x0,
    0x0, 0x0, 0x0, 0xbf, 0xff, 0x40, 0x0, 0x0,
    0x0, 0x0, 0xb, 0xff, 0xf4, 0x0, 0x0, 0x0,
    0x0, 0x0, 0xbf, 0xff, 0x40, 0x0, 0x0, 0x0,
    0x0, 0xb, 0xff, 0xf4, 0x0, 0x0, 0x0, 0x0,
    0x0, 0xbf, 0xff, 0x40, 0x0, 0x0, 0x0, 0x0,
    0xb, 0xff, 0xf4, 0x0, 0x0, 0x0, 0x0, 0x0,
    0xbf, 0xff, 0x40, 0x0, 0x0, 0x0, 0x0, 0xb,
    0xff, 0xf4, 0x0, 0x0, 0x0, 0x0, 0x0, 0xbf,
    0xff, 0x40, 0x0, 0x0, 0x0, 0x0, 0xb, 0xff,
    0xf4, 0x0, 0x0, 0x0, 0x0, 0x0, 0xbf, 0xff,
    0x40, 0x0, 0x0, 0x0, 0x0, 0xb, 0xff, 0xf4,
    0x0, 0x0, 0x0, 0x0, 0x0, 0xbf, 0xff, 0x40,
    0x0, 0x0, 0x0, 0x0, 0xb, 0xff, 0xf4, 0x0,
    0x0, 0x0, 0x0, 0x0, 0xbf, 0xff, 0x40, 0x0,
    0x0, 0x0, 0x0, 0xb, 0xff, 0xf5, 0x11, 0x11,
    0x11, 0x11, 0x11, 0xbf, 0xff, 0xff, 0xff, 0xff,
    0xff, 0xff, 0x9b, 0xff, 0xff, 0xff, 0xff, 0xff,
    0xff, 0xf9, 0xbf, 0xff, 0xff, 0xff, 0xff, 0xff,
    0xff, 0x90,

    /* U+013A "ĺ" */
    0x0, 0x2f, 0xff, 0xe2, 0x0, 0xbf, 0xff, 0x40,
    0x5, 0xff, 0xf5, 0x0, 0xe, 0xff, 0x80, 0x0,
    0x8f, 0xfa, 0x0, 0x0, 0x0, 0x0, 0x0, 0x0,
    0x0, 0x0, 0x0, 0x0, 0xdf, 0xff, 0x0, 0x0,
    0xdf, 0xff, 0x0, 0x0, 0xdf, 0xff, 0x0, 0x0,
    0xdf, 0xff, 0x0, 0x0, 0xdf, 0xff, 0x0, 0x0,
    0xdf, 0xff, 0x0, 0x0, 0xdf, 0xff, 0x0, 0x0,
    0xdf, 0xff, 0x0, 0x0, 0xdf, 0xff, 0x0, 0x0,
    0xdf, 0xff, 0x0, 0x0, 0xdf, 0xff, 0x0, 0x0,
    0xdf, 0xff, 0x0, 0x0, 0xdf, 0xff, 0x0, 0x0,
    0xdf, 0xff, 0x0, 0x0, 0xdf, 0xff, 0x0, 0x0,
    0xdf, 0xff, 0x0, 0x0, 0xdf, 0xff, 0x0, 0x0,
    0xdf, 0xff, 0x0, 0x0, 0xdf, 0xff, 0x0, 0x0,
    0xdf, 0xff, 0x0, 0x0, 0xdf, 0xff, 0x0, 0x0,
    0xdf, 0xff, 0x0, 0x0, 0xdf, 0xff, 0x0, 0x0,

    /* U+013B "Ļ" */
    0xbf, 0xff, 0x40, 0x0, 0x0, 0x0, 0x0, 0xb,
    0xff, 0xf4, 0x0, 0x0, 0x0, 0x0, 0x0, 0xbf,
    0xff, 0x40, 0x0, 0x0, 0x0, 0x0, 0xb, 0xff,
    0xf4, 0x0, 0x0, 0x0, 0x0, 0x0, 0xbf, 0xff,
    0x40, 0x0, 0x0, 0x0, 0x0, 0xb, 0xff, 0xf4,
    0x0, 0x0, 0x0, 0x0, 0x0, 0xbf, 0xff, 0x40,
    0x0, 0x0, 0x0, 0x0, 0xb, 0xff, 0xf4, 0x0,
    0x0, 0x0, 0x0, 0x0, 0xbf, 0xff, 0x40, 0x0,
    0x0, 0x0, 0x0, 0xb, 0xff, 0xf4, 0x0, 0x0,
    0x0, 0x0, 0x0, 0xbf, 0xff, 0x40, 0x0, 0x0,
    0x0, 0x0, 0xb, 0xff, 0xf4, 0x0, 0x0, 0x0,
    0x0, 0x0, 0xbf, 0xff, 0x40, 0x0, 0x0, 0x0,
    0x0, 0xb, 0xff, 0xf4, 0x0, 0x0, 0x0, 0x0,
    0x0, 0xbf, 0xff, 0x40, 0x0, 0x0, 0x0, 0x0,
    0xb, 0xff, 0xf4, 0x0, 0x0, 0x0, 0x0, 0x0,
    0xbf, 0xff, 0x40, 0x0, 0x0, 0x0, 0x0, 0xb,
    0xff, 0xf4, 0x0, 0x0, 0x0, 0x0, 0x0, 0xbf,
    0xff, 0x51, 0x11, 0x11, 0x11, 0x11, 0x1b, 0xff,
    0xff, 0xff, 0xff, 0xff, 0xff, 0xf9, 0xbf, 0xff,
    0xff, 0xff, 0xff, 0xff, 0xff, 0x9b, 0xff, 0xff,
    0xff, 0xff, 0xff, 0xff, 0xf9, 0x0, 0x0, 0x0,
    0x0, 0x0, 0x0, 0x0, 0x0, 0x0, 0x0, 0x8,
    0x88, 0x0, 0x0, 0x0, 0x0, 0x0, 0x0, 0xff,
    0xf1, 0x0, 0x0, 0x0, 0x0, 0x0, 0x1f, 0xff,
    0x0, 0x0, 0x0, 0x0, 0x0, 0x4, 0xff, 0xc0,
    0x0, 0x0, 0x0, 0x0, 0x0, 0x9f, 0xf7, 0x0,
    0x0, 0x0, 0x0, 0x0, 0xf, 0xfe, 0x0, 0x0,
    0x0, 0x0, 0x0, 0x0, 0x2a, 0x30, 0x0, 0x0,
    0x0,

    /* U+013C "ļ" */
    0xd, 0xff, 0xf0, 0xdf, 0xff, 0xd, 0xff, 0xf0,
    0xdf, 0xff, 0xd, 0xff, 0xf0, 0xdf, 0xff, 0xd,
    0xff, 0xf0, 0xdf, 0xff, 0xd, 0xff, 0xf0, 0xdf,
    0xff, 0xd, 0xff, 0xf0, 0xdf, 0xff, 0xd, 0xff,
    0xf0, 0xdf, 0xff, 0xd, 0xff, 0xf0, 0xdf, 0xff,
    0xd, 0xff, 0xf0, 0xdf, 0xff, 0xd, 0xff, 0xf0,
    0xdf, 0xff, 0xd, 0xff, 0xf0, 0xdf, 0xff, 0xd,
    0xff, 0xf0, 0x0, 0x0, 0x3, 0x88, 0x50, 0x7f,
    0xfa, 0x8, 0xff, 0x80, 0xbf, 0xf5, 0x1f, 0xff,
    0x7, 0xff, 0x70, 0x6, 0x90, 0x0,

    /* U+013D "Ľ" */
    0xbf, 0xff, 0x40, 0x0, 0x9f, 0xf9, 0x0, 0xb,
    0xff, 0xf4, 0x0, 0x9, 0xff, 0x80, 0x0, 0xbf,
    0xff, 0x40, 0x0, 0xbf, 0xf6, 0x0, 0xb, 0xff,
    0xf4, 0x0, 0xf, 0xff, 0x10, 0x0, 0xbf, 0xff,
    0x40, 0x6, 0xff, 0x90, 0x0, 0xb, 0xff, 0xf4,
    0x0, 0x3d, 0xd1, 0x0, 0x0, 0xbf, 0xff, 0x40,
    0x0, 0x1, 0x0, 0x0, 0xb, 0xff, 0xf4, 0x0,
    0x0, 0x0, 0x0, 0x0, 0xbf, 0xff, 0x40, 0x0,
    0x0, 0x0, 0x0, 0xb, 0xff, 0xf4, 0x0, 0x0,
    0x0, 0x0, 0x0, 0xbf, 0xff, 0x40, 0x0, 0x0,
    0x0, 0x0, 0xb, 0xff, 0xf4, 0x0, 0x0, 0x0,
    0x0, 0x0, 0xbf, 0xff, 0x40, 0x0, 0x0, 0x0,
    0x0, 0xb, 0xff, 0xf4, 0x0, 0x0, 0x0, 0x0,
    0x0, 0xbf, 0xff, 0x40, 0x0, 0x0, 0x0, 0x0,
    0xb, 0xff, 0xf4, 0x0, 0x0, 0x0, 0x0, 0x0,
    0xbf, 0xff, 0x40, 0x0, 0x0, 0x0, 0x0, 0xb,
    0xff, 0xf4, 0x0, 0x0, 0x0, 0x0, 0x0, 0xbf,
    0xff, 0x51, 0x11, 0x11, 0x11, 0x11, 0x1b, 0xff,
    0xff, 0xff, 0xff, 0xff, 0xff, 0xf9, 0xbf, 0xff,
    0xff, 0xff, 0xff, 0xff, 0xff, 0x9b, 0xff, 0xff,
    0xff, 0xff, 0xff, 0xff, 0xf9,

    /* U+013E "ľ" */
    0xdf, 0xff, 0x0, 0x8f, 0xf9, 0xdf, 0xff, 0x0,
    0x8f, 0xf9, 0xdf, 0xff, 0x0, 0xaf, 0xf6, 0xdf,
    0xff, 0x0, 0xef, 0xf1, 0xdf, 0xff, 0x6, 0xff,
    0x90, 0xdf, 0xff, 0x2, 0xcd, 0x10, 0xdf, 0xff,
    0x0, 0x0, 0x0, 0xdf, 0xff, 0x0, 0x0, 0x0,
    0xdf, 0xff, 0x0, 0x0, 0x0, 0xdf, 0xff, 0x0,
    0x0, 0x0, 0xdf, 0xff, 0x0, 0x0, 0x0, 0xdf,
    0xff, 0x0, 0x0, 0x0, 0xdf, 0xff, 0x0, 0x0,
    0x0, 0xdf, 0xff, 0x0, 0x0, 0x0, 0xdf, 0xff,
    0x0, 0x0, 0x0, 0xdf, 0xff, 0x0, 0x0, 0x0,
    0xdf, 0xff, 0x0, 0x0, 0x0, 0xdf, 0xff, 0x0,
    0x0, 0x0, 0xdf, 0xff, 0x0, 0x0, 0x0, 0xdf,
    0xff, 0x0, 0x0, 0x0, 0xdf, 0xff, 0x0, 0x0,
    0x0, 0xdf, 0xff, 0x0, 0x0, 0x0, 0xdf, 0xff,
    0x0, 0x0, 0x0,

    /* U+013F "Ŀ" */
    0xbf, 0xff, 0x40, 0x0, 0x0, 0x0, 0x0, 0xb,
    0xff, 0xf4, 0x0, 0x0, 0x0, 0x0, 0x0, 0xbf,
    0xff, 0x40, 0x0, 0x0, 0x0, 0x0, 0xb, 0xff,
    0xf4, 0x0, 0x0, 0x0, 0x0, 0x0, 0xbf, 0xff,
    0x40, 0x0, 0x0, 0x0, 0x0, 0xb, 0xff, 0xf4,
    0x0, 0x0, 0x0, 0x0, 0x0, 0xbf, 0xff, 0x40,
    0x0, 0x0, 0x0, 0x0, 0xb, 0xff, 0xf4, 0x0,
    0x1a, 0xb5, 0x0, 0x0, 0xbf, 0xff, 0x40, 0xb,
    0xff, 0xf2, 0x0, 0xb, 0xff, 0xf4, 0x0, 0xcf,
    0xff, 0x30, 0x0, 0xbf, 0xff, 0x40, 0x3, 0xdf,
    0x90, 0x0, 0xb, 0xff, 0xf4, 0x0, 0x0, 0x0,
    0x0, 0x0, 0xbf, 0xff, 0x40, 0x0, 0x0, 0x0,
    0x0, 0xb, 0xff, 0xf4, 0x0, 0x0, 0x0, 0x0,
    0x0, 0xbf, 0xff, 0x40, 0x0, 0x0, 0x0, 0x0,
    0xb, 0xff, 0xf4, 0x0, 0x0, 0x0, 0x0, 0x0,
    0xbf, 0xff, 0x40, 0x0, 0x0, 0x0, 0x0, 0xb,
    0xff, 0xf4, 0x0, 0x0, 0x0, 0x0, 0x0, 0xbf,
    0xff, 0x51, 0x11, 0x11, 0x11, 0x11, 0x1b, 0xff,
    0xff, 0xff, 0xff, 0xff, 0xff, 0xf9, 0xbf, 0xff,
    0xff, 0xff, 0xff, 0xff, 0xff, 0x9b, 0xff, 0xff,
    0xff, 0xff, 0xff, 0xff, 0xf9,

    /* U+0140 "ŀ" */
    0xdf, 0xff, 0x0, 0x0, 0x0, 0xdf, 0xff, 0x0,
    0x0, 0x0, 0xdf, 0xff, 0x0, 0x0, 0x0, 0xdf,
    0xff, 0x0, 0x0, 0x0, 0xdf, 0xff, 0x0, 0x0,
    0x0, 0xdf, 0xff, 0x0, 0x0, 0x0, 0xdf, 0xff,
    0x0, 0x0, 0x0, 0xdf, 0xff, 0x0, 0x0, 0x0,
    0xdf, 0xff, 0x0, 0x0, 0x0, 0xdf, 0xff, 0x0,
    0x7c, 0x90, 0xdf, 0xff, 0x4, 0xff, 0xf8, 0xdf,
    0xff, 0x5, 0xff, 0xf9, 0xdf, 0xff, 0x0, 0xbf,
    0xc2, 0xdf, 0xff, 0x0, 0x0, 0x0, 0xdf, 0xff,
    0x0, 0x0, 0x0, 0xdf, 0xff, 0x0, 0x0, 0x0,
    0xdf, 0xff, 0x0, 0x0, 0x0, 0xdf, 0xff, 0x0,
    0x0, 0x0, 0xdf, 0xff, 0x0, 0x0, 0x0, 0xdf,
    0xff, 0x0, 0x0, 0x0, 0xdf, 0xff, 0x0, 0x0,
    0x0, 0xdf, 0xff, 0x0, 0x0, 0x0, 0xdf, 0xff,
    0x0, 0x0, 0x0,

    /* U+0141 "Ł" */
    0x0, 0x7f, 0xff, 0x80, 0x0, 0x0, 0x0, 0x0,
    0x0, 0x7, 0xff, 0xf8, 0x0, 0x0, 0x0, 0x0,
    0x0, 0x0, 0x7f, 0xff, 0x80, 0x0, 0x0, 0x0,
    0x0, 0x0, 0x7, 0xff, 0xf8, 0x0, 0x0, 0x0,
    0x0, 0x0, 0x0, 0x7f, 0xff, 0x80, 0x0, 0x0,
    0x0, 0x0, 0x0, 0x7, 0xff, 0xf8, 0x0, 0x0,
    0x0, 0x0, 0x0, 0x0, 0x7f, 0xff, 0x80, 0x0,
    0x0, 0x0, 0x0, 0x0, 0x7, 0xff, 0xf8, 0x0,
    0x10, 0x0, 0x0, 0x0, 0x0, 0x7f, 0xff, 0xa7,
    0xcf, 0x20, 0x0, 0x0, 0x0, 0x7, 0xff, 0xff,
    0xff, 0xf2, 0x0, 0x0, 0x0, 0x3b, 0xff, 0xff,
    0xfb, 0x72, 0x0, 0x0, 0x0, 0x7, 0xff, 0xff,
    0xf8, 0x0, 0x0, 0x0, 0x0, 0x0, 0x58, 0x9f,
    0xff, 0x80, 0x0, 0x0, 0x0, 0x0, 0x0, 0x7,
    0xff, 0xf8, 0x0, 0x0, 0x0, 0x0, 0x0, 0x0,
    0x7f, 0xff, 0x80, 0x0, 0x0, 0x0, 0x0, 0x0,
    0x7, 0xff, 0xf8, 0x0, 0x0, 0x0, 0x0, 0x0,
    0x0, 0x7f, 0xff, 0x80, 0x0, 0x0, 0x0, 0x0,
    0x0, 0x7, 0xff, 0xf8, 0x0, 0x0, 0x0, 0x0,
    0x0, 0x0, 0x7f, 0xff, 0x91, 0x11, 0x11, 0x11,
    0x11, 0x10, 0x7, 0xff, 0xff, 0xff, 0xff, 0xff,
    0xff, 0xfd, 0x0, 0x7f, 0xff, 0xff, 0xff, 0xff,
    0xff, 0xff, 0xd0, 0x7, 0xff, 0xff, 0xff, 0xff,
    0xff, 0xff, 0xfd,

    /* U+0142 "ł" */
    0x0, 0x6f, 0xff, 0x60, 0x0, 0x6, 0xff, 0xf6,
    0x0, 0x0, 0x6f, 0xff, 0x60, 0x0, 0x6, 0xff,
    0xf6, 0x0, 0x0, 0x6f, 0xff, 0x60, 0x0, 0x6,
    0xff, 0xf6, 0x0, 0x0, 0x6f, 0xff, 0x60, 0x0,
    0x6, 0xff, 0xf6, 0x0, 0x0, 0x6f, 0xff, 0x60,
    0x0, 0x6, 0xff, 0xfa, 0xbb, 0x0, 0x6f, 0xff,
    0xff, 0xb3, 0xaf, 0xff, 0xfd, 0x82, 0x7f, 0xff,
    0xff, 0x60, 0x6, 0x88, 0xff, 0xf6, 0x0, 0x0,
    0x6f, 0xff, 0x60, 0x0, 0x6, 0xff, 0xf6, 0x0,
    0x0, 0x6f, 0xff, 0x60, 0x0, 0x6, 0xff, 0xf6,
    0x0, 0x0, 0x6f, 0xff, 0x60, 0x0, 0x6, 0xff,
    0xf6, 0x0, 0x0, 0x6f, 0xff, 0x60, 0x0, 0x6,
    0xff, 0xf6, 0x0, 0x0, 0x6f, 0xff, 0x60, 0x0,

    /* U+0143 "Ń" */
    0x0, 0x0, 0x0, 0x0, 0x0, 0x58, 0x88, 0x40,
    0x0, 0x0, 0x0, 0x0, 0x0, 0x0, 0x3f, 0xff,
    0xc0, 0x0, 0x0, 0x0, 0x0, 0x0, 0x0, 0xd,
    0xff, 0xc1, 0x0, 0x0, 0x0, 0x0, 0x0, 0x0,
    0x9, 0xff, 0xd1, 0x0, 0x0, 0x0, 0x0, 0x0,
    0x0, 0x3, 0xff, 0xd1, 0x0, 0x0, 0x0, 0x0,
    0x0, 0x0, 0x0, 0x0, 0x0, 0x0, 0x0, 0x0,
    0x0, 0x0, 0x0, 0x0, 0x0, 0x0, 0x0, 0x0,
    0x0, 0x0, 0xb, 0xff, 0xf9, 0x0, 0x0, 0x0,
    0x0, 0x9, 0xff, 0xf5, 0xbf, 0xff, 0xf3, 0x0,
    0x0, 0x0, 0x0, 0x9f, 0xff, 0x5b, 0xff, 0xff,
    0xd0, 0x0, 0x0, 0x0, 0x9, 0xff, 0xf5, 0xbf,
    0xff, 0xff, 0x80, 0x0, 0x0, 0x0, 0x9f, 0xff,
    0x5b, 0xff, 0xff, 0xff, 0x30, 0x0, 0x0, 0x9,
    0xff, 0xf5, 0xbf, 0xff, 0xff, 0xfd, 0x0, 0x0,
    0x0, 0x9f, 0xff, 0x5b, 0xff, 0xfe, 0xff, 0xf7,
    0x0, 0x0, 0x9, 0xff, 0xf5, 0xbf, 0xff, 0x5e,
    0xff, 0xf2, 0x0, 0x0, 0x9f, 0xff, 0x5b, 0xff,
    0xf4, 0x5f, 0xff, 0xc0, 0x0, 0x9, 0xff, 0xf5,
    0xbf, 0xff, 0x40, 0xbf, 0xff, 0x60, 0x0, 0x9f,
    0xff, 0x5b, 0xff, 0xf4, 0x1, 0xff, 0xff, 0x10,
    0x9, 0xff, 0xf5, 0xbf, 0xff, 0x40, 0x6, 0xff,
    0xfb, 0x0, 0x9f, 0xff, 0x5b, 0xff, 0xf4, 0x0,
    0xc, 0xff, 0xf6, 0x9, 0xff, 0xf5, 0xbf, 0xff,
    0x40, 0x0, 0x2f, 0xff, 0xe1, 0x9f, 0xff, 0x5b,
    0xff, 0xf4, 0x0, 0x0, 0x7f, 0xff, 0xa9, 0xff,
    0xf5, 0xbf, 0xff, 0x40, 0x0, 0x0, 0xcf, 0xff,
    0xdf, 0xff, 0x5b, 0xff, 0xf4, 0x0, 0x0, 0x2,
    0xff, 0xff, 0xff, 0xf5, 0xbf, 0xff, 0x40, 0x0,
    0x0, 0x8, 0xff, 0xff, 0xff, 0x5b, 0xff, 0xf4,
    0x0, 0x0, 0x0, 0xd, 0xff, 0xff, 0xf5, 0xbf,
    0xff, 0x40, 0x0, 0x0, 0x0, 0x3f, 0xff, 0xff,
    0x5b, 0xff, 0xf4, 0x0, 0x0, 0x0, 0x0, 0x9f,
    0xff, 0xf5, 0xbf, 0xff, 0x40, 0x0, 0x0, 0x0,
    0x0, 0xdf, 0xff, 0x50,

    /* U+0144 "ń" */
    0x0, 0x0, 0x0, 0x0, 0x4f, 0xff, 0xc1, 0x0,
    0x0, 0x0, 0x0, 0x1e, 0xff, 0xc1, 0x0, 0x0,
    0x0, 0x0, 0xb, 0xff, 0xc0, 0x0, 0x0, 0x0,
    0x0, 0x7, 0xff, 0xb0, 0x0, 0x0, 0x0, 0x0,
    0x0, 0x23, 0x30, 0x0, 0x0, 0x0, 0x0, 0x0,
    0x0, 0x0, 0x0, 0x0, 0x0, 0x1f, 0xff, 0x70,
    0x5b, 0xef, 0xeb, 0x40, 0x1, 0xff, 0xf9, 0xaf,
    0xff, 0xff, 0xff, 0x60, 0x1f, 0xff, 0xff, 0xff,
    0xff, 0xff, 0xff, 0x21, 0xff, 0xff, 0xe6, 0x21,
    0x5e, 0xff, 0xf8, 0x1f, 0xff, 0xf2, 0x0, 0x0,
    0x4f, 0xff, 0xb1, 0xff, 0xfb, 0x0, 0x0, 0x0,
    0xff, 0xfd, 0x1f, 0xff, 0xb0, 0x0, 0x0, 0xe,
    0xff, 0xe1, 0xff, 0xfb, 0x0, 0x0, 0x0, 0xef,
    0xfe, 0x1f, 0xff, 0xb0, 0x0, 0x0, 0xe, 0xff,
    0xe1, 0xff, 0xfb, 0x0, 0x0, 0x0, 0xef, 0xfe,
    0x1f, 0xff, 0xb0, 0x0, 0x0, 0xe, 0xff, 0xe1,
    0xff, 0xfb, 0x0, 0x0, 0x0, 0xef, 0xfe, 0x1f,
    0xff, 0xb0, 0x0, 0x0, 0xe, 0xff, 0xe1, 0xff,
    0xfb, 0x0, 0x0, 0x0, 0xef, 0xfe, 0x1f, 0xff,
    0xb0, 0x0, 0x0, 0xe, 0xff, 0xe1, 0xff, 0xfb,
    0x0, 0x0, 0x0, 0xef, 0xfe, 0x1f, 0xff, 0xb0,
    0x0, 0x0, 0xe, 0xff, 0xe0,

    /* U+0145 "Ņ" */
    0xbf, 0xff, 0x90, 0x0, 0x0, 0x0, 0x0, 0x9f,
    0xff, 0x5b, 0xff, 0xff, 0x30, 0x0, 0x0, 0x0,
    0x9, 0xff, 0xf5, 0xbf, 0xff, 0xfd, 0x0, 0x0,
    0x0, 0x0, 0x9f, 0xff, 0x5b, 0xff, 0xff, 0xf8,
    0x0, 0x0, 0x0, 0x9, 0xff, 0xf5, 0xbf, 0xff,
    0xff, 0xf3, 0x0, 0x0, 0x0, 0x9f, 0xff, 0x5b,
    0xff, 0xff, 0xff, 0xd0, 0x0, 0x0, 0x9, 0xff,
    0xf5, 0xbf, 0xff, 0xef, 0xff, 0x70, 0x0, 0x0,
    0x9f, 0xff, 0x5b, 0xff, 0xf5, 0xef, 0xff, 0x20,
    0x0, 0x9, 0xff, 0xf5, 0xbf, 0xff, 0x45, 0xff,
    0xfc, 0x0, 0x0, 0x9f, 0xff, 0x5b, 0xff, 0xf4,
    0xb, 0xff, 0xf6, 0x0, 0x9, 0xff, 0xf5, 0xbf,
    0xff, 0x40, 0x1f, 0xff, 0xf1, 0x0, 0x9f, 0xff,
    0x5b, 0xff, 0xf4, 0x0, 0x6f, 0xff, 0xb0, 0x9,
    0xff, 0xf5, 0xbf, 0xff, 0x40, 0x0, 0xcf, 0xff,
    0x60, 0x9f, 0xff, 0x5b, 0xff, 0xf4, 0x0, 0x2,
    0xff, 0xfe, 0x19, 0xff, 0xf5, 0xbf, 0xff, 0x40,
    0x0, 0x7, 0xff, 0xfa, 0x9f, 0xff, 0x5b, 0xff,
    0xf4, 0x0, 0x0, 0xc, 0xff, 0xfd, 0xff, 0xf5,
    0xbf, 0xff, 0x40, 0x0, 0x0, 0x2f, 0xff, 0xff,
    0xff, 0x5b, 0xff, 0xf4, 0x0, 0x0, 0x0, 0x8f,
    0xff, 0xff, 0xf5, 0xbf, 0xff, 0x40, 0x0, 0x0,
    0x0, 0xdf, 0xff, 0xff, 0x5b, 0xff, 0xf4, 0x0,
    0x0, 0x0, 0x3, 0xff, 0xff, 0xf5, 0xbf, 0xff,
    0x40, 0x0, 0x0, 0x0, 0x9, 0xff, 0xff, 0x5b,
    0xff, 0xf4, 0x0, 0x0, 0x0, 0x0, 0xd, 0xff,
    0xf5, 0x0, 0x0, 0x0, 0x0, 0x0, 0x0, 0x0,
    0x0, 0x0, 0x0, 0x0, 0x0, 0x0, 0x28, 0x86,
    0x0, 0x0, 0x0, 0x0, 0x0, 0x0, 0x0, 0x4,
    0xff, 0xd0, 0x0, 0x0, 0x0, 0x0, 0x0, 0x0,
    0x0, 0x5f, 0xfb, 0x0, 0x0, 0x0, 0x0, 0x0,
    0x0, 0x0, 0x8, 0xff, 0x80, 0x0, 0x0, 0x0,
    0x0, 0x0, 0x0, 0x0, 0xdf, 0xf2, 0x0, 0x0,
    0x0, 0x0, 0x0, 0x0, 0x0, 0x4f, 0xfa, 0x0,
    0x0, 0x0, 0x0, 0x0, 0x0, 0x0, 0x0, 0x4a,
    0x0, 0x0, 0x0, 0x0, 0x0,

    /* U+0146 "ņ" */
    0x1f, 0xff, 0x70, 0x5b, 0xef, 0xeb, 0x40, 0x1,
    0xff, 0xf9, 0xaf, 0xff, 0xff, 0xff, 0x60, 0x1f,
    0xff, 0xff, 0xff, 0xff, 0xff, 0xff, 0x21, 0xff,
    0xff, 0xe6, 0x21, 0x5e, 0xff, 0xf8, 0x1f, 0xff,
    0xf2, 0x0, 0x0, 0x4f, 0xff, 0xb1, 0xff, 0xfb,
    0x0, 0x0, 0x0, 0xff, 0xfd, 0x1f, 0xff, 0xb0,
    0x0, 0x0, 0xe, 0xff, 0xe1, 0xff, 0xfb, 0x0,
    0x0, 0x0, 0xef, 0xfe, 0x1f, 0xff, 0xb0, 0x0,
    0x0, 0xe, 0xff, 0xe1, 0xff, 0xfb, 0x0, 0x0,
    0x0, 0xef, 0xfe, 0x1f, 0xff, 0xb0, 0x0, 0x0,
    0xe, 0xff, 0xe1, 0xff, 0xfb, 0x0, 0x0, 0x0,
    0xef, 0xfe, 0x1f, 0xff, 0xb0, 0x0, 0x0, 0xe,
    0xff, 0xe1, 0xff, 0xfb, 0x0, 0x0, 0x0, 0xef,
    0xfe, 0x1f, 0xff, 0xb0, 0x0, 0x0, 0xe, 0xff,
    0xe1, 0xff, 0xfb, 0x0, 0x0, 0x0, 0xef, 0xfe,
    0x1f, 0xff, 0xb0, 0x0, 0x0, 0xe, 0xff, 0xe0,
    0x0, 0x0, 0x0, 0x0, 0x0, 0x0, 0x0, 0x0,
    0x0, 0x0, 0x58, 0x83, 0x0, 0x0, 0x0, 0x0,
    0x0, 0xb, 0xff, 0x60, 0x0, 0x0, 0x0, 0x0,
    0x0, 0xcf, 0xf5, 0x0, 0x0, 0x0, 0x0, 0x0,
    0xe, 0xff, 0x10, 0x0, 0x0, 0x0, 0x0, 0x4,
    0xff, 0xc0, 0x0, 0x0, 0x0, 0x0, 0x0, 0xbf,
    0xf3, 0x0, 0x0, 0x0, 0x0, 0x0, 0x0, 0x87,
    0x0, 0x0, 0x0, 0x0,

    /* U+0147 "Ň" */
    0x0, 0x0, 0x78, 0x82, 0x0, 0x5, 0x88, 0x50,
    0x0, 0x0, 0x0, 0x3, 0xff, 0xe1, 0x5, 0xff,
    0xe2, 0x0, 0x0, 0x0, 0x0, 0x4, 0xff, 0xd6,
    0xff, 0xe2, 0x0, 0x0, 0x0, 0x0, 0x0, 0x4,
    0xff, 0xff, 0xe2, 0x0, 0x0, 0x0, 0x0, 0x0,
    0x0, 0x5, 0xff, 0xe2, 0x0, 0x0, 0x0, 0x0,
    0x0, 0x0, 0x0, 0x0, 0x0, 0x0, 0x0, 0x0,
    0x0, 0x0, 0x0, 0x0, 0x0, 0x0, 0x0, 0x0,
    0x0, 0x0, 0xb, 0xff, 0xf9, 0x0, 0x0, 0x0,
    0x0, 0x9, 0xff, 0xf5, 0xbf, 0xff, 0xf3, 0x0,
    0x0, 0x0, 0x0, 0x9f, 0xff, 0x5b, 0xff, 0xff,
    0xd0, 0x0, 0x0, 0x0, 0x9, 0xff, 0xf5, 0xbf,
    0xff, 0xff, 0x80, 0x0, 0x0, 0x0, 0x9f, 0xff,
    0x5b, 0xff, 0xff, 0xff, 0x30, 0x0, 0x0, 0x9,
    0xff, 0xf5, 0xbf, 0xff, 0xff, 0xfd, 0x0, 0x0,
    0x0, 0x9f, 0xff, 0x5b, 0xff, 0xfe, 0xff, 0xf7,
    0x0, 0x0, 0x9, 0xff, 0xf5, 0xbf, 0xff, 0x5e,
    0xff, 0xf2, 0x0, 0x0, 0x9f, 0xff, 0x5b, 0xff,
    0xf4, 0x5f, 0xff, 0xc0, 0x0, 0x9, 0xff, 0xf5,
    0xbf, 0xff, 0x40, 0xbf, 0xff, 0x60, 0x0, 0x9f,
    0xff, 0x5b, 0xff, 0xf4, 0x1, 0xff, 0xff, 0x10,
    0x9, 0xff, 0xf5, 0xbf, 0xff, 0x40, 0x6, 0xff,
    0xfb, 0x0, 0x9f, 0xff, 0x5b, 0xff, 0xf4, 0x0,
    0xc, 0xff, 0xf6, 0x9, 0xff, 0xf5, 0xbf, 0xff,
    0x40, 0x0, 0x2f, 0xff, 0xe1, 0x9f, 0xff, 0x5b,
    0xff, 0xf4, 0x0, 0x0, 0x7f, 0xff, 0xa9, 0xff,
    0xf5, 0xbf, 0xff, 0x40, 0x0, 0x0, 0xcf, 0xff,
    0xdf, 0xff, 0x5b, 0xff, 0xf4, 0x0, 0x0, 0x2,
    0xff, 0xff, 0xff, 0xf5, 0xbf, 0xff, 0x40, 0x0,
    0x0, 0x8, 0xff, 0xff, 0xff, 0x5b, 0xff, 0xf4,
    0x0, 0x0, 0x0, 0xd, 0xff, 0xff, 0xf5, 0xbf,
    0xff, 0x40, 0x0, 0x0, 0x0, 0x3f, 0xff, 0xff,
    0x5b, 0xff, 0xf4, 0x0, 0x0, 0x0, 0x0, 0x9f,
    0xff, 0xf5, 0xbf, 0xff, 0x40, 0x0, 0x0, 0x0,
    0x0, 0xdf, 0xff, 0x50,

    /* U+0148 "ň" */
    0x0, 0x2d, 0xfe, 0x30, 0x4, 0xff, 0xe2, 0x0,
    0x0, 0x1d, 0xfe, 0x23, 0xff, 0xd1, 0x0, 0x0,
    0x0, 0x1c, 0xfe, 0xff, 0xb0, 0x0, 0x0, 0x0,
    0x0, 0xb, 0xff, 0xa0, 0x0, 0x0, 0x0, 0x0,
    0x0, 0x0, 0x0, 0x0, 0x0, 0x0, 0x0, 0x0,
    0x0, 0x0, 0x0, 0x0, 0x0, 0x1f, 0xff, 0x70,
    0x5b, 0xef, 0xeb, 0x40, 0x1, 0xff, 0xf9, 0xaf,
    0xff, 0xff, 0xff, 0x60, 0x1f, 0xff, 0xff, 0xff,
    0xff, 0xff, 0xff, 0x21, 0xff, 0xff, 0xe6, 0x21,
    0x5e, 0xff, 0xf8, 0x1f, 0xff, 0xf2, 0x0, 0x0,
    0x4f, 0xff, 0xb1, 0xff, 0xfb, 0x0, 0x0, 0x0,
    0xff, 0xfd, 0x1f, 0xff, 0xb0, 0x0, 0x0, 0xe,
    0xff, 0xe1, 0xff, 0xfb, 0x0, 0x0, 0x0, 0xef,
    0xfe, 0x1f, 0xff, 0xb0, 0x0, 0x0, 0xe, 0xff,
    0xe1, 0xff, 0xfb, 0x0, 0x0, 0x0, 0xef, 0xfe,
    0x1f, 0xff, 0xb0, 0x0, 0x0, 0xe, 0xff, 0xe1,
    0xff, 0xfb, 0x0, 0x0, 0x0, 0xef, 0xfe, 0x1f,
    0xff, 0xb0, 0x0, 0x0, 0xe, 0xff, 0xe1, 0xff,
    0xfb, 0x0, 0x0, 0x0, 0xef, 0xfe, 0x1f, 0xff,
    0xb0, 0x0, 0x0, 0xe, 0xff, 0xe1, 0xff, 0xfb,
    0x0, 0x0, 0x0, 0xef, 0xfe, 0x1f, 0xff, 0xb0,
    0x0, 0x0, 0xe, 0xff, 0xe0,

    /* U+0149 "ŉ" */
    0x3, 0xff, 0xe0, 0x0, 0x0, 0x0, 0x0, 0x0,
    0x0, 0x4, 0xff, 0xd0, 0x0, 0x0, 0x0, 0x0,
    0x0, 0x0, 0x6, 0xff, 0xa0, 0x0, 0x0, 0x0,
    0x0, 0x0, 0x0, 0xc, 0xff, 0x40, 0x0, 0x0,
    0x0, 0x0, 0x0, 0x0, 0x3f, 0xfb, 0x0, 0x0,
    0x0, 0x0, 0x0, 0x0, 0x0, 0x3, 0xa1, 0x0,
    0x0, 0x0, 0x0, 0x0, 0x0, 0x0, 0x0, 0x1,
    0xff, 0xf7, 0x5, 0xbe, 0xfe, 0xb4, 0x0, 0x0,
    0x1, 0xff, 0xf9, 0xaf, 0xff, 0xff, 0xff, 0x60,
    0x0, 0x1, 0xff, 0xff, 0xff, 0xff, 0xff, 0xff,
    0xf2, 0x0, 0x1, 0xff, 0xff, 0xe6, 0x21, 0x5e,
    0xff, 0xf8, 0x0, 0x1, 0xff, 0xff, 0x20, 0x0,
    0x4, 0xff, 0xfb, 0x0, 0x1, 0xff, 0xfb, 0x0,
    0x0, 0x0, 0xff, 0xfd, 0x0, 0x1, 0xff, 0xfb,
    0x0, 0x0, 0x0, 0xef, 0xfe, 0x0, 0x1, 0xff,
    0xfb, 0x0, 0x0, 0x0, 0xef, 0xfe, 0x0, 0x1,
    0xff, 0xfb, 0x0, 0x0, 0x0, 0xef, 0xfe, 0x0,
    0x1, 0xff, 0xfb, 0x0, 0x0, 0x0, 0xef, 0xfe,
    0x0, 0x1, 0xff, 0xfb, 0x0, 0x0, 0x0, 0xef,
    0xfe, 0x0, 0x1, 0xff, 0xfb, 0x0, 0x0, 0x0,
    0xef, 0xfe, 0x0, 0x1, 0xff, 0xfb, 0x0, 0x0,
    0x0, 0xef, 0xfe, 0x0, 0x1, 0xff, 0xfb, 0x0,
    0x0, 0x0, 0xef, 0xfe, 0x0, 0x1, 0xff, 0xfb,
    0x0, 0x0, 0x0, 0xef, 0xfe, 0x0, 0x1, 0xff,
    0xfb, 0x0, 0x0, 0x0, 0xef, 0xfe, 0x0, 0x1,
    0xff, 0xfb, 0x0, 0x0, 0x0, 0xef, 0xfe,

    /* U+014A "Ŋ" */
    0xcf, 0xff, 0x80, 0x0, 0x0, 0x0, 0x0, 0xdf,
    0xff, 0x2c, 0xff, 0xff, 0x20, 0x0, 0x0, 0x0,
    0xd, 0xff, 0xf2, 0xcf, 0xff, 0xfc, 0x0, 0x0,
    0x0, 0x0, 0xdf, 0xff, 0x2c, 0xff, 0xff, 0xf6,
    0x0, 0x0, 0x0, 0xd, 0xff, 0xf2, 0xcf, 0xff,
    0xff, 0xe1, 0x0, 0x0, 0x0, 0xdf, 0xff, 0x2c,
    0xff, 0xff, 0xff, 0xa0, 0x0, 0x0, 0xd, 0xff,
    0xf2, 0xcf, 0xff, 0xcf, 0xff, 0x40, 0x0, 0x0,
    0xdf, 0xff, 0x2c, 0xff, 0xf4, 0xef, 0xfe, 0x0,
    0x0, 0xd, 0xff, 0xf2, 0xcf, 0xff, 0x35, 0xff,
    0xf9, 0x0, 0x0, 0xdf, 0xff, 0x2c, 0xff, 0xf3,
    0xb, 0xff, 0xf3, 0x0, 0xd, 0xff, 0xf2, 0xcf,
    0xff, 0x30, 0x2f, 0xff, 0xc0, 0x0, 0xdf, 0xff,
    0x2c, 0xff, 0xf3, 0x0, 0x7f, 0xff, 0x70, 0xd,
    0xff, 0xf2, 0xcf, 0xff, 0x30, 0x0, 0xdf, 0xff,
    0x20, 0xdf, 0xff, 0x2c, 0xff, 0xf3, 0x0, 0x3,
    0xff, 0xfb, 0xd, 0xff, 0xf2, 0xcf, 0xff, 0x30,
    0x0, 0x9, 0xff, 0xf5, 0xdf, 0xff, 0x2c, 0xff,
    0xf3, 0x0, 0x0, 0xe, 0xff, 0xee, 0xff, 0xf2,
    0xcf, 0xff, 0x30, 0x0, 0x0, 0x4f, 0xff, 0xff,
    0xff, 0x2c, 0xff, 0xf3, 0x0, 0x0, 0x0, 0xaf,
    0xff, 0xff, 0xf2, 0xcf, 0xff, 0x30, 0x0, 0x0,
    0x1, 0xff, 0xff, 0xff, 0x2c, 0xff, 0xf3, 0x0,
    0x0, 0x0, 0x6, 0xff, 0xff, 0xf2, 0xcf, 0xff,
    0x30, 0x0, 0x0, 0x0, 0xc, 0xff, 0xff, 0x2c,
    0xff, 0xf3, 0x0, 0x0, 0x0, 0x0, 0x2f, 0xff,
    0xf2, 0x0, 0x0, 0x0, 0x0, 0x0, 0x0, 0x0,
    0xdf, 0xff, 0x10, 0x0, 0x0, 0x0, 0x0, 0x0,
    0x0, 0xf, 0xff, 0xf0, 0x0, 0x0, 0x0, 0x0,
    0x0, 0x12, 0x39, 0xff, 0xfd, 0x0, 0x0, 0x0,
    0x0, 0x0, 0x5, 0xff, 0xff, 0xff, 0x60, 0x0,
    0x0, 0x0, 0x0, 0x0, 0x6f, 0xff, 0xff, 0xa0,
    0x0, 0x0, 0x0, 0x0, 0x0, 0x5, 0xef, 0xeb,
    0x50, 0x0,

    /* U+014B "ŋ" */
    0xf, 0xff, 0x70, 0x3a, 0xef, 0xeb, 0x40, 0x0,
    0xf, 0xff, 0x86, 0xff, 0xff, 0xff, 0xf8, 0x0,
    0xf, 0xff, 0xdf, 0xff, 0xff, 0xff, 0xff, 0x40,
    0xf, 0xff, 0xfd, 0x62, 0x14, 0xdf, 0xff, 0xa0,
    0xf, 0xff, 0xe1, 0x0, 0x0, 0x2f, 0xff, 0xe0,
    0xf, 0xff, 0xc0, 0x0, 0x0, 0xd, 0xff, 0xf0,
    0xf, 0xff, 0xc0, 0x0, 0x0, 0xb, 0xff, 0xf1,
    0xf, 0xff, 0xc0, 0x0, 0x0, 0xb, 0xff, 0xf1,
    0xf, 0xff, 0xc0, 0x0, 0x0, 0xb, 0xff, 0xf1,
    0xf, 0xff, 0xc0, 0x0, 0x0, 0xb, 0xff, 0xf1,
    0xf, 0xff, 0xc0, 0x0, 0x0, 0xb, 0xff, 0xf1,
    0xf, 0xff, 0xc0, 0x0, 0x0, 0xb, 0xff, 0xf1,
    0xf, 0xff, 0xc0, 0x0, 0x0, 0xb, 0xff, 0xf1,
    0xf, 0xff, 0xc0, 0x0, 0x0, 0xb, 0xff, 0xf1,
    0xf, 0xff, 0xc0, 0x0, 0x0, 0xb, 0xff, 0xf1,
    0xf, 0xff, 0xc0, 0x0, 0x0, 0xb, 0xff, 0xf1,
    0xf, 0xff, 0xc0, 0x0, 0x0, 0xb, 0xff, 0xf1,
    0x0, 0x0, 0x0, 0x0, 0x0, 0xb, 0xff, 0xf1,
    0x0, 0x0, 0x0, 0x0, 0x0, 0xe, 0xff, 0xf0,
    0x0, 0x0, 0x0, 0x0, 0x22, 0x8f, 0xff, 0xc0,
    0x0, 0x0, 0x0, 0x3, 0xff, 0xff, 0xff, 0x60,
    0x0, 0x0, 0x0, 0x5, 0xff, 0xff, 0xfa, 0x0,
    0x0, 0x0, 0x0, 0x4, 0xef, 0xeb, 0x50, 0x0,

    /* U+014C "Ō" */
    0x0, 0x0, 0x37, 0x77, 0x77, 0x77, 0x77, 0x75,
    0x0, 0x0, 0x0, 0x0, 0x9f, 0xff, 0xff, 0xff,
    0xff, 0xfc, 0x0, 0x0, 0x0, 0x0, 0x9f, 0xff,
    0xff, 0xff, 0xff, 0xfc, 0x0, 0x0, 0x0, 0x0,
    0x0, 0x0, 0x0, 0x0, 0x0, 0x0, 0x0, 0x0,
    0x0, 0x0, 0x0, 0x0, 0x0, 0x0, 0x0, 0x0,
    0x0, 0x0, 0x0, 0x0, 0x0, 0x0, 0x0, 0x0,
    0x0, 0x0, 0x0, 0x0, 0x0, 0x0, 0x0, 0x5a,
    0xef, 0xfe, 0xb6, 0x0, 0x0, 0x0, 0x0, 0x0,
    0x4e, 0xff, 0xff, 0xff, 0xff, 0xe5, 0x0, 0x0,
    0x0, 0x7, 0xff, 0xff, 0xff, 0xff, 0xff, 0xff,
    0x80, 0x0, 0x0, 0x5f, 0xff, 0xfd, 0x74, 0x46,
    0xcf, 0xff, 0xf6, 0x0, 0x1, 0xef, 0xff, 0x90,
    0x0, 0x0, 0x8, 0xff, 0xff, 0x10, 0x7, 0xff,
    0xfc, 0x0, 0x0, 0x0, 0x0, 0xaf, 0xff, 0x80,
    0xd, 0xff, 0xf3, 0x0, 0x0, 0x0, 0x0, 0x2f,
    0xff, 0xe0, 0x1f, 0xff, 0xe0, 0x0, 0x0, 0x0,
    0x0, 0xd, 0xff, 0xf2, 0x4f, 0xff, 0xb0, 0x0,
    0x0, 0x0, 0x0, 0xa, 0xff, 0xf5, 0x5f, 0xff,
    0x90, 0x0, 0x0, 0x0, 0x0, 0x8, 0xff, 0xf6,
    0x6f, 0xff, 0x80, 0x0, 0x0, 0x0, 0x0, 0x7,
    0xff, 0xf7, 0x6f, 0xff, 0x80, 0x0, 0x0, 0x0,
    0x0, 0x7, 0xff, 0xf7, 0x5f, 0xff, 0x90, 0x0,
    0x0, 0x0, 0x0, 0x8, 0xff, 0xf6, 0x4f, 0xff,
    0xb0, 0x0, 0x0, 0x0, 0x0, 0xa, 0xff, 0xf5,
    0x1f, 0xff, 0xe0, 0x0, 0x0, 0x0, 0x0, 0xd,
    0xff, 0xf2, 0xd, 0xff, 0xf3, 0x0, 0x0, 0x0,
    0x0, 0x2f, 0xff, 0xe0, 0x7, 0xff, 0xfb, 0x0,
    0x0, 0x0, 0x0, 0xaf, 0xff, 0x80, 0x1, 0xef,
    0xff, 0x90, 0x0, 0x0, 0x7, 0xff, 0xff, 0x10,
    0x0, 0x5f, 0xff, 0xfd, 0x74, 0x46, 0xcf, 0xff,
    0xf6, 0x0, 0x0, 0x7, 0xff, 0xff, 0xff, 0xff,
    0xff, 0xff, 0x90, 0x0, 0x0, 0x0, 0x4e, 0xff,
    0xff, 0xff, 0xff, 0xe6, 0x0, 0x0, 0x0, 0x0,
    0x0, 0x5a, 0xef, 0xfe, 0xb6, 0x0, 0x0, 0x0,

    /* U+014D "ō" */
    0x0, 0xaf, 0xff, 0xff, 0xff, 0xff, 0xfb, 0x0,
    0x0, 0xaf, 0xff, 0xff, 0xff, 0xff, 0xfb, 0x0,
    0x0, 0x47, 0x77, 0x77, 0x77, 0x77, 0x75, 0x0,
    0x0, 0x0, 0x0, 0x0, 0x0, 0x0, 0x0, 0x0,
    0x0, 0x0, 0x0, 0x0, 0x0, 0x0, 0x0, 0x0,
    0x0, 0x0, 0x39, 0xdf, 0xfd, 0xa4, 0x0, 0x0,
    0x0, 0x9, 0xff, 0xff, 0xff, 0xff, 0xb1, 0x0,
    0x0, 0xbf, 0xff, 0xff, 0xff, 0xff, 0xfd, 0x10,
    0x6, 0xff, 0xfe, 0x51, 0x4, 0xdf, 0xff, 0xa0,
    0xe, 0xff, 0xf2, 0x0, 0x0, 0x1d, 0xff, 0xf3,
    0x5f, 0xff, 0x80, 0x0, 0x0, 0x5, 0xff, 0xf8,
    0x9f, 0xff, 0x40, 0x0, 0x0, 0x0, 0xff, 0xfc,
    0xaf, 0xff, 0x10, 0x0, 0x0, 0x0, 0xef, 0xfe,
    0xcf, 0xff, 0x0, 0x0, 0x0, 0x0, 0xdf, 0xff,
    0xbf, 0xff, 0x10, 0x0, 0x0, 0x0, 0xef, 0xfd,
    0x9f, 0xff, 0x30, 0x0, 0x0, 0x0, 0xff, 0xfc,
    0x5f, 0xff, 0x80, 0x0, 0x0, 0x5, 0xff, 0xf8,
    0xf, 0xff, 0xf2, 0x0, 0x0, 0xd, 0xff, 0xf2,
    0x7, 0xff, 0xfe, 0x50, 0x4, 0xcf, 0xff, 0xa0,
    0x0, 0xbf, 0xff, 0xff, 0xff, 0xff, 0xfd, 0x0,
    0x0, 0xa, 0xff, 0xff, 0xff, 0xff, 0xb1, 0x0,
    0x0, 0x0, 0x39, 0xdf, 0xfe, 0xa4, 0x0, 0x0,

    /* U+014E "Ŏ" */
    0x0, 0x0, 0x7, 0x87, 0x0, 0x0, 0x68, 0x80,
    0x0, 0x0, 0x0, 0x0, 0xd, 0xff, 0x10, 0x0,
    0xef, 0xf0, 0x0, 0x0, 0x0, 0x0, 0x8, 0xff,
    0xc5, 0x4b, 0xff, 0xa0, 0x0, 0x0, 0x0, 0x0,
    0x0, 0xcf, 0xff, 0xff, 0xfd, 0x10, 0x0, 0x0,
    0x0, 0x0, 0x0, 0x7, 0xcf, 0xfd, 0x81, 0x0,
    0x0, 0x0, 0x0, 0x0, 0x0, 0x0, 0x0, 0x0,
    0x0, 0x0, 0x0, 0x0, 0x0, 0x0, 0x0, 0x0,
    0x0, 0x0, 0x0, 0x0, 0x0, 0x0, 0x0, 0x0,
    0x0, 0x5a, 0xef, 0xfe, 0xb6, 0x0, 0x0, 0x0,
    0x0, 0x0, 0x4e, 0xff, 0xff, 0xff, 0xff, 0xe5,
    0x0, 0x0, 0x0, 0x7, 0xff, 0xff, 0xff, 0xff,
    0xff, 0xff, 0x80, 0x0, 0x0, 0x5f, 0xff, 0xfd,
    0x74, 0x46, 0xcf, 0xff, 0xf6, 0x0, 0x1, 0xef,
    0xff, 0x90, 0x0, 0x0, 0x8, 0xff, 0xff, 0x10,
    0x7, 0xff, 0xfc, 0x0, 0x0, 0x0, 0x0, 0xaf,
    0xff, 0x80, 0xd, 0xff, 0xf3, 0x0, 0x0, 0x0,
    0x0, 0x2f, 0xff, 0xe0, 0x1f, 0xff, 0xe0, 0x0,
    0x0, 0x0, 0x0, 0xd, 0xff, 0xf2, 0x4f, 0xff,
    0xb0, 0x0, 0x0, 0x0, 0x0, 0xa, 0xff, 0xf5,
    0x5f, 0xff, 0x90, 0x0, 0x0, 0x0, 0x0, 0x8,
    0xff, 0xf6, 0x6f, 0xff, 0x80, 0x0, 0x0, 0x0,
    0x0, 0x7, 0xff, 0xf7, 0x6f, 0xff, 0x80, 0x0,
    0x0, 0x0, 0x0, 0x7, 0xff, 0xf7, 0x5f, 0xff,
    0x90, 0x0, 0x0, 0x0, 0x0, 0x8, 0xff, 0xf6,
    0x4f, 0xff, 0xb0, 0x0, 0x0, 0x0, 0x0, 0xa,
    0xff, 0xf5, 0x1f, 0xff, 0xe0, 0x0, 0x0, 0x0,
    0x0, 0xd, 0xff, 0xf2, 0xd, 0xff, 0xf3, 0x0,
    0x0, 0x0, 0x0, 0x2f, 0xff, 0xe0, 0x7, 0xff,
    0xfb, 0x0, 0x0, 0x0, 0x0, 0xaf, 0xff, 0x80,
    0x1, 0xef, 0xff, 0x90, 0x0, 0x0, 0x7, 0xff,
    0xff, 0x10, 0x0, 0x5f, 0xff, 0xfd, 0x74, 0x46,
    0xcf, 0xff, 0xf6, 0x0, 0x0, 0x7, 0xff, 0xff,
    0xff, 0xff, 0xff, 0xff, 0x90, 0x0, 0x0, 0x0,
    0x4e, 0xff, 0xff, 0xff, 0xff, 0xe6, 0x0, 0x0,
    0x0, 0x0, 0x0, 0x5a, 0xef, 0xfe, 0xb6, 0x0,
    0x0, 0x0,

    /* U+014F "ŏ" */
    0x0, 0xf, 0xfe, 0x0, 0x0, 0xef, 0xf0, 0x0,
    0x0, 0xb, 0xff, 0xa4, 0x4a, 0xff, 0xb0, 0x0,
    0x0, 0x2, 0xef, 0xff, 0xff, 0xfe, 0x20, 0x0,
    0x0, 0x0, 0x18, 0xdf, 0xfd, 0x81, 0x0, 0x0,
    0x0, 0x0, 0x0, 0x0, 0x0, 0x0, 0x0, 0x0,
    0x0, 0x0, 0x0, 0x0, 0x0, 0x0, 0x0, 0x0,
    0x0, 0x0, 0x39, 0xdf, 0xfd, 0xa4, 0x0, 0x0,
    0x0, 0x9, 0xff, 0xff, 0xff, 0xff, 0xb1, 0x0,
    0x0, 0xbf, 0xff, 0xff, 0xff, 0xff, 0xfd, 0x10,
    0x6, 0xff, 0xfe, 0x51, 0x4, 0xdf, 0xff, 0xa0,
    0xe, 0xff, 0xf2, 0x0, 0x0, 0x1d, 0xff, 0xf3,
    0x5f, 0xff, 0x80, 0x0, 0x0, 0x5, 0xff, 0xf8,
    0x9f, 0xff, 0x40, 0x0, 0x0, 0x0, 0xff, 0xfc,
    0xaf, 0xff, 0x10, 0x0, 0x0, 0x0, 0xef, 0xfe,
    0xcf, 0xff, 0x0, 0x0, 0x0, 0x0, 0xdf, 0xff,
    0xbf, 0xff, 0x10, 0x0, 0x0, 0x0, 0xef, 0xfd,
    0x9f, 0xff, 0x30, 0x0, 0x0, 0x0, 0xff, 0xfc,
    0x5f, 0xff, 0x80, 0x0, 0x0, 0x5, 0xff, 0xf8,
    0xf, 0xff, 0xf2, 0x0, 0x0, 0xd, 0xff, 0xf2,
    0x7, 0xff, 0xfe, 0x50, 0x4, 0xcf, 0xff, 0xa0,
    0x0, 0xbf, 0xff, 0xff, 0xff, 0xff, 0xfd, 0x0,
    0x0, 0xa, 0xff, 0xff, 0xff, 0xff, 0xb1, 0x0,
    0x0, 0x0, 0x39, 0xdf, 0xfe, 0xa4, 0x0, 0x0,

    /* U+0150 "Ő" */
    0x0, 0x0, 0x0, 0x0, 0x8a, 0xa8, 0x1, 0xaa,
    0xa6, 0x0, 0x0, 0x0, 0x0, 0x4, 0xff, 0xf3,
    0xb, 0xff, 0xc0, 0x0, 0x0, 0x0, 0x0, 0xd,
    0xff, 0x60, 0x7f, 0xfd, 0x10, 0x0, 0x0, 0x0,
    0x0, 0x7f, 0xfb, 0x3, 0xff, 0xe2, 0x0, 0x0,
    0x0, 0x0, 0x1, 0xff, 0xe1, 0x1e, 0xff, 0x30,
    0x0, 0x0, 0x0, 0x0, 0x0, 0x0, 0x0, 0x0,
    0x0, 0x0, 0x0, 0x0, 0x0, 0x0, 0x0, 0x0,
    0x0, 0x0, 0x0, 0x0, 0x0, 0x0, 0x0, 0x0,
    0x0, 0x5a, 0xef, 0xfe, 0xb6, 0x0, 0x0, 0x0,
    0x0, 0x0, 0x4e, 0xff, 0xff, 0xff, 0xff, 0xe5,
    0x0, 0x0, 0x0, 0x7, 0xff, 0xff, 0xff, 0xff,
    0xff, 0xff, 0x80, 0x0, 0x0, 0x5f, 0xff, 0xfd,
    0x74, 0x46, 0xcf, 0xff, 0xf6, 0x0, 0x1, 0xef,
    0xff, 0x90, 0x0, 0x0, 0x8, 0xff, 0xff, 0x10,
    0x7, 0xff, 0xfc, 0x0, 0x0, 0x0, 0x0, 0xaf,
    0xff, 0x80, 0xd, 0xff, 0xf3, 0x0, 0x0, 0x0,
    0x0, 0x2f, 0xff, 0xe0, 0x1f, 0xff, 0xe0, 0x0,
    0x0, 0x0, 0x0, 0xd, 0xff, 0xf2, 0x4f, 0xff,
    0xb0, 0x0, 0x0, 0x0, 0x0, 0xa, 0xff, 0xf5,
    0x5f, 0xff, 0x90, 0x0, 0x0, 0x0, 0x0, 0x8,
    0xff, 0xf6, 0x6f, 0xff, 0x80, 0x0, 0x0, 0x0,
    0x0, 0x7, 0xff, 0xf7, 0x6f, 0xff, 0x80, 0x0,
    0x0, 0x0, 0x0, 0x7, 0xff, 0xf7, 0x5f, 0xff,
    0x90, 0x0, 0x0, 0x0, 0x0, 0x8, 0xff, 0xf6,
    0x4f, 0xff, 0xb0, 0x0, 0x0, 0x0, 0x0, 0xa,
    0xff, 0xf5, 0x1f, 0xff, 0xe0, 0x0, 0x0, 0x0,
    0x0, 0xd, 0xff, 0xf2, 0xd, 0xff, 0xf3, 0x0,
    0x0, 0x0, 0x0, 0x2f, 0xff, 0xe0, 0x7, 0xff,
    0xfb, 0x0, 0x0, 0x0, 0x0, 0xaf, 0xff, 0x80,
    0x1, 0xef, 0xff, 0x90, 0x0, 0x0, 0x7, 0xff,
    0xff, 0x10, 0x0, 0x5f, 0xff, 0xfd, 0x74, 0x46,
    0xcf, 0xff, 0xf6, 0x0, 0x0, 0x7, 0xff, 0xff,
    0xff, 0xff, 0xff, 0xff, 0x90, 0x0, 0x0, 0x0,
    0x4e, 0xff, 0xff, 0xff, 0xff, 0xe6, 0x0, 0x0,
    0x0, 0x0, 0x0, 0x5a, 0xef, 0xfe, 0xb6, 0x0,
    0x0, 0x0,

    /* U+0151 "ő" */
    0x0, 0x0, 0x0, 0xef, 0xf9, 0x4, 0xff, 0xf6,
    0x0, 0x0, 0x8, 0xff, 0xd0, 0x1e, 0xff, 0x70,
    0x0, 0x0, 0x2f, 0xff, 0x20, 0xcf, 0xf9, 0x0,
    0x0, 0x0, 0xbf, 0xf6, 0x8, 0xff, 0xb0, 0x0,
    0x0, 0x1, 0xaa, 0x70, 0x1a, 0xa9, 0x0, 0x0,
    0x0, 0x0, 0x0, 0x0, 0x0, 0x0, 0x0, 0x0,
    0x0, 0x0, 0x39, 0xdf, 0xfd, 0xa4, 0x0, 0x0,
    0x0, 0x9, 0xff, 0xff, 0xff, 0xff, 0xb1, 0x0,
    0x0, 0xbf, 0xff, 0xff, 0xff, 0xff, 0xfd, 0x10,
    0x6, 0xff, 0xfe, 0x51, 0x4, 0xdf, 0xff, 0xa0,
    0xe, 0xff, 0xf2, 0x0, 0x0, 0x1d, 0xff, 0xf3,
    0x5f, 0xff, 0x80, 0x0, 0x0, 0x5, 0xff, 0xf8,
    0x9f, 0xff, 0x40, 0x0, 0x0, 0x0, 0xff, 0xfc,
    0xaf, 0xff, 0x10, 0x0, 0x0, 0x0, 0xef, 0xfe,
    0xcf, 0xff, 0x0, 0x0, 0x0, 0x0, 0xdf, 0xff,
    0xbf, 0xff, 0x10, 0x0, 0x0, 0x0, 0xef, 0xfd,
    0x9f, 0xff, 0x30, 0x0, 0x0, 0x0, 0xff, 0xfc,
    0x5f, 0xff, 0x80, 0x0, 0x0, 0x5, 0xff, 0xf8,
    0xf, 0xff, 0xf2, 0x0, 0x0, 0xd, 0xff, 0xf2,
    0x7, 0xff, 0xfe, 0x50, 0x4, 0xcf, 0xff, 0xa0,
    0x0, 0xbf, 0xff, 0xff, 0xff, 0xff, 0xfd, 0x0,
    0x0, 0xa, 0xff, 0xff, 0xff, 0xff, 0xb1, 0x0,
    0x0, 0x0, 0x39, 0xdf, 0xfe, 0xa4, 0x0, 0x0,

    /* U+0152 "Œ" */
    0x0, 0x0, 0x2, 0x8c, 0xef, 0xff, 0xff, 0xff,
    0xff, 0xff, 0xff, 0xff, 0xff, 0xf9, 0x0, 0x0,
    0x9f, 0xff, 0xff, 0xff, 0xff, 0xff, 0xff, 0xff,
    0xff, 0xff, 0xff, 0xf9, 0x0, 0x1d, 0xff, 0xff,
    0xff, 0xff, 0xff, 0xff, 0xff, 0xff, 0xff, 0xff,
    0xff, 0xf9, 0x0, 0xbf, 0xff, 0xd5, 0x10, 0x0,
    0x3f, 0xff, 0xc2, 0x22, 0x22, 0x22, 0x22, 0x21,
    0x7, 0xff, 0xfb, 0x0, 0x0, 0x0, 0x2f, 0xff,
    0xc0, 0x0, 0x0, 0x0, 0x0, 0x0, 0xe, 0xff,
    0xf1, 0x0, 0x0, 0x0, 0x2f, 0xff, 0xc0, 0x0,
    0x0, 0x0, 0x0, 0x0, 0x2f, 0xff, 0xa0, 0x0,
    0x0, 0x0, 0x2f, 0xff, 0xc0, 0x0, 0x0, 0x0,
    0x0, 0x0, 0x5f, 0xff, 0x70, 0x0, 0x0, 0x0,
    0x2f, 0xff, 0xc0, 0x0, 0x0, 0x0, 0x0, 0x0,
    0x6f, 0xff, 0x60, 0x0, 0x0, 0x0, 0x2f, 0xff,
    0xc1, 0x11, 0x11, 0x11, 0x11, 0x0, 0x7f, 0xff,
    0x50, 0x0, 0x0, 0x0, 0x2f, 0xff, 0xff, 0xff,
    0xff, 0xff, 0xff, 0x20, 0x7f, 0xff, 0x50, 0x0,
    0x0, 0x0, 0x2f, 0xff, 0xff, 0xff, 0xff, 0xff,
    0xff, 0x20, 0x7f, 0xff, 0x50, 0x0, 0x0, 0x0,
    0x2f, 0xff, 0xff, 0xff, 0xff, 0xff, 0xff, 0x20,
    0x7f, 0xff, 0x50, 0x0, 0x0, 0x0, 0x2f, 0xff,
    0xc0, 0x0, 0x0, 0x0, 0x0, 0x0, 0x6f, 0xff,
    0x60, 0x0, 0x0, 0x0, 0x2f, 0xff, 0xc0, 0x0,
    0x0, 0x0, 0x0, 0x0, 0x5f, 0xff, 0x70, 0x0,
    0x0, 0x0, 0x2f, 0xff, 0xc0, 0x0, 0x0, 0x0,
    0x0, 0x0, 0x2f, 0xff, 0xa0, 0x0, 0x0, 0x0,
    0x2f, 0xff, 0xc0, 0x0, 0x0, 0x0, 0x0, 0x0,
    0xd, 0xff, 0xf1, 0x0, 0x0, 0x0, 0x2f, 0xff,
    0xc0, 0x0, 0x0, 0x0, 0x0, 0x0, 0x6, 0xff,
    0xfc, 0x0, 0x0, 0x0, 0x2f, 0xff, 0xc0, 0x0,
    0x0, 0x0, 0x0, 0x0, 0x0, 0xbf, 0xff, 0xd6,
    0x10, 0x0, 0x3f, 0xff, 0xc1, 0x11, 0x11, 0x11,
    0x11, 0x11, 0x0, 0x1d, 0xff, 0xff, 0xff, 0xff,
    0xff, 0xff, 0xff, 0xff, 0xff, 0xff, 0xff, 0xfb,
    0x0, 0x0, 0x9f, 0xff, 0xff, 0xff, 0xff, 0xff,
    0xff, 0xff, 0xff, 0xff, 0xff, 0xfb, 0x0, 0x0,
    0x2, 0x8c, 0xef, 0xff, 0xff, 0xff, 0xff, 0xff,
    0xff, 0xff, 0xff, 0xfb,

    /* U+0153 "œ" */
    0x0, 0x0, 0x29, 0xdf, 0xfd, 0xa5, 0x0, 0x0,
    0x39, 0xdf, 0xfc, 0x81, 0x0, 0x0, 0x0, 0x8f,
    0xff, 0xff, 0xff, 0xfc, 0x10, 0x9f, 0xff, 0xff,
    0xff, 0xf5, 0x0, 0x0, 0x9f, 0xff, 0xff, 0xff,
    0xff, 0xfd, 0xaf, 0xff, 0xff, 0xff, 0xff, 0xf4,
    0x0, 0x5f, 0xff, 0xf6, 0x10, 0x4c, 0xff, 0xff,
    0xff, 0xe4, 0x2, 0x8f, 0xff, 0xe0, 0xd, 0xff,
    0xf3, 0x0, 0x0, 0xd, 0xff, 0xff, 0xf3, 0x0,
    0x0, 0x8f, 0xff, 0x53, 0xff, 0xfb, 0x0, 0x0,
    0x0, 0x5f, 0xff, 0xfa, 0x0, 0x0, 0x2, 0xff,
    0xf9, 0x6f, 0xff, 0x60, 0x0, 0x0, 0x0, 0xff,
    0xff, 0x50, 0x0, 0x0, 0xf, 0xff, 0xb8, 0xff,
    0xf4, 0x0, 0x0, 0x0, 0xe, 0xff, 0xff, 0xff,
    0xff, 0xff, 0xff, 0xfc, 0x9f, 0xff, 0x30, 0x0,
    0x0, 0x0, 0xdf, 0xff, 0xff, 0xff, 0xff, 0xff,
    0xff, 0xc8, 0xff, 0xf3, 0x0, 0x0, 0x0, 0xe,
    0xff, 0xfc, 0xcc, 0xcc, 0xcc, 0xcc, 0xc9, 0x6f,
    0xff, 0x60, 0x0, 0x0, 0x1, 0xff, 0xff, 0x40,
    0x0, 0x0, 0x0, 0x0, 0x2, 0xff, 0xfa, 0x0,
    0x0, 0x0, 0x5f, 0xff, 0xf9, 0x0, 0x0, 0x0,
    0x0, 0x0, 0xd, 0xff, 0xf3, 0x0, 0x0, 0xd,
    0xff, 0xff, 0xf3, 0x0, 0x0, 0x0, 0x0, 0x0,
    0x5f, 0xff, 0xe6, 0x10, 0x3c, 0xff, 0xff, 0xff,
    0xe6, 0x10, 0x13, 0x8e, 0x80, 0x0, 0x9f, 0xff,
    0xff, 0xff, 0xff, 0xfd, 0xaf, 0xff, 0xff, 0xff,
    0xff, 0xff, 0x10, 0x0, 0x8f, 0xff, 0xff, 0xff,
    0xfc, 0x10, 0x9f, 0xff, 0xff, 0xff, 0xff, 0x90,
    0x0, 0x0, 0x29, 0xdf, 0xfe, 0xa5, 0x0, 0x0,
    0x39, 0xdf, 0xfe, 0xc8, 0x20, 0x0,

    /* U+0154 "Ŕ" */
    0x0, 0x0, 0x0, 0x0, 0x48, 0x88, 0x50, 0x0,
    0x0, 0x0, 0x0, 0x0, 0x2, 0xff, 0xfd, 0x10,
    0x0, 0x0, 0x0, 0x0, 0x0, 0xc, 0xff, 0xd1,
    0x0, 0x0, 0x0, 0x0, 0x0, 0x0, 0x7f, 0xfe,
    0x10, 0x0, 0x0, 0x0, 0x0, 0x0, 0x2, 0xff,
    0xe2, 0x0, 0x0, 0x0, 0x0, 0x0, 0x0, 0x0,
    0x0, 0x0, 0x0, 0x0, 0x0, 0x0, 0x0, 0x0,
    0x0, 0x0, 0x0, 0x0, 0x0, 0x0, 0x0, 0xbf,
    0xff, 0xff, 0xff, 0xfe, 0xda, 0x50, 0x0, 0x0,
    0xbf, 0xff, 0xff, 0xff, 0xff, 0xff, 0xfd, 0x30,
    0x0, 0xbf, 0xff, 0xff, 0xff, 0xff, 0xff, 0xff,
    0xf3, 0x0, 0xbf, 0xff, 0x62, 0x22, 0x23, 0x7e,
    0xff, 0xfd, 0x0, 0xbf, 0xff, 0x40, 0x0, 0x0,
    0x2, 0xff, 0xff, 0x40, 0xbf, 0xff, 0x40, 0x0,
    0x0, 0x0, 0x9f, 0xff, 0x70, 0xbf, 0xff, 0x40,
    0x0, 0x0, 0x0, 0x7f, 0xff, 0x80, 0xbf, 0xff,
    0x40, 0x0, 0x0, 0x0, 0x8f, 0xff, 0x60, 0xbf,
    0xff, 0x40, 0x0, 0x0, 0x1, 0xef, 0xff, 0x30,
    0xbf, 0xff, 0x40, 0x0, 0x2, 0x6e, 0xff, 0xfb,
    0x0, 0xbf, 0xff, 0xff, 0xff, 0xff, 0xff, 0xff,
    0xd1, 0x0, 0xbf, 0xff, 0xff, 0xff, 0xff, 0xff,
    0xf9, 0x10, 0x0, 0xbf, 0xff, 0xff, 0xff, 0xff,
    0xff, 0x90, 0x0, 0x0, 0xbf, 0xff, 0x52, 0x22,
    0x3f, 0xff, 0xf1, 0x0, 0x0, 0xbf, 0xff, 0x40,
    0x0, 0x9, 0xff, 0xf8, 0x0, 0x0, 0xbf, 0xff,
    0x40, 0x0, 0x2, 0xff, 0xff, 0x10, 0x0, 0xbf,
    0xff, 0x40, 0x0, 0x0, 0x9f, 0xff, 0x90, 0x0,
    0xbf, 0xff, 0x40, 0x0, 0x0, 0x1f, 0xff, 0xf2,
    0x0, 0xbf, 0xff, 0x40, 0x0, 0x0, 0x9, 0xff,
    0xfa, 0x0, 0xbf, 0xff, 0x40, 0x0, 0x0, 0x1,
    0xff, 0xff, 0x20, 0xbf, 0xff, 0x40, 0x0, 0x0,
    0x0, 0x8f, 0xff, 0xa0, 0xbf, 0xff, 0x40, 0x0,
    0x0, 0x0, 0x1f, 0xff, 0xf3,

    /* U+0155 "ŕ" */
    0x0, 0x0, 0x0, 0xdf, 0xff, 0x50, 0x0, 0x0,
    0x9f, 0xff, 0x40, 0x0, 0x0, 0x5f, 0xff, 0x40,
    0x0, 0x0, 0x1e, 0xff, 0x40, 0x0, 0x0, 0x1,
    0x33, 0x10, 0x0, 0x0, 0x0, 0x0, 0x0, 0x0,
    0x0, 0x1f, 0xff, 0x90, 0x8e, 0xfc, 0x1, 0xff,
    0xfa, 0xdf, 0xff, 0xc0, 0x1f, 0xff, 0xff, 0xff,
    0xfc, 0x1, 0xff, 0xff, 0xfe, 0xba, 0x80, 0x1f,
    0xff, 0xf9, 0x0, 0x0, 0x1, 0xff, 0xfd, 0x0,
    0x0, 0x0, 0x1f, 0xff, 0xb0, 0x0, 0x0, 0x1,
    0xff, 0xfb, 0x0, 0x0, 0x0, 0x1f, 0xff, 0xb0,
    0x0, 0x0, 0x1, 0xff, 0xfb, 0x0, 0x0, 0x0,
    0x1f, 0xff, 0xb0, 0x0, 0x0, 0x1, 0xff, 0xfb,
    0x0, 0x0, 0x0, 0x1f, 0xff, 0xb0, 0x0, 0x0,
    0x1, 0xff, 0xfb, 0x0, 0x0, 0x0, 0x1f, 0xff,
    0xb0, 0x0, 0x0, 0x1, 0xff, 0xfb, 0x0, 0x0,
    0x0, 0x1f, 0xff, 0xb0, 0x0, 0x0, 0x0,

    /* U+0156 "Ŗ" */
    0xbf, 0xff, 0xff, 0xff, 0xfe, 0xda, 0x50, 0x0,
    0x0, 0xbf, 0xff, 0xff, 0xff, 0xff, 0xff, 0xfd,
    0x30, 0x0, 0xbf, 0xff, 0xff, 0xff, 0xff, 0xff,
    0xff, 0xf3, 0x0, 0xbf, 0xff, 0x62, 0x22, 0x23,
    0x7e, 0xff, 0xfd, 0x0, 0xbf, 0xff, 0x40, 0x0,
    0x0, 0x2, 0xff, 0xff, 0x40, 0xbf, 0xff, 0x40,
    0x0, 0x0, 0x0, 0x9f, 0xff, 0x70, 0xbf, 0xff,
    0x40, 0x0, 0x0, 0x0, 0x7f, 0xff, 0x80, 0xbf,
    0xff, 0x40, 0x0, 0x0, 0x0, 0x8f, 0xff, 0x60,
    0xbf, 0xff, 0x40, 0x0, 0x0, 0x1, 0xef, 0xff,
    0x30, 0xbf, 0xff, 0x40, 0x0, 0x2, 0x6e, 0xff,
    0xfb, 0x0, 0xbf, 0xff, 0xff, 0xff, 0xff, 0xff,
    0xff, 0xd1, 0x0, 0xbf, 0xff, 0xff, 0xff, 0xff,
    0xff, 0xf9, 0x10, 0x0, 0xbf, 0xff, 0xff, 0xff,
    0xff, 0xff, 0x90, 0x0, 0x0, 0xbf, 0xff, 0x52,
    0x22, 0x3f, 0xff, 0xf1, 0x0, 0x0, 0xbf, 0xff,
    0x40, 0x0, 0x9, 0xff, 0xf8, 0x0, 0x0, 0xbf,
    0xff, 0x40, 0x0, 0x2, 0xff, 0xff, 0x10, 0x0,
    0xbf, 0xff, 0x40, 0x0, 0x0, 0x9f, 0xff, 0x90,
    0x0, 0xbf, 0xff, 0x40, 0x0, 0x0, 0x1f, 0xff,
    0xf2, 0x0, 0xbf, 0xff, 0x40, 0x0, 0x0, 0x9,
    0xff, 0xfa, 0x0, 0xbf, 0xff, 0x40, 0x0, 0x0,
    0x1, 0xff, 0xff, 0x20, 0xbf, 0xff, 0x40, 0x0,
    0x0, 0x0, 0x8f, 0xff, 0xa0, 0xbf, 0xff, 0x40,
    0x0, 0x0, 0x0, 0x1f, 0xff, 0xf3, 0x0, 0x0,
    0x0, 0x0, 0x0, 0x0, 0x0, 0x0, 0x0, 0x0,
    0x0, 0x0, 0x88, 0x81, 0x0, 0x0, 0x0, 0x0,
    0x0, 0x0, 0x0, 0xff, 0xf1, 0x0, 0x0, 0x0,
    0x0, 0x0, 0x0, 0x0, 0xff, 0xf0, 0x0, 0x0,
    0x0, 0x0, 0x0, 0x0, 0x3, 0xff, 0xd0, 0x0,
    0x0, 0x0, 0x0, 0x0, 0x0, 0x9, 0xff, 0x70,
    0x0, 0x0, 0x0, 0x0, 0x0, 0x0, 0xf, 0xfe,
    0x0, 0x0, 0x0, 0x0, 0x0, 0x0, 0x0, 0x2,
    0xa3, 0x0, 0x0, 0x0, 0x0, 0x0,

    /* U+0157 "ŗ" */
    0x1f, 0xff, 0x90, 0x8e, 0xfc, 0x1f, 0xff, 0xad,
    0xff, 0xfc, 0x1f, 0xff, 0xff, 0xff, 0xfc, 0x1f,
    0xff, 0xff, 0xeb, 0xa8, 0x1f, 0xff, 0xf9, 0x0,
    0x0, 0x1f, 0xff, 0xd0, 0x0, 0x0, 0x1f, 0xff,
    0xb0, 0x0, 0x0, 0x1f, 0xff, 0xb0, 0x0, 0x0,
    0x1f, 0xff, 0xb0, 0x0, 0x0, 0x1f, 0xff, 0xb0,
    0x0, 0x0, 0x1f, 0xff, 0xb0, 0x0, 0x0, 0x1f,
    0xff, 0xb0, 0x0, 0x0, 0x1f, 0xff, 0xb0, 0x0,
    0x0, 0x1f, 0xff, 0xb0, 0x0, 0x0, 0x1f, 0xff,
    0xb0, 0x0, 0x0, 0x1f, 0xff, 0xb0, 0x0, 0x0,
    0x1f, 0xff, 0xb0, 0x0, 0x0, 0x0, 0x0, 0x0,
    0x0, 0x0, 0x4, 0x88, 0x40, 0x0, 0x0, 0x9,
    0xff, 0x80, 0x0, 0x0, 0x9, 0xff, 0x70, 0x0,
    0x0, 0xc, 0xff, 0x40, 0x0, 0x0, 0x2f, 0xfe,
    0x0, 0x0, 0x0, 0x8f, 0xf5, 0x0, 0x0, 0x0,
    0x7, 0x80, 0x0, 0x0, 0x0,

    /* U+0158 "Ř" */
    0x0, 0x68, 0x83, 0x0, 0x4, 0x88, 0x60, 0x0,
    0x0, 0x0, 0x2e, 0xfe, 0x20, 0x4f, 0xfe, 0x20,
    0x0, 0x0, 0x0, 0x3, 0xff, 0xe5, 0xff, 0xe2,
    0x0, 0x0, 0x0, 0x0, 0x0, 0x3f, 0xff, 0xfe,
    0x20, 0x0, 0x0, 0x0, 0x0, 0x0, 0x4, 0xff,
    0xe2, 0x0, 0x0, 0x0, 0x0, 0x0, 0x0, 0x0,
    0x0, 0x0, 0x0, 0x0, 0x0, 0x0, 0x0, 0x0,
    0x0, 0x0, 0x0, 0x0, 0x0, 0x0, 0x0, 0xbf,
    0xff, 0xff, 0xff, 0xfe, 0xda, 0x50, 0x0, 0x0,
    0xbf, 0xff, 0xff, 0xff, 0xff, 0xff, 0xfd, 0x30,
    0x0, 0xbf, 0xff, 0xff, 0xff, 0xff, 0xff, 0xff,
    0xf3, 0x0, 0xbf, 0xff, 0x62, 0x22, 0x23, 0x7e,
    0xff, 0xfd, 0x0, 0xbf, 0xff, 0x40, 0x0, 0x0,
    0x2, 0xff, 0xff, 0x40, 0xbf, 0xff, 0x40, 0x0,
    0x0, 0x0, 0x9f, 0xff, 0x70, 0xbf, 0xff, 0x40,
    0x0, 0x0, 0x0, 0x7f, 0xff, 0x80, 0xbf, 0xff,
    0x40, 0x0, 0x0, 0x0, 0x8f, 0xff, 0x60, 0xbf,
    0xff, 0x40, 0x0, 0x0, 0x1, 0xef, 0xff, 0x30,
    0xbf, 0xff, 0x40, 0x0, 0x2, 0x6e, 0xff, 0xfb,
    0x0, 0xbf, 0xff, 0xff, 0xff, 0xff, 0xff, 0xff,
    0xd1, 0x0, 0xbf, 0xff, 0xff, 0xff, 0xff, 0xff,
    0xf9, 0x10, 0x0, 0xbf, 0xff, 0xff, 0xff, 0xff,
    0xff, 0x90, 0x0, 0x0, 0xbf, 0xff, 0x52, 0x22,
    0x3f, 0xff, 0xf1, 0x0, 0x0, 0xbf, 0xff, 0x40,
    0x0, 0x9, 0xff, 0xf8, 0x0, 0x0, 0xbf, 0xff,
    0x40, 0x0, 0x2, 0xff, 0xff, 0x10, 0x0, 0xbf,
    0xff, 0x40, 0x0, 0x0, 0x9f, 0xff, 0x90, 0x0,
    0xbf, 0xff, 0x40, 0x0, 0x0, 0x1f, 0xff, 0xf2,
    0x0, 0xbf, 0xff, 0x40, 0x0, 0x0, 0x9, 0xff,
    0xfa, 0x0, 0xbf, 0xff, 0x40, 0x0, 0x0, 0x1,
    0xff, 0xff, 0x20, 0xbf, 0xff, 0x40, 0x0, 0x0,
    0x0, 0x8f, 0xff, 0xa0, 0xbf, 0xff, 0x40, 0x0,
    0x0, 0x0, 0x1f, 0xff, 0xf3,

    /* U+0159 "ř" */
    0x9, 0xff, 0x90, 0x0, 0xcf, 0xf7, 0x0, 0x7f,
    0xf8, 0xb, 0xff, 0x50, 0x0, 0x6, 0xff, 0xdf,
    0xf4, 0x0, 0x0, 0x0, 0x5f, 0xfe, 0x30, 0x0,
    0x0, 0x0, 0x0, 0x0, 0x0, 0x0, 0x0, 0x0,
    0x0, 0x0, 0x0, 0x0, 0x1, 0xff, 0xf9, 0x8,
    0xef, 0xc0, 0x1, 0xff, 0xfa, 0xdf, 0xff, 0xc0,
    0x1, 0xff, 0xff, 0xff, 0xff, 0xc0, 0x1, 0xff,
    0xff, 0xfe, 0xba, 0x80, 0x1, 0xff, 0xff, 0x90,
    0x0, 0x0, 0x1, 0xff, 0xfd, 0x0, 0x0, 0x0,
    0x1, 0xff, 0xfb, 0x0, 0x0, 0x0, 0x1, 0xff,
    0xfb, 0x0, 0x0, 0x0, 0x1, 0xff, 0xfb, 0x0,
    0x0, 0x0, 0x1, 0xff, 0xfb, 0x0, 0x0, 0x0,
    0x1, 0xff, 0xfb, 0x0, 0x0, 0x0, 0x1, 0xff,
    0xfb, 0x0, 0x0, 0x0, 0x1, 0xff, 0xfb, 0x0,
    0x0, 0x0, 0x1, 0xff, 0xfb, 0x0, 0x0, 0x0,
    0x1, 0xff, 0xfb, 0x0, 0x0, 0x0, 0x1, 0xff,
    0xfb, 0x0, 0x0, 0x0, 0x1, 0xff, 0xfb, 0x0,
    0x0, 0x0,

    /* U+015A "Ś" */
    0x0, 0x0, 0x0, 0x0, 0x4, 0xff, 0xfd, 0x10,
    0x0, 0x0, 0x0, 0x0, 0x0, 0xd, 0xff, 0xe2,
    0x0, 0x0, 0x0, 0x0, 0x0, 0x0, 0x8f, 0xff,
    0x30, 0x0, 0x0, 0x0, 0x0, 0x0, 0x2, 0xff,
    0xf5, 0x0, 0x0, 0x0, 0x0, 0x0, 0x0, 0xb,
    0xff, 0x70, 0x0, 0x0, 0x0, 0x0, 0x0, 0x0,
    0x0, 0x0, 0x0, 0x0, 0x0, 0x0, 0x0, 0x0,
    0x0, 0x0, 0x0, 0x0, 0x0, 0x0, 0x0, 0x0,
    0x0, 0x28, 0xbe, 0xff, 0xda, 0x60, 0x0, 0x0,
    0x0, 0x9, 0xff, 0xff, 0xff, 0xff, 0xfe, 0x50,
    0x0, 0x0, 0xcf, 0xff, 0xff, 0xff, 0xff, 0xff,
    0xf6, 0x0, 0x8, 0xff, 0xff, 0x94, 0x23, 0x5b,
    0xff, 0xff, 0x40, 0xe, 0xff, 0xf4, 0x0, 0x0,
    0x0, 0x8f, 0xff, 0xb0, 0x1f, 0xff, 0xe0, 0x0,
    0x0, 0x0, 0xf, 0xff, 0xf0, 0xf, 0xff, 0xe0,
    0x0, 0x0, 0x0, 0x8, 0xaa, 0xa1, 0xd, 0xff,
    0xf6, 0x0, 0x0, 0x0, 0x0, 0x0, 0x0, 0x5,
    0xff, 0xff, 0xb3, 0x0, 0x0, 0x0, 0x0, 0x0,
    0x0, 0x8f, 0xff, 0xff, 0xe9, 0x40, 0x0, 0x0,
    0x0, 0x0, 0x4, 0xef, 0xff, 0xff, 0xfe, 0x81,
    0x0, 0x0, 0x0, 0x0, 0x6, 0xcf, 0xff, 0xff,
    0xff, 0x70, 0x0, 0x0, 0x0, 0x0, 0x1, 0x6b,
    0xff, 0xff, 0xfa, 0x0, 0x0, 0x0, 0x0, 0x0,
    0x0, 0x18, 0xff, 0xff, 0x70, 0x0, 0x0, 0x0,
    0x0, 0x0, 0x0, 0x4f, 0xff, 0xe0, 0xad, 0xdd,
    0x20, 0x0, 0x0, 0x0, 0xd, 0xff, 0xf1, 0xbf,
    0xff, 0x50, 0x0, 0x0, 0x0, 0xd, 0xff, 0xf1,
    0x6f, 0xff, 0xd1, 0x0, 0x0, 0x0, 0x4f, 0xff,
    0xf0, 0xc, 0xff, 0xfe, 0x83, 0x11, 0x38, 0xff,
    0xff, 0x90, 0x1, 0xdf, 0xff, 0xff, 0xff, 0xff,
    0xff, 0xfd, 0x10, 0x0, 0x8, 0xff, 0xff, 0xff,
    0xff, 0xff, 0xb1, 0x0, 0x0, 0x0, 0x16, 0xbd,
    0xff, 0xec, 0x83, 0x0, 0x0,

    /* U+015B "ś" */
    0x0, 0x0, 0x0, 0x0, 0xaf, 0xff, 0x80, 0x0,
    0x0, 0x0, 0x0, 0x6f, 0xff, 0x70, 0x0, 0x0,
    0x0, 0x0, 0x2f, 0xff, 0x70, 0x0, 0x0, 0x0,
    0x0, 0xd, 0xff, 0x60, 0x0, 0x0, 0x0, 0x0,
    0x0, 0x33, 0x20, 0x0, 0x0, 0x0, 0x0, 0x0,
    0x0, 0x0, 0x0, 0x0, 0x0, 0x0, 0x2, 0x9d,
    0xff, 0xeb, 0x50, 0x0, 0x0, 0x7, 0xff, 0xff,
    0xff, 0xff, 0xc1, 0x0, 0x7, 0xff, 0xff, 0xed,
    0xff, 0xff, 0xd0, 0x0, 0xff, 0xfe, 0x40, 0x2,
    0xcf, 0xff, 0x70, 0x3f, 0xff, 0x80, 0x0, 0x2,
    0xff, 0xfd, 0x3, 0xff, 0xfa, 0x0, 0x0, 0xd,
    0xff, 0xf0, 0xe, 0xff, 0xfa, 0x40, 0x0, 0x0,
    0x0, 0x0, 0x4f, 0xff, 0xff, 0xfc, 0x83, 0x0,
    0x0, 0x0, 0x2b, 0xff, 0xff, 0xff, 0xfc, 0x30,
    0x0, 0x0, 0x2, 0x7b, 0xff, 0xff, 0xff, 0x40,
    0x0, 0x0, 0x0, 0x0, 0x3b, 0xff, 0xfd, 0x3,
    0x44, 0x40, 0x0, 0x0, 0xc, 0xff, 0xf1, 0xbf,
    0xff, 0x10, 0x0, 0x0, 0xaf, 0xff, 0x16, 0xff,
    0xfc, 0x20, 0x0, 0x5f, 0xff, 0xe0, 0xc, 0xff,
    0xff, 0xed, 0xef, 0xff, 0xf5, 0x0, 0xa, 0xff,
    0xff, 0xff, 0xff, 0xf6, 0x0, 0x0, 0x3, 0x9d,
    0xef, 0xec, 0x81, 0x0, 0x0,

    /* U+015C "Ŝ" */
    0x0, 0x0, 0x0, 0xb, 0xff, 0x70, 0x0, 0x0,
    0x0, 0x0, 0x0, 0x0, 0xaf, 0xff, 0xf6, 0x0,
    0x0, 0x0, 0x0, 0x0, 0xa, 0xff, 0x8b, 0xff,
    0x60, 0x0, 0x0, 0x0, 0x0, 0xaf, 0xf8, 0x0,
    0xbf, 0xf5, 0x0, 0x0, 0x0, 0x2, 0x88, 0x60,
    0x0, 0x7, 0x87, 0x0, 0x0, 0x0, 0x0, 0x0,
    0x0, 0x0, 0x0, 0x0, 0x0, 0x0, 0x0, 0x0,
    0x0, 0x0, 0x0, 0x0, 0x0, 0x0, 0x0, 0x0,
    0x0, 0x28, 0xbe, 0xff, 0xda, 0x60, 0x0, 0x0,
    0x0, 0x9, 0xff, 0xff, 0xff, 0xff, 0xfe, 0x50,
    0x0, 0x0, 0xcf, 0xff, 0xff, 0xff, 0xff, 0xff,
    0xf6, 0x0, 0x8, 0xff, 0xff, 0x94, 0x23, 0x5b,
    0xff, 0xff, 0x40, 0xe, 0xff, 0xf4, 0x0, 0x0,
    0x0, 0x8f, 0xff, 0xb0, 0x1f, 0xff, 0xe0, 0x0,
    0x0, 0x0, 0xf, 0xff, 0xf0, 0xf, 0xff, 0xe0,
    0x0, 0x0, 0x0, 0x8, 0xaa, 0xa1, 0xd, 0xff,
    0xf6, 0x0, 0x0, 0x0, 0x0, 0x0, 0x0, 0x5,
    0xff, 0xff, 0xb3, 0x0, 0x0, 0x0, 0x0, 0x0,
    0x0, 0x8f, 0xff, 0xff, 0xe9, 0x40, 0x0, 0x0,
    0x0, 0x0, 0x4, 0xef, 0xff, 0xff, 0xfe, 0x81,
    0x0, 0x0, 0x0, 0x0, 0x6, 0xcf, 0xff, 0xff,
    0xff, 0x70, 0x0, 0x0, 0x0, 0x0, 0x1, 0x6b,
    0xff, 0xff, 0xfa, 0x0, 0x0, 0x0, 0x0, 0x0,
    0x0, 0x18, 0xff, 0xff, 0x70, 0x0, 0x0, 0x0,
    0x0, 0x0, 0x0, 0x4f, 0xff, 0xe0, 0xad, 0xdd,
    0x20, 0x0, 0x0, 0x0, 0xd, 0xff, 0xf1, 0xbf,
    0xff, 0x50, 0x0, 0x0, 0x0, 0xd, 0xff, 0xf1,
    0x6f, 0xff, 0xd1, 0x0, 0x0, 0x0, 0x4f, 0xff,
    0xf0, 0xc, 0xff, 0xfe, 0x83, 0x11, 0x38, 0xff,
    0xff, 0x90, 0x1, 0xdf, 0xff, 0xff, 0xff, 0xff,
    0xff, 0xfd, 0x10, 0x0, 0x8, 0xff, 0xff, 0xff,
    0xff, 0xff, 0xb1, 0x0, 0x0, 0x0, 0x16, 0xbd,
    0xff, 0xec, 0x83, 0x0, 0x0,

    /* U+015D "ŝ" */
    0x0, 0x0, 0x3, 0xef, 0xf4, 0x0, 0x0, 0x0,
    0x0, 0x4, 0xff, 0xff, 0xf5, 0x0, 0x0, 0x0,
    0x5, 0xff, 0xc1, 0xaf, 0xf6, 0x0, 0x0, 0x6,
    0xee, 0xa0, 0x0, 0x8e, 0xe6, 0x0, 0x0, 0x0,
    0x0, 0x0, 0x0, 0x0, 0x0, 0x0, 0x0, 0x0,
    0x0, 0x0, 0x0, 0x0, 0x0, 0x0, 0x2, 0x9d,
    0xff, 0xeb, 0x60, 0x0, 0x0, 0x7, 0xff, 0xff,
    0xff, 0xff, 0xe3, 0x0, 0x7, 0xff, 0xff, 0xed,
    0xff, 0xff, 0xf2, 0x0, 0xff, 0xfe, 0x40, 0x1,
    0xaf, 0xff, 0xa0, 0x3f, 0xff, 0x80, 0x0, 0x0,
    0xef, 0xff, 0x3, 0xff, 0xfa, 0x0, 0x0, 0x3,
    0x44, 0x40, 0xe, 0xff, 0xfa, 0x40, 0x0, 0x0,
    0x0, 0x0, 0x4f, 0xff, 0xff, 0xfc, 0x83, 0x0,
    0x0, 0x0, 0x2b, 0xff, 0xff, 0xff, 0xfc, 0x30,
    0x0, 0x0, 0x2, 0x7b, 0xff, 0xff, 0xff, 0x40,
    0x0, 0x0, 0x0, 0x0, 0x3b, 0xff, 0xfd, 0x6,
    0x88, 0x70, 0x0, 0x0, 0xc, 0xff, 0xf1, 0xaf,
    0xff, 0x20, 0x0, 0x0, 0xaf, 0xff, 0x15, 0xff,
    0xfd, 0x30, 0x0, 0x5f, 0xff, 0xe0, 0xa, 0xff,
    0xff, 0xed, 0xef, 0xff, 0xf5, 0x0, 0x9, 0xff,
    0xff, 0xff, 0xff, 0xf6, 0x0, 0x0, 0x2, 0x8d,
    0xef, 0xec, 0x81, 0x0, 0x0,

    /* U+015E "Ş" */
    0x0, 0x0, 0x28, 0xbe, 0xff, 0xda, 0x60, 0x0,
    0x0, 0x0, 0x9, 0xff, 0xff, 0xff, 0xff, 0xfe,
    0x50, 0x0, 0x0, 0xcf, 0xff, 0xff, 0xff, 0xff,
    0xff, 0xf6, 0x0, 0x8, 0xff, 0xff, 0x94, 0x23,
    0x5b, 0xff, 0xff, 0x40, 0xe, 0xff, 0xf4, 0x0,
    0x0, 0x0, 0x8f, 0xff, 0xb0, 0x1f, 0xff, 0xe0,
    0x0, 0x0, 0x0, 0xf, 0xff, 0xf0, 0xf, 0xff,
    0xe0, 0x0, 0x0, 0x0, 0x8, 0xaa, 0xa1, 0xd,
    0xff, 0xf6, 0x0, 0x0, 0x0, 0x0, 0x0, 0x0,
    0x5, 0xff, 0xff, 0xb3, 0x0, 0x0, 0x0, 0x0,
    0x0, 0x0, 0x8f, 0xff, 0xff, 0xe9, 0x40, 0x0,
    0x0, 0x0, 0x0, 0x4, 0xef, 0xff, 0xff, 0xfe,
    0x81, 0x0, 0x0, 0x0, 0x0, 0x6, 0xcf, 0xff,
    0xff, 0xff, 0x70, 0x0, 0x0, 0x0, 0x0, 0x1,
    0x6b, 0xff, 0xff, 0xfa, 0x0, 0x0, 0x0, 0x0,
    0x0, 0x0, 0x18, 0xff, 0xff, 0x70, 0x0, 0x0,
    0x0, 0x0, 0x0, 0x0, 0x4f, 0xff, 0xe0, 0xad,
    0xdd, 0x20, 0x0, 0x0, 0x0, 0xd, 0xff, 0xf1,
    0xbf, 0xff, 0x50, 0x0, 0x0, 0x0, 0xd, 0xff,
    0xf1, 0x6f, 0xff, 0xd1, 0x0, 0x0, 0x0, 0x4f,
    0xff, 0xf0, 0xc, 0xff, 0xfe, 0x83, 0x11, 0x38,
    0xff, 0xff, 0x90, 0x1, 0xdf, 0xff, 0xff, 0xff,
    0xff, 0xff, 0xfd, 0x10, 0x0, 0x8, 0xff, 0xff,
    0xff, 0xff, 0xff, 0xb1, 0x0, 0x0, 0x0, 0x16,
    0xbf, 0xff, 0xfc, 0x83, 0x0, 0x0, 0x0, 0x0,
    0x0, 0x9, 0xff, 0x92, 0x0, 0x0, 0x0, 0x0,
    0x0, 0x0, 0x7, 0xbf, 0xff, 0x30, 0x0, 0x0,
    0x0, 0x0, 0x0, 0x0, 0x9, 0xff, 0x80, 0x0,
    0x0, 0x0, 0x0, 0x0, 0x1, 0x4d, 0xff, 0x70,
    0x0, 0x0, 0x0, 0x0, 0x0, 0x9, 0xff, 0xfe,
    0x10, 0x0, 0x0, 0x0, 0x0, 0x0, 0x8, 0xfc,
    0x81, 0x0, 0x0, 0x0,

    /* U+015F "ş" */
    0x0, 0x2, 0x9d, 0xff, 0xeb, 0x60, 0x0, 0x0,
    0x7, 0xff, 0xff, 0xff, 0xff, 0xe3, 0x0, 0x7,
    0xff, 0xff, 0xed, 0xff, 0xff, 0xf2, 0x0, 0xff,
    0xfe, 0x40, 0x1, 0xaf, 0xff, 0xa0, 0x3f, 0xff,
    0x80, 0x0, 0x0, 0xef, 0xff, 0x3, 0xff, 0xfa,
    0x0, 0x0, 0x3, 0x44, 0x40, 0xe, 0xff, 0xfa,
    0x40, 0x0, 0x0, 0x0, 0x0, 0x4f, 0xff, 0xff,
    0xfc, 0x83, 0x0, 0x0, 0x0, 0x2b, 0xff, 0xff,
    0xff, 0xfc, 0x30, 0x0, 0x0, 0x2, 0x7b, 0xff,
    0xff, 0xff, 0x40, 0x0, 0x0, 0x0, 0x0, 0x3b,
    0xff, 0xfd, 0x6, 0x88, 0x70, 0x0, 0x0, 0xc,
    0xff, 0xf1, 0xaf, 0xff, 0x20, 0x0, 0x0, 0xaf,
    0xff, 0x15, 0xff, 0xfd, 0x30, 0x0, 0x5f, 0xff,
    0xe0, 0xa, 0xff, 0xff, 0xed, 0xef, 0xff, 0xf5,
    0x0, 0x9, 0xff, 0xff, 0xff, 0xff, 0xf6, 0x0,
    0x0, 0x2, 0x8d, 0xff, 0xfc, 0x81, 0x0, 0x0,
    0x0, 0x0, 0xe, 0xff, 0x40, 0x0, 0x0, 0x0,
    0x0, 0x1, 0xbe, 0xff, 0xb0, 0x0, 0x0, 0x0,
    0x0, 0x0, 0xf, 0xff, 0x20, 0x0, 0x0, 0x0,
    0x0, 0x27, 0xff, 0xf1, 0x0, 0x0, 0x0, 0x0,
    0xf, 0xff, 0xf9, 0x0, 0x0, 0x0, 0x0, 0x0,
    0xee, 0xb5, 0x0, 0x0, 0x0,

    /* U+0160 "Š" */
    0x0, 0x3, 0xff, 0xe2, 0x0, 0x5f, 0xff, 0x20,
    0x0, 0x0, 0x0, 0x6f, 0xfe, 0x24, 0xff, 0xf5,
    0x0, 0x0, 0x0, 0x0, 0xa, 0xff, 0xef, 0xff,
    0x70, 0x0, 0x0, 0x0, 0x0, 0x0, 0xcf, 0xff,
    0xfa, 0x0, 0x0, 0x0, 0x0, 0x0, 0x0, 0x2e,
    0xff, 0xc0, 0x0, 0x0, 0x0, 0x0, 0x0, 0x0,
    0x3, 0x77, 0x10, 0x0, 0x0, 0x0, 0x0, 0x0,
    0x0, 0x0, 0x0, 0x0, 0x0, 0x0, 0x0, 0x0,
    0x0, 0x28, 0xbe, 0xff, 0xeb, 0x72, 0x0, 0x0,
    0x0, 0x9, 0xff, 0xff, 0xff, 0xff, 0xff, 0x90,
    0x0, 0x0, 0xcf, 0xff, 0xff, 0xff, 0xff, 0xff,
    0xfc, 0x0, 0x8, 0xff, 0xff, 0x94, 0x22, 0x49,
    0xff, 0xff, 0x90, 0xe, 0xff, 0xf4, 0x0, 0x0,
    0x0, 0x3f, 0xff, 0xf0, 0x1f, 0xff, 0xe0, 0x0,
    0x0, 0x0, 0x7, 0x99, 0x91, 0xf, 0xff, 0xe0,
    0x0, 0x0, 0x0, 0x0, 0x0, 0x0, 0xd, 0xff,
    0xf6, 0x0, 0x0, 0x0, 0x0, 0x0, 0x0, 0x5,
    0xff, 0xff, 0xb3, 0x0, 0x0, 0x0, 0x0, 0x0,
    0x0, 0x8f, 0xff, 0xff, 0xe9, 0x40, 0x0, 0x0,
    0x0, 0x0, 0x4, 0xef, 0xff, 0xff, 0xfe, 0x81,
    0x0, 0x0, 0x0, 0x0, 0x6, 0xcf, 0xff, 0xff,
    0xff, 0x70, 0x0, 0x0, 0x0, 0x0, 0x1, 0x6b,
    0xff, 0xff, 0xfa, 0x0, 0x0, 0x0, 0x0, 0x0,
    0x0, 0x18, 0xff, 0xff, 0x70, 0x22, 0x22, 0x0,
    0x0, 0x0, 0x0, 0x4f, 0xff, 0xe0, 0xcf, 0xff,
    0x20, 0x0, 0x0, 0x0, 0xd, 0xff, 0xf1, 0xaf,
    0xff, 0x60, 0x0, 0x0, 0x0, 0xd, 0xff, 0xf1,
    0x4f, 0xff, 0xe2, 0x0, 0x0, 0x0, 0x4f, 0xff,
    0xf0, 0xb, 0xff, 0xff, 0x83, 0x11, 0x38, 0xff,
    0xff, 0x90, 0x0, 0xcf, 0xff, 0xff, 0xff, 0xff,
    0xff, 0xfd, 0x10, 0x0, 0x7, 0xff, 0xff, 0xff,
    0xff, 0xff, 0xb1, 0x0, 0x0, 0x0, 0x16, 0xbd,
    0xff, 0xec, 0x83, 0x0, 0x0,

    /* U+0161 "š" */
    0x0, 0x6f, 0xfb, 0x0, 0xa, 0xff, 0xa0, 0x0,
    0x0, 0x5f, 0xfb, 0x9, 0xff, 0x80, 0x0, 0x0,
    0x0, 0x4f, 0xfd, 0xff, 0x60, 0x0, 0x0, 0x0,
    0x0, 0x3e, 0xff, 0x50, 0x0, 0x0, 0x0, 0x0,
    0x0, 0x0, 0x0, 0x0, 0x0, 0x0, 0x0, 0x0,
    0x0, 0x0, 0x0, 0x0, 0x0, 0x0, 0x2, 0x9d,
    0xff, 0xeb, 0x50, 0x0, 0x0, 0x7, 0xff, 0xff,
    0xff, 0xff, 0xc1, 0x0, 0x7, 0xff, 0xff, 0xed,
    0xff, 0xff, 0xd0, 0x0, 0xff, 0xfe, 0x40, 0x2,
    0xcf, 0xff, 0x70, 0x3f, 0xff, 0x80, 0x0, 0x2,
    0xff, 0xfd, 0x3, 0xff, 0xfa, 0x0, 0x0, 0xd,
    0xff, 0xf0, 0xe, 0xff, 0xfa, 0x40, 0x0, 0x0,
    0x0, 0x0, 0x4f, 0xff, 0xff, 0xfc, 0x83, 0x0,
    0x0, 0x0, 0x2b, 0xff, 0xff, 0xff, 0xfc, 0x30,
    0x0, 0x0, 0x2, 0x7b, 0xff, 0xff, 0xff, 0x40,
    0x0, 0x0, 0x0, 0x0, 0x3b, 0xff, 0xfd, 0x3,
    0x44, 0x30, 0x0, 0x0, 0xc, 0xff, 0xf1, 0xbf,
    0xff, 0x10, 0x0, 0x0, 0xaf, 0xff, 0x16, 0xff,
    0xfc, 0x20, 0x0, 0x5f, 0xff, 0xe0, 0xc, 0xff,
    0xff, 0xed, 0xef, 0xff, 0xf5, 0x0, 0xa, 0xff,
    0xff, 0xff, 0xff, 0xf6, 0x0, 0x0, 0x3, 0x9d,
    0xef, 0xec, 0x81, 0x0, 0x0,

    /* U+0162 "Ţ" */
    0x4f, 0xff, 0xff, 0xff, 0xff, 0xff, 0xff, 0xff,
    0xff, 0xc4, 0xff, 0xff, 0xff, 0xff, 0xff, 0xff,
    0xff, 0xff, 0xfc, 0x4f, 0xff, 0xff, 0xff, 0xff,
    0xff, 0xff, 0xff, 0xff, 0xc0, 0x22, 0x22, 0x22,
    0x5f, 0xff, 0xb2, 0x22, 0x22, 0x21, 0x0, 0x0,
    0x0, 0x4, 0xff, 0xfa, 0x0, 0x0, 0x0, 0x0,
    0x0, 0x0, 0x0, 0x4f, 0xff, 0xa0, 0x0, 0x0,
    0x0, 0x0, 0x0, 0x0, 0x4, 0xff, 0xfa, 0x0,
    0x0, 0x0, 0x0, 0x0, 0x0, 0x0, 0x4f, 0xff,
    0xa0, 0x0, 0x0, 0x0, 0x0, 0x0, 0x0, 0x4,
    0xff, 0xfa, 0x0, 0x0, 0x0, 0x0, 0x0, 0x0,
    0x0, 0x4f, 0xff, 0xa0, 0x0, 0x0, 0x0, 0x0,
    0x0, 0x0, 0x4, 0xff, 0xfa, 0x0, 0x0, 0x0,
    0x0, 0x0, 0x0, 0x0, 0x4f, 0xff, 0xa0, 0x0,
    0x0, 0x0, 0x0, 0x0, 0x0, 0x4, 0xff, 0xfa,
    0x0, 0x0, 0x0, 0x0, 0x0, 0x0, 0x0, 0x4f,
    0xff, 0xa0, 0x0, 0x0, 0x0, 0x0, 0x0, 0x0,
    0x4, 0xff, 0xfa, 0x0, 0x0, 0x0, 0x0, 0x0,
    0x0, 0x0, 0x4f, 0xff, 0xa0, 0x0, 0x0, 0x0,
    0x0, 0x0, 0x0, 0x4, 0xff, 0xfa, 0x0, 0x0,
    0x0, 0x0, 0x0, 0x0, 0x0, 0x4f, 0xff, 0xa0,
    0x0, 0x0, 0x0, 0x0, 0x0, 0x0, 0x4, 0xff,
    0xfa, 0x0, 0x0, 0x0, 0x0, 0x0, 0x0, 0x0,
    0x4f, 0xff, 0xa0, 0x0, 0x0, 0x0, 0x0, 0x0,
    0x0, 0x4, 0xff, 0xfa, 0x0, 0x0, 0x0, 0x0,
    0x0, 0x0, 0x0, 0x4f, 0xff, 0xa0, 0x0, 0x0,
    0x0, 0x0, 0x0, 0x0, 0x0, 0xcf, 0xf4, 0x0,
    0x0, 0x0, 0x0, 0x0, 0x0, 0x0, 0xb, 0xef,
    0xfb, 0x0, 0x0, 0x0, 0x0, 0x0, 0x0, 0x0,
    0x0, 0xdf, 0xf3, 0x0, 0x0, 0x0, 0x0, 0x0,
    0x0, 0x2, 0x6f, 0xff, 0x30, 0x0, 0x0, 0x0,
    0x0, 0x0, 0x0, 0xef, 0xff, 0xb0, 0x0, 0x0,
    0x0, 0x0, 0x0, 0x0, 0xc, 0xec, 0x60, 0x0,
    0x0, 0x0,

    /* U+0163 "ţ" */
    0x0, 0x8, 0x88, 0x50, 0x0, 0x0, 0x1, 0xff,
    0xfb, 0x0, 0x0, 0x0, 0x1f, 0xff, 0xb0, 0x0,
    0x0, 0x1, 0xff, 0xfb, 0x0, 0x0, 0x0, 0x1f,
    0xff, 0xb0, 0x0, 0xe, 0xff, 0xff, 0xff, 0xff,
    0xb0, 0xef, 0xff, 0xff, 0xff, 0xfb, 0xa, 0xcc,
    0xff, 0xfe, 0xcc, 0x80, 0x0, 0x1f, 0xff, 0xb0,
    0x0, 0x0, 0x1, 0xff, 0xfb, 0x0, 0x0, 0x0,
    0x1f, 0xff, 0xb0, 0x0, 0x0, 0x1, 0xff, 0xfb,
    0x0, 0x0, 0x0, 0x1f, 0xff, 0xb0, 0x0, 0x0,
    0x1, 0xff, 0xfb, 0x0, 0x0, 0x0, 0x1f, 0xff,
    0xb0, 0x0, 0x0, 0x1, 0xff, 0xfb, 0x0, 0x0,
    0x0, 0x1f, 0xff, 0xb0, 0x0, 0x0, 0x1, 0xff,
    0xfc, 0x0, 0x0, 0x0, 0xf, 0xff, 0xf5, 0x22,
    0x0, 0x0, 0xbf, 0xff, 0xff, 0xc0, 0x0, 0x3,
    0xff, 0xff, 0xfc, 0x0, 0x0, 0x3, 0xdf, 0xff,
    0x90, 0x0, 0x0, 0x9, 0xff, 0x92, 0x0, 0x0,
    0x0, 0x7b, 0xff, 0xf2, 0x0, 0x0, 0x0, 0x9,
    0xff, 0x80, 0x0, 0x0, 0x14, 0xdf, 0xf7, 0x0,
    0x0, 0x9, 0xff, 0xfe, 0x10, 0x0, 0x0, 0x8f,
    0xc8, 0x10,

    /* U+0164 "Ť" */
    0x0, 0x0, 0x48, 0x84, 0x0, 0x2, 0x88, 0x70,
    0x0, 0x0, 0x0, 0x1, 0xdf, 0xf5, 0x1, 0xef,
    0xf5, 0x0, 0x0, 0x0, 0x0, 0x1, 0xdf, 0xf6,
    0xdf, 0xf5, 0x0, 0x0, 0x0, 0x0, 0x0, 0x1,
    0xdf, 0xff, 0xf5, 0x0, 0x0, 0x0, 0x0, 0x0,
    0x0, 0x1, 0xef, 0xf5, 0x0, 0x0, 0x0, 0x0,
    0x0, 0x0, 0x0, 0x0, 0x0, 0x0, 0x0, 0x0,
    0x0, 0x0, 0x0, 0x0, 0x0, 0x0, 0x0, 0x0,
    0x0, 0x0, 0x4, 0xff, 0xff, 0xff, 0xff, 0xff,
    0xff, 0xff, 0xff, 0xfc, 0x4f, 0xff, 0xff, 0xff,
    0xff, 0xff, 0xff, 0xff, 0xff, 0xc4, 0xff, 0xff,
    0xff, 0xff, 0xff, 0xff, 0xff, 0xff, 0xfc, 0x2,
    0x22, 0x22, 0x25, 0xff, 0xfb, 0x22, 0x22, 0x22,
    0x10, 0x0, 0x0, 0x0, 0x4f, 0xff, 0xa0, 0x0,
    0x0, 0x0, 0x0, 0x0, 0x0, 0x4, 0xff, 0xfa,
    0x0, 0x0, 0x0, 0x0, 0x0, 0x0, 0x0, 0x4f,
    0xff, 0xa0, 0x0, 0x0, 0x0, 0x0, 0x0, 0x0,
    0x4, 0xff, 0xfa, 0x0, 0x0, 0x0, 0x0, 0x0,
    0x0, 0x0, 0x4f, 0xff, 0xa0, 0x0, 0x0, 0x0,
    0x0, 0x0, 0x0, 0x4, 0xff, 0xfa, 0x0, 0x0,
    0x0, 0x0, 0x0, 0x0, 0x0, 0x4f, 0xff, 0xa0,
    0x0, 0x0, 0x0, 0x0, 0x0, 0x0, 0x4, 0xff,
    0xfa, 0x0, 0x0, 0x0, 0x0, 0x0, 0x0, 0x0,
    0x4f, 0xff, 0xa0, 0x0, 0x0, 0x0, 0x0, 0x0,
    0x0, 0x4, 0xff, 0xfa, 0x0, 0x0, 0x0, 0x0,
    0x0, 0x0, 0x0, 0x4f, 0xff, 0xa0, 0x0, 0x0,
    0x0, 0x0, 0x0, 0x0, 0x4, 0xff, 0xfa, 0x0,
    0x0, 0x0, 0x0, 0x0, 0x0, 0x0, 0x4f, 0xff,
    0xa0, 0x0, 0x0, 0x0, 0x0, 0x0, 0x0, 0x4,
    0xff, 0xfa, 0x0, 0x0, 0x0, 0x0, 0x0, 0x0,
    0x0, 0x4f, 0xff, 0xa0, 0x0, 0x0, 0x0, 0x0,
    0x0, 0x0, 0x4, 0xff, 0xfa, 0x0, 0x0, 0x0,
    0x0, 0x0, 0x0, 0x0, 0x4f, 0xff, 0xa0, 0x0,
    0x0, 0x0, 0x0, 0x0, 0x0, 0x4, 0xff, 0xfa,
    0x0, 0x0, 0x0, 0x0,

    /* U+0165 "ť" */
    0x0, 0x0, 0x0, 0x0, 0x8, 0xff, 0x90, 0x0,
    0x0, 0x0, 0x0, 0x8f, 0xf9, 0x0, 0x0, 0x0,
    0x0, 0xa, 0xff, 0x70, 0x0, 0x0, 0x0, 0x0,
    0xef, 0xf2, 0x0, 0x0, 0x0, 0x0, 0x5f, 0xfb,
    0x0, 0x1, 0xff, 0xfb, 0x5, 0xef, 0x20, 0x0,
    0x1f, 0xff, 0xb0, 0x0, 0x20, 0x0, 0x1, 0xff,
    0xfb, 0x0, 0x0, 0x0, 0x0, 0x1f, 0xff, 0xb0,
    0x0, 0x0, 0xe, 0xff, 0xff, 0xff, 0xff, 0xb0,
    0x0, 0xef, 0xff, 0xff, 0xff, 0xfb, 0x0, 0xa,
    0xcc, 0xff, 0xfe, 0xcc, 0x80, 0x0, 0x0, 0x1f,
    0xff, 0xb0, 0x0, 0x0, 0x0, 0x1, 0xff, 0xfb,
    0x0, 0x0, 0x0, 0x0, 0x1f, 0xff, 0xb0, 0x0,
    0x0, 0x0, 0x1, 0xff, 0xfb, 0x0, 0x0, 0x0,
    0x0, 0x1f, 0xff, 0xb0, 0x0, 0x0, 0x0, 0x1,
    0xff, 0xfb, 0x0, 0x0, 0x0, 0x0, 0x1f, 0xff,
    0xb0, 0x0, 0x0, 0x0, 0x1, 0xff, 0xfb, 0x0,
    0x0, 0x0, 0x0, 0x1f, 0xff, 0xb0, 0x0, 0x0,
    0x0, 0x1, 0xff, 0xfc, 0x0, 0x0, 0x0, 0x0,
    0xf, 0xff, 0xf5, 0x22, 0x0, 0x0, 0x0, 0xbf,
    0xff, 0xff, 0xc0, 0x0, 0x0, 0x3, 0xff, 0xff,
    0xfc, 0x0, 0x0, 0x0, 0x3, 0xbf, 0xfe, 0x90,
    0x0,

    /* U+0166 "Ŧ" */
    0x4f, 0xff, 0xff, 0xff, 0xff, 0xff, 0xff, 0xff,
    0xff, 0xc4, 0xff, 0xff, 0xff, 0xff, 0xff, 0xff,
    0xff, 0xff, 0xfc, 0x4f, 0xff, 0xff, 0xff, 0xff,
    0xff, 0xff, 0xff, 0xff, 0xc0, 0x22, 0x22, 0x22,
    0x5f, 0xff, 0xb2, 0x22, 0x22, 0x21, 0x0, 0x0,
    0x0, 0x4, 0xff, 0xfa, 0x0, 0x0, 0x0, 0x0,
    0x0, 0x0, 0x0, 0x4f, 0xff, 0xa0, 0x0, 0x0,
    0x0, 0x0, 0x0, 0x0, 0x4, 0xff, 0xfa, 0x0,
    0x0, 0x0, 0x0, 0x0, 0x5, 0xaa, 0xbf, 0xff,
    0xda, 0xa8, 0x0, 0x0, 0x0, 0x0, 0x9f, 0xff,
    0xff, 0xff, 0xff, 0xe0, 0x0, 0x0, 0x0, 0x9,
    0xff, 0xff, 0xff, 0xff, 0xfe, 0x0, 0x0, 0x0,
    0x0, 0x0, 0x4, 0xff, 0xfa, 0x0, 0x0, 0x0,
    0x0, 0x0, 0x0, 0x0, 0x4f, 0xff, 0xa0, 0x0,
    0x0, 0x0, 0x0, 0x0, 0x0, 0x4, 0xff, 0xfa,
    0x0, 0x0, 0x0, 0x0, 0x0, 0x0, 0x0, 0x4f,
    0xff, 0xa0, 0x0, 0x0, 0x0, 0x0, 0x0, 0x0,
    0x4, 0xff, 0xfa, 0x0, 0x0, 0x0, 0x0, 0x0,
    0x0, 0x0, 0x4f, 0xff, 0xa0, 0x0, 0x0, 0x0,
    0x0, 0x0, 0x0, 0x4, 0xff, 0xfa, 0x0, 0x0,
    0x0, 0x0, 0x0, 0x0, 0x0, 0x4f, 0xff, 0xa0,
    0x0, 0x0, 0x0, 0x0, 0x0, 0x0, 0x4, 0xff,
    0xfa, 0x0, 0x0, 0x0, 0x0, 0x0, 0x0, 0x0,
    0x4f, 0xff, 0xa0, 0x0, 0x0, 0x0, 0x0, 0x0,
    0x0, 0x4, 0xff, 0xfa, 0x0, 0x0, 0x0, 0x0,
    0x0, 0x0, 0x0, 0x4f, 0xff, 0xa0, 0x0, 0x0,
    0x0,

    /* U+0167 "ŧ" */
    0x0, 0x1, 0xff, 0xfb, 0x0, 0x0, 0x0, 0x1,
    0xff, 0xfb, 0x0, 0x0, 0x0, 0x1, 0xff, 0xfb,
    0x0, 0x0, 0x0, 0x1, 0xff, 0xfb, 0x0, 0x0,
    0xe, 0xff, 0xff, 0xff, 0xff, 0xb0, 0xe, 0xff,
    0xff, 0xff, 0xff, 0xb0, 0xa, 0xcc, 0xff, 0xfe,
    0xcc, 0x80, 0x0, 0x1, 0xff, 0xfb, 0x0, 0x0,
    0x0, 0x1, 0xff, 0xfb, 0x0, 0x0, 0x3a, 0xaa,
    0xff, 0xfe, 0xaa, 0xa0, 0x6f, 0xff, 0xff, 0xff,
    0xff, 0xf1, 0x6f, 0xff, 0xff, 0xff, 0xff, 0xf1,
    0x0, 0x1, 0xff, 0xfb, 0x0, 0x0, 0x0, 0x1,
    0xff, 0xfb, 0x0, 0x0, 0x0, 0x1, 0xff, 0xfb,
    0x0, 0x0, 0x0, 0x1, 0xff, 0xfb, 0x0, 0x0,
    0x0, 0x1, 0xff, 0xfb, 0x0, 0x0, 0x0, 0x0,
    0xff, 0xff, 0x52, 0x20, 0x0, 0x0, 0xbf, 0xff,
    0xff, 0xc0, 0x0, 0x0, 0x3f, 0xff, 0xff, 0xc0,
    0x0, 0x0, 0x3, 0xbf, 0xfe, 0x90,

    /* U+0168 "Ũ" */
    0x0, 0x0, 0x1, 0x77, 0x20, 0x0, 0x2b, 0xa1,
    0x0, 0x0, 0x0, 0x3f, 0xff, 0xfa, 0x30, 0xaf,
    0xf0, 0x0, 0x0, 0x0, 0xcf, 0xff, 0xff, 0xff,
    0xff, 0xa0, 0x0, 0x0, 0x2, 0xff, 0x70, 0x4c,
    0xff, 0xfd, 0x10, 0x0, 0x0, 0x2, 0x88, 0x0,
    0x0, 0x57, 0x60, 0x0, 0x0, 0x0, 0x0, 0x0,
    0x0, 0x0, 0x0, 0x0, 0x0, 0x0, 0x0, 0x0,
    0x0, 0x0, 0x0, 0x0, 0x0, 0x0, 0x0, 0xf,
    0xff, 0xe0, 0x0, 0x0, 0x0, 0x0, 0xff, 0xff,
    0xf, 0xff, 0xe0, 0x0, 0x0, 0x0, 0x0, 0xff,
    0xff, 0xf, 0xff, 0xe0, 0x0, 0x0, 0x0, 0x0,
    0xff, 0xff, 0xf, 0xff, 0xe0, 0x0, 0x0, 0x0,
    0x0, 0xff, 0xff, 0xf, 0xff, 0xe0, 0x0, 0x0,
    0x0, 0x0, 0xff, 0xff, 0xf, 0xff, 0xe0, 0x0,
    0x0, 0x0, 0x0, 0xff, 0xff, 0xf, 0xff, 0xe0,
    0x0, 0x0, 0x0, 0x0, 0xff, 0xff, 0xf, 0xff,
    0xe0, 0x0, 0x0, 0x0, 0x0, 0xff, 0xff, 0xf,
    0xff, 0xe0, 0x0, 0x0, 0x0, 0x0, 0xff, 0xff,
    0xf, 0xff, 0xe0, 0x0, 0x0, 0x0, 0x0, 0xff,
    0xff, 0xf, 0xff, 0xe0, 0x0, 0x0, 0x0, 0x0,
    0xff, 0xff, 0xf, 0xff, 0xe0, 0x0, 0x0, 0x0,
    0x0, 0xff, 0xff, 0xf, 0xff, 0xe0, 0x0, 0x0,
    0x0, 0x0, 0xff, 0xff, 0xf, 0xff, 0xe0, 0x0,
    0x0, 0x0, 0x0, 0xff, 0xff, 0xf, 0xff, 0xe0,
    0x0, 0x0, 0x0, 0x0, 0xff, 0xff, 0xf, 0xff,
    0xf0, 0x0, 0x0, 0x0, 0x1, 0xff, 0xfd, 0xc,
    0xff, 0xf4, 0x0, 0x0, 0x0, 0x5, 0xff, 0xfb,
    0x7, 0xff, 0xfd, 0x0, 0x0, 0x0, 0x1d, 0xff,
    0xf6, 0x1, 0xef, 0xff, 0xd6, 0x32, 0x37, 0xef,
    0xff, 0xd0, 0x0, 0x4f, 0xff, 0xff, 0xff, 0xff,
    0xff, 0xfe, 0x20, 0x0, 0x3, 0xdf, 0xff, 0xff,
    0xff, 0xff, 0xc2, 0x0, 0x0, 0x0, 0x5, 0xad,
    0xff, 0xed, 0x93, 0x0, 0x0,

    /* U+0169 "ũ" */
    0x0, 0x0, 0x0, 0x0, 0x0, 0x2, 0x10, 0x0,
    0x0, 0x4c, 0xfe, 0x94, 0x2, 0xef, 0x80, 0x0,
    0x2f, 0xff, 0xff, 0xff, 0xff, 0xf4, 0x0, 0xa,
    0xff, 0x99, 0xef, 0xff, 0xf9, 0x0, 0x0, 0x68,
    0x40, 0x0, 0x47, 0x74, 0x0, 0x0, 0x0, 0x0,
    0x0, 0x0, 0x0, 0x0, 0x0, 0x0, 0x0, 0x0,
    0x0, 0x0, 0x0, 0x0, 0x2, 0xff, 0xfa, 0x0,
    0x0, 0x0, 0xff, 0xfd, 0x2f, 0xff, 0xa0, 0x0,
    0x0, 0xf, 0xff, 0xd2, 0xff, 0xfa, 0x0, 0x0,
    0x0, 0xff, 0xfd, 0x2f, 0xff, 0xa0, 0x0, 0x0,
    0xf, 0xff, 0xd2, 0xff, 0xfa, 0x0, 0x0, 0x0,
    0xff, 0xfd, 0x2f, 0xff, 0xa0, 0x0, 0x0, 0xf,
    0xff, 0xd2, 0xff, 0xfa, 0x0, 0x0, 0x0, 0xff,
    0xfd, 0x2f, 0xff, 0xa0, 0x0, 0x0, 0xf, 0xff,
    0xd2, 0xff, 0xfa, 0x0, 0x0, 0x0, 0xff, 0xfd,
    0x2f, 0xff, 0xa0, 0x0, 0x0, 0xf, 0xff, 0xd2,
    0xff, 0xfa, 0x0, 0x0, 0x0, 0xff, 0xfd, 0x1f,
    0xff, 0xb0, 0x0, 0x0, 0xf, 0xff, 0xd0, 0xff,
    0xff, 0x0, 0x0, 0x4, 0xff, 0xfd, 0xc, 0xff,
    0xfb, 0x31, 0x38, 0xff, 0xff, 0xd0, 0x5f, 0xff,
    0xff, 0xff, 0xff, 0xff, 0xfd, 0x0, 0x9f, 0xff,
    0xff, 0xff, 0xbd, 0xff, 0xd0, 0x0, 0x5b, 0xef,
    0xeb, 0x50, 0xbf, 0xfd,

    /* U+016A "Ū" */
    0x0, 0x1, 0x77, 0x77, 0x77, 0x77, 0x77, 0x71,
    0x0, 0x0, 0x3, 0xff, 0xff, 0xff, 0xff, 0xff,
    0xf2, 0x0, 0x0, 0x3, 0xff, 0xff, 0xff, 0xff,
    0xff, 0xf2, 0x0, 0x0, 0x0, 0x0, 0x0, 0x0,
    0x0, 0x0, 0x0, 0x0, 0x0, 0x0, 0x0, 0x0,
    0x0, 0x0, 0x0, 0x0, 0x0, 0x0, 0x0, 0x0,
    0x0, 0x0, 0x0, 0x0, 0x0, 0x0, 0xf, 0xff,
    0xe0, 0x0, 0x0, 0x0, 0x0, 0xff, 0xff, 0xf,
    0xff, 0xe0, 0x0, 0x0, 0x0, 0x0, 0xff, 0xff,
    0xf, 0xff, 0xe0, 0x0, 0x0, 0x0, 0x0, 0xff,
    0xff, 0xf, 0xff, 0xe0, 0x0, 0x0, 0x0, 0x0,
    0xff, 0xff, 0xf, 0xff, 0xe0, 0x0, 0x0, 0x0,
    0x0, 0xff, 0xff, 0xf, 0xff, 0xe0, 0x0, 0x0,
    0x0, 0x0, 0xff, 0xff, 0xf, 0xff, 0xe0, 0x0,
    0x0, 0x0, 0x0, 0xff, 0xff, 0xf, 0xff, 0xe0,
    0x0, 0x0, 0x0, 0x0, 0xff, 0xff, 0xf, 0xff,
    0xe0, 0x0, 0x0, 0x0, 0x0, 0xff, 0xff, 0xf,
    0xff, 0xe0, 0x0, 0x0, 0x0, 0x0, 0xff, 0xff,
    0xf, 0xff, 0xe0, 0x0, 0x0, 0x0, 0x0, 0xff,
    0xff, 0xf, 0xff, 0xe0, 0x0, 0x0, 0x0, 0x0,
    0xff, 0xff, 0xf, 0xff, 0xe0, 0x0, 0x0, 0x0,
    0x0, 0xff, 0xff, 0xf, 0xff, 0xe0, 0x0, 0x0,
    0x0, 0x0, 0xff, 0xff, 0xf, 0xff, 0xe0, 0x0,
    0x0, 0x0, 0x0, 0xff, 0xff, 0xf, 0xff, 0xf0,
    0x0, 0x0, 0x0, 0x1, 0xff, 0xfd, 0xc, 0xff,
    0xf4, 0x0, 0x0, 0x0, 0x5, 0xff, 0xfb, 0x7,
    0xff, 0xfd, 0x0, 0x0, 0x0, 0x1d, 0xff, 0xf6,
    0x1, 0xef, 0xff, 0xd6, 0x32, 0x37, 0xef, 0xff,
    0xd0, 0x0, 0x4f, 0xff, 0xff, 0xff, 0xff, 0xff,
    0xfe, 0x20, 0x0, 0x3, 0xdf, 0xff, 0xff, 0xff,
    0xff, 0xc2, 0x0, 0x0, 0x0, 0x5, 0xad, 0xff,
    0xed, 0x93, 0x0, 0x0,

    /* U+016B "ū" */
    0x0, 0xbf, 0xff, 0xff, 0xff, 0xff, 0xfa, 0x0,
    0xb, 0xff, 0xff, 0xff, 0xff, 0xff, 0xa0, 0x0,
    0x57, 0x77, 0x77, 0x77, 0x77, 0x74, 0x0, 0x0,
    0x0, 0x0, 0x0, 0x0, 0x0, 0x0, 0x0, 0x0,
    0x0, 0x0, 0x0, 0x0, 0x0, 0x2, 0xff, 0xfa,
    0x0, 0x0, 0x0, 0xff, 0xfd, 0x2f, 0xff, 0xa0,
    0x0, 0x0, 0xf, 0xff, 0xd2, 0xff, 0xfa, 0x0,
    0x0, 0x0, 0xff, 0xfd, 0x2f, 0xff, 0xa0, 0x0,
    0x0, 0xf, 0xff, 0xd2, 0xff, 0xfa, 0x0, 0x0,
    0x0, 0xff, 0xfd, 0x2f, 0xff, 0xa0, 0x0, 0x0,
    0xf, 0xff, 0xd2, 0xff, 0xfa, 0x0, 0x0, 0x0,
    0xff, 0xfd, 0x2f, 0xff, 0xa0, 0x0, 0x0, 0xf,
    0xff, 0xd2, 0xff, 0xfa, 0x0, 0x0, 0x0, 0xff,
    0xfd, 0x2f, 0xff, 0xa0, 0x0, 0x0, 0xf, 0xff,
    0xd2, 0xff, 0xfa, 0x0, 0x0, 0x0, 0xff, 0xfd,
    0x1f, 0xff, 0xb0, 0x0, 0x0, 0xf, 0xff, 0xd0,
    0xff, 0xff, 0x0, 0x0, 0x4, 0xff, 0xfd, 0xc,
    0xff, 0xfb, 0x31, 0x38, 0xff, 0xff, 0xd0, 0x5f,
    0xff, 0xff, 0xff, 0xff, 0xff, 0xfd, 0x0, 0x9f,
    0xff, 0xff, 0xff, 0xbd, 0xff, 0xd0, 0x0, 0x5b,
    0xef, 0xeb, 0x50, 0xbf, 0xfd,

    /* U+016C "Ŭ" */
    0x0, 0x0, 0x48, 0x82, 0x0, 0x3, 0x88, 0x30,
    0x0, 0x0, 0x0, 0x7f, 0xf7, 0x0, 0x9, 0xff,
    0x50, 0x0, 0x0, 0x0, 0x2f, 0xff, 0x64, 0x7f,
    0xff, 0x10, 0x0, 0x0, 0x0, 0x7, 0xff, 0xff,
    0xff, 0xf5, 0x0, 0x0, 0x0, 0x0, 0x0, 0x4b,
    0xef, 0xea, 0x30, 0x0, 0x0, 0x0, 0x0, 0x0,
    0x0, 0x0, 0x0, 0x0, 0x0, 0x0, 0x0, 0x0,
    0x0, 0x0, 0x0, 0x0, 0x0, 0x0, 0x0, 0xf,
    0xff, 0xe0, 0x0, 0x0, 0x0, 0x0, 0xff, 0xff,
    0xf, 0xff, 0xe0, 0x0, 0x0, 0x0, 0x0, 0xff,
    0xff, 0xf, 0xff, 0xe0, 0x0, 0x0, 0x0, 0x0,
    0xff, 0xff, 0xf, 0xff, 0xe0, 0x0, 0x0, 0x0,
    0x0, 0xff, 0xff, 0xf, 0xff, 0xe0, 0x0, 0x0,
    0x0, 0x0, 0xff, 0xff, 0xf, 0xff, 0xe0, 0x0,
    0x0, 0x0, 0x0, 0xff, 0xff, 0xf, 0xff, 0xe0,
    0x0, 0x0, 0x0, 0x0, 0xff, 0xff, 0xf, 0xff,
    0xe0, 0x0, 0x0, 0x0, 0x0, 0xff, 0xff, 0xf,
    0xff, 0xe0, 0x0, 0x0, 0x0, 0x0, 0xff, 0xff,
    0xf, 0xff, 0xe0, 0x0, 0x0, 0x0, 0x0, 0xff,
    0xff, 0xf, 0xff, 0xe0, 0x0, 0x0, 0x0, 0x0,
    0xff, 0xff, 0xf, 0xff, 0xe0, 0x0, 0x0, 0x0,
    0x0, 0xff, 0xff, 0xf, 0xff, 0xe0, 0x0, 0x0,
    0x0, 0x0, 0xff, 0xff, 0xf, 0xff, 0xe0, 0x0,
    0x0, 0x0, 0x0, 0xff, 0xff, 0xf, 0xff, 0xe0,
    0x0, 0x0, 0x0, 0x0, 0xff, 0xff, 0xf, 0xff,
    0xf0, 0x0, 0x0, 0x0, 0x1, 0xff, 0xfd, 0xc,
    0xff, 0xf4, 0x0, 0x0, 0x0, 0x5, 0xff, 0xfb,
    0x7, 0xff, 0xfd, 0x0, 0x0, 0x0, 0x1d, 0xff,
    0xf6, 0x1, 0xef, 0xff, 0xd6, 0x32, 0x37, 0xef,
    0xff, 0xd0, 0x0, 0x4f, 0xff, 0xff, 0xff, 0xff,
    0xff, 0xfe, 0x20, 0x0, 0x3, 0xdf, 0xff, 0xff,
    0xff, 0xff, 0xc2, 0x0, 0x0, 0x0, 0x5, 0xad,
    0xff, 0xed, 0x93, 0x0, 0x0,

    /* U+016D "ŭ" */
    0x0, 0x1f, 0xfd, 0x0, 0x0, 0xff, 0xe0, 0x0,
    0x0, 0xdf, 0xf9, 0x44, 0xbf, 0xfa, 0x0, 0x0,
    0x3, 0xff, 0xff, 0xff, 0xfd, 0x10, 0x0, 0x0,
    0x1, 0x9d, 0xff, 0xd8, 0x0, 0x0, 0x0, 0x0,
    0x0, 0x0, 0x0, 0x0, 0x0, 0x0, 0x0, 0x0,
    0x0, 0x0, 0x0, 0x0, 0x0, 0x2f, 0xff, 0xa0,
    0x0, 0x0, 0xf, 0xff, 0xd2, 0xff, 0xfa, 0x0,
    0x0, 0x0, 0xff, 0xfd, 0x2f, 0xff, 0xa0, 0x0,
    0x0, 0xf, 0xff, 0xd2, 0xff, 0xfa, 0x0, 0x0,
    0x0, 0xff, 0xfd, 0x2f, 0xff, 0xa0, 0x0, 0x0,
    0xf, 0xff, 0xd2, 0xff, 0xfa, 0x0, 0x0, 0x0,
    0xff, 0xfd, 0x2f, 0xff, 0xa0, 0x0, 0x0, 0xf,
    0xff, 0xd2, 0xff, 0xfa, 0x0, 0x0, 0x0, 0xff,
    0xfd, 0x2f, 0xff, 0xa0, 0x0, 0x0, 0xf, 0xff,
    0xd2, 0xff, 0xfa, 0x0, 0x0, 0x0, 0xff, 0xfd,
    0x2f, 0xff, 0xa0, 0x0, 0x0, 0xf, 0xff, 0xd1,
    0xff, 0xfb, 0x0, 0x0, 0x0, 0xff, 0xfd, 0xf,
    0xff, 0xf0, 0x0, 0x0, 0x4f, 0xff, 0xd0, 0xcf,
    0xff, 0xb3, 0x13, 0x8f, 0xff, 0xfd, 0x5, 0xff,
    0xff, 0xff, 0xff, 0xff, 0xff, 0xd0, 0x9, 0xff,
    0xff, 0xff, 0xfb, 0xdf, 0xfd, 0x0, 0x5, 0xbe,
    0xfe, 0xb5, 0xb, 0xff, 0xd0,

    /* U+016E "Ů" */
    0x0, 0x0, 0x0, 0x0, 0x1, 0x0, 0x0, 0x0,
    0x0, 0x0, 0x0, 0x0, 0x8, 0xff, 0xe6, 0x0,
    0x0, 0x0, 0x0, 0x0, 0x0, 0x8f, 0xa5, 0xbf,
    0x50, 0x0, 0x0, 0x0, 0x0, 0x0, 0xed, 0x0,
    0xe, 0xc0, 0x0, 0x0, 0x0, 0x0, 0x0, 0xfc,
    0x0, 0xe, 0xc0, 0x0, 0x0, 0x0, 0x0, 0x0,
    0xaf, 0x72, 0x8f, 0x70, 0x0, 0x0, 0x0, 0x0,
    0x0, 0x1b, 0xff, 0xfa, 0x0, 0x0, 0x0, 0x0,
    0x0, 0x0, 0x0, 0x24, 0x10, 0x0, 0x0, 0x0,
    0x0, 0x0, 0x0, 0x0, 0x0, 0x0, 0x0, 0x0,
    0x0, 0xf, 0xff, 0xe0, 0x0, 0x0, 0x0, 0x0,
    0xff, 0xff, 0xf, 0xff, 0xe0, 0x0, 0x0, 0x0,
    0x0, 0xff, 0xff, 0xf, 0xff, 0xe0, 0x0, 0x0,
    0x0, 0x0, 0xff, 0xff, 0xf, 0xff, 0xe0, 0x0,
    0x0, 0x0, 0x0, 0xff, 0xff, 0xf, 0xff, 0xe0,
    0x0, 0x0, 0x0, 0x0, 0xff, 0xff, 0xf, 0xff,
    0xe0, 0x0, 0x0, 0x0, 0x0, 0xff, 0xff, 0xf,
    0xff, 0xe0, 0x0, 0x0, 0x0, 0x0, 0xff, 0xff,
    0xf, 0xff, 0xe0, 0x0, 0x0, 0x0, 0x0, 0xff,
    0xff, 0xf, 0xff, 0xe0, 0x0, 0x0, 0x0, 0x0,
    0xff, 0xff, 0xf, 0xff, 0xe0, 0x0, 0x0, 0x0,
    0x0, 0xff, 0xff, 0xf, 0xff, 0xe0, 0x0, 0x0,
    0x0, 0x0, 0xff, 0xff, 0xf, 0xff, 0xe0, 0x0,
    0x0, 0x0, 0x0, 0xff, 0xff, 0xf, 0xff, 0xe0,
    0x0, 0x0, 0x0, 0x0, 0xff, 0xff, 0xf, 0xff,
    0xe0, 0x0, 0x0, 0x0, 0x0, 0xff, 0xff, 0xf,
    0xff, 0xe0, 0x0, 0x0, 0x0, 0x0, 0xff, 0xff,
    0xf, 0xff, 0xf0, 0x0, 0x0, 0x0, 0x1, 0xff,
    0xfd, 0xc, 0xff, 0xf4, 0x0, 0x0, 0x0, 0x5,
    0xff, 0xfb, 0x7, 0xff, 0xfd, 0x0, 0x0, 0x0,
    0x1d, 0xff, 0xf6, 0x1, 0xef, 0xff, 0xd6, 0x32,
    0x37, 0xef, 0xff, 0xd0, 0x0, 0x4f, 0xff, 0xff,
    0xff, 0xff, 0xff, 0xfe, 0x20, 0x0, 0x3, 0xdf,
    0xff, 0xff, 0xff, 0xff, 0xc2, 0x0, 0x0, 0x0,
    0x5, 0xad, 0xff, 0xed, 0x93, 0x0, 0x0,

    /* U+016F "ů" */
    0x0, 0x0, 0x0, 0x1, 0x0, 0x0, 0x0, 0x0,
    0x0, 0x0, 0x3d, 0xff, 0xb1, 0x0, 0x0, 0x0,
    0x0, 0x1f, 0xe6, 0x7f, 0xd0, 0x0, 0x0, 0x0,
    0x7, 0xf4, 0x0, 0x8f, 0x30, 0x0, 0x0, 0x0,
    0x7f, 0x30, 0x6, 0xf4, 0x0, 0x0, 0x0, 0x3,
    0xfc, 0x34, 0xee, 0x0, 0x0, 0x0, 0x0, 0x6,
    0xff, 0xfe, 0x30, 0x0, 0x0, 0x0, 0x0, 0x0,
    0x33, 0x0, 0x0, 0x0, 0x0, 0x0, 0x0, 0x0,
    0x0, 0x0, 0x0, 0x2, 0xff, 0xfa, 0x0, 0x0,
    0x0, 0xff, 0xfd, 0x2f, 0xff, 0xa0, 0x0, 0x0,
    0xf, 0xff, 0xd2, 0xff, 0xfa, 0x0, 0x0, 0x0,
    0xff, 0xfd, 0x2f, 0xff, 0xa0, 0x0, 0x0, 0xf,
    0xff, 0xd2, 0xff, 0xfa, 0x0, 0x0, 0x0, 0xff,
    0xfd, 0x2f, 0xff, 0xa0, 0x0, 0x0, 0xf, 0xff,
    0xd2, 0xff, 0xfa, 0x0, 0x0, 0x0, 0xff, 0xfd,
    0x2f, 0xff, 0xa0, 0x0, 0x0, 0xf, 0xff, 0xd2,
    0xff, 0xfa, 0x0, 0x0, 0x0, 0xff, 0xfd, 0x2f,
    0xff, 0xa0, 0x0, 0x0, 0xf, 0xff, 0xd2, 0xff,
    0xfa, 0x0, 0x0, 0x0, 0xff, 0xfd, 0x1f, 0xff,
    0xb0, 0x0, 0x0, 0xf, 0xff, 0xd0, 0xff, 0xff,
    0x0, 0x0, 0x4, 0xff, 0xfd, 0xc, 0xff, 0xfb,
    0x31, 0x38, 0xff, 0xff, 0xd0, 0x5f, 0xff, 0xff,
    0xff, 0xff, 0xff, 0xfd, 0x0, 0x9f, 0xff, 0xff,
    0xff, 0xbd, 0xff, 0xd0, 0x0, 0x5b, 0xef, 0xeb,
    0x50, 0xbf, 0xfd,

    /* U+0170 "Ű" */
    0x0, 0x0, 0x0, 0x4, 0xaa, 0xa1, 0x7, 0xaa,
    0x90, 0x0, 0x0, 0x0, 0xe, 0xff, 0x80, 0x5f,
    0xff, 0x30, 0x0, 0x0, 0x0, 0x8f, 0xfc, 0x2,
    0xff, 0xf5, 0x0, 0x0, 0x0, 0x1, 0xff, 0xe1,
    0xd, 0xff, 0x60, 0x0, 0x0, 0x0, 0xa, 0xff,
    0x40, 0x9f, 0xf8, 0x0, 0x0, 0x0, 0x0, 0x0,
    0x0, 0x0, 0x0, 0x0, 0x0, 0x0, 0x0, 0x0,
    0x0, 0x0, 0x0, 0x0, 0x0, 0x0, 0x0, 0xf,
    0xff, 0xe0, 0x0, 0x0, 0x0, 0x0, 0xff, 0xff,
    0xf, 0xff, 0xe0, 0x0, 0x0, 0x0, 0x0, 0xff,
    0xff, 0xf, 0xff, 0xe0, 0x0, 0x0, 0x0, 0x0,
    0xff, 0xff, 0xf, 0xff, 0xe0, 0x0, 0x0, 0x0,
    0x0, 0xff, 0xff, 0xf, 0xff, 0xe0, 0x0, 0x0,
    0x0, 0x0, 0xff, 0xff, 0xf, 0xff, 0xe0, 0x0,
    0x0, 0x0, 0x0, 0xff, 0xff, 0xf, 0xff, 0xe0,
    0x0, 0x0, 0x0, 0x0, 0xff, 0xff, 0xf, 0xff,
    0xe0, 0x0, 0x0, 0x0, 0x0, 0xff, 0xff, 0xf,
    0xff, 0xe0, 0x0, 0x0, 0x0, 0x0, 0xff, 0xff,
    0xf, 0xff, 0xe0, 0x0, 0x0, 0x0, 0x0, 0xff,
    0xff, 0xf, 0xff, 0xe0, 0x0, 0x0, 0x0, 0x0,
    0xff, 0xff, 0xf, 0xff, 0xe0, 0x0, 0x0, 0x0,
    0x0, 0xff, 0xff, 0xf, 0xff, 0xe0, 0x0, 0x0,
    0x0, 0x0, 0xff, 0xff, 0xf, 0xff, 0xe0, 0x0,
    0x0, 0x0, 0x0, 0xff, 0xff, 0xf, 0xff, 0xe0,
    0x0, 0x0, 0x0, 0x0, 0xff, 0xff, 0xf, 0xff,
    0xf0, 0x0, 0x0, 0x0, 0x1, 0xff, 0xfd, 0xc,
    0xff, 0xf4, 0x0, 0x0, 0x0, 0x5, 0xff, 0xfb,
    0x7, 0xff, 0xfd, 0x0, 0x0, 0x0, 0x1d, 0xff,
    0xf6, 0x1, 0xef, 0xff, 0xd6, 0x32, 0x37, 0xef,
    0xff, 0xd0, 0x0, 0x4f, 0xff, 0xff, 0xff, 0xff,
    0xff, 0xfe, 0x20, 0x0, 0x3, 0xdf, 0xff, 0xff,
    0xff, 0xff, 0xc2, 0x0, 0x0, 0x0, 0x5, 0xad,
    0xff, 0xed, 0x93, 0x0, 0x0,

    /* U+0171 "ű" */
    0x0, 0x0, 0x1, 0xff, 0xf8, 0x6, 0xff, 0xf4,
    0x0, 0x0, 0xa, 0xff, 0xb0, 0x2f, 0xff, 0x60,
    0x0, 0x0, 0x3f, 0xfe, 0x10, 0xdf, 0xf7, 0x0,
    0x0, 0x0, 0xcf, 0xf4, 0xa, 0xff, 0x90, 0x0,
    0x0, 0x3, 0xaa, 0x60, 0x2a, 0xa8, 0x0, 0x0,
    0x0, 0x0, 0x0, 0x0, 0x0, 0x0, 0x0, 0x0,
    0x2f, 0xff, 0xa0, 0x0, 0x0, 0xf, 0xff, 0xd0,
    0x2f, 0xff, 0xa0, 0x0, 0x0, 0xf, 0xff, 0xd0,
    0x2f, 0xff, 0xa0, 0x0, 0x0, 0xf, 0xff, 0xd0,
    0x2f, 0xff, 0xa0, 0x0, 0x0, 0xf, 0xff, 0xd0,
    0x2f, 0xff, 0xa0, 0x0, 0x0, 0xf, 0xff, 0xd0,
    0x2f, 0xff, 0xa0, 0x0, 0x0, 0xf, 0xff, 0xd0,
    0x2f, 0xff, 0xa0, 0x0, 0x0, 0xf, 0xff, 0xd0,
    0x2f, 0xff, 0xa0, 0x0, 0x0, 0xf, 0xff, 0xd0,
    0x2f, 0xff, 0xa0, 0x0, 0x0, 0xf, 0xff, 0xd0,
    0x2f, 0xff, 0xa0, 0x0, 0x0, 0xf, 0xff, 0xd0,
    0x2f, 0xff, 0xa0, 0x0, 0x0, 0xf, 0xff, 0xd0,
    0x1f, 0xff, 0xb0, 0x0, 0x0, 0xf, 0xff, 0xd0,
    0xf, 0xff, 0xf0, 0x0, 0x0, 0x4f, 0xff, 0xd0,
    0xc, 0xff, 0xfb, 0x31, 0x38, 0xff, 0xff, 0xd0,
    0x5, 0xff, 0xff, 0xff, 0xff, 0xff, 0xff, 0xd0,
    0x0, 0x9f, 0xff, 0xff, 0xff, 0xbd, 0xff, 0xd0,
    0x0, 0x5, 0xbe, 0xfe, 0xb5, 0xb, 0xff, 0xd0,

    /* U+0172 "Ų" */
    0xf, 0xff, 0xe0, 0x0, 0x0, 0x0, 0x0, 0xff,
    0xff, 0xf, 0xff, 0xe0, 0x0, 0x0, 0x0, 0x0,
    0xff, 0xff, 0xf, 0xff, 0xe0, 0x0, 0x0, 0x0,
    0x0, 0xff, 0xff, 0xf, 0xff, 0xe0, 0x0, 0x0,
    0x0, 0x0, 0xff, 0xff, 0xf, 0xff, 0xe0, 0x0,
    0x0, 0x0, 0x0, 0xff, 0xff, 0xf, 0xff, 0xe0,
    0x0, 0x0, 0x0, 0x0, 0xff, 0xff, 0xf, 0xff,
    0xe0, 0x0, 0x0, 0x0, 0x0, 0xff, 0xff, 0xf,
    0xff, 0xe0, 0x0, 0x0, 0x0, 0x0, 0xff, 0xff,
    0xf, 0xff, 0xe0, 0x0, 0x0, 0x0, 0x0, 0xff,
    0xff, 0xf, 0xff, 0xe0, 0x0, 0x0, 0x0, 0x0,
    0xff, 0xff, 0xf, 0xff, 0xe0, 0x0, 0x0, 0x0,
    0x0, 0xff, 0xff, 0xf, 0xff, 0xe0, 0x0, 0x0,
    0x0, 0x0, 0xff, 0xff, 0xf, 0xff, 0xe0, 0x0,
    0x0, 0x0, 0x0, 0xff, 0xff, 0xf, 0xff, 0xe0,
    0x0, 0x0, 0x0, 0x0, 0xff, 0xff, 0xf, 0xff,
    0xe0, 0x0, 0x0, 0x0, 0x0, 0xff, 0xff, 0xf,
    0xff, 0xf0, 0x0, 0x0, 0x0, 0x1, 0xff, 0xfe,
    0xc, 0xff, 0xf4, 0x0, 0x0, 0x0, 0x5, 0xff,
    0xfb, 0x7, 0xff, 0xfd, 0x0, 0x0, 0x0, 0x1d,
    0xff, 0xf6, 0x1, 0xef, 0xff, 0xd6, 0x32, 0x37,
    0xef, 0xff, 0xe0, 0x0, 0x4f, 0xff, 0xff, 0xff,
    0xff, 0xff, 0xff, 0x30, 0x0, 0x3, 0xdf, 0xff,
    0xff, 0xff, 0xff, 0xd3, 0x0, 0x0, 0x0, 0x4,
    0x9d, 0xef, 0xff, 0xf8, 0x0, 0x0, 0x0, 0x0,
    0x0, 0x0, 0xb, 0xff, 0x60, 0x0, 0x0, 0x0,
    0x0, 0x0, 0x0, 0x2f, 0xfd, 0x0, 0x0, 0x0,
    0x0, 0x0, 0x0, 0x0, 0x4f, 0xfd, 0x11, 0x10,
    0x0, 0x0, 0x0, 0x0, 0x0, 0x1f, 0xff, 0xff,
    0x50, 0x0, 0x0, 0x0, 0x0, 0x0, 0x7, 0xff,
    0xff, 0x70, 0x0, 0x0, 0x0, 0x0, 0x0, 0x0,
    0x37, 0x74, 0x0, 0x0,

    /* U+0173 "ų" */
    0x2f, 0xff, 0xa0, 0x0, 0x0, 0xf, 0xff, 0xd2,
    0xff, 0xfa, 0x0, 0x0, 0x0, 0xff, 0xfd, 0x2f,
    0xff, 0xa0, 0x0, 0x0, 0xf, 0xff, 0xd2, 0xff,
    0xfa, 0x0, 0x0, 0x0, 0xff, 0xfd, 0x2f, 0xff,
    0xa0, 0x0, 0x0, 0xf, 0xff, 0xd2, 0xff, 0xfa,
    0x0, 0x0, 0x0, 0xff, 0xfd, 0x2f, 0xff, 0xa0,
    0x0, 0x0, 0xf, 0xff, 0xd2, 0xff, 0xfa, 0x0,
    0x0, 0x0, 0xff, 0xfd, 0x2f, 0xff, 0xa0, 0x0,
    0x0, 0xf, 0xff, 0xd2, 0xff, 0xfa, 0x0, 0x0,
    0x0, 0xff, 0xfd, 0x2f, 0xff, 0xa0, 0x0, 0x0,
    0xf, 0xff, 0xd1, 0xff, 0xfb, 0x0, 0x0, 0x0,
    0xff, 0xfd, 0xf, 0xff, 0xf0, 0x0, 0x0, 0x4f,
    0xff, 0xd0, 0xcf, 0xff, 0xb3, 0x13, 0x8f, 0xff,
    0xfd, 0x5, 0xff, 0xff, 0xff, 0xff, 0xff, 0xff,
    0xd0, 0x9, 0xff, 0xff, 0xff, 0xfb, 0xdf, 0xfd,
    0x0, 0x5, 0xbe, 0xfe, 0xb5, 0xc, 0xff, 0xd0,
    0x0, 0x0, 0x0, 0x0, 0x9, 0xff, 0xa1, 0x0,
    0x0, 0x0, 0x0, 0x7, 0xff, 0x80, 0x0, 0x0,
    0x0, 0x0, 0x0, 0xef, 0xf1, 0x0, 0x0, 0x0,
    0x0, 0x0, 0xf, 0xff, 0xb9, 0x70, 0x0, 0x0,
    0x0, 0x0, 0xaf, 0xff, 0xfb, 0x0, 0x0, 0x0,
    0x0, 0x0, 0x9e, 0xfd, 0x60,

    /* U+0174 "Ŵ" */
    0x0, 0x0, 0x0, 0x0, 0x0, 0x0, 0x7, 0x85,
    0x0, 0x0, 0x0, 0x0, 0x0, 0x0, 0x0, 0x0,
    0x0, 0x0, 0x0, 0x0, 0xcf, 0xff, 0x50, 0x0,
    0x0, 0x0, 0x0, 0x0, 0x0, 0x0, 0x0, 0x0,
    0x0, 0xc, 0xff, 0xdf, 0xf5, 0x0, 0x0, 0x0,
    0x0, 0x0, 0x0, 0x0, 0x0, 0x0, 0x0, 0xbf,
    0xf6, 0xc, 0xff, 0x40, 0x0, 0x0, 0x0, 0x0,
    0x0, 0x0, 0x0, 0x0, 0xb, 0xff, 0x70, 0x1,
    0xcf, 0xf3, 0x0, 0x0, 0x0, 0x0, 0x0, 0x0,
    0x0, 0x0, 0x0, 0x0, 0x0, 0x0, 0x0, 0x0,
    0x0, 0x0, 0x0, 0x0, 0x0, 0x0, 0x0, 0x0,
    0x0, 0x0, 0x0, 0x0, 0x0, 0x0, 0x0, 0x0,
    0x0, 0x0, 0x2f, 0xff, 0xc0, 0x0, 0x0, 0x0,
    0x9f, 0xff, 0x0, 0x0, 0x0, 0x7, 0xff, 0xf7,
    0xe, 0xff, 0xf0, 0x0, 0x0, 0x0, 0xdf, 0xff,
    0x30, 0x0, 0x0, 0xa, 0xff, 0xf3, 0xa, 0xff,
    0xf3, 0x0, 0x0, 0x1, 0xff, 0xff, 0x70, 0x0,
    0x0, 0xd, 0xff, 0xf0, 0x6, 0xff, 0xf6, 0x0,
    0x0, 0x6, 0xff, 0xff, 0xb0, 0x0, 0x0, 0x1f,
    0xff, 0xb0, 0x2, 0xff, 0xfa, 0x0, 0x0, 0xa,
    0xff, 0xff, 0xf0, 0x0, 0x0, 0x4f, 0xff, 0x80,
    0x0, 0xef, 0xfd, 0x0, 0x0, 0xe, 0xff, 0xff,
    0xf4, 0x0, 0x0, 0x7f, 0xff, 0x40, 0x0, 0xbf,
    0xff, 0x10, 0x0, 0x2f, 0xff, 0xbf, 0xf8, 0x0,
    0x0, 0xbf, 0xff, 0x0, 0x0, 0x7f, 0xff, 0x40,
    0x0, 0x6f, 0xfc, 0x5f, 0xfc, 0x0, 0x0, 0xef,
    0xfc, 0x0, 0x0, 0x3f, 0xff, 0x70, 0x0, 0xbf,
    0xf8, 0x1f, 0xff, 0x0, 0x1, 0xff, 0xf8, 0x0,
    0x0, 0xf, 0xff, 0xb0, 0x0, 0xff, 0xf3, 0xd,
    0xff, 0x40, 0x4, 0xff, 0xf4, 0x0, 0x0, 0xb,
    0xff, 0xe0, 0x3, 0xff, 0xf0, 0x8, 0xff, 0x80,
    0x8, 0xff, 0xf1, 0x0, 0x0, 0x8, 0xff, 0xf2,
    0x7, 0xff, 0xa0, 0x4, 0xff, 0xc0, 0xb, 0xff,
    0xd0, 0x0, 0x0, 0x4, 0xff, 0xf5, 0xb, 0xff,
    0x60, 0x0, 0xff, 0xf0, 0xe, 0xff, 0x90, 0x0,
    0x0, 0x0, 0xff, 0xf8, 0xf, 0xff, 0x20, 0x0,
    0xbf, 0xf4, 0x2f, 0xff, 0x50, 0x0, 0x0, 0x0,
    0xcf, 0xfc, 0x4f, 0xfd, 0x0, 0x0, 0x7f, 0xf8,
    0x5f, 0xff, 0x10, 0x0, 0x0, 0x0, 0x8f, 0xff,
    0x8f, 0xf9, 0x0, 0x0, 0x3f, 0xfc, 0x8f, 0xfe,
    0x0, 0x0, 0x0, 0x0, 0x5f, 0xff, 0xef, 0xf4,
    0x0, 0x0, 0xe, 0xff, 0xdf, 0xfa, 0x0, 0x0,
    0x0, 0x0, 0x1f, 0xff, 0xff, 0xf0, 0x0, 0x0,
    0xa, 0xff, 0xff, 0xf6, 0x0, 0x0, 0x0, 0x0,
    0xd, 0xff, 0xff, 0xc0, 0x0, 0x0, 0x6, 0xff,
    0xff, 0xf2, 0x0, 0x0, 0x0, 0x0, 0x9, 0xff,
    0xff, 0x70, 0x0, 0x0, 0x2, 0xff, 0xff, 0xe0,
    0x0, 0x0, 0x0, 0x0, 0x5, 0xff, 0xff, 0x30,
    0x0, 0x0, 0x0, 0xdf, 0xff, 0xa0, 0x0, 0x0,
    0x0, 0x0, 0x1, 0xff, 0xfe, 0x0, 0x0, 0x0,
    0x0, 0x9f, 0xff, 0x70, 0x0, 0x0,

    /* U+0175 "ŵ" */
    0x0, 0x0, 0x0, 0x0, 0x1, 0xcf, 0xf8, 0x0,
    0x0, 0x0, 0x0, 0x0, 0x0, 0x0, 0x0, 0x0,
    0x3e, 0xfe, 0xff, 0xa0, 0x0, 0x0, 0x0, 0x0,
    0x0, 0x0, 0x0, 0x4, 0xff, 0xd1, 0x5f, 0xfb,
    0x0, 0x0, 0x0, 0x0, 0x0, 0x0, 0x0, 0x3b,
    0xb9, 0x0, 0x3, 0xbb, 0x80, 0x0, 0x0, 0x0,
    0x0, 0x0, 0x0, 0x0, 0x0, 0x0, 0x0, 0x0,
    0x0, 0x0, 0x0, 0x0, 0x0, 0x0, 0x0, 0x0,
    0x0, 0x0, 0x0, 0x0, 0x0, 0x0, 0x0, 0x0,
    0x5f, 0xff, 0x50, 0x0, 0x0, 0xbf, 0xf6, 0x0,
    0x0, 0xa, 0xff, 0xf1, 0x1f, 0xff, 0x90, 0x0,
    0x0, 0xff, 0xfb, 0x0, 0x0, 0xd, 0xff, 0xc0,
    0xc, 0xff, 0xc0, 0x0, 0x5, 0xff, 0xff, 0x10,
    0x0, 0x1f, 0xff, 0x80, 0x8, 0xff, 0xf0, 0x0,
    0xa, 0xff, 0xff, 0x50, 0x0, 0x5f, 0xff, 0x30,
    0x4, 0xff, 0xf4, 0x0, 0xe, 0xff, 0xff, 0xa0,
    0x0, 0x9f, 0xff, 0x0, 0x0, 0xff, 0xf8, 0x0,
    0x3f, 0xfd, 0xff, 0xf0, 0x0, 0xcf, 0xfb, 0x0,
    0x0, 0xbf, 0xfb, 0x0, 0x8f, 0xf7, 0xcf, 0xf4,
    0x0, 0xff, 0xf6, 0x0, 0x0, 0x7f, 0xff, 0x0,
    0xdf, 0xf2, 0x8f, 0xf9, 0x4, 0xff, 0xf2, 0x0,
    0x0, 0x2f, 0xff, 0x31, 0xff, 0xd0, 0x3f, 0xfd,
    0x8, 0xff, 0xe0, 0x0, 0x0, 0xe, 0xff, 0x76,
    0xff, 0x80, 0xe, 0xff, 0x2b, 0xff, 0x90, 0x0,
    0x0, 0xa, 0xff, 0xbb, 0xff, 0x30, 0x9, 0xff,
    0x7f, 0xff, 0x50, 0x0, 0x0, 0x5, 0xff, 0xef,
    0xfe, 0x0, 0x4, 0xff, 0xef, 0xff, 0x10, 0x0,
    0x0, 0x1, 0xff, 0xff, 0xfa, 0x0, 0x0, 0xef,
    0xff, 0xfc, 0x0, 0x0, 0x0, 0x0, 0xdf, 0xff,
    0xf5, 0x0, 0x0, 0xaf, 0xff, 0xf8, 0x0, 0x0,
    0x0, 0x0, 0x8f, 0xff, 0xf0, 0x0, 0x0, 0x5f,
    0xff, 0xf4, 0x0, 0x0, 0x0, 0x0, 0x4f, 0xff,
    0xb0, 0x0, 0x0, 0xf, 0xff, 0xf0, 0x0, 0x0,
    0x0, 0x0, 0xf, 0xff, 0x60, 0x0, 0x0, 0xb,
    0xff, 0xb0, 0x0, 0x0,

    /* U+0176 "Ŷ" */
    0x0, 0x0, 0x0, 0x0, 0x48, 0x71, 0x0, 0x0,
    0x0, 0x0, 0x0, 0x0, 0x0, 0x4, 0xff, 0xfc,
    0x0, 0x0, 0x0, 0x0, 0x0, 0x0, 0x0, 0x3f,
    0xfe, 0xff, 0xb0, 0x0, 0x0, 0x0, 0x0, 0x0,
    0x3, 0xff, 0xe2, 0x7f, 0xf9, 0x0, 0x0, 0x0,
    0x0, 0x0, 0x2e, 0xfe, 0x20, 0x8, 0xff, 0x80,
    0x0, 0x0, 0x0, 0x0, 0x13, 0x31, 0x0, 0x0,
    0x33, 0x30, 0x0, 0x0, 0x0, 0x0, 0x0, 0x0,
    0x0, 0x0, 0x0, 0x0, 0x0, 0x0, 0x9f, 0xff,
    0xb0, 0x0, 0x0, 0x0, 0x0, 0x4f, 0xff, 0xf1,
    0x1f, 0xff, 0xf3, 0x0, 0x0, 0x0, 0x0, 0xcf,
    0xff, 0x80, 0x8, 0xff, 0xfb, 0x0, 0x0, 0x0,
    0x4, 0xff, 0xfe, 0x0, 0x0, 0xef, 0xff, 0x30,
    0x0, 0x0, 0xc, 0xff, 0xf6, 0x0, 0x0, 0x6f,
    0xff, 0xb0, 0x0, 0x0, 0x3f, 0xff, 0xd0, 0x0,
    0x0, 0xd, 0xff, 0xf3, 0x0, 0x0, 0xbf, 0xff,
    0x50, 0x0, 0x0, 0x5, 0xff, 0xfb, 0x0, 0x3,
    0xff, 0xfc, 0x0, 0x0, 0x0, 0x0, 0xcf, 0xff,
    0x30, 0xb, 0xff, 0xf3, 0x0, 0x0, 0x0, 0x0,
    0x3f, 0xff, 0xa0, 0x3f, 0xff, 0xa0, 0x0, 0x0,
    0x0, 0x0, 0xa, 0xff, 0xf2, 0xbf, 0xff, 0x20,
    0x0, 0x0, 0x0, 0x0, 0x2, 0xff, 0xfc, 0xff,
    0xf9, 0x0, 0x0, 0x0, 0x0, 0x0, 0x0, 0x9f,
    0xff, 0xff, 0xf1, 0x0, 0x0, 0x0, 0x0, 0x0,
    0x0, 0x1f, 0xff, 0xff, 0x70, 0x0, 0x0, 0x0,
    0x0, 0x0, 0x0, 0x7, 0xff, 0xfe, 0x0, 0x0,
    0x0, 0x0, 0x0, 0x0, 0x0, 0x4, 0xff, 0xfb,
    0x0, 0x0, 0x0, 0x0, 0x0, 0x0, 0x0, 0x4,
    0xff, 0xfb, 0x0, 0x0, 0x0, 0x0, 0x0, 0x0,
    0x0, 0x4, 0xff, 0xfb, 0x0, 0x0, 0x0, 0x0,
    0x0, 0x0, 0x0, 0x4, 0xff, 0xfb, 0x0, 0x0,
    0x0, 0x0, 0x0, 0x0, 0x0, 0x4, 0xff, 0xfb,
    0x0, 0x0, 0x0, 0x0, 0x0, 0x0, 0x0, 0x4,
    0xff, 0xfb, 0x0, 0x0, 0x0, 0x0, 0x0, 0x0,
    0x0, 0x4, 0xff, 0xfb, 0x0, 0x0, 0x0, 0x0,
    0x0, 0x0, 0x0, 0x4, 0xff, 0xfb, 0x0, 0x0,
    0x0, 0x0,

    /* U+0177 "ŷ" */
    0x0, 0x0, 0x0, 0xaf, 0xfa, 0x0, 0x0, 0x0,
    0x0, 0x0, 0x1c, 0xff, 0xff, 0xc1, 0x0, 0x0,
    0x0, 0x2, 0xef, 0xe3, 0x3e, 0xfd, 0x20, 0x0,
    0x0, 0x1a, 0xbb, 0x20, 0x1, 0xab, 0xa1, 0x0,
    0x0, 0x0, 0x0, 0x0, 0x0, 0x0, 0x0, 0x0,
    0x0, 0x0, 0x0, 0x0, 0x0, 0x0, 0x0, 0x0,
    0xaf, 0xff, 0x60, 0x0, 0x0, 0xd, 0xff, 0xf2,
    0x4f, 0xff, 0xc0, 0x0, 0x0, 0x2f, 0xff, 0xc0,
    0xe, 0xff, 0xf1, 0x0, 0x0, 0x7f, 0xff, 0x70,
    0x8, 0xff, 0xf6, 0x0, 0x0, 0xcf, 0xff, 0x10,
    0x2, 0xff, 0xfb, 0x0, 0x1, 0xff, 0xfb, 0x0,
    0x0, 0xcf, 0xff, 0x0, 0x6, 0xff, 0xf6, 0x0,
    0x0, 0x7f, 0xff, 0x50, 0xa, 0xff, 0xf0, 0x0,
    0x0, 0x1f, 0xff, 0xa0, 0xf, 0xff, 0xa0, 0x0,
    0x0, 0xb, 0xff, 0xf0, 0x4f, 0xff, 0x50, 0x0,
    0x0, 0x5, 0xff, 0xf4, 0x9f, 0xfe, 0x0, 0x0,
    0x0, 0x0, 0xff, 0xf9, 0xef, 0xf9, 0x0, 0x0,
    0x0, 0x0, 0x9f, 0xff, 0xff, 0xf3, 0x0, 0x0,
    0x0, 0x0, 0x4f, 0xff, 0xff, 0xe0, 0x0, 0x0,
    0x0, 0x0, 0xe, 0xff, 0xff, 0x80, 0x0, 0x0,
    0x0, 0x0, 0x8, 0xff, 0xff, 0x20, 0x0, 0x0,
    0x0, 0x0, 0x2, 0xff, 0xfd, 0x0, 0x0, 0x0,
    0x0, 0x0, 0x0, 0xff, 0xf7, 0x0, 0x0, 0x0,
    0x0, 0x0, 0x5, 0xff, 0xf1, 0x0, 0x0, 0x0,
    0x0, 0x0, 0xd, 0xff, 0xc0, 0x0, 0x0, 0x0,
    0x1, 0x24, 0xbf, 0xff, 0x50, 0x0, 0x0, 0x0,
    0x7, 0xff, 0xff, 0xfc, 0x0, 0x0, 0x0, 0x0,
    0x7, 0xff, 0xff, 0xe2, 0x0, 0x0, 0x0, 0x0,
    0x5, 0xef, 0xe9, 0x10, 0x0, 0x0, 0x0, 0x0,

    /* U+0178 "Ÿ" */
    0x0, 0x0, 0x7, 0x93, 0x0, 0x0, 0x69, 0x40,
    0x0, 0x0, 0x0, 0x0, 0x9f, 0xff, 0x10, 0x7,
    0xff, 0xf2, 0x0, 0x0, 0x0, 0x0, 0xaf, 0xff,
    0x20, 0x8, 0xff, 0xf4, 0x0, 0x0, 0x0, 0x0,
    0x3d, 0xf8, 0x0, 0x2, 0xcf, 0xa0, 0x0, 0x0,
    0x0, 0x0, 0x0, 0x0, 0x0, 0x0, 0x0, 0x0,
    0x0, 0x0, 0x0, 0x0, 0x0, 0x0, 0x0, 0x0,
    0x0, 0x0, 0x0, 0x0, 0x9f, 0xff, 0xb0, 0x0,
    0x0, 0x0, 0x0, 0x4f, 0xff, 0xf1, 0x1f, 0xff,
    0xf3, 0x0, 0x0, 0x0, 0x0, 0xcf, 0xff, 0x80,
    0x8, 0xff, 0xfb, 0x0, 0x0, 0x0, 0x4, 0xff,
    0xfe, 0x0, 0x0, 0xef, 0xff, 0x30, 0x0, 0x0,
    0xc, 0xff, 0xf6, 0x0, 0x0, 0x6f, 0xff, 0xb0,
    0x0, 0x0, 0x3f, 0xff, 0xd0, 0x0, 0x0, 0xd,
    0xff, 0xf3, 0x0, 0x0, 0xbf, 0xff, 0x50, 0x0,
    0x0, 0x5, 0xff, 0xfb, 0x0, 0x3, 0xff, 0xfc,
    0x0, 0x0, 0x0, 0x0, 0xcf, 0xff, 0x30, 0xb,
    0xff, 0xf3, 0x0, 0x0, 0x0, 0x0, 0x3f, 0xff,
    0xa0, 0x3f, 0xff, 0xa0, 0x0, 0x0, 0x0, 0x0,
    0xa, 0xff, 0xf2, 0xbf, 0xff, 0x20, 0x0, 0x0,
    0x0, 0x0, 0x2, 0xff, 0xfc, 0xff, 0xf9, 0x0,
    0x0, 0x0, 0x0, 0x0, 0x0, 0x9f, 0xff, 0xff,
    0xf1, 0x0, 0x0, 0x0, 0x0, 0x0, 0x0, 0x1f,
    0xff, 0xff, 0x70, 0x0, 0x0, 0x0, 0x0, 0x0,
    0x0, 0x7, 0xff, 0xfe, 0x0, 0x0, 0x0, 0x0,
    0x0, 0x0, 0x0, 0x4, 0xff, 0xfb, 0x0, 0x0,
    0x0, 0x0, 0x0, 0x0, 0x0, 0x4, 0xff, 0xfb,
    0x0, 0x0, 0x0, 0x0, 0x0, 0x0, 0x0, 0x4,
    0xff, 0xfb, 0x0, 0x0, 0x0, 0x0, 0x0, 0x0,
    0x0, 0x4, 0xff, 0xfb, 0x0, 0x0, 0x0, 0x0,
    0x0, 0x0, 0x0, 0x4, 0xff, 0xfb, 0x0, 0x0,
    0x0, 0x0, 0x0, 0x0, 0x0, 0x4, 0xff, 0xfb,
    0x0, 0x0, 0x0, 0x0, 0x0, 0x0, 0x0, 0x4,
    0xff, 0xfb, 0x0, 0x0, 0x0, 0x0, 0x0, 0x0,
    0x0, 0x4, 0xff, 0xfb, 0x0, 0x0, 0x0, 0x0,

    /* U+0179 "Ź" */
    0x0, 0x0, 0x0, 0x0, 0x2, 0x88, 0x87, 0x0,
    0x0, 0x0, 0x0, 0x0, 0x0, 0xc, 0xff, 0xf3,
    0x0, 0x0, 0x0, 0x0, 0x0, 0x0, 0x8f, 0xff,
    0x40, 0x0, 0x0, 0x0, 0x0, 0x0, 0x3, 0xff,
    0xf4, 0x0, 0x0, 0x0, 0x0, 0x0, 0x0, 0xd,
    0xff, 0x50, 0x0, 0x0, 0x0, 0x0, 0x0, 0x0,
    0x0, 0x0, 0x0, 0x0, 0x0, 0x0, 0x0, 0x0,
    0x0, 0x0, 0x0, 0x0, 0x0, 0x0, 0x0, 0xaf,
    0xff, 0xff, 0xff, 0xff, 0xff, 0xff, 0xff, 0xd0,
    0xaf, 0xff, 0xff, 0xff, 0xff, 0xff, 0xff, 0xff,
    0xd0, 0xaf, 0xff, 0xff, 0xff, 0xff, 0xff, 0xff,
    0xff, 0xb0, 0x12, 0x22, 0x22, 0x22, 0x22, 0x26,
    0xff, 0xff, 0x20, 0x0, 0x0, 0x0, 0x0, 0x0,
    0x1e, 0xff, 0xf5, 0x0, 0x0, 0x0, 0x0, 0x0,
    0x0, 0xaf, 0xff, 0xa0, 0x0, 0x0, 0x0, 0x0,
    0x0, 0x6, 0xff, 0xfd, 0x0, 0x0, 0x0, 0x0,
    0x0, 0x0, 0x2f, 0xff, 0xf3, 0x0, 0x0, 0x0,
    0x0, 0x0, 0x0, 0xdf, 0xff, 0x70, 0x0, 0x0,
    0x0, 0x0, 0x0, 0x9, 0xff, 0xfc, 0x0, 0x0,
    0x0, 0x0, 0x0, 0x0, 0x4f, 0xff, 0xe1, 0x0,
    0x0, 0x0, 0x0, 0x0, 0x1, 0xef, 0xff, 0x50,
    0x0, 0x0, 0x0, 0x0, 0x0, 0xb, 0xff, 0xf9,
    0x0, 0x0, 0x0, 0x0, 0x0, 0x0, 0x7f, 0xff,
    0xd0, 0x0, 0x0, 0x0, 0x0, 0x0, 0x3, 0xff,
    0xff, 0x30, 0x0, 0x0, 0x0, 0x0, 0x0, 0xd,
    0xff, 0xf7, 0x0, 0x0, 0x0, 0x0, 0x0, 0x0,
    0x9f, 0xff, 0xb0, 0x0, 0x0, 0x0, 0x0, 0x0,
    0x5, 0xff, 0xfe, 0x10, 0x0, 0x0, 0x0, 0x0,
    0x0, 0x1e, 0xff, 0xf6, 0x11, 0x11, 0x11, 0x11,
    0x11, 0x10, 0xaf, 0xff, 0xff, 0xff, 0xff, 0xff,
    0xff, 0xff, 0xf3, 0xcf, 0xff, 0xff, 0xff, 0xff,
    0xff, 0xff, 0xff, 0xf3, 0xcf, 0xff, 0xff, 0xff,
    0xff, 0xff, 0xff, 0xff, 0xf3,

    /* U+017A "ź" */
    0x0, 0x0, 0x0, 0x3, 0xff, 0xfd, 0x20, 0x0,
    0x0, 0x0, 0xd, 0xff, 0xd1, 0x0, 0x0, 0x0,
    0x0, 0xaf, 0xfc, 0x10, 0x0, 0x0, 0x0, 0x7,
    0xff, 0xb0, 0x0, 0x0, 0x0, 0x0, 0x0, 0x0,
    0x0, 0x0, 0x0, 0x0, 0x0, 0x0, 0x0, 0x0,
    0x0, 0x0, 0x9f, 0xff, 0xff, 0xff, 0xff, 0xff,
    0xfa, 0x9f, 0xff, 0xff, 0xff, 0xff, 0xff, 0xfa,
    0x9f, 0xff, 0xff, 0xff, 0xff, 0xff, 0xf8, 0x0,
    0x0, 0x0, 0x0, 0x8f, 0xff, 0xc0, 0x0, 0x0,
    0x0, 0x4, 0xff, 0xff, 0x20, 0x0, 0x0, 0x0,
    0x1e, 0xff, 0xf5, 0x0, 0x0, 0x0, 0x0, 0xbf,
    0xff, 0x90, 0x0, 0x0, 0x0, 0x7, 0xff, 0xfd,
    0x0, 0x0, 0x0, 0x0, 0x3f, 0xff, 0xf2, 0x0,
    0x0, 0x0, 0x1, 0xef, 0xff, 0x50, 0x0, 0x0,
    0x0, 0xb, 0xff, 0xf9, 0x0, 0x0, 0x0, 0x0,
    0x7f, 0xff, 0xd0, 0x0, 0x0, 0x0, 0x3, 0xff,
    0xff, 0x20, 0x0, 0x0, 0x0, 0x1d, 0xff, 0xf5,
    0x0, 0x0, 0x0, 0x0, 0x9f, 0xff, 0xff, 0xff,
    0xff, 0xff, 0xff, 0xbf, 0xff, 0xff, 0xff, 0xff,
    0xff, 0xff, 0xbf, 0xff, 0xff, 0xff, 0xff, 0xff,
    0xff,

    /* U+017B "Ż" */
    0x0, 0x0, 0x0, 0x9, 0xfd, 0x30, 0x0, 0x0,
    0x0, 0x0, 0x0, 0x0, 0x3f, 0xff, 0xa0, 0x0,
    0x0, 0x0, 0x0, 0x0, 0x0, 0x3f, 0xff, 0xa0,
    0x0, 0x0, 0x0, 0x0, 0x0, 0x0, 0x6, 0xca,
    0x10, 0x0, 0x0, 0x0, 0x0, 0x0, 0x0, 0x0,
    0x0, 0x0, 0x0, 0x0, 0x0, 0x0, 0x0, 0x0,
    0x0, 0x0, 0x0, 0x0, 0x0, 0x0, 0xaf, 0xff,
    0xff, 0xff, 0xff, 0xff, 0xff, 0xff, 0xd0, 0xaf,
    0xff, 0xff, 0xff, 0xff, 0xff, 0xff, 0xff, 0xd0,
    0xaf, 0xff, 0xff, 0xff, 0xff, 0xff, 0xff, 0xff,
    0xb0, 0x12, 0x22, 0x22, 0x22, 0x22, 0x26, 0xff,
    0xff, 0x20, 0x0, 0x0, 0x0, 0x0, 0x0, 0x1e,
    0xff, 0xf5, 0x0, 0x0, 0x0, 0x0, 0x0, 0x0,
    0xaf, 0xff, 0xa0, 0x0, 0x0, 0x0, 0x0, 0x0,
    0x6, 0xff, 0xfd, 0x0, 0x0, 0x0, 0x0, 0x0,
    0x0, 0x2f, 0xff, 0xf3, 0x0, 0x0, 0x0, 0x0,
    0x0, 0x0, 0xdf, 0xff, 0x70, 0x0, 0x0, 0x0,
    0x0, 0x0, 0x9, 0xff, 0xfc, 0x0, 0x0, 0x0,
    0x0, 0x0, 0x0, 0x4f, 0xff, 0xe1, 0x0, 0x0,
    0x0, 0x0, 0x0, 0x1, 0xef, 0xff, 0x50, 0x0,
    0x0, 0x0, 0x0, 0x0, 0xb, 0xff, 0xf9, 0x0,
    0x0, 0x0, 0x0, 0x0, 0x0, 0x7f, 0xff, 0xd0,
    0x0, 0x0, 0x0, 0x0, 0x0, 0x3, 0xff, 0xff,
    0x30, 0x0, 0x0, 0x0, 0x0, 0x0, 0xd, 0xff,
    0xf7, 0x0, 0x0, 0x0, 0x0, 0x0, 0x0, 0x9f,
    0xff, 0xb0, 0x0, 0x0, 0x0, 0x0, 0x0, 0x5,
    0xff, 0xfe, 0x10, 0x0, 0x0, 0x0, 0x0, 0x0,
    0x1e, 0xff, 0xf6, 0x11, 0x11, 0x11, 0x11, 0x11,
    0x10, 0xaf, 0xff, 0xff, 0xff, 0xff, 0xff, 0xff,
    0xff, 0xf3, 0xcf, 0xff, 0xff, 0xff, 0xff, 0xff,
    0xff, 0xff, 0xf3, 0xcf, 0xff, 0xff, 0xff, 0xff,
    0xff, 0xff, 0xff, 0xf3,

    /* U+017C "ż" */
    0x0, 0x0, 0x5, 0xee, 0x70, 0x0, 0x0, 0x0,
    0x0, 0xd, 0xff, 0xf1, 0x0, 0x0, 0x0, 0x0,
    0xd, 0xff, 0xf0, 0x0, 0x0, 0x0, 0x0, 0x3,
    0xbb, 0x40, 0x0, 0x0, 0x0, 0x0, 0x0, 0x0,
    0x0, 0x0, 0x0, 0x0, 0x0, 0x0, 0x0, 0x0,
    0x0, 0x0, 0x9f, 0xff, 0xff, 0xff, 0xff, 0xff,
    0xfa, 0x9f, 0xff, 0xff, 0xff, 0xff, 0xff, 0xfa,
    0x9f, 0xff, 0xff, 0xff, 0xff, 0xff, 0xf8, 0x0,
    0x0, 0x0, 0x0, 0x8f, 0xff, 0xc0, 0x0, 0x0,
    0x0, 0x4, 0xff, 0xff, 0x20, 0x0, 0x0, 0x0,
    0x1e, 0xff, 0xf5, 0x0, 0x0, 0x0, 0x0, 0xbf,
    0xff, 0x90, 0x0, 0x0, 0x0, 0x7, 0xff, 0xfd,
    0x0, 0x0, 0x0, 0x0, 0x3f, 0xff, 0xf2, 0x0,
    0x0, 0x0, 0x1, 0xef, 0xff, 0x50, 0x0, 0x0,
    0x0, 0xb, 0xff, 0xf9, 0x0, 0x0, 0x0, 0x0,
    0x7f, 0xff, 0xd0, 0x0, 0x0, 0x0, 0x3, 0xff,
    0xff, 0x20, 0x0, 0x0, 0x0, 0x1d, 0xff, 0xf5,
    0x0, 0x0, 0x0, 0x0, 0x9f, 0xff, 0xff, 0xff,
    0xff, 0xff, 0xff, 0xbf, 0xff, 0xff, 0xff, 0xff,
    0xff, 0xff, 0xbf, 0xff, 0xff, 0xff, 0xff, 0xff,
    0xff,

    /* U+017D "Ž" */
    0x0, 0x4, 0x88, 0x50, 0x0, 0x28, 0x87, 0x10,
    0x0, 0x0, 0x0, 0xcf, 0xf5, 0x1, 0xdf, 0xf6,
    0x0, 0x0, 0x0, 0x0, 0x1c, 0xff, 0x6d, 0xff,
    0x60, 0x0, 0x0, 0x0, 0x0, 0x1, 0xdf, 0xff,
    0xf6, 0x0, 0x0, 0x0, 0x0, 0x0, 0x0, 0x1d,
    0xff, 0x60, 0x0, 0x0, 0x0, 0x0, 0x0, 0x0,
    0x0, 0x0, 0x0, 0x0, 0x0, 0x0, 0x0, 0x0,
    0x0, 0x0, 0x0, 0x0, 0x0, 0x0, 0x0, 0xaf,
    0xff, 0xff, 0xff, 0xff, 0xff, 0xff, 0xff, 0xd0,
    0xaf, 0xff, 0xff, 0xff, 0xff, 0xff, 0xff, 0xff,
    0xd0, 0xaf, 0xff, 0xff, 0xff, 0xff, 0xff, 0xff,
    0xff, 0xb0, 0x12, 0x22, 0x22, 0x22, 0x22, 0x26,
    0xff, 0xff, 0x20, 0x0, 0x0, 0x0, 0x0, 0x0,
    0x1e, 0xff, 0xf5, 0x0, 0x0, 0x0, 0x0, 0x0,
    0x0, 0xaf, 0xff, 0xa0, 0x0, 0x0, 0x0, 0x0,
    0x0, 0x6, 0xff, 0xfd, 0x0, 0x0, 0x0, 0x0,
    0x0, 0x0, 0x2f, 0xff, 0xf3, 0x0, 0x0, 0x0,
    0x0, 0x0, 0x0, 0xdf, 0xff, 0x70, 0x0, 0x0,
    0x0, 0x0, 0x0, 0x9, 0xff, 0xfc, 0x0, 0x0,
    0x0, 0x0, 0x0, 0x0, 0x4f, 0xff, 0xe1, 0x0,
    0x0, 0x0, 0x0, 0x0, 0x1, 0xef, 0xff, 0x50,
    0x0, 0x0, 0x0, 0x0, 0x0, 0xb, 0xff, 0xf9,
    0x0, 0x0, 0x0, 0x0, 0x0, 0x0, 0x7f, 0xff,
    0xd0, 0x0, 0x0, 0x0, 0x0, 0x0, 0x3, 0xff,
    0xff, 0x30, 0x0, 0x0, 0x0, 0x0, 0x0, 0xd,
    0xff, 0xf7, 0x0, 0x0, 0x0, 0x0, 0x0, 0x0,
    0x9f, 0xff, 0xb0, 0x0, 0x0, 0x0, 0x0, 0x0,
    0x5, 0xff, 0xfe, 0x10, 0x0, 0x0, 0x0, 0x0,
    0x0, 0x1e, 0xff, 0xf6, 0x11, 0x11, 0x11, 0x11,
    0x11, 0x10, 0xaf, 0xff, 0xff, 0xff, 0xff, 0xff,
    0xff, 0xff, 0xf3, 0xcf, 0xff, 0xff, 0xff, 0xff,
    0xff, 0xff, 0xff, 0xf3, 0xcf, 0xff, 0xff, 0xff,
    0xff, 0xff, 0xff, 0xff, 0xf3,

    /* U+017E "ž" */
    0x1, 0xcf, 0xf4, 0x0, 0x2e, 0xfe, 0x30, 0x0,
    0xa, 0xff, 0x42, 0xef, 0xd2, 0x0, 0x0, 0x0,
    0x9f, 0xfe, 0xfb, 0x10, 0x0, 0x0, 0x0, 0x7,
    0xdd, 0x90, 0x0, 0x0, 0x0, 0x0, 0x0, 0x0,
    0x0, 0x0, 0x0, 0x0, 0x0, 0x0, 0x0, 0x0,
    0x0, 0x0, 0x9f, 0xff, 0xff, 0xff, 0xff, 0xff,
    0xfa, 0x9f, 0xff, 0xff, 0xff, 0xff, 0xff, 0xfa,
    0x9f, 0xff, 0xff, 0xff, 0xff, 0xff, 0xf8, 0x0,
    0x0, 0x0, 0x0, 0x8f, 0xff, 0xc0, 0x0, 0x0,
    0x0, 0x4, 0xff, 0xff, 0x20, 0x0, 0x0, 0x0,
    0x1e, 0xff, 0xf5, 0x0, 0x0, 0x0, 0x0, 0xbf,
    0xff, 0x90, 0x0, 0x0, 0x0, 0x7, 0xff, 0xfd,
    0x0, 0x0, 0x0, 0x0, 0x3f, 0xff, 0xf2, 0x0,
    0x0, 0x0, 0x1, 0xef, 0xff, 0x50, 0x0, 0x0,
    0x0, 0xb, 0xff, 0xf9, 0x0, 0x0, 0x0, 0x0,
    0x7f, 0xff, 0xd0, 0x0, 0x0, 0x0, 0x3, 0xff,
    0xff, 0x20, 0x0, 0x0, 0x0, 0x1d, 0xff, 0xf5,
    0x0, 0x0, 0x0, 0x0, 0x9f, 0xff, 0xff, 0xff,
    0xff, 0xff, 0xff, 0xbf, 0xff, 0xff, 0xff, 0xff,
    0xff, 0xff, 0xbf, 0xff, 0xff, 0xff, 0xff, 0xff,
    0xff,

    /* U+017F "ſ" */
    0x0, 0x29, 0xdf, 0xfd, 0x30, 0x4f, 0xff, 0xff,
    0xf2, 0x1f, 0xff, 0xff, 0xff, 0x7, 0xff, 0xfc,
    0x30, 0x10, 0xbf, 0xff, 0x30, 0x0, 0xc, 0xff,
    0xf0, 0x0, 0x0, 0xdf, 0xff, 0x0, 0x0, 0xd,
    0xff, 0xf0, 0x0, 0x0, 0xdf, 0xff, 0x0, 0x0,
    0xd, 0xff, 0xf0, 0x0, 0x0, 0xdf, 0xff, 0x0,
    0x0, 0xd, 0xff, 0xf0, 0x0, 0x0, 0xdf, 0xff,
    0x0, 0x0, 0xd, 0xff, 0xf0, 0x0, 0x0, 0xdf,
    0xff, 0x0, 0x0, 0xd, 0xff, 0xf0, 0x0, 0x0,
    0xdf, 0xff, 0x0, 0x0, 0xd, 0xff, 0xf0, 0x0,
    0x0, 0xdf, 0xff, 0x0, 0x0, 0xd, 0xff, 0xf0,
    0x0, 0x0, 0xdf, 0xff, 0x0, 0x0, 0xd, 0xff,
    0xf0, 0x0, 0x0, 0xdf, 0xff, 0x0, 0x0, 0xd,
    0xff, 0xf0, 0x0, 0x0,

    /* U+2013 "–" */
    0x0, 0x0, 0x0, 0x0, 0x0, 0x0, 0x0, 0x0,
    0x8, 0xff, 0xff, 0xff, 0xff, 0xff, 0xff, 0xff,
    0xf6, 0x8f, 0xff, 0xff, 0xff, 0xff, 0xff, 0xff,
    0xff, 0x68, 0xff, 0xff, 0xff, 0xff, 0xff, 0xff,
    0xff, 0xf6,

    /* U+2014 "—" */
    0x0, 0x0, 0x0, 0x0, 0x0, 0x0, 0x0, 0x0,
    0x0, 0x0, 0x0, 0xff, 0xff, 0xff, 0xff, 0xff,
    0xff, 0xff, 0xff, 0xff, 0xff, 0xf4, 0xff, 0xff,
    0xff, 0xff, 0xff, 0xff, 0xff, 0xff, 0xff, 0xff,
    0xf4, 0xff, 0xff, 0xff, 0xff, 0xff, 0xff, 0xff,
    0xff, 0xff, 0xff, 0xf4,

    /* U+2018 "‘" */
    0x0, 0x19, 0x20, 0x0, 0xcf, 0xf2, 0x7, 0xff,
    0xb0, 0xe, 0xff, 0x40, 0x3f, 0xff, 0x0, 0x6f,
    0xfe, 0x0, 0x7f, 0xfe, 0x0, 0x7f, 0xfe, 0x0,

    /* U+2019 "’" */
    0x0, 0xcf, 0xf9, 0x0, 0xcf, 0xf9, 0x0, 0xcf,
    0xf8, 0x0, 0xdf, 0xf6, 0x1, 0xff, 0xf1, 0x8,
    0xff, 0xa0, 0xe, 0xfe, 0x10, 0x2, 0xb3, 0x0,

    /* U+201C "“" */
    0x0, 0x9, 0x30, 0x0, 0x75, 0x0, 0xa, 0xff,
    0x40, 0x6f, 0xf7, 0x5, 0xff, 0xd0, 0x1f, 0xff,
    0x10, 0xcf, 0xf6, 0x8, 0xff, 0xa0, 0x1f, 0xff,
    0x20, 0xdf, 0xf6, 0x4, 0xff, 0xf0, 0xf, 0xff,
    0x40, 0x5f, 0xff, 0x1, 0xff, 0xf4, 0x5, 0xff,
    0xf0, 0x1f, 0xff, 0x40,

    /* U+201D "”" */
    0x8, 0xff, 0xc0, 0x5f, 0xff, 0x8, 0xff, 0xc0,
    0x5f, 0xff, 0x9, 0xff, 0xb0, 0x5f, 0xff, 0xa,
    0xff, 0x90, 0x7f, 0xfc, 0xe, 0xff, 0x40, 0xbf,
    0xf7, 0x5f, 0xfd, 0x1, 0xff, 0xf1, 0xcf, 0xf3,
    0x8, 0xff, 0x60, 0x19, 0x50, 0x0, 0x78, 0x0,

    /* U+2022 "•" */
    0x0, 0x3, 0x10, 0x0, 0x9, 0xff, 0xfb, 0x10,
    0x7f, 0xff, 0xff, 0xa0, 0xcf, 0xff, 0xff, 0xf0,
    0xdf, 0xff, 0xff, 0xf0, 0xbf, 0xff, 0xff, 0xe0,
    0x5f, 0xff, 0xff, 0x80, 0x5, 0xdf, 0xd7, 0x0,

    /* U+2026 "…" */
    0x0, 0x10, 0x0, 0x0, 0x1, 0x0, 0x0, 0x0,
    0x10, 0x4, 0xef, 0xd1, 0x0, 0x2d, 0xfe, 0x20,
    0x3, 0xef, 0xd1, 0xcf, 0xff, 0x70, 0x9, 0xff,
    0xfa, 0x0, 0xbf, 0xff, 0x8b, 0xff, 0xf7, 0x0,
    0x9f, 0xff, 0x90, 0xb, 0xff, 0xf8, 0x3d, 0xfb,
    0x0, 0x1, 0xcf, 0xc2, 0x0, 0x2c, 0xfb, 0x10,

    /* U+2032 "′" */
    0x0, 0xe, 0xff, 0x20, 0x5, 0xff, 0x50, 0x0,
    0xcf, 0x90, 0x0, 0x4f, 0xd0, 0x0, 0xb, 0xf2,
    0x0, 0x2, 0xf5, 0x0, 0x0,

    /* U+2033 "″" */
    0x0, 0xe, 0xff, 0x23, 0xff, 0xc0, 0x0, 0x5f,
    0xf5, 0xa, 0xfe, 0x10, 0x0, 0xdf, 0x90, 0x2f,
    0xf4, 0x0, 0x4, 0xfc, 0x0, 0x9f, 0x70, 0x0,
    0xc, 0xe1, 0x1, 0xfb, 0x0, 0x0, 0x2d, 0x40,
    0x6, 0xc1, 0x0, 0x0,

    /* U+2122 "™" */
    0x1, 0x11, 0x11, 0x11, 0x10, 0x1, 0x10, 0x0,
    0x0, 0x1, 0x10, 0x2f, 0xff, 0xff, 0xff, 0xe0,
    0x1f, 0xfd, 0x0, 0x0, 0xdf, 0xf1, 0x5, 0x56,
    0xfd, 0x55, 0x50, 0x1f, 0xef, 0x80, 0x7, 0xfe,
    0xf1, 0x0, 0x0, 0xfc, 0x0, 0x0, 0x1f, 0xb9,
    0xf3, 0x1f, 0xaa, 0xf1, 0x0, 0x0, 0xfc, 0x0,
    0x0, 0x1f, 0xb1, 0xed, 0xaf, 0x1a, 0xf1, 0x0,
    0x0, 0xfc, 0x0, 0x0, 0x1f, 0xb0, 0x5f, 0xf6,
    0xa, 0xf1, 0x0, 0x0, 0xfc, 0x0, 0x0, 0x1f,
    0xb0, 0xb, 0xd0, 0xa, 0xf1, 0x0, 0x0, 0xfc,
    0x0, 0x0, 0x1f, 0xb0, 0x0, 0x0, 0xa, 0xf1,
    0x0, 0x0, 0xfc, 0x0, 0x0, 0x1f, 0xb0, 0x0,
    0x0, 0xa, 0xf1, 0x0, 0x0, 0xeb, 0x0, 0x0,
    0x1e, 0xa0, 0x0, 0x0, 0x9, 0xe1,

    /* U+2190 "←" */
    0x0, 0x0, 0x0, 0x0, 0x0, 0x0, 0x0, 0x0,
    0x0, 0x0, 0x0, 0x0, 0x0, 0x0, 0x1, 0xc5,
    0x0, 0x0, 0x0, 0x0, 0x0, 0x0, 0x0, 0x0,
    0x0, 0x0, 0x1d, 0xff, 0x40, 0x0, 0x0, 0x0,
    0x0, 0x0, 0x0, 0x0, 0x0, 0x1, 0xdf, 0xfc,
    0x10, 0x0, 0x0, 0x0, 0x0, 0x0, 0x0, 0x0,
    0x0, 0x1d, 0xff, 0xc1, 0x0, 0x0, 0x0, 0x0,
    0x0, 0x0, 0x0, 0x0, 0x1, 0xdf, 0xfc, 0x10,
    0x0, 0x0, 0x0, 0x0, 0x0, 0x0, 0x0, 0x0,
    0x1d, 0xff, 0xfa, 0x99, 0x99, 0x99, 0x99, 0x99,
    0x99, 0x99, 0x99, 0x99, 0x6f, 0xff, 0xff, 0xff,
    0xff, 0xff, 0xff, 0xff, 0xff, 0xff, 0xff, 0xff,
    0x4f, 0xff, 0xff, 0xff, 0xff, 0xff, 0xff, 0xff,
    0xff, 0xff, 0xff, 0xff, 0x6, 0xff, 0xf7, 0x11,
    0x11, 0x11, 0x11, 0x11, 0x11, 0x11, 0x11, 0x11,
    0x0, 0x6f, 0xff, 0x50, 0x0, 0x0, 0x0, 0x0,
    0x0, 0x0, 0x0, 0x0, 0x0, 0x6, 0xff, 0xf5,
    0x0, 0x0, 0x0, 0x0, 0x0, 0x0, 0x0, 0x0,
    0x0, 0x0, 0x6f, 0xff, 0x40, 0x0, 0x0, 0x0,
    0x0, 0x0, 0x0, 0x0, 0x0, 0x0, 0x6, 0xfc,
    0x0, 0x0, 0x0, 0x0, 0x0, 0x0, 0x0, 0x0,
    0x0, 0x0, 0x0, 0x40, 0x0, 0x0, 0x0, 0x0,
    0x0, 0x0, 0x0, 0x0,

    /* U+2191 "↑" */
    0x0, 0x0, 0x0, 0x37, 0x20, 0x0, 0x0, 0x0,
    0x0, 0x0, 0x4f, 0xfe, 0x20, 0x0, 0x0, 0x0,
    0x0, 0x4f, 0xff, 0xfe, 0x20, 0x0, 0x0, 0x0,
    0x4f, 0xff, 0xff, 0xfe, 0x20, 0x0, 0x0, 0x4f,
    0xff, 0xff, 0xff, 0xfe, 0x20, 0x0, 0x4f, 0xff,
    0x8e, 0xfc, 0xbf, 0xfe, 0x20, 0x3f, 0xff, 0x80,
    0xef, 0xb0, 0xbf, 0xfe, 0x0, 0xaf, 0x80, 0xe,
    0xfb, 0x0, 0xbf, 0x70, 0x0, 0x50, 0x0, 0xef,
    0xb0, 0x0, 0x50, 0x0, 0x0, 0x0, 0xe, 0xfb,
    0x0, 0x0, 0x0, 0x0, 0x0, 0x0, 0xef, 0xb0,
    0x0, 0x0, 0x0, 0x0, 0x0, 0xe, 0xfb, 0x0,
    0x0, 0x0, 0x0, 0x0, 0x0, 0xef, 0xb0, 0x0,
    0x0, 0x0, 0x0, 0x0, 0xe, 0xfb, 0x0, 0x0,
    0x0, 0x0, 0x0, 0x0, 0xef, 0xb0, 0x0, 0x0,
    0x0, 0x0, 0x0, 0xe, 0xfb, 0x0, 0x0, 0x0,
    0x0, 0x0, 0x0, 0xef, 0xb0, 0x0, 0x0, 0x0,
    0x0, 0x0, 0xe, 0xfb, 0x0, 0x0, 0x0, 0x0,
    0x0, 0x0, 0xef, 0xb0, 0x0, 0x0, 0x0, 0x0,
    0x0, 0xe, 0xfb, 0x0, 0x0, 0x0, 0x0, 0x0,
    0x0, 0xef, 0xb0, 0x0, 0x0, 0x0, 0x0, 0x0,
    0xe, 0xfb, 0x0, 0x0, 0x0, 0x0, 0x0, 0x0,
    0xef, 0xb0, 0x0, 0x0, 0x0, 0x0, 0x0, 0xe,
    0xfb, 0x0, 0x0, 0x0,

    /* U+2192 "→" */
    0x0, 0x0, 0x0, 0x0, 0x0, 0x0, 0x0, 0x0,
    0x0, 0x0, 0x0, 0x0, 0x0, 0x0, 0x0, 0x0,
    0x0, 0x0, 0x0, 0x0, 0x0, 0x7a, 0x0, 0x0,
    0x0, 0x0, 0x0, 0x0, 0x0, 0x0, 0x0, 0x0,
    0x0, 0x6f, 0xfa, 0x0, 0x0, 0x0, 0x0, 0x0,
    0x0, 0x0, 0x0, 0x0, 0x0, 0x2, 0xef, 0xfa,
    0x0, 0x0, 0x0, 0x0, 0x0, 0x0, 0x0, 0x0,
    0x0, 0x0, 0x2, 0xef, 0xfa, 0x0, 0x0, 0x0,
    0x0, 0x0, 0x0, 0x0, 0x0, 0x0, 0x0, 0x2,
    0xef, 0xfa, 0x0, 0x19, 0x99, 0x99, 0x99, 0x99,
    0x99, 0x99, 0x99, 0x99, 0x9b, 0xff, 0xfa, 0x2,
    0xff, 0xff, 0xff, 0xff, 0xff, 0xff, 0xff, 0xff,
    0xff, 0xff, 0xff, 0xf3, 0x2f, 0xff, 0xff, 0xff,
    0xff, 0xff, 0xff, 0xff, 0xff, 0xff, 0xff, 0xff,
    0x20, 0x11, 0x11, 0x11, 0x11, 0x11, 0x11, 0x11,
    0x11, 0x11, 0x9f, 0xff, 0x30, 0x0, 0x0, 0x0,
    0x0, 0x0, 0x0, 0x0, 0x0, 0x0, 0x8f, 0xff,
    0x30, 0x0, 0x0, 0x0, 0x0, 0x0, 0x0, 0x0,
    0x0, 0x0, 0x8f, 0xff, 0x30, 0x0, 0x0, 0x0,
    0x0, 0x0, 0x0, 0x0, 0x0, 0x0, 0x7f, 0xff,
    0x30, 0x0, 0x0, 0x0, 0x0, 0x0, 0x0, 0x0,
    0x0, 0x0, 0x1, 0xdf, 0x30, 0x0, 0x0, 0x0,
    0x0, 0x0, 0x0, 0x0, 0x0, 0x0, 0x0, 0x1,
    0x30, 0x0, 0x0, 0x0,

    /* U+2193 "↓" */
    0x0, 0x0, 0x0, 0x45, 0x30, 0x0, 0x0, 0x0,
    0x0, 0x0, 0xe, 0xfb, 0x0, 0x0, 0x0, 0x0,
    0x0, 0x0, 0xef, 0xb0, 0x0, 0x0, 0x0, 0x0,
    0x0, 0xe, 0xfb, 0x0, 0x0, 0x0, 0x0, 0x0,
    0x0, 0xef, 0xb0, 0x0, 0x0, 0x0, 0x0, 0x0,
    0xe, 0xfb, 0x0, 0x0, 0x0, 0x0, 0x0, 0x0,
    0xef, 0xb0, 0x0, 0x0, 0x0, 0x0, 0x0, 0xe,
    0xfb, 0x0, 0x0, 0x0, 0x0, 0x0, 0x0, 0xef,
    0xb0, 0x0, 0x0, 0x0, 0x0, 0x0, 0xe, 0xfb,
    0x0, 0x0, 0x0, 0x0, 0x0, 0x0, 0xef, 0xb0,
    0x0, 0x0, 0x0, 0x0, 0x0, 0xe, 0xfb, 0x0,
    0x0, 0x0, 0x0, 0x0, 0x0, 0xef, 0xb0, 0x0,
    0x0, 0x0, 0x0, 0x0, 0xe, 0xfb, 0x0, 0x0,
    0x0, 0x0, 0x0, 0x0, 0xef, 0xb0, 0x0, 0x0,
    0x0, 0x0, 0x0, 0xe, 0xfb, 0x0, 0x0, 0x0,
    0x1, 0xa0, 0x0, 0xef, 0xb0, 0x2, 0xa0, 0x1,
    0xef, 0xc0, 0xe, 0xfb, 0x2, 0xef, 0xb0, 0x1d,
    0xff, 0xc0, 0xef, 0xb2, 0xef, 0xfa, 0x0, 0x1d,
    0xff, 0xcf, 0xfd, 0xef, 0xfa, 0x0, 0x0, 0x1d,
    0xff, 0xff, 0xff, 0xfa, 0x0, 0x0, 0x0, 0x1d,
    0xff, 0xff, 0xfa, 0x0, 0x0, 0x0, 0x0, 0x1d,
    0xff, 0xfb, 0x0, 0x0, 0x0, 0x0, 0x0, 0x1d,
    0xfb, 0x0, 0x0, 0x0, 0x0, 0x0, 0x0, 0x1,
    0x0, 0x0, 0x0, 0x0,

    /* U+2605 "★" */
    0x0, 0x0, 0x0, 0x0, 0x0, 0x0, 0x0, 0x0,
    0x0, 0x0, 0x0, 0x0, 0x0, 0x0, 0x0, 0x0,
    0x0, 0x0, 0x6, 0x0, 0x0, 0x0, 0x0, 0x0,
    0x0, 0x0, 0x0, 0x0, 0x0, 0x0, 0x3, 0xe0,
    0x0, 0x0, 0x0, 0x0, 0x0, 0x0, 0x0, 0x0,
    0x0, 0x0, 0x0, 0x8f, 0x30, 0x0, 0x0, 0x0,
    0x0, 0x0, 0x0, 0x0, 0x0, 0x0, 0x0, 0xd,
    0xf8, 0x0, 0x0, 0x0, 0x0, 0x0, 0x0, 0x0,
    0x0, 0x0, 0x0, 0x2, 0xff, 0xd0, 0x0, 0x0,
    0x0, 0x0, 0x0, 0x0, 0x0, 0x0, 0x0, 0x0,
    0x8f, 0xff, 0x30, 0x0, 0x0, 0x0, 0x0, 0x0,
    0x0, 0x0, 0x0, 0x0, 0xd, 0xff, 0xf8, 0x0,
    0x0, 0x0, 0x0, 0x0, 0x0, 0x0, 0x0, 0x0,
    0x2, 0xff, 0xff, 0xd0, 0x0, 0x0, 0x0, 0x0,
    0x3, 0x44, 0x44, 0x44, 0x44, 0x9f, 0xff, 0xff,
    0x54, 0x44, 0x44, 0x44, 0x41, 0x1c, 0xff, 0xff,
    0xff, 0xff, 0xff, 0xff, 0xff, 0xff, 0xff, 0xff,
    0xf8, 0x0, 0x8, 0xff, 0xff, 0xff, 0xff, 0xff,
    0xff, 0xff, 0xff, 0xff, 0xe4, 0x0, 0x0, 0x4,
    0xef, 0xff, 0xff, 0xff, 0xff, 0xff, 0xff, 0xff,
    0xb1, 0x0, 0x0, 0x0, 0x1, 0xbf, 0xff, 0xff,
    0xff, 0xff, 0xff, 0xff, 0x70, 0x0, 0x0, 0x0,
    0x0, 0x0, 0x6f, 0xff, 0xff, 0xff, 0xff, 0xfd,
    0x30, 0x0, 0x0, 0x0, 0x0, 0x0, 0x0, 0x7f,
    0xff, 0xff, 0xff, 0xff, 0x20, 0x0, 0x0, 0x0,
    0x0, 0x0, 0x0, 0xc, 0xff, 0xff, 0xff, 0xff,
    0xf7, 0x0, 0x0, 0x0, 0x0, 0x0, 0x0, 0x1,
    0xff, 0xff, 0xff, 0xff, 0xff, 0xc0, 0x0, 0x0,
    0x0, 0x0, 0x0, 0x0, 0x6f, 0xff, 0xff, 0xdf,
    0xff, 0xff, 0x10, 0x0, 0x0, 0x0, 0x0, 0x0,
    0xb, 0xff, 0xfe, 0x40, 0x7f, 0xff, 0xf6, 0x0,
    0x0, 0x0, 0x0, 0x0, 0x1, 0xff, 0xfb, 0x10,
    0x0, 0x3d, 0xff, 0xc0, 0x0, 0x0, 0x0, 0x0,
    0x0, 0x6f, 0xf6, 0x0, 0x0, 0x0, 0xa, 0xff,
    0x10, 0x0, 0x0, 0x0, 0x0, 0xb, 0xd2, 0x0,
    0x0, 0x0, 0x0, 0x5, 0xf6, 0x0, 0x0, 0x0,
    0x0, 0x1, 0x90, 0x0, 0x0, 0x0, 0x0, 0x0,
    0x2, 0x80, 0x0, 0x0, 0x0, 0x0, 0x0, 0x0,
    0x0, 0x0, 0x0, 0x0, 0x0, 0x0, 0x0, 0x0,
    0x0,

    /* U+2606 "☆" */
    0x0, 0x0, 0x0, 0x0, 0x0, 0x0, 0x40, 0x0,
    0x0, 0x0, 0x0, 0x0, 0x0, 0x0, 0x0, 0x0,
    0x0, 0x0, 0x1c, 0x0, 0x0, 0x0, 0x0, 0x0,
    0x0, 0x0, 0x0, 0x0, 0x0, 0x0, 0x7, 0xf2,
    0x0, 0x0, 0x0, 0x0, 0x0, 0x0, 0x0, 0x0,
    0x0, 0x0, 0x0, 0xc9, 0x70, 0x0, 0x0, 0x0,
    0x0, 0x0, 0x0, 0x0, 0x0, 0x0, 0x0, 0x1d,
    0x2c, 0x0, 0x0, 0x0, 0x0, 0x0, 0x0, 0x0,
    0x0, 0x0, 0x0, 0x6, 0x70, 0xc2, 0x0, 0x0,
    0x0, 0x0, 0x0, 0x0, 0x0, 0x0, 0x0, 0x0,
    0xc2, 0x7, 0x70, 0x0, 0x0, 0x0, 0x0, 0x0,
    0x0, 0x0, 0x0, 0x0, 0x1d, 0x0, 0x2c, 0x0,
    0x0, 0x0, 0x0, 0x0, 0x0, 0x0, 0x0, 0x0,
    0x6, 0x80, 0x0, 0xc2, 0x0, 0x0, 0x0, 0x0,
    0x4, 0xee, 0xcc, 0xcc, 0xcc, 0xc2, 0x0, 0x6,
    0xcc, 0xcc, 0xcc, 0xcf, 0xc1, 0x1, 0xb8, 0x0,
    0x0, 0x0, 0x0, 0x0, 0x0, 0x0, 0x0, 0x1b,
    0x80, 0x0, 0x0, 0x7c, 0x20, 0x0, 0x0, 0x0,
    0x0, 0x0, 0x0, 0x5d, 0x30, 0x0, 0x0, 0x0,
    0x3d, 0x60, 0x0, 0x0, 0x0, 0x0, 0x1, 0xab,
    0x10, 0x0, 0x0, 0x0, 0x0, 0xa, 0xb1, 0x0,
    0x0, 0x0, 0x4, 0xd6, 0x0, 0x0, 0x0, 0x0,
    0x0, 0x0, 0x9, 0x90, 0x0, 0x0, 0x0, 0xe4,
    0x0, 0x0, 0x0, 0x0, 0x0, 0x0, 0x0, 0xb4,
    0x0, 0x0, 0x0, 0x9, 0x60, 0x0, 0x0, 0x0,
    0x0, 0x0, 0x0, 0xe, 0x0, 0x0, 0x10, 0x0,
    0x3b, 0x0, 0x0, 0x0, 0x0, 0x0, 0x0, 0x5,
    0x90, 0x0, 0xae, 0x60, 0x0, 0xd0, 0x0, 0x0,
    0x0, 0x0, 0x0, 0x0, 0xa4, 0x3, 0xd7, 0x1b,
    0xa0, 0x8, 0x50, 0x0, 0x0, 0x0, 0x0, 0x0,
    0xe, 0x7, 0xd3, 0x0, 0x6, 0xd3, 0x3b, 0x0,
    0x0, 0x0, 0x0, 0x0, 0x5, 0xcc, 0xa0, 0x0,
    0x0, 0x2, 0xc7, 0xd0, 0x0, 0x0, 0x0, 0x0,
    0x0, 0xaf, 0x50, 0x0, 0x0, 0x0, 0x0, 0x9f,
    0x50, 0x0, 0x0, 0x0, 0x0, 0xb, 0x20, 0x0,
    0x0, 0x0, 0x0, 0x0, 0x49, 0x0, 0x0, 0x0,
    0x0, 0x0, 0x0, 0x0, 0x0, 0x0, 0x0, 0x0,
    0x0, 0x10, 0x0, 0x0,

    /* U+2660 "♠" */
    0x0, 0x0, 0x0, 0x0, 0x1, 0x0, 0x0, 0x0,
    0x0, 0x0, 0x0, 0x0, 0x0, 0x2, 0xd0, 0x0,
    0x0, 0x0, 0x0, 0x0, 0x0, 0x0, 0x0, 0xcf,
    0x80, 0x0, 0x0, 0x0, 0x0, 0x0, 0x0, 0x0,
    0x8f, 0xff, 0x30, 0x0, 0x0, 0x0, 0x0, 0x0,
    0x0, 0x3f, 0xff, 0xfd, 0x0, 0x0, 0x0, 0x0,
    0x0, 0x0, 0x1e, 0xff, 0xff, 0xf9, 0x0, 0x0,
    0x0, 0x0, 0x0, 0xb, 0xff, 0xff, 0xff, 0xf6,
    0x0, 0x0, 0x0, 0x0, 0x8, 0xff, 0xff, 0xff,
    0xff, 0xf3, 0x0, 0x0, 0x0, 0x5, 0xff, 0xff,
    0xff, 0xff, 0xff, 0xe1, 0x0, 0x0, 0x2, 0xff,
    0xff, 0xff, 0xff, 0xff, 0xff, 0xc0, 0x0, 0x1,
    0xef, 0xff, 0xff, 0xff, 0xff, 0xff, 0xff, 0x90,
    0x0, 0xaf, 0xff, 0xff, 0xff, 0xff, 0xff, 0xff,
    0xff, 0x40, 0x3f, 0xff, 0xff, 0xff, 0xff, 0xff,
    0xff, 0xff, 0xfd, 0x9, 0xff, 0xff, 0xff, 0xff,
    0xff, 0xff, 0xff, 0xff, 0xf4, 0xdf, 0xff, 0xff,
    0xff, 0xff, 0xff, 0xff, 0xff, 0xff, 0x8e, 0xff,
    0xff, 0xff, 0xff, 0xff, 0xff, 0xff, 0xff, 0xfa,
    0xef, 0xff, 0xff, 0xff, 0xff, 0xff, 0xff, 0xff,
    0xff, 0x9a, 0xff, 0xff, 0xff, 0xf2, 0xc6, 0xff,
    0xff, 0xff, 0xf5, 0x2f, 0xff, 0xff, 0xf8, 0xc,
    0xc, 0xff, 0xff, 0xfd, 0x0, 0x5f, 0xff, 0xfa,
    0x2, 0xd0, 0x1d, 0xff, 0xfd, 0x20, 0x0, 0x16,
    0x74, 0x0, 0x4f, 0x0, 0x5, 0x75, 0x0, 0x0,
    0x0, 0x0, 0x0, 0x7, 0xf2, 0x0, 0x0, 0x0,
    0x0, 0x0, 0x0, 0x0, 0x0, 0xbf, 0x60, 0x0,
    0x0, 0x0, 0x0, 0x0, 0x0, 0x0, 0x2f, 0xfc,
    0x0, 0x0, 0x0, 0x0,

    /* U+2661 "♡" */
    0x0, 0x0, 0x0, 0x0, 0x0, 0x0, 0x0, 0x0,
    0x0, 0x0, 0x0, 0x0, 0x0, 0x1, 0x8c, 0xcd,
    0xa2, 0x0, 0x0, 0x4, 0xcc, 0xcc, 0x60, 0x0,
    0x0, 0x3c, 0x50, 0x0, 0x3c, 0x30, 0x0, 0x7a,
    0x10, 0x0, 0x8b, 0x0, 0x1, 0xd2, 0x0, 0x0,
    0x1, 0xb0, 0x4, 0xa0, 0x0, 0x0, 0x5, 0xa0,
    0x9, 0x50, 0x0, 0x0, 0x0, 0x38, 0xb, 0x0,
    0x0, 0x0, 0x0, 0x94, 0xd, 0x0, 0x0, 0x0,
    0x0, 0xa, 0x47, 0x0, 0x0, 0x0, 0x0, 0x29,
    0x1b, 0x0, 0x0, 0x0, 0x0, 0x6, 0xc2, 0x0,
    0x0, 0x0, 0x0, 0xc, 0xb, 0x0, 0x0, 0x0,
    0x0, 0x1, 0xd0, 0x0, 0x0, 0x0, 0x0, 0xb,
    0xc, 0x0, 0x0, 0x0, 0x0, 0x0, 0x70, 0x0,
    0x0, 0x0, 0x0, 0x29, 0xa, 0x20, 0x0, 0x0,
    0x0, 0x0, 0x20, 0x0, 0x0, 0x0, 0x0, 0x66,
    0x4, 0x80, 0x0, 0x0, 0x0, 0x0, 0x0, 0x0,
    0x0, 0x0, 0x0, 0xb1, 0x0, 0xc2, 0x0, 0x0,
    0x0, 0x0, 0x0, 0x0, 0x0, 0x0, 0x4, 0x80,
    0x0, 0x3b, 0x0, 0x0, 0x0, 0x0, 0x0, 0x0,
    0x0, 0x0, 0x1c, 0x10, 0x0, 0x6, 0x90, 0x0,
    0x0, 0x0, 0x0, 0x0, 0x0, 0x0, 0xb3, 0x0,
    0x0, 0x0, 0x96, 0x0, 0x0, 0x0, 0x0, 0x0,
    0x0, 0x9, 0x60, 0x0, 0x0, 0x0, 0xb, 0x30,
    0x0, 0x0, 0x0, 0x0, 0x0, 0x69, 0x0, 0x0,
    0x0, 0x0, 0x1, 0xc1, 0x0, 0x0, 0x0, 0x0,
    0x4, 0xb0, 0x0, 0x0, 0x0, 0x0, 0x0, 0x3c,
    0x0, 0x0, 0x0, 0x0, 0x2c, 0x10, 0x0, 0x0,
    0x0, 0x0, 0x0, 0x5, 0xa0, 0x0, 0x0, 0x0,
    0xc2, 0x0, 0x0, 0x0, 0x0, 0x0, 0x0, 0x0,
    0x87, 0x0, 0x0, 0xb, 0x40, 0x0, 0x0, 0x0,
    0x0, 0x0, 0x0, 0x0, 0xb, 0x40, 0x0, 0x87,
    0x0, 0x0, 0x0, 0x0, 0x0, 0x0, 0x0, 0x0,
    0x1, 0xc2, 0x5, 0xa0, 0x0, 0x0, 0x0, 0x0,
    0x0, 0x0, 0x0, 0x0, 0x0, 0x2d, 0x4b, 0x0,
    0x0, 0x0, 0x0, 0x0, 0x0, 0x0, 0x0, 0x0,
    0x0, 0x5, 0xd1, 0x0, 0x0, 0x0, 0x0, 0x0,
    0x0, 0x0, 0x0, 0x0, 0x0, 0x0, 0x0, 0x0,
    0x0, 0x0, 0x0, 0x0,

    /* U+2662 "♢" */
    0x0, 0x0, 0x0, 0x0, 0x1, 0x0, 0x0, 0x0,
    0x0, 0x0, 0x0, 0x0, 0x0, 0x4, 0xe1, 0x0,
    0x0, 0x0, 0x0, 0x0, 0x0, 0x0, 0x2, 0xb5,
    0xb0, 0x0, 0x0, 0x0, 0x0, 0x0, 0x0, 0x0,
    0xb2, 0x7, 0x80, 0x0, 0x0, 0x0, 0x0, 0x0,
    0x0, 0x95, 0x0, 0xa, 0x40, 0x0, 0x0, 0x0,
    0x0, 0x0, 0x68, 0x0, 0x0, 0xc, 0x10, 0x0,
    0x0, 0x0, 0x0, 0x3b, 0x0, 0x0, 0x0, 0x2c,
    0x0, 0x0, 0x0, 0x0, 0x1c, 0x10, 0x0, 0x0,
    0x0, 0x59, 0x0, 0x0, 0x0, 0xa, 0x40, 0x0,
    0x0, 0x0, 0x0, 0x95, 0x0, 0x0, 0x7, 0x70,
    0x0, 0x0, 0x0, 0x0, 0x0, 0xc2, 0x0, 0x4,
    0xb0, 0x0, 0x0, 0x0, 0x0, 0x0, 0x1, 0xc0,
    0x1, 0xc1, 0x0, 0x0, 0x0, 0x0, 0x0, 0x0,
    0x4, 0xa0, 0x78, 0x0, 0x0, 0x0, 0x0, 0x0,
    0x0, 0x0, 0xd, 0x20, 0xc3, 0x0, 0x0, 0x0,
    0x0, 0x0, 0x0, 0x8, 0x60, 0x1, 0xd1, 0x0,
    0x0, 0x0, 0x0, 0x0, 0x4, 0xa0, 0x0, 0x4,
    0xb0, 0x0, 0x0, 0x0, 0x0, 0x2, 0xc0, 0x0,
    0x0, 0x7, 0x80, 0x0, 0x0, 0x0, 0x0, 0xc2,
    0x0, 0x0, 0x0, 0xb, 0x40, 0x0, 0x0, 0x0,
    0x96, 0x0, 0x0, 0x0, 0x0, 0x1d, 0x20, 0x0,
    0x0, 0x69, 0x0, 0x0, 0x0, 0x0, 0x0, 0x3c,
    0x0, 0x0, 0x2c, 0x0, 0x0, 0x0, 0x0, 0x0,
    0x0, 0x69, 0x0, 0xc, 0x20, 0x0, 0x0, 0x0,
    0x0, 0x0, 0x0, 0xa5, 0xa, 0x40, 0x0, 0x0,
    0x0, 0x0, 0x0, 0x0, 0x0, 0xc9, 0x80, 0x0,
    0x0, 0x0, 0x0, 0x0, 0x0, 0x0, 0x2, 0xa0,
    0x0, 0x0, 0x0, 0x0,

    /* U+2663 "♣" */
    0x0, 0x0, 0x0, 0x0, 0x0, 0x34, 0x20, 0x0,
    0x0, 0x0, 0x0, 0x0, 0x0, 0x0, 0x0, 0x5,
    0xef, 0xff, 0xc3, 0x0, 0x0, 0x0, 0x0, 0x0,
    0x0, 0x0, 0x7, 0xff, 0xff, 0xff, 0xe3, 0x0,
    0x0, 0x0, 0x0, 0x0, 0x0, 0x2, 0xff, 0xff,
    0xff, 0xff, 0xc0, 0x0, 0x0, 0x0, 0x0, 0x0,
    0x0, 0x9f, 0xff, 0xff, 0xff, 0xff, 0x40, 0x0,
    0x0, 0x0, 0x0, 0x0, 0xb, 0xff, 0xff, 0xff,
    0xff, 0xf6, 0x0, 0x0, 0x0, 0x0, 0x0, 0x0,
    0xaf, 0xff, 0xff, 0xff, 0xff, 0x60, 0x0, 0x0,
    0x0, 0x0, 0x0, 0x7, 0xff, 0xff, 0xff, 0xff,
    0xf2, 0x0, 0x0, 0x0, 0x0, 0x0, 0x0, 0x1f,
    0xff, 0xff, 0xff, 0xfb, 0x0, 0x0, 0x0, 0x0,
    0x0, 0x0, 0x0, 0x7f, 0xff, 0xff, 0xff, 0x20,
    0x0, 0x0, 0x0, 0x0, 0x0, 0x12, 0x32, 0xaf,
    0xff, 0xff, 0x63, 0x32, 0x0, 0x0, 0x0, 0x2,
    0xaf, 0xff, 0xfe, 0xff, 0xff, 0xff, 0xff, 0xfe,
    0x80, 0x0, 0x3, 0xef, 0xff, 0xff, 0xff, 0xff,
    0xff, 0xff, 0xff, 0xff, 0xb0, 0x0, 0xdf, 0xff,
    0xff, 0xff, 0xff, 0xff, 0xff, 0xff, 0xff, 0xff,
    0x70, 0x4f, 0xff, 0xff, 0xff, 0xff, 0xff, 0xff,
    0xff, 0xff, 0xff, 0xfe, 0x6, 0xff, 0xff, 0xff,
    0xff, 0xff, 0xff, 0xff, 0xff, 0xff, 0xff, 0xf1,
    0x6f, 0xff, 0xff, 0xff, 0xff, 0xff, 0xff, 0xff,
    0xff, 0xff, 0xff, 0x3, 0xff, 0xff, 0xff, 0xff,
    0xf9, 0xbe, 0xff, 0xff, 0xff, 0xff, 0xd0, 0xa,
    0xff, 0xff, 0xff, 0xfe, 0x3b, 0x6f, 0xff, 0xff,
    0xff, 0xf5, 0x0, 0x1d, 0xff, 0xff, 0xff, 0x33,
    0xc0, 0x9f, 0xff, 0xff, 0xf8, 0x0, 0x0, 0x8,
    0xdf, 0xe9, 0x10, 0x5e, 0x0, 0x5c, 0xfe, 0xc4,
    0x0, 0x0, 0x0, 0x0, 0x0, 0x0, 0x8, 0xf0,
    0x0, 0x0, 0x0, 0x0, 0x0, 0x0, 0x0, 0x0,
    0x0, 0x0, 0xcf, 0x40, 0x0, 0x0, 0x0, 0x0,
    0x0, 0x0, 0x0, 0x0, 0x0, 0x3f, 0xfb, 0x0,
    0x0, 0x0, 0x0, 0x0,

    /* U+2664 "♤" */
    0x0, 0x0, 0x0, 0x0, 0x2, 0x0, 0x0, 0x0,
    0x0, 0x0, 0x0, 0x0, 0x0, 0x4, 0xe1, 0x0,
    0x0, 0x0, 0x0, 0x0, 0x0, 0x0, 0x1, 0xc6,
    0xa0, 0x0, 0x0, 0x0, 0x0, 0x0, 0x0, 0x0,
    0xa4, 0xa, 0x50, 0x0, 0x0, 0x0, 0x0, 0x0,
    0x0, 0x69, 0x0, 0xd, 0x10, 0x0, 0x0, 0x0,
    0x0, 0x0, 0x2c, 0x0, 0x0, 0x3c, 0x0, 0x0,
    0x0, 0x0, 0x0, 0xc, 0x20, 0x0, 0x0, 0x69,
    0x0, 0x0, 0x0, 0x0, 0xb, 0x40, 0x0, 0x0,
    0x0, 0xa5, 0x0, 0x0, 0x0, 0x8, 0x70, 0x0,
    0x0, 0x0, 0x0, 0xc3, 0x0, 0x0, 0x5, 0xa0,
    0x0, 0x0, 0x0, 0x0, 0x2, 0xc1, 0x0, 0x3,
    0xc0, 0x0, 0x0, 0x0, 0x0, 0x0, 0x3, 0xb0,
    0x0, 0xb1, 0x0, 0x0, 0x0, 0x0, 0x0, 0x0,
    0x7, 0x80, 0x48, 0x0, 0x0, 0x0, 0x0, 0x0,
    0x0, 0x0, 0xc, 0xa, 0x20, 0x0, 0x0, 0x0,
    0x0, 0x0, 0x0, 0x0, 0x75, 0xc0, 0x0, 0x0,
    0x0, 0x0, 0x0, 0x0, 0x0, 0x3, 0x9c, 0x0,
    0x0, 0x0, 0x0, 0x0, 0x0, 0x0, 0x0, 0x2a,
    0xc0, 0x0, 0x0, 0x4, 0xcc, 0xc0, 0x0, 0x0,
    0x4, 0x88, 0x50, 0x0, 0x0, 0xc1, 0xc4, 0x80,
    0x0, 0x0, 0xa3, 0xc, 0x30, 0x0, 0xa6, 0xc,
    0xa, 0x60, 0x0, 0x6a, 0x0, 0x2b, 0xba, 0xd7,
    0x1, 0xd0, 0x9, 0xca, 0xc8, 0x0, 0x0, 0x1,
    0x20, 0x0, 0x3f, 0x0, 0x0, 0x20, 0x0, 0x0,
    0x0, 0x0, 0x0, 0x7, 0xd2, 0x0, 0x0, 0x0,
    0x0, 0x0, 0x0, 0x0, 0x0, 0xb7, 0x70, 0x0,
    0x0, 0x0, 0x0, 0x0, 0x0, 0x0, 0x2f, 0xdd,
    0x0, 0x0, 0x0, 0x0,

    /* U+2665 "♥" */
    0x0, 0x0, 0x2, 0x42, 0x0, 0x0, 0x0, 0x0,
    0x3, 0x41, 0x0, 0x0, 0x0, 0x4, 0xdf, 0xff,
    0xd4, 0x0, 0x0, 0x8, 0xff, 0xff, 0xb2, 0x0,
    0x0, 0x6f, 0xff, 0xff, 0xff, 0x50, 0x0, 0xbf,
    0xff, 0xff, 0xfe, 0x20, 0x3, 0xff, 0xff, 0xff,
    0xff, 0xf1, 0x6, 0xff, 0xff, 0xff, 0xff, 0xd0,
    0xb, 0xff, 0xff, 0xff, 0xff, 0xfa, 0xe, 0xff,
    0xff, 0xff, 0xff, 0xf7, 0xf, 0xff, 0xff, 0xff,
    0xff, 0xff, 0x5f, 0xff, 0xff, 0xff, 0xff, 0xfb,
    0x2f, 0xff, 0xff, 0xff, 0xff, 0xff, 0xef, 0xff,
    0xff, 0xff, 0xff, 0xfd, 0x1f, 0xff, 0xff, 0xff,
    0xff, 0xff, 0xff, 0xff, 0xff, 0xff, 0xff, 0xfc,
    0xe, 0xff, 0xff, 0xff, 0xff, 0xff, 0xff, 0xff,
    0xff, 0xff, 0xff, 0xfa, 0xa, 0xff, 0xff, 0xff,
    0xff, 0xff, 0xff, 0xff, 0xff, 0xff, 0xff, 0xf5,
    0x3, 0xff, 0xff, 0xff, 0xff, 0xff, 0xff, 0xff,
    0xff, 0xff, 0xff, 0xf0, 0x0, 0xbf, 0xff, 0xff,
    0xff, 0xff, 0xff, 0xff, 0xff, 0xff, 0xff, 0x70,
    0x0, 0x1e, 0xff, 0xff, 0xff, 0xff, 0xff, 0xff,
    0xff, 0xff, 0xfd, 0x0, 0x0, 0x5, 0xff, 0xff,
    0xff, 0xff, 0xff, 0xff, 0xff, 0xff, 0xe2, 0x0,
    0x0, 0x0, 0x8f, 0xff, 0xff, 0xff, 0xff, 0xff,
    0xff, 0xff, 0x40, 0x0, 0x0, 0x0, 0xa, 0xff,
    0xff, 0xff, 0xff, 0xff, 0xff, 0xf6, 0x0, 0x0,
    0x0, 0x0, 0x0, 0xdf, 0xff, 0xff, 0xff, 0xff,
    0xff, 0x90, 0x0, 0x0, 0x0, 0x0, 0x0, 0x2e,
    0xff, 0xff, 0xff, 0xff, 0xfb, 0x0, 0x0, 0x0,
    0x0, 0x0, 0x0, 0x4, 0xff, 0xff, 0xff, 0xff,
    0xd1, 0x0, 0x0, 0x0, 0x0, 0x0, 0x0, 0x0,
    0x6f, 0xff, 0xff, 0xfe, 0x20, 0x0, 0x0, 0x0,
    0x0, 0x0, 0x0, 0x0, 0x9, 0xff, 0xff, 0xf4,
    0x0, 0x0, 0x0, 0x0, 0x0, 0x0, 0x0, 0x0,
    0x0, 0xcf, 0xff, 0x60, 0x0, 0x0, 0x0, 0x0,
    0x0, 0x0, 0x0, 0x0, 0x0, 0x1e, 0xf9, 0x0,
    0x0, 0x0, 0x0, 0x0, 0x0, 0x0, 0x0, 0x0,
    0x0, 0x3, 0xb0, 0x0, 0x0, 0x0, 0x0, 0x0,

    /* U+2666 "♦" */
    0x0, 0x0, 0x0, 0x0, 0x1, 0x0, 0x0, 0x0,
    0x0, 0x0, 0x0, 0x0, 0x0, 0x4, 0xe1, 0x0,
    0x0, 0x0, 0x0, 0x0, 0x0, 0x0, 0x2, 0xef,
    0xb0, 0x0, 0x0, 0x0, 0x0, 0x0, 0x0, 0x0,
    0xcf, 0xff, 0x80, 0x0, 0x0, 0x0, 0x0, 0x0,
    0x0, 0x9f, 0xff, 0xff, 0x40, 0x0, 0x0, 0x0,
    0x0, 0x0, 0x6f, 0xff, 0xff, 0xfe, 0x10, 0x0,
    0x0, 0x0, 0x0, 0x2f, 0xff, 0xff, 0xff, 0xfc,
    0x0, 0x0, 0x0, 0x0, 0xd, 0xff, 0xff, 0xff,
    0xff, 0xf9, 0x0, 0x0, 0x0, 0xb, 0xff, 0xff,
    0xff, 0xff, 0xff, 0xf5, 0x0, 0x0, 0x7, 0xff,
    0xff, 0xff, 0xff, 0xff, 0xff, 0xf2, 0x0, 0x4,
    0xff, 0xff, 0xff, 0xff, 0xff, 0xff, 0xff, 0xd0,
    0x1, 0xef, 0xff, 0xff, 0xff, 0xff, 0xff, 0xff,
    0xff, 0xa0, 0x7f, 0xff, 0xff, 0xff, 0xff, 0xff,
    0xff, 0xff, 0xff, 0x20, 0xcf, 0xff, 0xff, 0xff,
    0xff, 0xff, 0xff, 0xff, 0x70, 0x1, 0xef, 0xff,
    0xff, 0xff, 0xff, 0xff, 0xff, 0xa0, 0x0, 0x4,
    0xff, 0xff, 0xff, 0xff, 0xff, 0xff, 0xd0, 0x0,
    0x0, 0x7, 0xff, 0xff, 0xff, 0xff, 0xff, 0xf2,
    0x0, 0x0, 0x0, 0xb, 0xff, 0xff, 0xff, 0xff,
    0xf5, 0x0, 0x0, 0x0, 0x0, 0x1e, 0xff, 0xff,
    0xff, 0xf9, 0x0, 0x0, 0x0, 0x0, 0x0, 0x3f,
    0xff, 0xff, 0xfc, 0x0, 0x0, 0x0, 0x0, 0x0,
    0x0, 0x6f, 0xff, 0xfe, 0x10, 0x0, 0x0, 0x0,
    0x0, 0x0, 0x0, 0xaf, 0xff, 0x40, 0x0, 0x0,
    0x0, 0x0, 0x0, 0x0, 0x0, 0xdf, 0x80, 0x0,
    0x0, 0x0, 0x0, 0x0, 0x0, 0x0, 0x2, 0xa0,
    0x0, 0x0, 0x0, 0x0,

    /* U+2667 "♧" */
    0x0, 0x0, 0x0, 0x0, 0x4, 0x89, 0x72, 0x0,
    0x0, 0x0, 0x0, 0x0, 0x0, 0x0, 0x0, 0xa9,
    0x42, 0x5c, 0x70, 0x0, 0x0, 0x0, 0x0, 0x0,
    0x0, 0xb, 0x50, 0x0, 0x0, 0x96, 0x0, 0x0,
    0x0, 0x0, 0x0, 0x0, 0x59, 0x0, 0x0, 0x0,
    0xc, 0x10, 0x0, 0x0, 0x0, 0x0, 0x0, 0xa2,
    0x0, 0x0, 0x0, 0x6, 0x50, 0x0, 0x0, 0x0,
    0x0, 0x0, 0xb0, 0x0, 0x0, 0x0, 0x4, 0x80,
    0x0, 0x0, 0x0, 0x0, 0x0, 0xc0, 0x0, 0x0,
    0x0, 0x5, 0x70, 0x0, 0x0, 0x0, 0x0, 0x0,
    0x83, 0x0, 0x0, 0x0, 0x9, 0x40, 0x0, 0x0,
    0x0, 0x0, 0x0, 0x39, 0x0, 0x0, 0x0, 0xc,
    0x0, 0x0, 0x0, 0x0, 0x0, 0x0, 0xc, 0x20,
    0x0, 0x0, 0x76, 0x0, 0x0, 0x0, 0x0, 0x0,
    0x0, 0x14, 0xb0, 0x0, 0x2, 0xc1, 0x10, 0x0,
    0x0, 0x0, 0x18, 0xcc, 0xbb, 0xc5, 0x0, 0xa,
    0xcb, 0xbc, 0xc5, 0x0, 0x3, 0xc4, 0x0, 0x0,
    0x0, 0x0, 0x0, 0x0, 0x0, 0x1a, 0x90, 0xd,
    0x20, 0x0, 0x0, 0x0, 0x0, 0x0, 0x0, 0x0,
    0x0, 0x95, 0x58, 0x0, 0x0, 0x0, 0x0, 0x4,
    0x0, 0x0, 0x0, 0x0, 0xc, 0x84, 0x0, 0x0,
    0x0, 0x0, 0x4c, 0x0, 0x0, 0x0, 0x0, 0xc,
    0x84, 0x0, 0x0, 0x0, 0x0, 0xbf, 0x30, 0x0,
    0x0, 0x0, 0xd, 0x49, 0x0, 0x0, 0x0, 0x4,
    0xab, 0xb0, 0x0, 0x0, 0x0, 0x2b, 0xb, 0x30,
    0x0, 0x0, 0x2c, 0x3b, 0x67, 0x0, 0x0, 0x0,
    0xb4, 0x1, 0xc5, 0x0, 0x4, 0xd3, 0x3b, 0x9,
    0x91, 0x0, 0x2b, 0x70, 0x0, 0x18, 0xcc, 0xc9,
    0x10, 0x5d, 0x0, 0x5b, 0xcc, 0xb3, 0x0, 0x0,
    0x0, 0x0, 0x0, 0x0, 0x8d, 0x0, 0x0, 0x0,
    0x0, 0x0, 0x0, 0x0, 0x0, 0x0, 0x0, 0xc7,
    0x40, 0x0, 0x0, 0x0, 0x0, 0x0, 0x0, 0x0,
    0x0, 0x3, 0xfd, 0xb0, 0x0, 0x0, 0x0, 0x0,

    /* U+2669 "♩" */
    0x0, 0x0, 0x0, 0x1, 0x50, 0x0, 0x0, 0x0,
    0x5f, 0x0, 0x0, 0x0, 0x5, 0xf0, 0x0, 0x0,
    0x0, 0x5f, 0x0, 0x0, 0x0, 0x5, 0xf0, 0x0,
    0x0, 0x0, 0x5f, 0x0, 0x0, 0x0, 0x5, 0xf0,
    0x0, 0x0, 0x0, 0x5f, 0x0, 0x0, 0x0, 0x5,
    0xf0, 0x0, 0x0, 0x0, 0x5f, 0x0, 0x0, 0x0,
    0x5, 0xf0, 0x0, 0x0, 0x0, 0x5f, 0x0, 0x0,
    0x0, 0x5, 0xf0, 0x0, 0x0, 0x0, 0x5f, 0x0,
    0x0, 0x0, 0x5, 0xf0, 0x0, 0x0, 0x0, 0x5f,
    0x0, 0x0, 0x0, 0x5, 0xf0, 0x0, 0x0, 0x0,
    0x5f, 0x0, 0x0, 0x0, 0x5, 0xf0, 0x6, 0xbd,
    0xb7, 0x6f, 0xc, 0xff, 0xff, 0xff, 0xf2, 0xff,
    0xff, 0xff, 0xfe, 0xe, 0xff, 0xff, 0xff, 0x70,
    0x3c, 0xff, 0xfe, 0x70, 0x0, 0x0, 0x22, 0x0,
    0x0,

    /* U+266A "♪" */
    0x0, 0x0, 0x0, 0x3, 0x40, 0x0, 0x0, 0x0,
    0x0, 0x0, 0x0, 0xb, 0xf1, 0x0, 0x0, 0x0,
    0x0, 0x0, 0x0, 0xb, 0xfe, 0x60, 0x0, 0x0,
    0x0, 0x0, 0x0, 0xb, 0xff, 0xff, 0x93, 0x0,
    0x0, 0x0, 0x0, 0xb, 0xfc, 0xff, 0xff, 0xa0,
    0x0, 0x0, 0x0, 0xb, 0xe0, 0x5b, 0xff, 0xf8,
    0x0, 0x0, 0x0, 0xb, 0xe0, 0x0, 0x2a, 0xfc,
    0x0, 0x0, 0x0, 0xb, 0xe0, 0x0, 0x0, 0xca,
    0x0, 0x0, 0x0, 0xb, 0xe0, 0x0, 0x0, 0xd4,
    0x0, 0x0, 0x0, 0xb, 0xe0, 0x0, 0x6, 0xa0,
    0x0, 0x0, 0x0, 0xb, 0xe0, 0x0, 0x1, 0x0,
    0x0, 0x0, 0x0, 0xb, 0xe0, 0x0, 0x0, 0x0,
    0x0, 0x0, 0x0, 0xb, 0xe0, 0x0, 0x0, 0x0,
    0x0, 0x0, 0x0, 0xb, 0xe0, 0x0, 0x0, 0x0,
    0x0, 0x0, 0x0, 0xb, 0xe0, 0x0, 0x0, 0x0,
    0x0, 0x0, 0x0, 0xb, 0xe0, 0x0, 0x0, 0x0,
    0x0, 0x0, 0x0, 0xb, 0xe0, 0x0, 0x0, 0x0,
    0x0, 0x0, 0x0, 0xb, 0xe0, 0x0, 0x0, 0x0,
    0x0, 0x0, 0x0, 0xb, 0xe0, 0x0, 0x0, 0x0,
    0x1, 0x8c, 0xdb, 0x4b, 0xe0, 0x0, 0x0, 0x0,
    0xd, 0xff, 0xff, 0xff, 0xe0, 0x0, 0x0, 0x0,
    0x3f, 0xff, 0xff, 0xff, 0xd0, 0x0, 0x0, 0x0,
    0xf, 0xff, 0xff, 0xff, 0x60, 0x0, 0x0, 0x0,
    0x4, 0xdf, 0xff, 0xd5, 0x0, 0x0, 0x0, 0x0,
    0x0, 0x0, 0x21, 0x0, 0x0, 0x0, 0x0, 0x0,

    /* U+266B "♫" */
    0x0, 0x0, 0x0, 0x14, 0x0, 0x0, 0x0, 0x0,
    0x0, 0x0, 0x0, 0x0, 0x2f, 0xfb, 0x62, 0x0,
    0x0, 0x0, 0x0, 0x0, 0x0, 0x2f, 0xff, 0xff,
    0xd9, 0x40, 0x0, 0x0, 0x0, 0x0, 0x2f, 0xff,
    0xff, 0xff, 0xff, 0xb6, 0x0, 0x0, 0x0, 0x2f,
    0x6b, 0xff, 0xff, 0xff, 0xff, 0x0, 0x0, 0x0,
    0x2f, 0x0, 0x4, 0x9e, 0xff, 0xff, 0x0, 0x0,
    0x0, 0x2f, 0x0, 0x0, 0x0, 0x38, 0xdf, 0x0,
    0x0, 0x0, 0x2f, 0x0, 0x0, 0x0, 0x0, 0x3f,
    0x0, 0x0, 0x0, 0x2f, 0x0, 0x0, 0x0, 0x0,
    0x3f, 0x0, 0x0, 0x0, 0x2f, 0x0, 0x0, 0x0,
    0x0, 0x3f, 0x0, 0x0, 0x0, 0x2f, 0x0, 0x0,
    0x0, 0x0, 0x3f, 0x0, 0x0, 0x0, 0x2f, 0x0,
    0x0, 0x0, 0x0, 0x3f, 0x0, 0x0, 0x0, 0x2f,
    0x0, 0x0, 0x0, 0x0, 0x3f, 0x0, 0x0, 0x0,
    0x2f, 0x0, 0x0, 0x0, 0x0, 0x3f, 0x0, 0x0,
    0x0, 0x2f, 0x0, 0x0, 0x0, 0x0, 0x3f, 0x0,
    0x0, 0x0, 0x2f, 0x0, 0x0, 0x0, 0x0, 0x3f,
    0x0, 0x0, 0x0, 0x2f, 0x0, 0x0, 0x0, 0x0,
    0x3f, 0x0, 0x0, 0x0, 0x2f, 0x0, 0x0, 0x0,
    0x0, 0x3f, 0x0, 0x0, 0x0, 0x2f, 0x0, 0x0,
    0x0, 0x0, 0x3f, 0x2, 0xaf, 0xfc, 0x6f, 0x0,
    0x0, 0x0, 0x0, 0x3f, 0xd, 0xff, 0xff, 0xff,
    0x0, 0x0, 0x0, 0x0, 0x3f, 0x1f, 0xff, 0xff,
    0xff, 0x0, 0x0, 0x0, 0x0, 0x3f, 0xe, 0xff,
    0xff, 0xf8, 0x0, 0x1, 0x8c, 0xc9, 0x5f, 0x2,
    0xbe, 0xfd, 0x60, 0x0, 0xe, 0xff, 0xff, 0xff,
    0x0, 0x0, 0x0, 0x0, 0x0, 0x2f, 0xff, 0xff,
    0xfe, 0x0, 0x0, 0x0, 0x0, 0x0, 0xf, 0xff,
    0xff, 0xf8, 0x0, 0x0, 0x0, 0x0, 0x0, 0x5,
    0xef, 0xfe, 0x80, 0x0, 0x0, 0x0, 0x0, 0x0,
    0x0, 0x1, 0x20, 0x0,

    /* U+266C "♬" */
    0x0, 0x0, 0x0, 0x1, 0x44, 0x44, 0x44, 0x44,
    0x44, 0x44, 0x44, 0x44, 0x0, 0x0, 0x0, 0x6,
    0xff, 0xff, 0xff, 0xff, 0xff, 0xff, 0xff, 0xff,
    0x0, 0x0, 0x0, 0x6, 0xff, 0xff, 0xff, 0xff,
    0xff, 0xff, 0xff, 0xff, 0x0, 0x0, 0x0, 0x6,
    0xff, 0xff, 0xff, 0xff, 0xff, 0xff, 0xff, 0xff,
    0x0, 0x0, 0x0, 0x6, 0xf0, 0x0, 0x0, 0x0,
    0x0, 0x0, 0x0, 0x6f, 0x0, 0x0, 0x0, 0x6,
    0xf0, 0x0, 0x0, 0x0, 0x0, 0x0, 0x0, 0x6f,
    0x0, 0x0, 0x0, 0x6, 0xf7, 0x77, 0x77, 0x77,
    0x77, 0x77, 0x77, 0xbf, 0x0, 0x0, 0x0, 0x6,
    0xff, 0xff, 0xff, 0xff, 0xff, 0xff, 0xff, 0xff,
    0x0, 0x0, 0x0, 0x6, 0xff, 0xff, 0xff, 0xff,
    0xff, 0xff, 0xff, 0xff, 0x0, 0x0, 0x0, 0x6,
    0xff, 0xff, 0xff, 0xff, 0xff, 0xff, 0xff, 0xff,
    0x0, 0x0, 0x0, 0x6, 0xf0, 0x0, 0x0, 0x0,
    0x0, 0x0, 0x0, 0x6f, 0x0, 0x0, 0x0, 0x6,
    0xf0, 0x0, 0x0, 0x0, 0x0, 0x0, 0x0, 0x6f,
    0x0, 0x0, 0x0, 0x6, 0xf0, 0x0, 0x0, 0x0,
    0x0, 0x0, 0x0, 0x6f, 0x0, 0x0, 0x0, 0x6,
    0xf0, 0x0, 0x0, 0x0, 0x0, 0x0, 0x0, 0x6f,
    0x0, 0x0, 0x0, 0x6, 0xf0, 0x0, 0x0, 0x0,
    0x0, 0x0, 0x0, 0x6f, 0x0, 0x0, 0x0, 0x6,
    0xf0, 0x0, 0x0, 0x0, 0x0, 0x0, 0x0, 0x6f,
    0x0, 0x0, 0x0, 0x6, 0xf0, 0x0, 0x0, 0x0,
    0x0, 0x0, 0x0, 0x6f, 0x0, 0x0, 0x0, 0x6,
    0xf0, 0x0, 0x0, 0x0, 0x0, 0x0, 0x0, 0x6f,
    0x0, 0x0, 0x0, 0x6, 0xf0, 0x0, 0x0, 0x0,
    0x0, 0x0, 0x0, 0x6f, 0x0, 0x5a, 0xca, 0x66,
    0xf0, 0x0, 0x0, 0x0, 0x6, 0xac, 0xb6, 0x7f,
    0xa, 0xff, 0xff, 0xff, 0xf0, 0x0, 0x0, 0x0,
    0xaf, 0xff, 0xff, 0xff, 0xf, 0xff, 0xff, 0xff,
    0xc0, 0x0, 0x0, 0x0, 0xff, 0xff, 0xff, 0xfc,
    0xb, 0xff, 0xff, 0xff, 0x30, 0x0, 0x0, 0x0,
    0xbf, 0xff, 0xff, 0xf5, 0x1, 0xaf, 0xff, 0xc3,
    0x0, 0x0, 0x0, 0x0, 0x1a, 0xff, 0xfc, 0x50,
    0x0, 0x0, 0x10, 0x0, 0x0, 0x0, 0x0, 0x0,
    0x0, 0x1, 0x0, 0x0,

    /* U+2713 "✓" */
    0x0, 0x0, 0x0, 0x0, 0x0, 0x0, 0x0, 0x0,
    0x20, 0x0, 0x0, 0x0, 0x0, 0x0, 0x0, 0x2,
    0xcf, 0xf2, 0x0, 0x0, 0x0, 0x0, 0x0, 0x0,
    0x1e, 0xff, 0x70, 0x0, 0x0, 0x0, 0x0, 0x0,
    0x0, 0xcf, 0xfb, 0x0, 0x0, 0x0, 0x0, 0x0,
    0x0, 0x9, 0xff, 0xd0, 0x0, 0x0, 0x0, 0x0,
    0x0, 0x0, 0x5f, 0xff, 0x20, 0x0, 0x0, 0x0,
    0x0, 0x0, 0x2, 0xff, 0xf5, 0x0, 0x0, 0x0,
    0x0, 0x0, 0x0, 0xc, 0xff, 0x90, 0x0, 0x0,
    0x0, 0x0, 0x0, 0x0, 0x8f, 0xfc, 0x0, 0x0,
    0x0, 0x0, 0x0, 0x0, 0x3, 0xff, 0xe1, 0x0,
    0x0, 0x0, 0x0, 0x11, 0x0, 0xd, 0xff, 0x50,
    0x0, 0x0, 0x0, 0x9, 0xfd, 0x0, 0x8f, 0xfa,
    0x0, 0x0, 0x0, 0x0, 0x2f, 0xff, 0x42, 0xff,
    0xe1, 0x0, 0x0, 0x0, 0x0, 0xf, 0xff, 0xcc,
    0xff, 0x40, 0x0, 0x0, 0x0, 0x0, 0xb, 0xff,
    0xff, 0xf9, 0x0, 0x0, 0x0, 0x0, 0x0, 0x5,
    0xff, 0xff, 0xd0, 0x0, 0x0, 0x0, 0x0, 0x0,
    0x0, 0xff, 0xff, 0x30, 0x0, 0x0, 0x0, 0x0,
    0x0, 0x0, 0x6e, 0xd6, 0x0, 0x0, 0x0, 0x0,
    0x0, 0x0,

    /* U+2717 "✗" */
    0x0, 0x0, 0x0, 0x0, 0x0, 0x0, 0x0, 0x0,
    0x31, 0x20, 0x0, 0x0, 0x0, 0x14, 0x30, 0x0,
    0x0, 0x4, 0xfd, 0xf5, 0x0, 0x0, 0x5, 0xff,
    0xd0, 0x0, 0x0, 0x3f, 0xff, 0xe1, 0x0, 0x0,
    0x5, 0xff, 0xf3, 0x0, 0x3, 0xff, 0xff, 0x30,
    0x0, 0x0, 0x1, 0xff, 0xf9, 0x0, 0x2e, 0xff,
    0xf5, 0x0, 0x0, 0x0, 0x0, 0xbf, 0xff, 0x20,
    0xdf, 0xff, 0x70, 0x0, 0x0, 0x0, 0x0, 0x6f,
    0xff, 0xab, 0xff, 0xfa, 0x0, 0x0, 0x0, 0x0,
    0x0, 0xf, 0xff, 0xff, 0xff, 0xd0, 0x0, 0x0,
    0x0, 0x0, 0x0, 0xa, 0xff, 0xff, 0xff, 0x20,
    0x0, 0x0, 0x0, 0x0, 0x0, 0x3, 0xff, 0xff,
    0xf5, 0x0, 0x0, 0x0, 0x0, 0x0, 0x0, 0x0,
    0xef, 0xff, 0xe0, 0x0, 0x0, 0x0, 0x0, 0x0,
    0x0, 0x9, 0xff, 0xff, 0xf5, 0x0, 0x0, 0x0,
    0x0, 0x0, 0x0, 0x6f, 0xff, 0xff, 0xfd, 0x0,
    0x0, 0x0, 0x0, 0x0, 0x3, 0xff, 0xff, 0xff,
    0xff, 0x40, 0x0, 0x0, 0x0, 0x0, 0x1e, 0xff,
    0xfb, 0xbf, 0xff, 0xd0, 0x0, 0x0, 0x0, 0x0,
    0xbf, 0xff, 0xe1, 0x1f, 0xff, 0xf6, 0x0, 0x0,
    0x0, 0x6, 0xff, 0xff, 0x40, 0x6, 0xff, 0xfe,
    0x0, 0x0, 0x0, 0x2f, 0xff, 0xf9, 0x0, 0x0,
    0xbf, 0xff, 0x60, 0x0, 0x0, 0xcf, 0xff, 0xe0,
    0x0, 0x0, 0x1e, 0xfb, 0x0, 0x0, 0x7, 0xff,
    0xff, 0x40, 0x0, 0x0, 0x4, 0xf6, 0x0, 0x0,
    0xf, 0xff, 0xfa, 0x0, 0x0, 0x0, 0x0, 0x10,
    0x0, 0x0, 0x3f, 0xff, 0xf1, 0x0, 0x0, 0x0,
    0x0, 0x0, 0x0, 0x0, 0x2f, 0xff, 0x70, 0x0,
    0x0, 0x0, 0x0, 0x0, 0x0, 0x0, 0x9, 0xfb,
    0x0, 0x0, 0x0, 0x0, 0x0, 0x0, 0x0, 0x0,
    0x0, 0x30, 0x0, 0x0, 0x0, 0x0, 0x0, 0x0,
    0x0, 0x0
};


/*---------------------
 *  GLYPH DESCRIPTION
 *--------------------*/

static const lv_font_fmt_txt_glyph_dsc_t glyph_dsc[] = {
    {.bitmap_index = 0, .adv_w = 0, .box_w = 0, .box_h = 0, .ofs_x = 0, .ofs_y = 0} /* id = 0 reserved */,
    {.bitmap_index = 0, .adv_w = 128, .box_w = 0, .box_h = 0, .ofs_x = 0, .ofs_y = 0},
    {.bitmap_index = 0, .adv_w = 137, .box_w = 5, .box_h = 22, .ofs_x = 2, .ofs_y = 0},
    {.bitmap_index = 55, .adv_w = 166, .box_w = 8, .box_h = 9, .ofs_x = 1, .ofs_y = 14},
    {.bitmap_index = 91, .adv_w = 313, .box_w = 18, .box_h = 22, .ofs_x = 1, .ofs_y = 0},
    {.bitmap_index = 289, .adv_w = 291, .box_w = 16, .box_h = 30, .ofs_x = 1, .ofs_y = -3},
    {.bitmap_index = 529, .adv_w = 376, .box_w = 22, .box_h = 22, .ofs_x = 1, .ofs_y = 0},
    {.bitmap_index = 771, .adv_w = 327, .box_w = 20, .box_h = 22, .ofs_x = 1, .ofs_y = 0},
    {.bitmap_index = 991, .adv_w = 87, .box_w = 4, .box_h = 8, .ofs_x = 1, .ofs_y = 15},
    {.bitmap_index = 1007, .adv_w = 179, .box_w = 9, .box_h = 34, .ofs_x = 2, .ofs_y = -8},
    {.bitmap_index = 1160, .adv_w = 181, .box_w = 10, .box_h = 34, .ofs_x = 0, .ofs_y = -8},
    {.bitmap_index = 1330, .adv_w = 226, .box_w = 14, .box_h = 14, .ofs_x = 0, .ofs_y = 8},
    {.bitmap_index = 1428, .adv_w = 285, .box_w = 16, .box_h = 17, .ofs_x = 1, .ofs_y = 2},
    {.bitmap_index = 1564, .adv_w = 113, .box_w = 6, .box_h = 9, .ofs_x = 0, .ofs_y = -5},
    {.bitmap_index = 1591, .adv_w = 168, .box_w = 9, .box_h = 4, .ofs_x = 1, .ofs_y = 8},
    {.bitmap_index = 1609, .adv_w = 143, .box_w = 5, .box_h = 5, .ofs_x = 2, .ofs_y = 0},
    {.bitmap_index = 1622, .adv_w = 203, .box_w = 12, .box_h = 25, .ofs_x = 0, .ofs_y = -3},
    {.bitmap_index = 1772, .adv_w = 291, .box_w = 16, .box_h = 22, .ofs_x = 1, .ofs_y = 0},
    {.bitmap_index = 1948, .adv_w = 291, .box_w = 10, .box_h = 22, .ofs_x = 2, .ofs_y = 0},
    {.bitmap_index = 2058, .adv_w = 291, .box_w = 16, .box_h = 22, .ofs_x = 1, .ofs_y = 0},
    {.bitmap_index = 2234, .adv_w = 291, .box_w = 16, .box_h = 22, .ofs_x = 1, .ofs_y = 0},
    {.bitmap_index = 2410, .adv_w = 291, .box_w = 18, .box_h = 22, .ofs_x = 0, .ofs_y = 0},
    {.bitmap_index = 2608, .adv_w = 291, .box_w = 15, .box_h = 22, .ofs_x = 2, .ofs_y = 0},
    {.bitmap_index = 2773, .adv_w = 291, .box_w = 16, .box_h = 22, .ofs_x = 1, .ofs_y = 0},
    {.bitmap_index = 2949, .adv_w = 291, .box_w = 16, .box_h = 22, .ofs_x = 1, .ofs_y = 0},
    {.bitmap_index = 3125, .adv_w = 291, .box_w = 16, .box_h = 22, .ofs_x = 1, .ofs_y = 0},
    {.bitmap_index = 3301, .adv_w = 291, .box_w = 16, .box_h = 22, .ofs_x = 1, .ofs_y = 0},
    {.bitmap_index = 3477, .adv_w = 136, .box_w = 5, .box_h = 17, .ofs_x = 2, .ofs_y = 0},
    {.bitmap_index = 3520, .adv_w = 122, .box_w = 7, .box_h = 23, .ofs_x = 0, .ofs_y = -6},
    {.bitmap_index = 3601, .adv_w = 260, .box_w = 15, .box_h = 15, .ofs_x = 0, .ofs_y = 2},
    {.bitmap_index = 3714, .adv_w = 287, .box_w = 14, .box_h = 10, .ofs_x = 2, .ofs_y = 5},
    {.bitmap_index = 3784, .adv_w = 267, .box_w = 14, .box_h = 15, .ofs_x = 2, .ofs_y = 2},
    {.bitmap_index = 3889, .adv_w = 249, .box_w = 15, .box_h = 22, .ofs_x = 0, .ofs_y = 0},
    {.bitmap_index = 4054, .adv_w = 458, .box_w = 27, .box_h = 29, .ofs_x = 1, .ofs_y = -6},
    {.bitmap_index = 4446, .adv_w = 341, .box_w = 22, .box_h = 22, .ofs_x = 0, .ofs_y = 0},
    {.bitmap_index = 4688, .adv_w = 323, .box_w = 17, .box_h = 22, .ofs_x = 2, .ofs_y = 0},
    {.bitmap_index = 4875, .adv_w = 334, .box_w = 19, .box_h = 22, .ofs_x = 1, .ofs_y = 0},
    {.bitmap_index = 5084, .adv_w = 335, .box_w = 18, .box_h = 22, .ofs_x = 2, .ofs_y = 0},
    {.bitmap_index = 5282, .adv_w = 290, .box_w = 16, .box_h = 22, .ofs_x = 2, .ofs_y = 0},
    {.bitmap_index = 5458, .adv_w = 281, .box_w = 15, .box_h = 22, .ofs_x = 2, .ofs_y = 0},
    {.bitmap_index = 5623, .adv_w = 349, .box_w = 19, .box_h = 22, .ofs_x = 1, .ofs_y = 0},
    {.bitmap_index = 5832, .adv_w = 364, .box_w = 19, .box_h = 22, .ofs_x = 2, .ofs_y = 0},
    {.bitmap_index = 6041, .adv_w = 145, .box_w = 5, .box_h = 22, .ofs_x = 2, .ofs_y = 0},
    {.bitmap_index = 6096, .adv_w = 284, .box_w = 16, .box_h = 22, .ofs_x = 0, .ofs_y = 0},
    {.bitmap_index = 6272, .adv_w = 323, .box_w = 19, .box_h = 22, .ofs_x = 2, .ofs_y = 0},
    {.bitmap_index = 6481, .adv_w = 277, .box_w = 15, .box_h = 22, .ofs_x = 2, .ofs_y = 0},
    {.bitmap_index = 6646, .adv_w = 448, .box_w = 24, .box_h = 22, .ofs_x = 2, .ofs_y = 0},
    {.bitmap_index = 6910, .adv_w = 364, .box_w = 19, .box_h = 22, .ofs_x = 2, .ofs_y = 0},
    {.bitmap_index = 7119, .adv_w = 354, .box_w = 20, .box_h = 22, .ofs_x = 1, .ofs_y = 0},
    {.bitmap_index = 7339, .adv_w = 327, .box_w = 18, .box_h = 22, .ofs_x = 2, .ofs_y = 0},
    {.bitmap_index = 7537, .adv_w = 354, .box_w = 20, .box_h = 26, .ofs_x = 1, .ofs_y = -4},
    {.bitmap_index = 7797, .adv_w = 320, .box_w = 18, .box_h = 22, .ofs_x = 2, .ofs_y = 0},
    {.bitmap_index = 7995, .adv_w = 309, .box_w = 18, .box_h = 22, .ofs_x = 1, .ofs_y = 0},
    {.bitmap_index = 8193, .adv_w = 311, .box_w = 19, .box_h = 22, .ofs_x = 0, .ofs_y = 0},
    {.bitmap_index = 8402, .adv_w = 334, .box_w = 18, .box_h = 22, .ofs_x = 1, .ofs_y = 0},
    {.bitmap_index = 8600, .adv_w = 331, .box_w = 21, .box_h = 22, .ofs_x = 0, .ofs_y = 0},
    {.bitmap_index = 8831, .adv_w = 451, .box_w = 28, .box_h = 22, .ofs_x = 0, .ofs_y = 0},
    {.bitmap_index = 9139, .adv_w = 324, .box_w = 20, .box_h = 22, .ofs_x = 0, .ofs_y = 0},
    {.bitmap_index = 9359, .adv_w = 312, .box_w = 20, .box_h = 22, .ofs_x = 0, .ofs_y = 0},
    {.bitmap_index = 9579, .adv_w = 308, .box_w = 18, .box_h = 22, .ofs_x = 1, .ofs_y = 0},
    {.bitmap_index = 9777, .adv_w = 140, .box_w = 7, .box_h = 31, .ofs_x = 2, .ofs_y = -5},
    {.bitmap_index = 9886, .adv_w = 214, .box_w = 14, .box_h = 25, .ofs_x = 0, .ofs_y = -3},
    {.bitmap_index = 10061, .adv_w = 140, .box_w = 7, .box_h = 31, .ofs_x = 0, .ofs_y = -5},
    {.bitmap_index = 10170, .adv_w = 219, .box_w = 13, .box_h = 11, .ofs_x = 0, .ofs_y = 11},
    {.bitmap_index = 10242, .adv_w = 231, .box_w = 15, .box_h = 3, .ofs_x = 0, .ofs_y = -3},
    {.bitmap_index = 10265, .adv_w = 165, .box_w = 9, .box_h = 5, .ofs_x = 0, .ofs_y = 19},
    {.bitmap_index = 10288, .adv_w = 277, .box_w = 15, .box_h = 17, .ofs_x = 1, .ofs_y = 0},
    {.bitmap_index = 10416, .adv_w = 288, .box_w = 16, .box_h = 23, .ofs_x = 1, .ofs_y = 0},
    {.bitmap_index = 10600, .adv_w = 268, .box_w = 15, .box_h = 17, .ofs_x = 1, .ofs_y = 0},
    {.bitmap_index = 10728, .adv_w = 289, .box_w = 16, .box_h = 23, .ofs_x = 1, .ofs_y = 0},
    {.bitmap_index = 10912, .adv_w = 275, .box_w = 16, .box_h = 17, .ofs_x = 1, .ofs_y = 0},
    {.bitmap_index = 11048, .adv_w = 182, .box_w = 12, .box_h = 24, .ofs_x = 0, .ofs_y = 0},
    {.bitmap_index = 11192, .adv_w = 290, .box_w = 16, .box_h = 23, .ofs_x = 1, .ofs_y = -6},
    {.bitmap_index = 11376, .adv_w = 284, .box_w = 15, .box_h = 23, .ofs_x = 1, .ofs_y = 0},
    {.bitmap_index = 11549, .adv_w = 131, .box_w = 6, .box_h = 22, .ofs_x = 1, .ofs_y = 0},
    {.bitmap_index = 11615, .adv_w = 128, .box_w = 9, .box_h = 28, .ofs_x = -2, .ofs_y = -6},
    {.bitmap_index = 11741, .adv_w = 267, .box_w = 16, .box_h = 23, .ofs_x = 1, .ofs_y = 0},
    {.bitmap_index = 11925, .adv_w = 131, .box_w = 4, .box_h = 23, .ofs_x = 2, .ofs_y = 0},
    {.bitmap_index = 11971, .adv_w = 446, .box_w = 25, .box_h = 17, .ofs_x = 1, .ofs_y = 0},
    {.bitmap_index = 12184, .adv_w = 285, .box_w = 15, .box_h = 17, .ofs_x = 1, .ofs_y = 0},
    {.bitmap_index = 12312, .adv_w = 292, .box_w = 16, .box_h = 17, .ofs_x = 1, .ofs_y = 0},
    {.bitmap_index = 12448, .adv_w = 288, .box_w = 16, .box_h = 23, .ofs_x = 1, .ofs_y = -6},
    {.bitmap_index = 12632, .adv_w = 291, .box_w = 16, .box_h = 23, .ofs_x = 1, .ofs_y = -6},
    {.bitmap_index = 12816, .adv_w = 180, .box_w = 10, .box_h = 17, .ofs_x = 1, .ofs_y = 0},
    {.bitmap_index = 12901, .adv_w = 264, .box_w = 15, .box_h = 17, .ofs_x = 1, .ofs_y = 0},
    {.bitmap_index = 13029, .adv_w = 170, .box_w = 10, .box_h = 21, .ofs_x = 0, .ofs_y = 0},
    {.bitmap_index = 13134, .adv_w = 285, .box_w = 15, .box_h = 17, .ofs_x = 1, .ofs_y = 0},
    {.bitmap_index = 13262, .adv_w = 253, .box_w = 16, .box_h = 17, .ofs_x = 0, .ofs_y = 0},
    {.bitmap_index = 13398, .adv_w = 381, .box_w = 24, .box_h = 17, .ofs_x = 0, .ofs_y = 0},
    {.bitmap_index = 13602, .adv_w = 258, .box_w = 16, .box_h = 17, .ofs_x = 0, .ofs_y = 0},
    {.bitmap_index = 13738, .adv_w = 249, .box_w = 16, .box_h = 23, .ofs_x = 0, .ofs_y = -6},
    {.bitmap_index = 13922, .adv_w = 258, .box_w = 14, .box_h = 17, .ofs_x = 1, .ofs_y = 0},
    {.bitmap_index = 14041, .adv_w = 172, .box_w = 11, .box_h = 31, .ofs_x = 0, .ofs_y = -6},
    {.bitmap_index = 14212, .adv_w = 129, .box_w = 4, .box_h = 27, .ofs_x = 2, .ofs_y = -5},
    {.bitmap_index = 14266, .adv_w = 172, .box_w = 10, .box_h = 31, .ofs_x = 0, .ofs_y = -6},
    {.bitmap_index = 14421, .adv_w = 340, .box_w = 19, .box_h = 7, .ofs_x = 1, .ofs_y = 6},
    {.bitmap_index = 14488, .adv_w = 128, .box_w = 0, .box_h = 0, .ofs_x = 0, .ofs_y = 0},
    {.bitmap_index = 14488, .adv_w = 136, .box_w = 5, .box_h = 23, .ofs_x = 2, .ofs_y = -6},
    {.bitmap_index = 14546, .adv_w = 287, .box_w = 16, .box_h = 24, .ofs_x = 1, .ofs_y = -4},
    {.bitmap_index = 14738, .adv_w = 301, .box_w = 17, .box_h = 22, .ofs_x = 1, .ofs_y = 0},
    {.bitmap_index = 14925, .adv_w = 359, .box_w = 21, .box_h = 21, .ofs_x = 1, .ofs_y = -1},
    {.bitmap_index = 15146, .adv_w = 312, .box_w = 19, .box_h = 22, .ofs_x = 0, .ofs_y = 0},
    {.bitmap_index = 15355, .adv_w = 127, .box_w = 4, .box_h = 27, .ofs_x = 2, .ofs_y = -5},
    {.bitmap_index = 15409, .adv_w = 318, .box_w = 18, .box_h = 31, .ofs_x = 1, .ofs_y = -9},
    {.bitmap_index = 15688, .adv_w = 225, .box_w = 12, .box_h = 4, .ofs_x = 1, .ofs_y = 19},
    {.bitmap_index = 15712, .adv_w = 401, .box_w = 23, .box_h = 23, .ofs_x = 1, .ofs_y = 0},
    {.bitmap_index = 15977, .adv_w = 228, .box_w = 11, .box_h = 12, .ofs_x = 2, .ofs_y = 11},
    {.bitmap_index = 16043, .adv_w = 249, .box_w = 14, .box_h = 13, .ofs_x = 1, .ofs_y = 2},
    {.bitmap_index = 16134, .adv_w = 283, .box_w = 15, .box_h = 7, .ofs_x = 1, .ofs_y = 6},
    {.bitmap_index = 16187, .adv_w = 168, .box_w = 9, .box_h = 4, .ofs_x = 1, .ofs_y = 8},
    {.bitmap_index = 16205, .adv_w = 401, .box_w = 23, .box_h = 23, .ofs_x = 1, .ofs_y = 0},
    {.bitmap_index = 16470, .adv_w = 247, .box_w = 12, .box_h = 3, .ofs_x = 2, .ofs_y = 20},
    {.bitmap_index = 16488, .adv_w = 195, .box_w = 10, .box_h = 9, .ofs_x = 1, .ofs_y = 15},
    {.bitmap_index = 16533, .adv_w = 275, .box_w = 15, .box_h = 20, .ofs_x = 1, .ofs_y = 0},
    {.bitmap_index = 16683, .adv_w = 190, .box_w = 11, .box_h = 12, .ofs_x = 0, .ofs_y = 11},
    {.bitmap_index = 16749, .adv_w = 190, .box_w = 11, .box_h = 12, .ofs_x = 0, .ofs_y = 11},
    {.bitmap_index = 16815, .adv_w = 167, .box_w = 9, .box_h = 5, .ofs_x = 1, .ofs_y = 19},
    {.bitmap_index = 16838, .adv_w = 303, .box_w = 15, .box_h = 23, .ofs_x = 2, .ofs_y = -6},
    {.bitmap_index = 17011, .adv_w = 251, .box_w = 13, .box_h = 22, .ofs_x = 1, .ofs_y = 0},
    {.bitmap_index = 17154, .adv_w = 145, .box_w = 5, .box_h = 5, .ofs_x = 2, .ofs_y = 9},
    {.bitmap_index = 17167, .adv_w = 132, .box_w = 7, .box_h = 7, .ofs_x = 1, .ofs_y = -7},
    {.bitmap_index = 17192, .adv_w = 190, .box_w = 7, .box_h = 13, .ofs_x = 2, .ofs_y = 11},
    {.bitmap_index = 17238, .adv_w = 234, .box_w = 12, .box_h = 12, .ofs_x = 1, .ofs_y = 11},
    {.bitmap_index = 17310, .adv_w = 249, .box_w = 14, .box_h = 13, .ofs_x = 1, .ofs_y = 2},
    {.bitmap_index = 17401, .adv_w = 372, .box_w = 22, .box_h = 23, .ofs_x = 1, .ofs_y = 0},
    {.bitmap_index = 17654, .adv_w = 395, .box_w = 23, .box_h = 23, .ofs_x = 1, .ofs_y = 0},
    {.bitmap_index = 17919, .adv_w = 406, .box_w = 23, .box_h = 23, .ofs_x = 1, .ofs_y = 0},
    {.bitmap_index = 18184, .adv_w = 249, .box_w = 14, .box_h = 23, .ofs_x = 1, .ofs_y = -6},
    {.bitmap_index = 18345, .adv_w = 341, .box_w = 22, .box_h = 29, .ofs_x = 0, .ofs_y = 0},
    {.bitmap_index = 18664, .adv_w = 341, .box_w = 22, .box_h = 29, .ofs_x = 0, .ofs_y = 0},
    {.bitmap_index = 18983, .adv_w = 341, .box_w = 22, .box_h = 29, .ofs_x = 0, .ofs_y = 0},
    {.bitmap_index = 19302, .adv_w = 341, .box_w = 22, .box_h = 29, .ofs_x = 0, .ofs_y = 0},
    {.bitmap_index = 19621, .adv_w = 341, .box_w = 22, .box_h = 28, .ofs_x = 0, .ofs_y = 0},
    {.bitmap_index = 19929, .adv_w = 341, .box_w = 22, .box_h = 31, .ofs_x = 0, .ofs_y = 0},
    {.bitmap_index = 20270, .adv_w = 481, .box_w = 31, .box_h = 22, .ofs_x = -1, .ofs_y = 0},
    {.bitmap_index = 20611, .adv_w = 334, .box_w = 19, .box_h = 28, .ofs_x = 1, .ofs_y = -6},
    {.bitmap_index = 20877, .adv_w = 290, .box_w = 16, .box_h = 29, .ofs_x = 2, .ofs_y = 0},
    {.bitmap_index = 21109, .adv_w = 290, .box_w = 16, .box_h = 29, .ofs_x = 2, .ofs_y = 0},
    {.bitmap_index = 21341, .adv_w = 290, .box_w = 16, .box_h = 29, .ofs_x = 2, .ofs_y = 0},
    {.bitmap_index = 21573, .adv_w = 290, .box_w = 16, .box_h = 28, .ofs_x = 2, .ofs_y = 0},
    {.bitmap_index = 21797, .adv_w = 145, .box_w = 8, .box_h = 29, .ofs_x = -1, .ofs_y = 0},
    {.bitmap_index = 21913, .adv_w = 145, .box_w = 8, .box_h = 29, .ofs_x = 2, .ofs_y = 0},
    {.bitmap_index = 22029, .adv_w = 145, .box_w = 11, .box_h = 29, .ofs_x = -1, .ofs_y = 0},
    {.bitmap_index = 22189, .adv_w = 145, .box_w = 13, .box_h = 28, .ofs_x = -2, .ofs_y = 0},
    {.bitmap_index = 22371, .adv_w = 342, .box_w = 21, .box_h = 22, .ofs_x = -1, .ofs_y = 0},
    {.bitmap_index = 22602, .adv_w = 364, .box_w = 19, .box_h = 29, .ofs_x = 2, .ofs_y = 0},
    {.bitmap_index = 22878, .adv_w = 354, .box_w = 20, .box_h = 29, .ofs_x = 1, .ofs_y = 0},
    {.bitmap_index = 23168, .adv_w = 354, .box_w = 20, .box_h = 29, .ofs_x = 1, .ofs_y = 0},
    {.bitmap_index = 23458, .adv_w = 354, .box_w = 20, .box_h = 29, .ofs_x = 1, .ofs_y = 0},
    {.bitmap_index = 23748, .adv_w = 354, .box_w = 20, .box_h = 29, .ofs_x = 1, .ofs_y = 0},
    {.bitmap_index = 24038, .adv_w = 354, .box_w = 20, .box_h = 28, .ofs_x = 1, .ofs_y = 0},
    {.bitmap_index = 24318, .adv_w = 273, .box_w = 15, .box_h = 15, .ofs_x = 1, .ofs_y = 3},
    {.bitmap_index = 24431, .adv_w = 353, .box_w = 20, .box_h = 24, .ofs_x = 1, .ofs_y = -1},
    {.bitmap_index = 24671, .adv_w = 334, .box_w = 18, .box_h = 29, .ofs_x = 1, .ofs_y = 0},
    {.bitmap_index = 24932, .adv_w = 334, .box_w = 18, .box_h = 29, .ofs_x = 1, .ofs_y = 0},
    {.bitmap_index = 25193, .adv_w = 334, .box_w = 18, .box_h = 29, .ofs_x = 1, .ofs_y = 0},
    {.bitmap_index = 25454, .adv_w = 334, .box_w = 18, .box_h = 28, .ofs_x = 1, .ofs_y = 0},
    {.bitmap_index = 25706, .adv_w = 312, .box_w = 20, .box_h = 29, .ofs_x = 0, .ofs_y = 0},
    {.bitmap_index = 25996, .adv_w = 307, .box_w = 16, .box_h = 22, .ofs_x = 2, .ofs_y = 0},
    {.bitmap_index = 26172, .adv_w = 314, .box_w = 17, .box_h = 24, .ofs_x = 2, .ofs_y = 0},
    {.bitmap_index = 26376, .adv_w = 277, .box_w = 15, .box_h = 23, .ofs_x = 1, .ofs_y = 0},
    {.bitmap_index = 26549, .adv_w = 277, .box_w = 15, .box_h = 23, .ofs_x = 1, .ofs_y = 0},
    {.bitmap_index = 26722, .adv_w = 277, .box_w = 15, .box_h = 23, .ofs_x = 1, .ofs_y = 0},
    {.bitmap_index = 26895, .adv_w = 277, .box_w = 15, .box_h = 24, .ofs_x = 1, .ofs_y = 0},
    {.bitmap_index = 27075, .adv_w = 277, .box_w = 15, .box_h = 22, .ofs_x = 1, .ofs_y = 0},
    {.bitmap_index = 27240, .adv_w = 277, .box_w = 15, .box_h = 26, .ofs_x = 1, .ofs_y = 0},
    {.bitmap_index = 27435, .adv_w = 432, .box_w = 26, .box_h = 17, .ofs_x = 1, .ofs_y = 0},
    {.bitmap_index = 27656, .adv_w = 268, .box_w = 15, .box_h = 23, .ofs_x = 1, .ofs_y = -6},
    {.bitmap_index = 27829, .adv_w = 275, .box_w = 16, .box_h = 23, .ofs_x = 1, .ofs_y = 0},
    {.bitmap_index = 28013, .adv_w = 275, .box_w = 16, .box_h = 23, .ofs_x = 1, .ofs_y = 0},
    {.bitmap_index = 28197, .adv_w = 275, .box_w = 16, .box_h = 23, .ofs_x = 1, .ofs_y = 0},
    {.bitmap_index = 28381, .adv_w = 275, .box_w = 16, .box_h = 22, .ofs_x = 1, .ofs_y = 0},
    {.bitmap_index = 28557, .adv_w = 135, .box_w = 9, .box_h = 23, .ofs_x = -2, .ofs_y = 0},
    {.bitmap_index = 28661, .adv_w = 135, .box_w = 8, .box_h = 23, .ofs_x = 2, .ofs_y = 0},
    {.bitmap_index = 28753, .adv_w = 135, .box_w = 12, .box_h = 23, .ofs_x = -2, .ofs_y = 0},
    {.bitmap_index = 28891, .adv_w = 135, .box_w = 12, .box_h = 22, .ofs_x = -2, .ofs_y = 0},
    {.bitmap_index = 29023, .adv_w = 298, .box_w = 16, .box_h = 25, .ofs_x = 1, .ofs_y = 0},
    {.bitmap_index = 29223, .adv_w = 285, .box_w = 15, .box_h = 24, .ofs_x = 1, .ofs_y = 0},
    {.bitmap_index = 29403, .adv_w = 292, .box_w = 16, .box_h = 23, .ofs_x = 1, .ofs_y = 0},
    {.bitmap_index = 29587, .adv_w = 292, .box_w = 16, .box_h = 23, .ofs_x = 1, .ofs_y = 0},
    {.bitmap_index = 29771, .adv_w = 292, .box_w = 16, .box_h = 23, .ofs_x = 1, .ofs_y = 0},
    {.bitmap_index = 29955, .adv_w = 292, .box_w = 16, .box_h = 24, .ofs_x = 1, .ofs_y = 0},
    {.bitmap_index = 30147, .adv_w = 292, .box_w = 16, .box_h = 22, .ofs_x = 1, .ofs_y = 0},
    {.bitmap_index = 30323, .adv_w = 292, .box_w = 16, .box_h = 17, .ofs_x = 1, .ofs_y = 2},
    {.bitmap_index = 30459, .adv_w = 290, .box_w = 16, .box_h = 21, .ofs_x = 1, .ofs_y = -2},
    {.bitmap_index = 30627, .adv_w = 285, .box_w = 15, .box_h = 23, .ofs_x = 1, .ofs_y = 0},
    {.bitmap_index = 30800, .adv_w = 285, .box_w = 15, .box_h = 23, .ofs_x = 1, .ofs_y = 0},
    {.bitmap_index = 30973, .adv_w = 285, .box_w = 15, .box_h = 23, .ofs_x = 1, .ofs_y = 0},
    {.bitmap_index = 31146, .adv_w = 285, .box_w = 15, .box_h = 22, .ofs_x = 1, .ofs_y = 0},
    {.bitmap_index = 31311, .adv_w = 249, .box_w = 16, .box_h = 29, .ofs_x = 0, .ofs_y = -6},
    {.bitmap_index = 31543, .adv_w = 294, .box_w = 15, .box_h = 29, .ofs_x = 2, .ofs_y = -6},
    {.bitmap_index = 31761, .adv_w = 249, .box_w = 16, .box_h = 28, .ofs_x = 0, .ofs_y = -6},
    {.bitmap_index = 31985, .adv_w = 341, .box_w = 22, .box_h = 28, .ofs_x = 0, .ofs_y = 0},
    {.bitmap_index = 32293, .adv_w = 277, .box_w = 15, .box_h = 22, .ofs_x = 1, .ofs_y = 0},
    {.bitmap_index = 32458, .adv_w = 341, .box_w = 22, .box_h = 28, .ofs_x = 0, .ofs_y = 0},
    {.bitmap_index = 32766, .adv_w = 277, .box_w = 15, .box_h = 23, .ofs_x = 1, .ofs_y = 0},
    {.bitmap_index = 32939, .adv_w = 341, .box_w = 22, .box_h = 28, .ofs_x = 0, .ofs_y = -6},
    {.bitmap_index = 33247, .adv_w = 277, .box_w = 15, .box_h = 23, .ofs_x = 1, .ofs_y = -6},
    {.bitmap_index = 33420, .adv_w = 334, .box_w = 19, .box_h = 29, .ofs_x = 1, .ofs_y = 0},
    {.bitmap_index = 33696, .adv_w = 268, .box_w = 15, .box_h = 23, .ofs_x = 1, .ofs_y = 0},
    {.bitmap_index = 33869, .adv_w = 334, .box_w = 19, .box_h = 29, .ofs_x = 1, .ofs_y = 0},
    {.bitmap_index = 34145, .adv_w = 268, .box_w = 15, .box_h = 23, .ofs_x = 1, .ofs_y = 0},
    {.bitmap_index = 34318, .adv_w = 334, .box_w = 19, .box_h = 29, .ofs_x = 1, .ofs_y = 0},
    {.bitmap_index = 34594, .adv_w = 268, .box_w = 15, .box_h = 23, .ofs_x = 1, .ofs_y = 0},
    {.bitmap_index = 34767, .adv_w = 334, .box_w = 19, .box_h = 29, .ofs_x = 1, .ofs_y = 0},
    {.bitmap_index = 35043, .adv_w = 268, .box_w = 15, .box_h = 23, .ofs_x = 1, .ofs_y = 0},
    {.bitmap_index = 35216, .adv_w = 335, .box_w = 18, .box_h = 29, .ofs_x = 2, .ofs_y = 0},
    {.bitmap_index = 35477, .adv_w = 327, .box_w = 21, .box_h = 23, .ofs_x = 1, .ofs_y = 0},
    {.bitmap_index = 35719, .adv_w = 342, .box_w = 21, .box_h = 22, .ofs_x = -1, .ofs_y = 0},
    {.bitmap_index = 35950, .adv_w = 297, .box_w = 18, .box_h = 23, .ofs_x = 1, .ofs_y = 0},
    {.bitmap_index = 36157, .adv_w = 290, .box_w = 16, .box_h = 28, .ofs_x = 2, .ofs_y = 0},
    {.bitmap_index = 36381, .adv_w = 275, .box_w = 16, .box_h = 22, .ofs_x = 1, .ofs_y = 0},
    {.bitmap_index = 36557, .adv_w = 290, .box_w = 16, .box_h = 28, .ofs_x = 2, .ofs_y = 0},
    {.bitmap_index = 36781, .adv_w = 275, .box_w = 16, .box_h = 23, .ofs_x = 1, .ofs_y = 0},
    {.bitmap_index = 36965, .adv_w = 290, .box_w = 16, .box_h = 28, .ofs_x = 2, .ofs_y = 0},
    {.bitmap_index = 37189, .adv_w = 275, .box_w = 16, .box_h = 23, .ofs_x = 1, .ofs_y = 0},
    {.bitmap_index = 37373, .adv_w = 290, .box_w = 16, .box_h = 28, .ofs_x = 2, .ofs_y = -6},
    {.bitmap_index = 37597, .adv_w = 275, .box_w = 16, .box_h = 23, .ofs_x = 1, .ofs_y = -6},
    {.bitmap_index = 37781, .adv_w = 290, .box_w = 16, .box_h = 29, .ofs_x = 2, .ofs_y = 0},
    {.bitmap_index = 38013, .adv_w = 275, .box_w = 16, .box_h = 23, .ofs_x = 1, .ofs_y = 0},
    {.bitmap_index = 38197, .adv_w = 349, .box_w = 19, .box_h = 29, .ofs_x = 1, .ofs_y = 0},
    {.bitmap_index = 38473, .adv_w = 290, .box_w = 16, .box_h = 29, .ofs_x = 1, .ofs_y = -6},
    {.bitmap_index = 38705, .adv_w = 349, .box_w = 19, .box_h = 29, .ofs_x = 1, .ofs_y = 0},
    {.bitmap_index = 38981, .adv_w = 290, .box_w = 16, .box_h = 29, .ofs_x = 1, .ofs_y = -6},
    {.bitmap_index = 39213, .adv_w = 349, .box_w = 19, .box_h = 29, .ofs_x = 1, .ofs_y = 0},
    {.bitmap_index = 39489, .adv_w = 290, .box_w = 16, .box_h = 29, .ofs_x = 1, .ofs_y = -6},
    {.bitmap_index = 39721, .adv_w = 349, .box_w = 19, .box_h = 30, .ofs_x = 1, .ofs_y = -8},
    {.bitmap_index = 40006, .adv_w = 290, .box_w = 16, .box_h = 33, .ofs_x = 1, .ofs_y = -6},
    {.bitmap_index = 40270, .adv_w = 364, .box_w = 19, .box_h = 29, .ofs_x = 2, .ofs_y = 0},
    {.bitmap_index = 40546, .adv_w = 284, .box_w = 15, .box_h = 29, .ofs_x = 1, .ofs_y = 0},
    {.bitmap_index = 40764, .adv_w = 364, .box_w = 23, .box_h = 22, .ofs_x = 0, .ofs_y = 0},
    {.bitmap_index = 41017, .adv_w = 292, .box_w = 18, .box_h = 23, .ofs_x = -1, .ofs_y = 0},
    {.bitmap_index = 41224, .adv_w = 145, .box_w = 13, .box_h = 29, .ofs_x = -2, .ofs_y = 0},
    {.bitmap_index = 41413, .adv_w = 135, .box_w = 12, .box_h = 24, .ofs_x = -2, .ofs_y = 0},
    {.bitmap_index = 41557, .adv_w = 145, .box_w = 13, .box_h = 28, .ofs_x = -2, .ofs_y = 0},
    {.bitmap_index = 41739, .adv_w = 135, .box_w = 12, .box_h = 22, .ofs_x = -2, .ofs_y = 0},
    {.bitmap_index = 41871, .adv_w = 145, .box_w = 11, .box_h = 28, .ofs_x = -1, .ofs_y = 0},
    {.bitmap_index = 42025, .adv_w = 135, .box_w = 11, .box_h = 23, .ofs_x = -1, .ofs_y = 0},
    {.bitmap_index = 42152, .adv_w = 145, .box_w = 7, .box_h = 28, .ofs_x = 0, .ofs_y = -6},
    {.bitmap_index = 42250, .adv_w = 131, .box_w = 7, .box_h = 28, .ofs_x = 0, .ofs_y = -6},
    {.bitmap_index = 42348, .adv_w = 145, .box_w = 5, .box_h = 28, .ofs_x = 2, .ofs_y = 0},
    {.bitmap_index = 42418, .adv_w = 135, .box_w = 5, .box_h = 17, .ofs_x = 2, .ofs_y = 0},
    {.bitmap_index = 42461, .adv_w = 429, .box_w = 23, .box_h = 22, .ofs_x = 2, .ofs_y = 0},
    {.bitmap_index = 42714, .adv_w = 259, .box_w = 14, .box_h = 28, .ofs_x = 1, .ofs_y = -6},
    {.bitmap_index = 42910, .adv_w = 284, .box_w = 19, .box_h = 29, .ofs_x = 0, .ofs_y = 0},
    {.bitmap_index = 43186, .adv_w = 138, .box_w = 12, .box_h = 29, .ofs_x = -2, .ofs_y = -6},
    {.bitmap_index = 43360, .adv_w = 323, .box_w = 19, .box_h = 30, .ofs_x = 2, .ofs_y = -8},
    {.bitmap_index = 43645, .adv_w = 267, .box_w = 16, .box_h = 31, .ofs_x = 1, .ofs_y = -8},
    {.bitmap_index = 43893, .adv_w = 294, .box_w = 16, .box_h = 17, .ofs_x = 2, .ofs_y = 0},
    {.bitmap_index = 44029, .adv_w = 277, .box_w = 15, .box_h = 29, .ofs_x = 2, .ofs_y = 0},
    {.bitmap_index = 44247, .adv_w = 131, .box_w = 8, .box_h = 30, .ofs_x = 2, .ofs_y = 0},
    {.bitmap_index = 44367, .adv_w = 277, .box_w = 15, .box_h = 30, .ofs_x = 2, .ofs_y = -8},
    {.bitmap_index = 44592, .adv_w = 131, .box_w = 5, .box_h = 31, .ofs_x = 1, .ofs_y = -8},
    {.bitmap_index = 44670, .adv_w = 277, .box_w = 15, .box_h = 22, .ofs_x = 2, .ofs_y = 0},
    {.bitmap_index = 44835, .adv_w = 168, .box_w = 10, .box_h = 23, .ofs_x = 2, .ofs_y = 0},
    {.bitmap_index = 44950, .adv_w = 277, .box_w = 15, .box_h = 22, .ofs_x = 2, .ofs_y = 0},
    {.bitmap_index = 45115, .adv_w = 186, .box_w = 10, .box_h = 23, .ofs_x = 2, .ofs_y = 0},
    {.bitmap_index = 45230, .adv_w = 281, .box_w = 17, .box_h = 22, .ofs_x = 0, .ofs_y = 0},
    {.bitmap_index = 45417, .adv_w = 148, .box_w = 9, .box_h = 23, .ofs_x = 0, .ofs_y = 0},
    {.bitmap_index = 45521, .adv_w = 364, .box_w = 19, .box_h = 29, .ofs_x = 2, .ofs_y = 0},
    {.bitmap_index = 45797, .adv_w = 285, .box_w = 15, .box_h = 23, .ofs_x = 1, .ofs_y = 0},
    {.bitmap_index = 45970, .adv_w = 364, .box_w = 19, .box_h = 30, .ofs_x = 2, .ofs_y = -8},
    {.bitmap_index = 46255, .adv_w = 285, .box_w = 15, .box_h = 25, .ofs_x = 1, .ofs_y = -8},
    {.bitmap_index = 46443, .adv_w = 364, .box_w = 19, .box_h = 29, .ofs_x = 2, .ofs_y = 0},
    {.bitmap_index = 46719, .adv_w = 285, .box_w = 15, .box_h = 23, .ofs_x = 1, .ofs_y = 0},
    {.bitmap_index = 46892, .adv_w = 285, .box_w = 18, .box_h = 23, .ofs_x = -2, .ofs_y = 0},
    {.bitmap_index = 47099, .adv_w = 357, .box_w = 19, .box_h = 28, .ofs_x = 2, .ofs_y = -6},
    {.bitmap_index = 47365, .adv_w = 290, .box_w = 16, .box_h = 23, .ofs_x = 1, .ofs_y = -6},
    {.bitmap_index = 47549, .adv_w = 354, .box_w = 20, .box_h = 28, .ofs_x = 1, .ofs_y = 0},
    {.bitmap_index = 47829, .adv_w = 292, .box_w = 16, .box_h = 22, .ofs_x = 1, .ofs_y = 0},
    {.bitmap_index = 48005, .adv_w = 354, .box_w = 20, .box_h = 29, .ofs_x = 1, .ofs_y = 0},
    {.bitmap_index = 48295, .adv_w = 292, .box_w = 16, .box_h = 23, .ofs_x = 1, .ofs_y = 0},
    {.bitmap_index = 48479, .adv_w = 354, .box_w = 20, .box_h = 29, .ofs_x = 1, .ofs_y = 0},
    {.bitmap_index = 48769, .adv_w = 292, .box_w = 16, .box_h = 23, .ofs_x = 1, .ofs_y = 0},
    {.bitmap_index = 48953, .adv_w = 493, .box_w = 28, .box_h = 22, .ofs_x = 1, .ofs_y = 0},
    {.bitmap_index = 49261, .adv_w = 463, .box_w = 27, .box_h = 17, .ofs_x = 1, .ofs_y = 0},
    {.bitmap_index = 49491, .adv_w = 320, .box_w = 18, .box_h = 29, .ofs_x = 2, .ofs_y = 0},
    {.bitmap_index = 49752, .adv_w = 180, .box_w = 11, .box_h = 23, .ofs_x = 1, .ofs_y = 0},
    {.bitmap_index = 49879, .adv_w = 320, .box_w = 18, .box_h = 30, .ofs_x = 2, .ofs_y = -8},
    {.bitmap_index = 50149, .adv_w = 180, .box_w = 10, .box_h = 25, .ofs_x = 1, .ofs_y = -8},
    {.bitmap_index = 50274, .adv_w = 320, .box_w = 18, .box_h = 29, .ofs_x = 2, .ofs_y = 0},
    {.bitmap_index = 50535, .adv_w = 180, .box_w = 12, .box_h = 23, .ofs_x = 0, .ofs_y = 0},
    {.bitmap_index = 50673, .adv_w = 309, .box_w = 18, .box_h = 29, .ofs_x = 1, .ofs_y = 0},
    {.bitmap_index = 50934, .adv_w = 264, .box_w = 15, .box_h = 23, .ofs_x = 1, .ofs_y = 0},
    {.bitmap_index = 51107, .adv_w = 309, .box_w = 18, .box_h = 29, .ofs_x = 1, .ofs_y = 0},
    {.bitmap_index = 51368, .adv_w = 264, .box_w = 15, .box_h = 23, .ofs_x = 1, .ofs_y = 0},
    {.bitmap_index = 51541, .adv_w = 309, .box_w = 18, .box_h = 28, .ofs_x = 1, .ofs_y = -6},
    {.bitmap_index = 51793, .adv_w = 264, .box_w = 15, .box_h = 23, .ofs_x = 1, .ofs_y = -6},
    {.bitmap_index = 51966, .adv_w = 309, .box_w = 18, .box_h = 29, .ofs_x = 1, .ofs_y = 0},
    {.bitmap_index = 52227, .adv_w = 264, .box_w = 15, .box_h = 23, .ofs_x = 1, .ofs_y = 0},
    {.bitmap_index = 52400, .adv_w = 311, .box_w = 19, .box_h = 28, .ofs_x = 0, .ofs_y = -6},
    {.bitmap_index = 52666, .adv_w = 170, .box_w = 11, .box_h = 28, .ofs_x = 0, .ofs_y = -6},
    {.bitmap_index = 52820, .adv_w = 311, .box_w = 19, .box_h = 29, .ofs_x = 0, .ofs_y = 0},
    {.bitmap_index = 53096, .adv_w = 180, .box_w = 13, .box_h = 26, .ofs_x = 0, .ofs_y = 0},
    {.bitmap_index = 53265, .adv_w = 311, .box_w = 19, .box_h = 22, .ofs_x = 0, .ofs_y = 0},
    {.bitmap_index = 53474, .adv_w = 170, .box_w = 12, .box_h = 21, .ofs_x = -1, .ofs_y = 0},
    {.bitmap_index = 53600, .adv_w = 334, .box_w = 18, .box_h = 29, .ofs_x = 1, .ofs_y = 0},
    {.bitmap_index = 53861, .adv_w = 285, .box_w = 15, .box_h = 24, .ofs_x = 1, .ofs_y = 0},
    {.bitmap_index = 54041, .adv_w = 334, .box_w = 18, .box_h = 28, .ofs_x = 1, .ofs_y = 0},
    {.bitmap_index = 54293, .adv_w = 285, .box_w = 15, .box_h = 22, .ofs_x = 1, .ofs_y = 0},
    {.bitmap_index = 54458, .adv_w = 334, .box_w = 18, .box_h = 29, .ofs_x = 1, .ofs_y = 0},
    {.bitmap_index = 54719, .adv_w = 285, .box_w = 15, .box_h = 23, .ofs_x = 1, .ofs_y = 0},
    {.bitmap_index = 54892, .adv_w = 334, .box_w = 18, .box_h = 31, .ofs_x = 1, .ofs_y = 0},
    {.bitmap_index = 55171, .adv_w = 285, .box_w = 15, .box_h = 26, .ofs_x = 1, .ofs_y = 0},
    {.bitmap_index = 55366, .adv_w = 334, .box_w = 18, .box_h = 29, .ofs_x = 1, .ofs_y = 0},
    {.bitmap_index = 55627, .adv_w = 285, .box_w = 16, .box_h = 23, .ofs_x = 1, .ofs_y = 0},
    {.bitmap_index = 55811, .adv_w = 334, .box_w = 18, .box_h = 28, .ofs_x = 1, .ofs_y = -6},
    {.bitmap_index = 56063, .adv_w = 285, .box_w = 15, .box_h = 23, .ofs_x = 1, .ofs_y = -6},
    {.bitmap_index = 56236, .adv_w = 451, .box_w = 28, .box_h = 29, .ofs_x = 0, .ofs_y = 0},
    {.bitmap_index = 56642, .adv_w = 381, .box_w = 24, .box_h = 23, .ofs_x = 0, .ofs_y = 0},
    {.bitmap_index = 56918, .adv_w = 312, .box_w = 20, .box_h = 29, .ofs_x = 0, .ofs_y = 0},
    {.bitmap_index = 57208, .adv_w = 249, .box_w = 16, .box_h = 29, .ofs_x = 0, .ofs_y = -6},
    {.bitmap_index = 57440, .adv_w = 312, .box_w = 20, .box_h = 28, .ofs_x = 0, .ofs_y = 0},
    {.bitmap_index = 57720, .adv_w = 308, .box_w = 18, .box_h = 29, .ofs_x = 1, .ofs_y = 0},
    {.bitmap_index = 57981, .adv_w = 258, .box_w = 14, .box_h = 23, .ofs_x = 1, .ofs_y = 0},
    {.bitmap_index = 58142, .adv_w = 308, .box_w = 18, .box_h = 28, .ofs_x = 1, .ofs_y = 0},
    {.bitmap_index = 58394, .adv_w = 258, .box_w = 14, .box_h = 23, .ofs_x = 1, .ofs_y = 0},
    {.bitmap_index = 58555, .adv_w = 308, .box_w = 18, .box_h = 29, .ofs_x = 1, .ofs_y = 0},
    {.bitmap_index = 58816, .adv_w = 258, .box_w = 14, .box_h = 23, .ofs_x = 1, .ofs_y = 0},
    {.bitmap_index = 58977, .adv_w = 131, .box_w = 9, .box_h = 24, .ofs_x = 2, .ofs_y = 0},
    {.bitmap_index = 59085, .adv_w = 330, .box_w = 17, .box_h = 4, .ofs_x = 2, .ofs_y = 10},
    {.bitmap_index = 59119, .adv_w = 396, .box_w = 22, .box_h = 4, .ofs_x = 2, .ofs_y = 10},
    {.bitmap_index = 59163, .adv_w = 112, .box_w = 6, .box_h = 8, .ofs_x = 1, .ofs_y = 16},
    {.bitmap_index = 59187, .adv_w = 111, .box_w = 6, .box_h = 8, .ofs_x = 0, .ofs_y = 15},
    {.bitmap_index = 59211, .adv_w = 197, .box_w = 11, .box_h = 8, .ofs_x = 1, .ofs_y = 16},
    {.bitmap_index = 59255, .adv_w = 199, .box_w = 10, .box_h = 8, .ofs_x = 1, .ofs_y = 15},
    {.bitmap_index = 59295, .adv_w = 179, .box_w = 8, .box_h = 8, .ofs_x = 2, .ofs_y = 8},
    {.bitmap_index = 59327, .adv_w = 362, .box_w = 19, .box_h = 5, .ofs_x = 2, .ofs_y = 0},
    {.bitmap_index = 59375, .adv_w = 116, .box_w = 7, .box_h = 6, .ofs_x = 0, .ofs_y = 17},
    {.bitmap_index = 59396, .adv_w = 191, .box_w = 12, .box_h = 6, .ofs_x = 0, .ofs_y = 17},
    {.bitmap_index = 59432, .adv_w = 512, .box_w = 22, .box_h = 10, .ofs_x = 4, .ofs_y = 14},
    {.bitmap_index = 59542, .adv_w = 429, .box_w = 24, .box_h = 15, .ofs_x = 1, .ofs_y = 3},
    {.bitmap_index = 59722, .adv_w = 429, .box_w = 15, .box_h = 24, .ofs_x = 6, .ofs_y = 0},
    {.bitmap_index = 59902, .adv_w = 429, .box_w = 25, .box_h = 15, .ofs_x = 1, .ofs_y = 3},
    {.bitmap_index = 60090, .adv_w = 429, .box_w = 15, .box_h = 25, .ofs_x = 6, .ofs_y = -1},
    {.bitmap_index = 60278, .adv_w = 459, .box_w = 25, .box_h = 25, .ofs_x = 2, .ofs_y = -1},
    {.bitmap_index = 60591, .adv_w = 459, .box_w = 25, .box_h = 24, .ofs_x = 2, .ofs_y = -1},
    {.bitmap_index = 60891, .adv_w = 459, .box_w = 19, .box_h = 24, .ofs_x = 5, .ofs_y = 0},
    {.bitmap_index = 61119, .adv_w = 459, .box_w = 24, .box_h = 25, .ofs_x = 2, .ofs_y = -1},
    {.bitmap_index = 61419, .adv_w = 459, .box_w = 19, .box_h = 24, .ofs_x = 5, .ofs_y = 0},
    {.bitmap_index = 61647, .adv_w = 459, .box_w = 23, .box_h = 24, .ofs_x = 3, .ofs_y = 0},
    {.bitmap_index = 61923, .adv_w = 459, .box_w = 19, .box_h = 24, .ofs_x = 5, .ofs_y = 0},
    {.bitmap_index = 62151, .adv_w = 459, .box_w = 24, .box_h = 24, .ofs_x = 2, .ofs_y = 0},
    {.bitmap_index = 62439, .adv_w = 459, .box_w = 19, .box_h = 24, .ofs_x = 5, .ofs_y = 0},
    {.bitmap_index = 62667, .adv_w = 459, .box_w = 22, .box_h = 24, .ofs_x = 3, .ofs_y = 0},
    {.bitmap_index = 62931, .adv_w = 242, .box_w = 9, .box_h = 25, .ofs_x = 2, .ofs_y = -1},
    {.bitmap_index = 63044, .adv_w = 327, .box_w = 16, .box_h = 25, .ofs_x = 2, .ofs_y = -1},
    {.bitmap_index = 63244, .adv_w = 459, .box_w = 18, .box_h = 28, .ofs_x = 5, .ofs_y = -4},
    {.bitmap_index = 63496, .adv_w = 459, .box_w = 24, .box_h = 25, .ofs_x = 2, .ofs_y = -1},
    {.bitmap_index = 63796, .adv_w = 429, .box_w = 18, .box_h = 18, .ofs_x = 4, .ofs_y = 3},
    {.bitmap_index = 63958, .adv_w = 429, .box_w = 20, .box_h = 25, .ofs_x = 3, .ofs_y = -1}
};

/*---------------------
 *  CHARACTER MAPPING
 *--------------------*/

static const uint16_t unicode_list_2[] = {
    0x0, 0x1, 0x5, 0x6, 0x9, 0xa, 0xf, 0x13,
    0x1f, 0x20, 0x10f, 0x17d, 0x17e, 0x17f, 0x180, 0x5f2,
    0x5f3, 0x64d, 0x64e, 0x64f, 0x650, 0x651, 0x652, 0x653,
    0x654, 0x656, 0x657, 0x658, 0x659, 0x700, 0x704
};

/*Collect the unicode lists and glyph_id offsets*/
static const lv_font_fmt_txt_cmap_t cmaps[] =
{
    {
        .range_start = 32, .range_length = 95, .glyph_id_start = 1,
        .unicode_list = NULL, .glyph_id_ofs_list = NULL, .list_length = 0, .type = LV_FONT_FMT_TXT_CMAP_FORMAT0_TINY
    },
    {
        .range_start = 160, .range_length = 224, .glyph_id_start = 96,
        .unicode_list = NULL, .glyph_id_ofs_list = NULL, .list_length = 0, .type = LV_FONT_FMT_TXT_CMAP_FORMAT0_TINY
    },
    {
        .range_start = 8211, .range_length = 1797, .glyph_id_start = 320,
        .unicode_list = unicode_list_2, .glyph_id_ofs_list = NULL, .list_length = 31, .type = LV_FONT_FMT_TXT_CMAP_SPARSE_TINY
    }
};

/*-----------------
 *    KERNING
 *----------------*/


/*Map glyph_ids to kern left classes*/
static const uint8_t kern_left_class_mapping[] =
{
    0, 1, 0, 2, 0, 0, 0, 0,
    2, 3, 0, 0, 0, 4, 0, 4,
    5, 0, 0, 0, 0, 0, 0, 0,
    0, 0, 0, 0, 0, 0, 0, 0,
    0, 0, 6, 7, 8, 9, 10, 11,
    0, 12, 12, 13, 14, 15, 12, 12,
    9, 16, 17, 18, 0, 19, 13, 20,
    21, 22, 23, 24, 25, 0, 0, 0,
    0, 0, 26, 27, 28, 0, 29, 30,
    0, 31, 0, 0, 32, 0, 33, 33,
    34, 27, 0, 35, 0, 36, 0, 37,
    38, 39, 37, 40, 41, 0, 0, 0,
    0, 0, 0, 0, 0, 0, 0, 0,
    0, 0, 0, 0, 0, 0, 0, 0,
    0, 0, 0, 0, 0, 0, 0, 0,
    0, 0, 0, 0, 0, 0, 0, 0,
    6, 6, 6, 6, 6, 6, 0, 8,
    10, 10, 10, 10, 12, 12, 12, 12,
    9, 12, 9, 9, 9, 9, 9, 0,
    0, 13, 13, 13, 13, 23, 0, 0,
    26, 26, 26, 26, 26, 26, 0, 28,
    29, 29, 29, 29, 0, 0, 0, 0,
    0, 33, 34, 34, 34, 34, 34, 0,
    0, 0, 0, 0, 0, 37, 27, 37,
    6, 26, 6, 26, 6, 26, 8, 28,
    8, 28, 8, 28, 8, 28, 9, 0,
    9, 0, 10, 29, 10, 29, 10, 29,
    10, 29, 10, 29, 0, 0, 0, 0,
    0, 0, 0, 0, 12, 33, 0, 0,
    12, 0, 12, 0, 12, 0, 12, 0,
    12, 0, 0, 0, 13, 0, 14, 0,
    0, 15, 0, 15, 0, 15, 0, 15,
    0, 0, 0, 12, 33, 12, 33, 12,
    33, 33, 0, 0, 9, 34, 9, 34,
    9, 34, 0, 0, 0, 35, 0, 35,
    0, 35, 0, 0, 0, 0, 0, 0,
    0, 0, 19, 0, 19, 0, 19, 0,
    13, 0, 13, 0, 13, 0, 13, 0,
    13, 0, 13, 0, 21, 0, 23, 37,
    23, 24, 40, 24, 40, 24, 40, 0,
    0, 0, 2, 42, 2, 2, 0, 4,
    0, 0, 0, 0, 0, 0, 0, 0,
    0, 0, 0, 0, 0, 0, 0, 0,
    0, 0, 0, 0, 0, 0, 0
};

/*Map glyph_ids to kern right classes*/
static const uint8_t kern_right_class_mapping[] =
{
    0, 1, 0, 2, 0, 0, 0, 3,
    2, 0, 4, 5, 0, 6, 7, 6,
    8, 0, 0, 0, 0, 0, 0, 0,
    0, 0, 0, 0, 0, 0, 0, 0,
    9, 0, 10, 0, 11, 0, 0, 0,
    11, 0, 0, 12, 0, 0, 0, 0,
    11, 0, 11, 0, 13, 14, 15, 16,
    17, 18, 19, 20, 0, 0, 21, 0,
    0, 0, 22, 0, 23, 23, 23, 24,
    23, 0, 0, 0, 0, 0, 25, 25,
    26, 25, 23, 27, 28, 29, 30, 31,
    32, 33, 31, 34, 0, 0, 35, 0,
    0, 0, 0, 0, 0, 0, 0, 0,
    0, 0, 0, 36, 0, 7, 0, 0,
    0, 0, 0, 0, 0, 0, 0, 0,
    0, 0, 0, 37, 0, 0, 0, 0,
    10, 10, 10, 10, 10, 10, 38, 11,
    0, 0, 0, 0, 0, 0, 0, 0,
    0, 0, 11, 11, 11, 11, 11, 0,
    11, 15, 15, 15, 15, 19, 0, 0,
    22, 22, 22, 22, 22, 22, 39, 23,
    23, 23, 23, 23, 0, 0, 0, 0,
    0, 25, 26, 26, 26, 26, 26, 0,
    40, 30, 30, 30, 30, 31, 0, 31,
    10, 22, 10, 22, 10, 22, 11, 23,
    11, 23, 11, 23, 11, 23, 0, 23,
    0, 0, 0, 23, 0, 23, 0, 23,
    0, 23, 0, 23, 11, 23, 11, 23,
    11, 23, 11, 23, 0, 0, 0, 0,
    0, 0, 0, 0, 0, 0, 0, 0,
    0, 0, 0, 0, 12, 0, 0, 0,
    0, 0, 0, 0, 0, 0, 0, 0,
    0, 0, 0, 0, 25, 0, 25, 0,
    25, 25, 0, 0, 11, 26, 11, 26,
    11, 26, 11, 23, 0, 0, 0, 0,
    0, 0, 13, 28, 13, 28, 13, 28,
    13, 28, 14, 0, 14, 0, 0, 0,
    15, 30, 15, 30, 15, 30, 15, 30,
    15, 30, 15, 30, 17, 0, 19, 31,
    19, 20, 34, 20, 34, 20, 34, 0,
    7, 7, 2, 41, 2, 2, 42, 6,
    0, 0, 0, 0, 0, 0, 0, 0,
    0, 0, 0, 0, 0, 0, 0, 0,
    0, 0, 0, 0, 0, 0, 0
};

/*Kern values between classes*/
static const int8_t kern_class_values[] =
{
    0, 0, 0, 0, 0, 0, 0, 0,
    0, 0, 0, 0, 0, -15, 0, 0,
    0, 0, 0, 0, 0, 0, 0, 0,
    0, 0, 0, 0, 0, 0, 0, 0,
    0, 0, 0, 0, 0, 0, 0, 0,
    0, 0, 0, -9, 0, 0, 0, 0,
    0, 0, 0, -30, 0, 0, 0, 0,
    0, 0, 0, 0, 0, 0, 0, -12,
    -15, 0, -5, -23, 0, -23, 0, 0,
    0, 3, 0, 0, 0, 0, 0, 0,
    0, 0, -9, 0, 0, 0, 0, 0,
    0, 0, 0, 0, 0, 0, 0, 0,
    0, 0, 0, 5, 10, 0, 6, 0,
    0, 0, 0, 0, 0, 0, 0, 0,
    0, 0, 0, 0, 0, 0, 0, 0,
    0, 0, 0, 0, 0, 0, 0, -71,
    0, 0, 0, 0, 0, 0, 0, 0,
    0, 0, 0, 0, 0, 0, 0, 0,
    0, 0, 0, 0, 0, 0, 0, 0,
    0, 0, 0, 0, 0, 0, 0, 0,
    0, 0, 0, 0, 0, 0, -71, 0,
    0, 0, 0, 0, 0, 0, 0, -62,
    0, 0, 0, 0, 0, 0, 0, 0,
    0, 0, 0, 0, 0, 0, 0, 0,
    0, 0, 0, 0, 0, 0, 0, 0,
    0, 0, 0, 0, 0, 0, 0, 0,
    0, 0, 0, -30, 0, 0, 0, 0,
    0, 0, -20, 0, -5, 0, 0, -30,
    -4, -19, -10, 0, -37, 0, 0, 0,
    0, 0, -12, -3, 0, 0, -4, -3,
    -12, -8, 0, 3, 0, 0, 0, 0,
    0, 0, -30, 0, 0, 0, 0, 0,
    0, 0, 0, 0, 0, 0, 0, 0,
    0, -7, 0, -6, 0, 0, -14, 0,
    0, 0, 0, 0, 0, 0, 0, 0,
    0, 0, 0, 0, 0, 0, 0, 0,
    0, 0, 0, 0, 0, 0, 0, 0,
    0, -6, 0, 0, 0, 0, 0, 0,
    0, 0, 0, -7, 0, 0, 0, 0,
    0, 0, -3, 0, 0, 0, 0, 0,
    0, 0, 0, 0, 0, 0, 0, 0,
    -4, 0, 0, 0, 0, 0, 0, 0,
    0, 0, 0, 0, 0, -30, 0, 0,
    0, -5, 0, 0, 0, -21, 0, -5,
    0, -5, -11, -6, 0, 0, 0, 0,
    0, 0, 0, 0, 0, 0, 0, 0,
    0, 0, 0, 0, 0, -8, 0, 0,
    0, 0, 0, 0, 0, 0, 0, 0,
    0, 0, 0, 0, 0, 0, 0, 5,
    0, 0, 0, 0, 0, 0, 0, 0,
    -5, -4, 0, -5, 0, 0, 0, -4,
    -6, -5, 0, 0, 0, 0, 0, 0,
    0, 0, 0, 0, 0, 0, 0, 0,
    0, -68, 0, 0, 0, -48, 0, -52,
    0, 5, 0, 0, 0, 0, 0, 0,
    0, -8, -5, 0, 0, -5, -6, 0,
    0, -5, -6, 0, 0, 0, 0, 0,
    0, 0, 0, 0, 0, 0, 0, 0,
    0, 0, 0, 0, 0, 0, 0, 5,
    0, 0, 0, -7, 0, 0, 0, 4,
    -7, 0, 0, 0, 0, 0, 0, 0,
    0, 0, 0, 0, 0, 0, 0, 0,
    0, 0, 0, 0, 0, 0, 0, 0,
    0, 0, 0, 0, 0, 0, 0, 0,
    0, -5, 0, 0, 0, 0, 0, 0,
    0, 0, 0, 0, 0, 0, 0, 0,
    0, 0, 0, 0, 0, 0, 0, 0,
    0, 0, 0, 0, 0, 0, 0, 0,
    0, 0, 0, 0, 0, 0, 0, 0,
    -41, 0, 0, 0, -8, 0, 0, 0,
    0, 0, 0, 0, 0, 0, 0, 0,
    -6, 0, 0, -7, 0, 0, 0, -6,
    -10, -16, 0, 0, 0, 0, 0, 0,
    0, 0, 0, 0, 0, -72, 0, 0,
    0, 0, 0, 0, 0, 5, -16, 0,
    0, -51, -6, -51, -23, 0, -70, 0,
    0, 0, 0, 0, 0, 0, 0, 0,
    0, -3, -31, -13, 0, 0, 0, 0,
    0, 0, 0, 0, -72, 0, 0, 0,
    0, 0, 0, -101, 0, 0, 0, -44,
    0, -46, 0, 0, 0, 0, 0, -13,
    0, -9, 0, -3, -3, 0, 0, -3,
    0, 0, 4, 0, 4, 0, 0, 0,
    0, 0, 0, -74, 0, 0, 0, 0,
    0, 0, 0, 0, 0, 0, 0, 0,
    0, 0, 0, 0, 0, -8, 0, -7,
    -5, 0, -9, 0, 0, 0, 0, 0,
    0, 0, 0, 0, 0, 0, 0, 0,
    0, 0, 0, 0, 0, 0, 0, 0,
    0, 0, 0, 0, 0, 0, 0, 0,
    0, 0, 0, 0, 0, 0, 0, -12,
    0, -5, 0, 0, -12, 0, 0, 0,
    0, 0, 0, 0, 0, 0, 0, 0,
    0, 0, 0, 0, 0, 0, 0, 0,
    0, 0, 0, 0, -15, 0, 0, 0,
    0, -64, -68, 0, 0, -30, -7, -54,
    -4, 4, 0, 4, 4, 0, 4, 0,
    0, -42, -22, 0, -22, -52, -16, -19,
    0, -16, -20, -12, -19, -15, 0, -37,
    -36, -47, -21, -24, 0, 0, 0, 0,
    0, 5, 0, -54, -39, 0, 0, -19,
    -3, 0, 0, 0, 0, 0, 0, 0,
    0, 0, 4, -11, -11, 0, 0, -11,
    -7, 0, 0, -7, -3, 0, 0, 0,
    5, 0, 0, 0, 0, 0, 0, 0,
    0, 0, 0, 4, 0, -36, -15, 0,
    0, -11, 0, 0, 0, 4, 0, 0,
    0, 0, 0, 0, 3, -8, -8, 0,
    0, -8, -5, 0, 0, -5, 0, 0,
    0, 0, 4, 0, 0, 0, 0, 0,
    0, 0, 0, 0, 0, 0, 0, 0,
    -39, 0, 0, 0, -6, 0, 0, 0,
    0, 4, 0, 0, 0, 0, 0, 0,
    -6, 0, 0, -5, 0, 0, 0, -5,
    -8, 0, 0, 0, 0, 0, 0, 0,
    0, 0, 0, 0, 0, 0, -7, 5,
    -12, -58, -38, 0, 0, -37, -7, -24,
    -4, 4, -24, 5, 4, 3, 5, 0,
    5, -16, -16, -5, -10, -16, -10, -14,
    -5, -10, -5, 0, -6, -7, 5, -20,
    -13, -24, -16, -16, 0, -11, 0, 0,
    0, 0, 0, 0, 0, 0, 0, 3,
    -6, 0, 0, 0, 0, 0, 0, 0,
    0, 0, 0, 0, -5, 0, 0, -5,
    0, 0, 0, -5, -7, -7, 0, 0,
    0, 0, 0, 0, 0, 0, 0, 0,
    0, 0, 0, 0, 0, 0, 0, 0,
    0, 0, 0, -4, 0, 0, -4, 0,
    0, 0, 0, 0, 0, 0, 0, 0,
    0, 0, 0, 0, 0, 0, 0, 0,
    0, 0, 0, 0, 0, 0, 0, 0,
    0, 0, 0, -4, 0, 0, 0, 0,
    0, 0, 0, 0, 0, 0, 0, 0,
    0, 0, 0, 0, 0, 0, 0, 0,
    0, 0, 0, 0, 0, 0, 0, 0,
    -4, 0, 0, 0, 0, 0, 0, 0,
    0, 0, -4, 0, 0, -7, 0, 0,
    0, 0, 0, 0, 0, 0, 0, 0,
    0, 0, 0, 0, 0, 0, 0, 0,
    0, 0, 0, 0, 0, 0, 0, 0,
    0, 0, -3, 0, -4, -4, 0, 0,
    0, 0, 0, 0, -7, 0, 0, -3,
    0, 0, 0, 0, 0, 0, 0, 0,
    0, 0, 0, 0, 0, 0, 0, 0,
    0, 0, 0, 0, 0, 0, 0, 0,
    0, 0, 0, 0, 0, 0, 0, 0,
    0, 0, 0, 0, 0, 0, -3, 0,
    0, -3, 0, 0, 0, 0, 0, 0,
    0, 0, 0, 0, 0, 0, 0, 0,
    0, 0, 0, 0, 0, 0, 0, 0,
    0, 0, 0, 0, 0, 0, -3, 0,
    0, 0, 0, 0, 0, 0, 0, 0,
    -16, 0, 0, 4, 0, 5, 0, 0,
    0, 0, 0, 0, 0, 0, 0, 0,
    0, 0, 0, 0, 0, 0, 5, 0,
    -6, 0, 0, 0, 0, 0, 0, 0,
    0, 0, 0, 0, 5, 0, 0, 0,
    0, 0, 4, 0, 0, -20, 0, 0,
    0, 0, 0, 0, 0, 0, 0, 0,
    0, 0, 0, 0, 0, 0, 0, 0,
    0, 0, 0, 0, 0, 0, 0, 0,
    0, 0, 0, 0, 0, 0, 0, 0,
    0, 0, 0, 0, -26, 0, 0, 0,
    0, 0, 0, 0, 0, 0, 0, 0,
    0, 0, 0, 0, 0, 0, 0, 0,
    0, 0, 0, 0, -5, 0, 0, 0,
    0, 0, 0, 0, 0, 0, 0, 0,
    0, 0, 0, 0, 0, 0, 0, 0,
    0, -20, 0, 0, 0, 0, 0, 0,
    0, 0, 0, 0, 0, 0, 0, 0,
    0, 0, 0, 0, 0, 0, 0, 0,
    0, 0, 0, 0, 0, 0, 0, 0,
    0, 0, 0, 0, 0, 0, 0, 0,
    -30, 0, 0, -22, 0, 0, 0, 0,
    0, 0, 0, 0, 0, 0, 0, 0,
    0, 0, 0, 0, 0, 0, 0, 0,
    0, 0, 0, 0, 0, 0, 0, 0,
    -4, 0, -5, -4, 0, 0, 0, 0,
    0, 0, -28, 0, 0, 4, 0, 0,
    0, -43, 0, 0, 0, 0, 0, 0,
    0, 0, 0, 0, 0, 0, 0, 0,
    0, -7, -5, 5, 0, -9, 0, 0,
    13, 0, 5, 4, 0, 0, 0, 0,
    0, 0, 0, 0, 4, 0, 0, 0,
    0, 0, 0, 0, 0, 0, 0, 0,
    0, 0, 0, 0, 0, 0, 0, 0,
    0, 0, 0, 0, 0, 0, 0, -7,
    0, 0, 0, 0, 0, 0, 0, 0,
    0, 0, 0, 0, 0, 0, 6, 0,
    0, 4, 0, 0, 0, -42, 0, 0,
    0, 0, 0, 0, 0, 0, 0, 0,
    0, 0, 0, 0, 0, -4, -3, 3,
    0, -4, 0, 0, 0, 0, 0, 0,
    0, 0, 0, 0, 0, 0, 0, 0,
    4, 0, 0, 0, 0, 0, 0, -31,
    0, 0, 0, 0, 0, 0, 0, 0,
    0, 0, 0, 0, 0, 0, 0, 0,
    0, 0, 0, 0, 0, 0, 0, 0,
    0, 0, 0, 0, 0, 0, 0, 0,
    0, 0, 0, 0, 0, 0, 0, 0,
    0, 0, 0, 0, 0, 0, 0, 0,
    0, 0, 0, 0, 0, 0, 0, 0,
    0, 0, -5, 0, 0, -10, 0, 0,
    0, 0, 0, 0, 0, 0, 0, 0,
    0, 0, 0, 0, 0, 0, 0, 0,
    0, 0, 0, 0, 0, 0, 0, 0,
    0, 0, 0, 0, 0, 0, 0, 0,
    0, 0, 0, 0, -4, 0, 0, -4,
    0, 0, 0, 0, 0, 0, 0, 0,
    0, 0, 0, 0, 0, 0, 0, 0,
    0, 0, 0, 0, 0, 0, 0, 0,
    0, 0, 0, -5, 0, 0, -5, 0,
    0, 0, 0, 0, 0, 0, 0, 0,
    0, 0, 0, 0, 0, 0, 0, 0,
    0, 0, 0, 0, 0, 0, 0, 0,
    0, 0, 0, -9, 0, 0, 0, 0,
    0, 0, 0, -30, 0, 0, 0, 0,
    0, 0, 0, 0, 0, 0, 0, -12,
    -26, 0, -5, -36, 0, -58, 0, 0,
    0, 3, 0, 0, 0, 0, 0, 0,
    0, 0, -9, 0
};


/*Collect the kern class' data in one place*/
static const lv_font_fmt_txt_kern_classes_t kern_classes =
{
    .class_pair_values   = kern_class_values,
    .left_class_mapping  = kern_left_class_mapping,
    .right_class_mapping = kern_right_class_mapping,
    .left_class_cnt      = 42,
    .right_class_cnt     = 42,
};

/*--------------------
 *  ALL CUSTOM DATA
 *--------------------*/

#if LVGL_VERSION_MAJOR == 8
/*Store all the custom data of the font*/
static  lv_font_fmt_txt_glyph_cache_t cache;
#endif

#if LVGL_VERSION_MAJOR >= 8
static const lv_font_fmt_txt_dsc_t font_dsc = {
#else
static lv_font_fmt_txt_dsc_t font_dsc = {
#endif
    .glyph_bitmap = glyph_bitmap,
    .glyph_dsc = glyph_dsc,
    .cmaps = cmaps,
    .kern_dsc = &kern_classes,
    .kern_scale = 16,
    .cmap_num = 3,
    .bpp = 4,
    .kern_classes = 1,
    .bitmap_format = 0,
#if LVGL_VERSION_MAJOR == 8
    .cache = &cache
#endif
};



/*-----------------
 *  PUBLIC FONT
 *----------------*/

/*Initialize a public general font descriptor*/
#if LVGL_VERSION_MAJOR >= 8
const lv_font_t mmk_text_32 = {
#else
lv_font_t mmk_text_32 = {
#endif
    .get_glyph_dsc = lv_font_get_glyph_dsc_fmt_txt,    /*Function pointer to get glyph's data*/
    .get_glyph_bitmap = lv_font_get_bitmap_fmt_txt,    /*Function pointer to get glyph's bitmap*/
    .line_height = 40,          /*The maximum line height required by the font*/
    .base_line = 9,             /*Baseline measured from the bottom of the line*/
#if !(LVGL_VERSION_MAJOR == 6 && LVGL_VERSION_MINOR == 0)
    .subpx = LV_FONT_SUBPX_NONE,
#endif
#if LV_VERSION_CHECK(7, 4, 0) || LVGL_VERSION_MAJOR >= 8
    .underline_position = -2,
    .underline_thickness = 2,
#endif
    .dsc = &font_dsc,          /*The custom font data. Will be accessed by `get_glyph_bitmap/dsc` */
#if LV_VERSION_CHECK(8, 2, 0) || LVGL_VERSION_MAJOR >= 9
    .fallback = NULL,
#endif
    .user_data = NULL,
};



#endif /*#if MMK_TEXT_32*/

