/* Embedded Lucide icon subset (MIT), for lv_tiny_ttf icon scaling.
 * Subset of lucide-static@1.22.0 to the ~50 glyphs ui.c uses (see
 * gen-icons.sh CPS24). Regenerate: tools/fonts/embed-lucide.sh. */
#include <stdint.h>
const uint8_t mmk_lucide[] = {
  0x00, 0x01, 0x00, 0x00, 0x00, 0x0b, 0x00, 0x80, 0x00, 0x03, 0x00, 0x30,
  0x47, 0x53, 0x55, 0x42, 0xb8, 0xfa, 0xb8, 0xf4, 0x00, 0x00, 0x4a, 0x34,
  0x00, 0x00, 0x00, 0x2a, 0x4f, 0x53, 0x2f, 0x32, 0x36, 0x7b, 0x48, 0xe5,
  0x00, 0x00, 0x47, 0xb8, 0x00, 0x00, 0x00, 0x60, 0x63, 0x6d, 0x61, 0x70,
  0x6c, 0x86, 0x81, 0x1c, 0x00, 0x00, 0x48, 0x18, 0x00, 0x00, 0x01, 0x7a,
  0x67, 0x6c, 0x79, 0x66, 0x83, 0xb4, 0x6f, 0x39, 0x00, 0x00, 0x00, 0xbc,
  0x00, 0x00, 0x45, 0xb0, 0x68, 0x65, 0x61, 0x64, 0x2f, 0xbe, 0x42, 0x5f,
  0x00, 0x00, 0x46, 0xf4, 0x00, 0x00, 0x00, 0x36, 0x68, 0x68, 0x65, 0x61,
  0x07, 0xbb, 0x03, 0xeb, 0x00, 0x00, 0x47, 0x94, 0x00, 0x00, 0x00, 0x24,
  0x68, 0x6d, 0x74, 0x78, 0x03, 0xe8, 0x00, 0x00, 0x00, 0x00, 0x47, 0x2c,
  0x00, 0x00, 0x00, 0x68, 0x6c, 0x6f, 0x63, 0x61, 0xae, 0x7f, 0x9d, 0x2a,
  0x00, 0x00, 0x46, 0x8c, 0x00, 0x00, 0x00, 0x66, 0x6d, 0x61, 0x78, 0x70,
  0x00, 0x42, 0x01, 0x77, 0x00, 0x00, 0x46, 0x6c, 0x00, 0x00, 0x00, 0x20,
  0x6e, 0x61, 0x6d, 0x65, 0x05, 0x0d, 0x1d, 0x01, 0x00, 0x00, 0x49, 0x94,
  0x00, 0x00, 0x00, 0x7e, 0x70, 0x6f, 0x73, 0x74, 0x00, 0x0d, 0x00, 0x00,
  0x00, 0x00, 0x4a, 0x14, 0x00, 0x00, 0x00, 0x20, 0x00, 0x06, 0x00, 0x00,
  0x00, 0x00, 0x03, 0xbf, 0x03, 0x95, 0x00, 0x12, 0x00, 0x2a, 0x00, 0x3e,
  0x00, 0x50, 0x00, 0x65, 0x00, 0x7d, 0x00, 0x00, 0x01, 0x0e, 0x01, 0x0f,
  0x01, 0x11, 0x17, 0x1e, 0x01, 0x37, 0x36, 0x3f, 0x01, 0x11, 0x27, 0x26,
  0x27, 0x26, 0x22, 0x05, 0x0e, 0x02, 0x0f, 0x01, 0x11, 0x17, 0x1e, 0x02,
  0x32, 0x3e, 0x01, 0x3f, 0x01, 0x11, 0x34, 0x27, 0x26, 0x2f, 0x01, 0x2e,
  0x01, 0x05, 0x06, 0x0f, 0x01, 0x11, 0x17, 0x16, 0x17, 0x16, 0x32, 0x37,
  0x36, 0x3f, 0x01, 0x11, 0x27, 0x26, 0x27, 0x2e, 0x01, 0x05, 0x0e, 0x01,
  0x07, 0x06, 0x17, 0x15, 0x17, 0x16, 0x17, 0x16, 0x36, 0x3f, 0x01, 0x13,
  0x27, 0x2e, 0x01, 0x05, 0x0e, 0x01, 0x07, 0x06, 0x14, 0x17, 0x1e, 0x01,
  0x37, 0x3e, 0x02, 0x3f, 0x02, 0x2e, 0x01, 0x27, 0x2e, 0x01, 0x05, 0x0e,
  0x01, 0x07, 0x31, 0x0e, 0x01, 0x07, 0x1f, 0x01, 0x1e, 0x02, 0x17, 0x16,
  0x36, 0x37, 0x36, 0x34, 0x27, 0x26, 0x27, 0x2e, 0x01, 0x01, 0x92, 0x07,
  0x0d, 0x03, 0x03, 0x03, 0x09, 0x2a, 0x0f, 0x06, 0x04, 0x03, 0x03, 0x07,
  0x0e, 0x06, 0x13, 0x01, 0x4e, 0x07, 0x0b, 0x0b, 0x03, 0x02, 0x03, 0x03,
  0x0c, 0x0b, 0x18, 0x0b, 0x0c, 0x03, 0x03, 0x02, 0x01, 0x03, 0x02, 0x07,
  0x15, 0xfd, 0xfc, 0x12, 0x09, 0x03, 0x02, 0x06, 0x0f, 0x07, 0x16, 0x07,
  0x0f, 0x06, 0x02, 0x03, 0x07, 0x0d, 0x06, 0x14, 0x01, 0x4f, 0x0d, 0x13,
  0x03, 0x01, 0x01, 0x03, 0x04, 0x06, 0x0f, 0x2a, 0x09, 0x03, 0x01, 0x03,
  0x06, 0x18, 0xfd, 0xf9, 0x0a, 0x12, 0x02, 0x02, 0x02, 0x03, 0x1c, 0x11,
  0x07, 0x0a, 0x0a, 0x03, 0x03, 0x01, 0x01, 0x02, 0x04, 0x06, 0x1a, 0x03,
  0x35, 0x06, 0x0e, 0x04, 0x04, 0x03, 0x01, 0x01, 0x03, 0x03, 0x0a, 0x0a,
  0x07, 0x11, 0x1c, 0x04, 0x01, 0x02, 0x02, 0x09, 0x07, 0x16, 0x03, 0x92,
  0x03, 0x0c, 0x06, 0x07, 0xfc, 0xfc, 0x07, 0x13, 0x07, 0x0e, 0x06, 0x07,
  0x08, 0x03, 0x00, 0x08, 0x0e, 0x07, 0x03, 0x54, 0x01, 0x05, 0x0d, 0x06,
  0x07, 0xfd, 0xce, 0x06, 0x05, 0x0c, 0x06, 0x06, 0x0c, 0x05, 0x06, 0x01,
  0xf7, 0x2f, 0x0d, 0x0a, 0x04, 0x02, 0x09, 0x08, 0x2c, 0x06, 0x10, 0x06,
  0xfe, 0x22, 0x07, 0x0f, 0x08, 0x03, 0x03, 0x08, 0x0f, 0x07, 0x01, 0xde,
  0x06, 0x0d, 0x06, 0x03, 0x01, 0x54, 0x01, 0x13, 0x0d, 0x08, 0x96, 0x96,
  0x08, 0x07, 0x06, 0x0e, 0x07, 0x13, 0x07, 0x01, 0x36, 0x07, 0x0e, 0x0f,
  0x56, 0x03, 0x11, 0x0d, 0x06, 0x7f, 0x07, 0x11, 0x13, 0x03, 0x01, 0x05,
  0x0b, 0x06, 0x07, 0x7c, 0x10, 0x0b, 0x06, 0x0b, 0x0b, 0x03, 0x02, 0x09,
  0x05, 0x06, 0x0b, 0x11, 0x7e, 0x07, 0x06, 0x0b, 0x05, 0x01, 0x03, 0x13,
  0x11, 0x07, 0x7e, 0x07, 0x0c, 0x09, 0x08, 0x06, 0x00, 0x03, 0x00, 0x00,
  0x00, 0x00, 0x03, 0x95, 0x03, 0xc1, 0x00, 0x37, 0x00, 0x57, 0x00, 0x78,
  0x00, 0x00, 0x01, 0x0e, 0x01, 0x07, 0x0e, 0x01, 0x07, 0x0e, 0x02, 0x07,
  0x06, 0x07, 0x0e, 0x01, 0x07, 0x0e, 0x01, 0x07, 0x06, 0x16, 0x17, 0x16,
  0x1f, 0x01, 0x16, 0x17, 0x16, 0x17, 0x21, 0x36, 0x37, 0x36, 0x3f, 0x01,
  0x36, 0x37, 0x3e, 0x01, 0x27, 0x2e, 0x01, 0x27, 0x2e, 0x01, 0x27, 0x2e,
  0x02, 0x27, 0x26, 0x27, 0x2e, 0x01, 0x27, 0x26, 0x07, 0x1e, 0x01, 0x17,
  0x16, 0x17, 0x1e, 0x01, 0x17, 0x1e, 0x01, 0x17, 0x1e, 0x01, 0x1f, 0x01,
  0x21, 0x37, 0x3e, 0x01, 0x37, 0x3e, 0x05, 0x37, 0x36, 0x37, 0x36, 0x16,
  0x03, 0x0e, 0x01, 0x17, 0x1e, 0x01, 0x17, 0x16, 0x32, 0x37, 0x3e, 0x01,
  0x37, 0x36, 0x26, 0x27, 0x26, 0x23, 0x22, 0x06, 0x07, 0x06, 0x07, 0x0e,
  0x02, 0x22, 0x2e, 0x01, 0x27, 0x26, 0x27, 0x22, 0x01, 0xe3, 0x2d, 0x55,
  0x23, 0x2d, 0x39, 0x06, 0x01, 0x03, 0x05, 0x07, 0x07, 0x0d, 0x0a, 0x16,
  0x19, 0x10, 0x0c, 0x03, 0x03, 0x02, 0x03, 0x0c, 0x1f, 0x03, 0x07, 0x0d,
  0x11, 0x3a, 0x02, 0x1e, 0x3a, 0x11, 0x0d, 0x07, 0x03, 0x1f, 0x0c, 0x03,
  0x02, 0x03, 0x03, 0x0c, 0x10, 0x19, 0x16, 0x0a, 0x0c, 0x0e, 0x06, 0x02,
  0x01, 0x05, 0x0f, 0x68, 0x4a, 0x35, 0x08, 0x21, 0x3c, 0x17, 0x21, 0x0f,
  0x07, 0x05, 0x01, 0x01, 0x08, 0x07, 0x0c, 0x2b, 0x27, 0x0e, 0xfd, 0x66,
  0x0e, 0x27, 0x2b, 0x0c, 0x07, 0x08, 0x03, 0x07, 0x17, 0x2b, 0x18, 0x2b,
  0x34, 0x06, 0x21, 0x6d, 0x10, 0x0f, 0x04, 0x01, 0x0f, 0x08, 0x24, 0x68,
  0x24, 0x08, 0x0f, 0x01, 0x04, 0x0d, 0x0d, 0x06, 0x0c, 0x08, 0x06, 0x05,
  0x07, 0x06, 0x08, 0x09, 0x0c, 0x16, 0x0c, 0x09, 0x08, 0x0b, 0x14, 0x0a,
  0x03, 0xbd, 0x02, 0x20, 0x1d, 0x24, 0x67, 0x39, 0x0c, 0x4c, 0x30, 0x19,
  0x1f, 0x19, 0x16, 0x1e, 0x1b, 0x12, 0x13, 0x0d, 0x0a, 0x1a, 0x09, 0x21,
  0x0f, 0x02, 0x04, 0x01, 0x01, 0x01, 0x01, 0x01, 0x01, 0x04, 0x02, 0x0f,
  0x21, 0x09, 0x1a, 0x0a, 0x0d, 0x14, 0x11, 0x1b, 0x1e, 0x16, 0x18, 0x34,
  0x34, 0x27, 0x34, 0x17, 0x4d, 0x76, 0x19, 0x11, 0x58, 0x05, 0x1e, 0x19,
  0x21, 0x2b, 0x12, 0x22, 0x24, 0x2a, 0x3d, 0x1e, 0x31, 0x4c, 0x2a, 0x0e,
  0x0e, 0x2a, 0x4c, 0x31, 0x1e, 0x3d, 0x54, 0x29, 0x32, 0x30, 0x0f, 0x1a,
  0x04, 0x01, 0x02, 0xfd, 0x3c, 0x06, 0x1c, 0x10, 0x06, 0x17, 0x08, 0x24,
  0x24, 0x08, 0x17, 0x06, 0x0e, 0x1b, 0x07, 0x03, 0x02, 0x02, 0x04, 0x07,
  0x0b, 0x08, 0x06, 0x06, 0x08, 0x0b, 0x0e, 0x01, 0x00, 0x06, 0x00, 0x00,
  0x00, 0x00, 0x03, 0x94, 0x03, 0x95, 0x00, 0x32, 0x00, 0x44, 0x00, 0x59,
  0x00, 0x70, 0x00, 0x7d, 0x00, 0x91, 0x00, 0x00, 0x13, 0x0e, 0x02, 0x14,
  0x17, 0x1e, 0x01, 0x1f, 0x01, 0x11, 0x07, 0x06, 0x07, 0x06, 0x17, 0x1e,
  0x01, 0x17, 0x1e, 0x01, 0x33, 0x16, 0x36, 0x37, 0x3e, 0x01, 0x37, 0x3e,
  0x01, 0x35, 0x2e, 0x01, 0x27, 0x2e, 0x01, 0x2f, 0x01, 0x11, 0x21, 0x37,
  0x3e, 0x02, 0x34, 0x27, 0x26, 0x2f, 0x01, 0x21, 0x20, 0x17, 0x06, 0x07,
  0x0e, 0x01, 0x16, 0x17, 0x16, 0x20, 0x37, 0x36, 0x37, 0x36, 0x26, 0x2f,
  0x01, 0x25, 0x20, 0x07, 0x0e, 0x01, 0x17, 0x1e, 0x02, 0x1f, 0x01, 0x05,
  0x36, 0x37, 0x36, 0x3f, 0x01, 0x3e, 0x01, 0x26, 0x27, 0x26, 0x20, 0x07,
  0x0e, 0x01, 0x17, 0x1e, 0x01, 0x1f, 0x01, 0x21, 0x37, 0x36, 0x37, 0x36,
  0x35, 0x34, 0x26, 0x27, 0x2e, 0x02, 0x2b, 0x01, 0x20, 0x07, 0x16, 0x15,
  0x14, 0x06, 0x27, 0x26, 0x27, 0x2e, 0x01, 0x37, 0x3e, 0x01, 0x17, 0x0e,
  0x01, 0x07, 0x06, 0x16, 0x17, 0x16, 0x17, 0x16, 0x20, 0x37, 0x36, 0x37,
  0x36, 0x26, 0x2f, 0x02, 0x22, 0x72, 0x08, 0x0f, 0x07, 0x03, 0x05, 0x11,
  0x0a, 0x06, 0x0b, 0x34, 0x0f, 0x0d, 0x15, 0x0b, 0x29, 0x1a, 0x08, 0x0a,
  0x0f, 0x12, 0x10, 0x0f, 0x16, 0x24, 0x09, 0x06, 0x03, 0x01, 0x01, 0x02,
  0x08, 0x22, 0x17, 0x0d, 0x02, 0xa6, 0x06, 0x05, 0x0c, 0x06, 0x03, 0x07,
  0x0d, 0x06, 0xfe, 0x7f, 0xfe, 0x7f, 0xce, 0x0a, 0x09, 0x0c, 0x01, 0x13,
  0x10, 0x07, 0x01, 0xf4, 0x08, 0x0c, 0x09, 0x10, 0x08, 0x15, 0x06, 0xfe,
  0xff, 0xfe, 0xfe, 0x01, 0x11, 0x15, 0x04, 0x01, 0x05, 0x0b, 0x06, 0x07,
  0x01, 0xcc, 0x2d, 0x0d, 0x0a, 0x04, 0x02, 0x0f, 0x05, 0x13, 0x12, 0x07,
  0xfe, 0x0e, 0x0f, 0x11, 0x0f, 0x07, 0x04, 0x0c, 0x07, 0x07, 0x02, 0x04,
  0x07, 0x0f, 0x08, 0x03, 0x01, 0x02, 0x03, 0x0d, 0x0c, 0x22, 0xe2, 0xfe,
  0xfd, 0x8c, 0x18, 0x1e, 0x12, 0x0d, 0x09, 0x0c, 0x01, 0x0b, 0x08, 0x1c,
  0xeb, 0x06, 0x0e, 0x03, 0x0a, 0x02, 0x0c, 0x09, 0x0c, 0x08, 0x01, 0xa0,
  0x08, 0x0c, 0x09, 0x10, 0x08, 0x15, 0x06, 0xd7, 0xd8, 0x03, 0x93, 0x02,
  0x0d, 0x0d, 0x18, 0x06, 0x09, 0x0d, 0x01, 0x01, 0xfe, 0x06, 0x06, 0x19,
  0x35, 0x2e, 0x2c, 0x17, 0x22, 0x08, 0x02, 0x01, 0x01, 0x03, 0x06, 0x09,
  0x24, 0x16, 0x0f, 0x10, 0x12, 0x0f, 0x0a, 0x08, 0x1a, 0x28, 0x0c, 0x07,
  0x01, 0xfb, 0x03, 0x03, 0x0c, 0x0b, 0x18, 0x06, 0x0c, 0x07, 0x04, 0xa7,
  0x03, 0x09, 0x0b, 0x1f, 0x18, 0x04, 0x01, 0x02, 0x02, 0x09, 0x10, 0x2a,
  0x0a, 0x02, 0x01, 0xa7, 0x03, 0x1d, 0x11, 0x07, 0x0a, 0x0a, 0x03, 0x03,
  0x01, 0x01, 0x01, 0x01, 0x03, 0x02, 0x0a, 0x21, 0x1d, 0x02, 0x02, 0xaa,
  0x06, 0x22, 0x10, 0x07, 0x0c, 0x03, 0x02, 0x02, 0x06, 0x0f, 0x07, 0x0b,
  0x07, 0x06, 0x05, 0x06, 0x0c, 0x05, 0xaa, 0x0b, 0x1b, 0x13, 0x19, 0x04,
  0x02, 0x09, 0x0b, 0x21, 0x0d, 0x0a, 0x05, 0x02, 0x02, 0x09, 0x05, 0x0c,
  0x1f, 0x0b, 0x09, 0x02, 0x02, 0x02, 0x02, 0x09, 0x10, 0x2a, 0x0a, 0x02,
  0x01, 0x00, 0x00, 0x04, 0x00, 0x00, 0x00, 0x00, 0x03, 0xbf, 0x03, 0x6c,
  0x00, 0x36, 0x00, 0x67, 0x00, 0x80, 0x00, 0x93, 0x00, 0x00, 0x01, 0x06,
  0x07, 0x0e, 0x01, 0x07, 0x0e, 0x01, 0x0f, 0x02, 0x06, 0x07, 0x0e, 0x01,
  0x0f, 0x01, 0x06, 0x07, 0x06, 0x15, 0x11, 0x16, 0x17, 0x1e, 0x01, 0x17,
  0x16, 0x20, 0x37, 0x3e, 0x01, 0x37, 0x36, 0x37, 0x3d, 0x01, 0x26, 0x27,
  0x2e, 0x01, 0x27, 0x26, 0x2f, 0x02, 0x2e, 0x01, 0x27, 0x26, 0x27, 0x26,
  0x27, 0x26, 0x22, 0x17, 0x1e, 0x01, 0x17, 0x16, 0x17, 0x16, 0x17, 0x16,
  0x33, 0x3a, 0x01, 0x17, 0x16, 0x1f, 0x01, 0x11, 0x07, 0x06, 0x0f, 0x01,
  0x21, 0x27, 0x26, 0x2f, 0x01, 0x11, 0x37, 0x3e, 0x02, 0x32, 0x33, 0x32,
  0x37, 0x36, 0x37, 0x3e, 0x01, 0x37, 0x3e, 0x01, 0x37, 0x31, 0x3e, 0x01,
  0x3b, 0x01, 0x32, 0x07, 0x06, 0x07, 0x06, 0x07, 0x06, 0x14, 0x17, 0x16,
  0x17, 0x1e, 0x01, 0x36, 0x37, 0x36, 0x37, 0x36, 0x34, 0x27, 0x26, 0x27,
  0x26, 0x27, 0x2e, 0x01, 0x17, 0x16, 0x17, 0x1e, 0x01, 0x15, 0x14, 0x07,
  0x06, 0x22, 0x27, 0x26, 0x37, 0x3e, 0x03, 0x33, 0x32, 0x01, 0x8d, 0x29,
  0x1d, 0x08, 0x0c, 0x0b, 0x0a, 0x0b, 0x07, 0x07, 0x39, 0x38, 0x06, 0x21,
  0x30, 0x0c, 0x01, 0x03, 0x01, 0x02, 0x01, 0x01, 0x08, 0x38, 0x26, 0x0c,
  0x02, 0xac, 0x0c, 0x26, 0x38, 0x08, 0x01, 0x01, 0x01, 0x01, 0x08, 0x34,
  0x26, 0x06, 0x38, 0x39, 0x07, 0x07, 0x0b, 0x0a, 0x10, 0x09, 0x1f, 0x2d,
  0x0c, 0xb6, 0xbd, 0x09, 0x0c, 0x0a, 0x14, 0x0d, 0x1e, 0x28, 0x0c, 0x31,
  0x22, 0x10, 0x05, 0x0f, 0x08, 0x03, 0x03, 0x08, 0x0f, 0x07, 0xfd, 0x56,
  0x07, 0x0f, 0x08, 0x03, 0x03, 0x03, 0x0d, 0x0c, 0x10, 0x22, 0x31, 0x0c,
  0x28, 0x1e, 0x08, 0x0e, 0x0b, 0x09, 0x09, 0x06, 0x05, 0x0c, 0x14, 0x94,
  0x0d, 0x6f, 0x35, 0x27, 0x29, 0x0c, 0x03, 0x02, 0x08, 0x25, 0x20, 0x58,
  0x57, 0x20, 0x24, 0x09, 0x01, 0x03, 0x0c, 0x29, 0x21, 0x2b, 0x0b, 0x20,
  0x1c, 0x15, 0x12, 0x0d, 0x0c, 0x1c, 0x17, 0x40, 0x17, 0x20, 0x05, 0x01,
  0x0c, 0x18, 0x1a, 0x12, 0x0c, 0x03, 0x69, 0x06, 0x1f, 0x09, 0x11, 0x15,
  0x12, 0x0d, 0x04, 0x03, 0x01, 0x01, 0x01, 0x08, 0x29, 0x1f, 0x03, 0x09,
  0x09, 0x0d, 0x26, 0xfe, 0xb4, 0x1f, 0x08, 0x26, 0x35, 0x07, 0x02, 0x02,
  0x07, 0x35, 0x26, 0x08, 0x1f, 0xad, 0xae, 0x1f, 0x08, 0x25, 0x34, 0x09,
  0x01, 0x01, 0x01, 0x03, 0x04, 0x0d, 0x12, 0x1e, 0x0b, 0x24, 0x07, 0x02,
  0x56, 0x04, 0x0e, 0x12, 0x24, 0x0e, 0x1d, 0x06, 0x02, 0x02, 0x06, 0x0f,
  0x07, 0xfe, 0x73, 0x07, 0x0f, 0x06, 0x02, 0x02, 0x06, 0x0f, 0x07, 0x01,
  0x8d, 0x07, 0x06, 0x0c, 0x05, 0x02, 0x06, 0x1d, 0x08, 0x15, 0x15, 0x10,
  0x0d, 0x03, 0x03, 0x03, 0xa7, 0x06, 0x23, 0x24, 0x36, 0x0b, 0x26, 0x0c,
  0x34, 0x26, 0x21, 0x17, 0x18, 0x21, 0x26, 0x33, 0x0c, 0x26, 0x0b, 0x36,
  0x24, 0x1d, 0x09, 0x02, 0x02, 0x56, 0x04, 0x12, 0x0d, 0x1b, 0x12, 0x26,
  0x19, 0x15, 0x15, 0x1d, 0x2b, 0x0f, 0x17, 0x18, 0x0b, 0x00, 0x00, 0x01,
  0x00, 0x00, 0x00, 0x00, 0x03, 0x17, 0x02, 0x9b, 0x00, 0x1e, 0x00, 0x00,
  0x13, 0x06, 0x07, 0x06, 0x14, 0x16, 0x00, 0x16, 0x32, 0x36, 0x00, 0x36,
  0x34, 0x27, 0x26, 0x27, 0x2e, 0x01, 0x22, 0x06, 0x07, 0x06, 0x0f, 0x01,
  0x27, 0x26, 0x27, 0x26, 0x2b, 0x01, 0x22, 0xef, 0x12, 0x09, 0x03, 0x07,
  0x01, 0x03, 0x0d, 0x18, 0x0d, 0x01, 0x03, 0x07, 0x03, 0x07, 0x0d, 0x04,
  0x06, 0x10, 0x06, 0x05, 0x07, 0x70, 0x70, 0xca, 0x16, 0x08, 0x06, 0x08,
  0x02, 0x0a, 0x02, 0x99, 0x06, 0x10, 0x06, 0x18, 0x0d, 0xfe, 0xfd, 0x07,
  0x07, 0x01, 0x03, 0x0d, 0x18, 0x06, 0x0c, 0x07, 0x02, 0x02, 0x02, 0x02,
  0x04, 0x70, 0x70, 0xc9, 0x15, 0x06, 0x04, 0x00, 0x00, 0x01, 0x00, 0x00,
  0x00, 0x00, 0x03, 0x17, 0x02, 0x9b, 0x00, 0x20, 0x00, 0x00, 0x01, 0x06,
  0x07, 0x06, 0x0f, 0x01, 0x0e, 0x01, 0x14, 0x1e, 0x02, 0x32, 0x36, 0x3f,
  0x01, 0x17, 0x1e, 0x01, 0x32, 0x3e, 0x02, 0x34, 0x26, 0x2f, 0x01, 0x26,
  0x27, 0x26, 0x2b, 0x01, 0x22, 0x01, 0xe9, 0x06, 0x08, 0x0a, 0x1c, 0x5c,
  0x82, 0x06, 0x05, 0x0e, 0x0c, 0x16, 0x0c, 0x71, 0x71, 0x71, 0x71, 0x0c,
  0x16, 0x0c, 0x0e, 0x05, 0x06, 0x82, 0x67, 0x18, 0x09, 0x07, 0x07, 0x03,
  0x0a, 0x02, 0x99, 0x02, 0x06, 0x09, 0x1c, 0x5b, 0x82, 0x0c, 0x16, 0x0c,
  0x0e, 0x05, 0x06, 0x71, 0x71, 0x71, 0x71, 0x06, 0x05, 0x0e, 0x0c, 0x16,
  0x0c, 0x82, 0x66, 0x18, 0x06, 0x05, 0x00, 0x04, 0x00, 0x00, 0x00, 0x00,
  0x03, 0xc0, 0x03, 0xa8, 0x00, 0x38, 0x00, 0x46, 0x00, 0x51, 0x00, 0x61,
  0x00, 0x00, 0x01, 0x06, 0x07, 0x06, 0x0f, 0x01, 0x23, 0x0e, 0x01, 0x07,
  0x0e, 0x01, 0x07, 0x06, 0x15, 0x11, 0x0f, 0x01, 0x0e, 0x01, 0x17, 0x1e,
  0x01, 0x1f, 0x01, 0x05, 0x17, 0x16, 0x17, 0x16, 0x37, 0x32, 0x36, 0x3f,
  0x03, 0x3e, 0x02, 0x37, 0x36, 0x26, 0x2f, 0x02, 0x03, 0x27, 0x2e, 0x01,
  0x27, 0x26, 0x27, 0x2e, 0x01, 0x27, 0x26, 0x17, 0x16, 0x17, 0x16, 0x1f,
  0x01, 0x13, 0x07, 0x13, 0x37, 0x36, 0x37, 0x36, 0x16, 0x03, 0x11, 0x23,
  0x13, 0x36, 0x37, 0x36, 0x37, 0x36, 0x37, 0x33, 0x17, 0x0e, 0x01, 0x15,
  0x14, 0x16, 0x36, 0x37, 0x3e, 0x01, 0x34, 0x27, 0x26, 0x27, 0x2e, 0x01,
  0x02, 0x0e, 0x29, 0x1e, 0x09, 0x06, 0x05, 0x3c, 0x2b, 0x15, 0x07, 0x24,
  0x32, 0x07, 0x02, 0x87, 0x07, 0x11, 0x0c, 0x08, 0x03, 0x0b, 0x06, 0x07,
  0x01, 0x58, 0x02, 0x06, 0x10, 0x1a, 0x24, 0x09, 0x32, 0x5c, 0x8b, 0x86,
  0x07, 0x06, 0x0b, 0x05, 0x01, 0x03, 0x0d, 0x0e, 0x07, 0x5c, 0x01, 0x03,
  0x04, 0x09, 0x08, 0x14, 0x1e, 0x09, 0xb6, 0x0d, 0x0f, 0x5f, 0x58, 0x04,
  0x0c, 0x06, 0x04, 0x01, 0xfa, 0x01, 0x02, 0x08, 0x12, 0x07, 0x1f, 0x97,
  0x7d, 0x01, 0x01, 0x01, 0x07, 0x12, 0x04, 0x08, 0x55, 0x9a, 0x0d, 0x0f,
  0x19, 0x23, 0x0b, 0x07, 0x04, 0x03, 0x06, 0x0d, 0x06, 0x15, 0x03, 0xa6,
  0x06, 0x1c, 0x09, 0x08, 0x08, 0x01, 0x01, 0x01, 0x0a, 0x34, 0x24, 0x07,
  0x2f, 0xfe, 0x01, 0x01, 0x03, 0x08, 0x22, 0x10, 0x05, 0x0a, 0x03, 0x03,
  0x01, 0x08, 0x15, 0x11, 0x1b, 0x02, 0x0c, 0x17, 0x23, 0x02, 0x03, 0x03,
  0x0a, 0x0a, 0x08, 0x0e, 0x18, 0x07, 0x03, 0x01, 0x02, 0x42, 0x0a, 0x0f,
  0x13, 0x0c, 0x1a, 0x0d, 0x04, 0x2e, 0x02, 0x01, 0x6a, 0x16, 0x02, 0x06,
  0x0c, 0x09, 0xfd, 0xbd, 0x3e, 0x02, 0xac, 0x05, 0x11, 0x07, 0x02, 0x06,
  0xfe, 0xa6, 0xfe, 0xdd, 0x01, 0xfb, 0x2c, 0x03, 0x13, 0x07, 0x01, 0x01,
  0xfc, 0x04, 0x16, 0x0d, 0x11, 0x19, 0x02, 0x0b, 0x07, 0x0c, 0x16, 0x06,
  0x0d, 0x06, 0x03, 0x02, 0x00, 0x03, 0x00, 0x00, 0x00, 0x00, 0x02, 0x48,
  0x03, 0x6f, 0x00, 0x11, 0x00, 0x2a, 0x00, 0x3f, 0x00, 0x00, 0x01, 0x06,
  0x07, 0x0e, 0x01, 0x14, 0x1e, 0x02, 0x32, 0x3e, 0x02, 0x35, 0x34, 0x27,
  0x2e, 0x01, 0x03, 0x06, 0x07, 0x0e, 0x01, 0x07, 0x06, 0x14, 0x17, 0x1e,
  0x01, 0x17, 0x16, 0x32, 0x37, 0x3e, 0x01, 0x37, 0x36, 0x34, 0x27, 0x2e,
  0x01, 0x27, 0x26, 0x03, 0x06, 0x07, 0x0e, 0x01, 0x15, 0x14, 0x17, 0x1e,
  0x01, 0x36, 0x37, 0x36, 0x35, 0x34, 0x26, 0x27, 0x26, 0x27, 0x26, 0x22,
  0x01, 0xe2, 0x16, 0x12, 0x0d, 0x0c, 0x0b, 0x1b, 0x1b, 0x24, 0x1b, 0x1b,
  0x0b, 0x0d, 0x0f, 0x2f, 0x11, 0x0f, 0x0c, 0x11, 0x17, 0x05, 0x02, 0x02,
  0x06, 0x20, 0x16, 0x08, 0x1a, 0x08, 0x16, 0x20, 0x06, 0x02, 0x02, 0x05,
  0x17, 0x11, 0x13, 0x25, 0x14, 0x12, 0x0e, 0x0b, 0x0d, 0x11, 0x35, 0x35,
  0x11, 0x0d, 0x0b, 0x0e, 0x12, 0x15, 0x08, 0x17, 0x03, 0x69, 0x05, 0x11,
  0x0d, 0x1c, 0x24, 0x1b, 0x1b, 0x0b, 0x0b, 0x1b, 0x1b, 0x12, 0x1a, 0x13,
  0x16, 0x13, 0xfe, 0xd8, 0x01, 0x06, 0x08, 0x1d, 0x11, 0x08, 0x1a, 0x08,
  0x16, 0x20, 0x06, 0x02, 0x02, 0x06, 0x20, 0x16, 0x08, 0x1a, 0x08, 0x11,
  0x1d, 0x08, 0x0a, 0xfe, 0xd8, 0x04, 0x12, 0x0e, 0x1b, 0x12, 0x1a, 0x13,
  0x19, 0x12, 0x12, 0x19, 0x13, 0x1a, 0x12, 0x1b, 0x0e, 0x12, 0x04, 0x02,
  0x00, 0x03, 0x00, 0x00, 0x00, 0x00, 0x03, 0xbf, 0x03, 0xbf, 0x00, 0x4f,
  0x00, 0xae, 0x00, 0xbe, 0x00, 0x00, 0x01, 0x0e, 0x01, 0x07, 0x0e, 0x01,
  0x07, 0x0e, 0x01, 0x15, 0x14, 0x16, 0x06, 0x2f, 0x01, 0x2e, 0x01, 0x0e,
  0x04, 0x14, 0x17, 0x16, 0x17, 0x16, 0x17, 0x16, 0x17, 0x1e, 0x01, 0x36,
  0x16, 0x0e, 0x01, 0x1e, 0x02, 0x17, 0x16, 0x37, 0x36, 0x37, 0x36, 0x37,
  0x3e, 0x01, 0x26, 0x36, 0x17, 0x1e, 0x01, 0x33, 0x32, 0x3e, 0x04, 0x34,
  0x27, 0x26, 0x27, 0x2e, 0x01, 0x07, 0x0e, 0x01, 0x34, 0x3e, 0x01, 0x26,
  0x27, 0x2e, 0x01, 0x27, 0x2e, 0x01, 0x23, 0x17, 0x14, 0x07, 0x0e, 0x01,
  0x17, 0x1e, 0x01, 0x17, 0x16, 0x33, 0x32, 0x36, 0x37, 0x36, 0x37, 0x3e,
  0x01, 0x17, 0x1e, 0x01, 0x17, 0x1e, 0x01, 0x15, 0x07, 0x27, 0x2e, 0x01,
  0x22, 0x06, 0x07, 0x06, 0x07, 0x06, 0x15, 0x14, 0x16, 0x17, 0x16, 0x17,
  0x1e, 0x01, 0x07, 0x0e, 0x01, 0x07, 0x06, 0x07, 0x23, 0x22, 0x35, 0x37,
  0x3e, 0x01, 0x27, 0x26, 0x27, 0x26, 0x23, 0x22, 0x06, 0x07, 0x0e, 0x01,
  0x23, 0x2e, 0x01, 0x27, 0x2e, 0x01, 0x3f, 0x01, 0x17, 0x1e, 0x01, 0x33,
  0x36, 0x37, 0x3e, 0x01, 0x34, 0x26, 0x27, 0x26, 0x27, 0x2e, 0x01, 0x37,
  0x3e, 0x02, 0x37, 0x33, 0x16, 0x03, 0x06, 0x07, 0x0e, 0x01, 0x1e, 0x02,
  0x33, 0x32, 0x36, 0x27, 0x2e, 0x01, 0x27, 0x22, 0x02, 0x12, 0x26, 0x4f,
  0x20, 0x2e, 0x40, 0x0d, 0x05, 0x04, 0x04, 0x02, 0x4c, 0x3c, 0x13, 0x0d,
  0x0c, 0x0c, 0x05, 0x08, 0x04, 0x02, 0x07, 0x15, 0x15, 0x21, 0x46, 0x62,
  0x0e, 0x38, 0x19, 0x01, 0x28, 0x02, 0x06, 0x0c, 0x0b, 0x0d, 0x45, 0x43,
  0x73, 0x40, 0x21, 0x0a, 0x02, 0x01, 0x04, 0x02, 0x4b, 0x32, 0x1d, 0x06,
  0x09, 0x0b, 0x0c, 0x05, 0x08, 0x04, 0x02, 0x0e, 0x46, 0x2c, 0x72, 0x3f,
  0x15, 0x14, 0x28, 0x02, 0x06, 0x05, 0x07, 0x12, 0x16, 0x0a, 0x26, 0x05,
  0x0f, 0x18, 0x12, 0x07, 0x01, 0x01, 0x0c, 0x0a, 0x06, 0x0c, 0x08, 0x07,
  0x0a, 0x17, 0x18, 0x0c, 0x2a, 0x0d, 0x3d, 0x5e, 0x14, 0x06, 0x06, 0x01,
  0x5a, 0x40, 0x1d, 0x11, 0x05, 0x05, 0x0d, 0x06, 0x03, 0x02, 0x04, 0x0b,
  0x05, 0x02, 0x02, 0x02, 0x07, 0x46, 0x35, 0x23, 0x27, 0x10, 0x03, 0x19,
  0x12, 0x07, 0x01, 0x01, 0x16, 0x07, 0x0b, 0x08, 0x07, 0x09, 0x18, 0x29,
  0x1a, 0x43, 0x6b, 0x18, 0x06, 0x08, 0x01, 0x01, 0x5c, 0x42, 0x1d, 0x07,
  0x10, 0x0b, 0x07, 0x04, 0x02, 0x04, 0x0b, 0x05, 0x02, 0x02, 0x02, 0x06,
  0x3b, 0x5b, 0x35, 0x0b, 0x02, 0x43, 0x12, 0x09, 0x03, 0x01, 0x06, 0x0c,
  0x0f, 0x09, 0x11, 0x19, 0x01, 0x01, 0x16, 0x10, 0x0a, 0x03, 0xbe, 0x02,
  0x1a, 0x15, 0x1e, 0x5b, 0x35, 0x14, 0x1c, 0x17, 0x1c, 0x19, 0x01, 0x14,
  0x10, 0x04, 0x01, 0x05, 0x0b, 0x08, 0x1d, 0x1d, 0x30, 0x0d, 0x33, 0x2c,
  0x2a, 0x22, 0x46, 0x0f, 0x02, 0x01, 0x04, 0x02, 0x96, 0x0d, 0x11, 0x0d,
  0x06, 0x03, 0x10, 0x11, 0x1d, 0x63, 0x33, 0x41, 0x0e, 0x37, 0x1a, 0x01,
  0x14, 0x0e, 0x06, 0x05, 0x0a, 0x08, 0x1d, 0x1c, 0x31, 0x0d, 0x66, 0x46,
  0x2d, 0x2c, 0x02, 0x01, 0x03, 0x02, 0x97, 0x0c, 0x11, 0x05, 0x08, 0x08,
  0x04, 0x01, 0x04, 0x56, 0x02, 0x5b, 0x41, 0x1d, 0x07, 0x0b, 0x12, 0x05,
  0x03, 0x02, 0x04, 0x0b, 0x05, 0x02, 0x02, 0x02, 0x07, 0x4b, 0x3a, 0x11,
  0x29, 0x10, 0x09, 0x18, 0x11, 0x08, 0x01, 0x03, 0x07, 0x0c, 0x06, 0x0c,
  0x08, 0x07, 0x0a, 0x18, 0x17, 0x0c, 0x2a, 0x0d, 0x3a, 0x5c, 0x15, 0x0e,
  0x02, 0x01, 0x5e, 0x41, 0x1d, 0x07, 0x17, 0x0b, 0x03, 0x02, 0x04, 0x0b,
  0x09, 0x01, 0x4b, 0x3f, 0x10, 0x2d, 0x10, 0x09, 0x19, 0x12, 0x06, 0x01,
  0x0b, 0x07, 0x0b, 0x13, 0x07, 0x09, 0x18, 0x18, 0x0c, 0x2a, 0x0d, 0x35,
  0x55, 0x30, 0x01, 0x01, 0xfe, 0xb2, 0x06, 0x10, 0x07, 0x13, 0x0e, 0x0d,
  0x07, 0x19, 0x13, 0x10, 0x16, 0x01, 0x00, 0x02, 0x00, 0x00, 0x00, 0x00,
  0x03, 0x48, 0x03, 0x95, 0x00, 0x3e, 0x00, 0x69, 0x00, 0x00, 0x01, 0x06,
  0x07, 0x0e, 0x01, 0x07, 0x06, 0x1e, 0x03, 0x17, 0x14, 0x06, 0x07, 0x0e,
  0x01, 0x26, 0x27, 0x2e, 0x03, 0x27, 0x2e, 0x01, 0x22, 0x06, 0x07, 0x06,
  0x07, 0x06, 0x07, 0x06, 0x1e, 0x02, 0x17, 0x16, 0x32, 0x37, 0x3e, 0x01,
  0x37, 0x3e, 0x01, 0x27, 0x2e, 0x01, 0x27, 0x2e, 0x01, 0x27, 0x2e, 0x01,
  0x27, 0x26, 0x27, 0x26, 0x27, 0x26, 0x27, 0x22, 0x07, 0x16, 0x17, 0x1e,
  0x03, 0x17, 0x16, 0x06, 0x07, 0x06, 0x07, 0x06, 0x26, 0x27, 0x2e, 0x02,
  0x27, 0x26, 0x3f, 0x01, 0x17, 0x1e, 0x01, 0x37, 0x3e, 0x01, 0x35, 0x34,
  0x27, 0x26, 0x27, 0x2e, 0x01, 0x35, 0x34, 0x3e, 0x03, 0x16, 0x01, 0xe9,
  0x11, 0x27, 0x25, 0x26, 0x04, 0x01, 0x06, 0x0d, 0x23, 0x08, 0x01, 0x01,
  0x02, 0x09, 0x24, 0x2a, 0x0f, 0x09, 0x08, 0x04, 0x0a, 0x0c, 0x04, 0x06,
  0x10, 0x06, 0x04, 0x0a, 0x0a, 0x1e, 0x0a, 0x0c, 0x21, 0x52, 0x76, 0x45,
  0x0d, 0x32, 0x0c, 0x4b, 0x7d, 0x29, 0x25, 0x19, 0x0e, 0x08, 0x21, 0x16,
  0x0f, 0x1c, 0x1c, 0x27, 0x35, 0x15, 0x18, 0x0c, 0x05, 0x08, 0x0b, 0x11,
  0x0a, 0x07, 0x0a, 0x0e, 0x19, 0x3c, 0x58, 0x31, 0x0b, 0x0f, 0x1b, 0x26,
  0x23, 0x31, 0x3f, 0x8d, 0x39, 0x14, 0x27, 0x1b, 0x06, 0x07, 0x03, 0x01,
  0x08, 0x1b, 0x45, 0x22, 0x31, 0x3d, 0x0f, 0x04, 0x0e, 0x13, 0x0a, 0x05,
  0x0c, 0x0b, 0x0d, 0x02, 0x03, 0x93, 0x05, 0x27, 0x26, 0x4a, 0x29, 0x0f,
  0x2b, 0x25, 0x4a, 0x1a, 0x14, 0x0d, 0x08, 0x04, 0x15, 0x15, 0x04, 0x0f,
  0x09, 0x12, 0x1f, 0x12, 0x06, 0x02, 0x02, 0x02, 0x02, 0x05, 0x0e, 0x29,
  0x34, 0x3e, 0x87, 0x6c, 0x44, 0x08, 0x02, 0x02, 0x09, 0x4c, 0x3e, 0x37,
  0x84, 0x3f, 0x1f, 0x41, 0x1d, 0x13, 0x1b, 0x19, 0x23, 0x43, 0x2a, 0x30,
  0x30, 0x13, 0x08, 0x0b, 0x01, 0x81, 0x1b, 0x1a, 0x2f, 0x4b, 0x4d, 0x43,
  0x25, 0x35, 0x75, 0x2d, 0x2b, 0x17, 0x1f, 0x0f, 0x2b, 0x10, 0x2e, 0x3a,
  0x1c, 0x27, 0x1a, 0x06, 0x07, 0x17, 0x10, 0x09, 0x0c, 0x50, 0x32, 0x24,
  0x27, 0x0b, 0x1f, 0x27, 0x1e, 0x14, 0x10, 0x11, 0x1a, 0x11, 0x10, 0x02,
  0x00, 0x02, 0x00, 0x00, 0x00, 0x00, 0x03, 0xc2, 0x03, 0x6e, 0x00, 0x29,
  0x00, 0x60, 0x00, 0x00, 0x01, 0x0e, 0x01, 0x0f, 0x01, 0x27, 0x26, 0x27,
  0x26, 0x27, 0x26, 0x06, 0x07, 0x06, 0x07, 0x06, 0x07, 0x06, 0x17, 0x1e,
  0x01, 0x17, 0x1e, 0x01, 0x17, 0x16, 0x32, 0x37, 0x3e, 0x01, 0x37, 0x3e,
  0x01, 0x37, 0x3e, 0x01, 0x27, 0x2e, 0x01, 0x27, 0x2e, 0x01, 0x17, 0x1e,
  0x01, 0x17, 0x1e, 0x01, 0x17, 0x16, 0x14, 0x07, 0x06, 0x07, 0x0e, 0x01,
  0x0f, 0x01, 0x06, 0x07, 0x06, 0x2b, 0x01, 0x22, 0x27, 0x26, 0x27, 0x26,
  0x2f, 0x01, 0x2e, 0x01, 0x27, 0x2e, 0x01, 0x27, 0x26, 0x34, 0x37, 0x3e,
  0x01, 0x37, 0x36, 0x37, 0x36, 0x1e, 0x01, 0x17, 0x1e, 0x01, 0x32, 0x36,
  0x37, 0x3e, 0x01, 0x37, 0x36, 0x02, 0x9e, 0x2e, 0x56, 0x20, 0x06, 0x08,
  0x1d, 0x22, 0x25, 0x2c, 0x0c, 0x32, 0x0d, 0x59, 0x3e, 0x48, 0x07, 0x06,
  0x22, 0x0e, 0x23, 0x1f, 0x0f, 0xfc, 0x08, 0x20, 0x54, 0x20, 0x08, 0xfd,
  0x0f, 0x1e, 0x23, 0x0e, 0x19, 0x07, 0x11, 0x0e, 0x3c, 0x28, 0x23, 0x55,
  0x0b, 0x17, 0x31, 0x13, 0x16, 0x21, 0x05, 0x02, 0x02, 0x0a, 0x2b, 0x15,
  0x35, 0x69, 0x5d, 0x16, 0x09, 0x06, 0x08, 0x04, 0x08, 0x07, 0x08, 0x17,
  0x11, 0x3c, 0x0f, 0x5c, 0x35, 0x10, 0x1f, 0x22, 0x06, 0x02, 0x02, 0x08,
  0x38, 0x27, 0x24, 0x26, 0x1d, 0x34, 0x29, 0x16, 0x0f, 0x14, 0x20, 0x15,
  0x0f, 0x16, 0x28, 0x1a, 0x28, 0x03, 0x6b, 0x03, 0x25, 0x1e, 0x05, 0x07,
  0x19, 0x10, 0x12, 0x07, 0x02, 0x01, 0x02, 0x0e, 0x3e, 0x48, 0x65, 0x46,
  0x45, 0x1b, 0x31, 0x21, 0x11, 0xf4, 0x06, 0x18, 0x18, 0x06, 0xf6, 0x0f,
  0x21, 0x31, 0x1b, 0x32, 0x69, 0x34, 0x2c, 0x4c, 0x18, 0x16, 0x15, 0x59,
  0x04, 0x17, 0x10, 0x13, 0x3a, 0x1e, 0x0d, 0x29, 0x0c, 0x34, 0x36, 0x1a,
  0x35, 0x66, 0x59, 0x15, 0x05, 0x04, 0x04, 0x05, 0x16, 0x0f, 0x3a, 0x0f,
  0x59, 0x34, 0x13, 0x23, 0x3c, 0x20, 0x0c, 0x28, 0x0c, 0x2c, 0x4a, 0x12,
  0x10, 0x02, 0x01, 0x0e, 0x18, 0x15, 0x0e, 0x0a, 0x0a, 0x0f, 0x15, 0x18,
  0x07, 0x0b, 0x00, 0x03, 0x00, 0x00, 0x00, 0x00, 0x03, 0x94, 0x03, 0xc2,
  0x00, 0x29, 0x00, 0x62, 0x00, 0x67, 0x00, 0x00, 0x01, 0x06, 0x07, 0x06,
  0x0f, 0x01, 0x06, 0x07, 0x06, 0x07, 0x15, 0x06, 0x0f, 0x01, 0x13, 0x14,
  0x17, 0x1e, 0x01, 0x17, 0x16, 0x33, 0x05, 0x25, 0x32, 0x37, 0x3e, 0x01,
  0x37, 0x36, 0x35, 0x13, 0x27, 0x26, 0x27, 0x35, 0x26, 0x27, 0x26, 0x27,
  0x25, 0x26, 0x07, 0x16, 0x04, 0x1f, 0x01, 0x16, 0x17, 0x16, 0x17, 0x11,
  0x07, 0x06, 0x07, 0x06, 0x2b, 0x01, 0x11, 0x34, 0x27, 0x26, 0x2f, 0x01,
  0x2e, 0x01, 0x27, 0x26, 0x2b, 0x02, 0x22, 0x07, 0x0e, 0x01, 0x0f, 0x01,
  0x06, 0x07, 0x06, 0x15, 0x11, 0x23, 0x22, 0x27, 0x26, 0x2f, 0x01, 0x11,
  0x36, 0x37, 0x36, 0x3f, 0x01, 0x36, 0x24, 0x37, 0x3e, 0x01, 0x13, 0x15,
  0x23, 0x11, 0x33, 0x01, 0xe7, 0x22, 0x1b, 0x09, 0x95, 0x73, 0x20, 0x0a,
  0x08, 0x06, 0x06, 0x03, 0x04, 0x01, 0x02, 0x0a, 0x2f, 0x23, 0x06, 0x2d,
  0x01, 0x0e, 0x01, 0x0e, 0x2d, 0x06, 0x23, 0x2f, 0x0a, 0x02, 0x01, 0x04,
  0x03, 0x06, 0x06, 0x07, 0x0a, 0x20, 0xfe, 0xf2, 0x26, 0x16, 0x06, 0x01,
  0x23, 0x08, 0x02, 0x05, 0x01, 0x01, 0x01, 0x03, 0x0a, 0x15, 0x07, 0x3f,
  0x3f, 0x02, 0x01, 0x04, 0x02, 0x07, 0x1d, 0x11, 0x07, 0x0f, 0x52, 0x52,
  0x0f, 0x07, 0x11, 0x1d, 0x07, 0x02, 0x04, 0x01, 0x02, 0x3f, 0x3f, 0x07,
  0x15, 0x0a, 0x03, 0x01, 0x02, 0x01, 0x05, 0x04, 0x06, 0x01, 0x1e, 0x06,
  0x08, 0x17, 0x4b, 0xa8, 0xa8, 0x03, 0xbd, 0x02, 0x15, 0x07, 0x80, 0x63,
  0x1c, 0x0c, 0x08, 0x0c, 0x01, 0x0b, 0x0b, 0x0b, 0xfe, 0x7a, 0x1f, 0x06,
  0x23, 0x2f, 0x0a, 0x02, 0x01, 0x01, 0x02, 0x0a, 0x2f, 0x23, 0x06, 0x1f,
  0x01, 0x86, 0x0b, 0x0b, 0x0b, 0x01, 0x0c, 0x08, 0x0c, 0x1b, 0xe8, 0x1f,
  0x5c, 0x03, 0xf8, 0x09, 0x02, 0x05, 0x07, 0x09, 0x21, 0xfe, 0x9d, 0x07,
  0x14, 0x04, 0x02, 0x01, 0x12, 0x1c, 0x0a, 0x07, 0x08, 0x03, 0x10, 0x16,
  0x05, 0x02, 0x02, 0x05, 0x16, 0x10, 0x03, 0x08, 0x07, 0x0a, 0x1c, 0xfe,
  0xee, 0x02, 0x04, 0x14, 0x07, 0x01, 0x65, 0x20, 0x0a, 0x07, 0x04, 0x04,
  0x06, 0xf5, 0x04, 0x06, 0x01, 0xfd, 0xce, 0x93, 0x01, 0x25, 0x00, 0x04,
  0x00, 0x00, 0x00, 0x00, 0x03, 0xc5, 0x03, 0xc1, 0x00, 0x1d, 0x00, 0x40,
  0x00, 0x4e, 0x00, 0x62, 0x00, 0x00, 0x01, 0x0e, 0x02, 0x07, 0x06, 0x07,
  0x06, 0x14, 0x17, 0x16, 0x17, 0x1e, 0x01, 0x17, 0x16, 0x33, 0x32, 0x36,
  0x37, 0x3e, 0x01, 0x37, 0x36, 0x26, 0x27, 0x2e, 0x01, 0x27, 0x26, 0x07,
  0x1e, 0x01, 0x17, 0x16, 0x17, 0x16, 0x14, 0x07, 0x0e, 0x01, 0x07, 0x0e,
  0x01, 0x07, 0x06, 0x22, 0x27, 0x2e, 0x01, 0x27, 0x26, 0x27, 0x26, 0x34,
  0x37, 0x3e, 0x01, 0x37, 0x3e, 0x01, 0x3f, 0x01, 0x36, 0x16, 0x07, 0x06,
  0x07, 0x06, 0x16, 0x17, 0x16, 0x33, 0x32, 0x37, 0x36, 0x37, 0x36, 0x26,
  0x07, 0x06, 0x0f, 0x01, 0x15, 0x14, 0x1e, 0x02, 0x32, 0x3e, 0x02, 0x3d,
  0x01, 0x27, 0x26, 0x27, 0x2e, 0x01, 0x01, 0xde, 0x53, 0x98, 0x78, 0x24,
  0x23, 0x08, 0x02, 0x02, 0x08, 0x23, 0x2f, 0xb1, 0x6c, 0x26, 0x2b, 0x36,
  0x61, 0x30, 0x5a, 0x81, 0x19, 0x15, 0x10, 0x23, 0x2a, 0x93, 0x5c, 0x48,
  0x0d, 0x4d, 0x83, 0x2e, 0x3b, 0x0d, 0x01, 0x01, 0x0a, 0x53, 0x44, 0x22,
  0x52, 0x2c, 0x12, 0x44, 0x12, 0x4d, 0x7e, 0x2e, 0x3b, 0x0d, 0x01, 0x01,
  0x0a, 0x4c, 0x40, 0x27, 0x5f, 0x2f, 0x12, 0x07, 0x36, 0x2c, 0x0d, 0x0a,
  0x0f, 0x08, 0x13, 0x07, 0x0b, 0x12, 0x0c, 0x09, 0x02, 0x04, 0x1e, 0x1a,
  0x12, 0x09, 0x03, 0x05, 0x0c, 0x0f, 0x12, 0x0f, 0x0c, 0x05, 0x03, 0x07,
  0x0d, 0x06, 0x14, 0x03, 0xbd, 0x03, 0x42, 0x73, 0x4b, 0x48, 0x52, 0x0e,
  0x3c, 0x0e, 0x52, 0x48, 0x64, 0x86, 0x13, 0x07, 0x16, 0x17, 0x2c, 0x9b,
  0x61, 0x50, 0xa2, 0x4a, 0x56, 0x7e, 0x1c, 0x16, 0x59, 0x0a, 0x4d, 0x3e,
  0x4f, 0x67, 0x0c, 0x3a, 0x0c, 0x53, 0x8a, 0x2f, 0x18, 0x20, 0x06, 0x03,
  0x03, 0x0b, 0x4c, 0x3d, 0x4f, 0x67, 0x0c, 0x3a, 0x0c, 0x50, 0x85, 0x2f,
  0x1d, 0x26, 0x04, 0x02, 0x01, 0x02, 0xa6, 0x02, 0x0a, 0x0f, 0x2a, 0x09,
  0x03, 0x0c, 0x09, 0x0d, 0x15, 0x1e, 0xab, 0x06, 0x10, 0x06, 0xb0, 0x0d,
  0x0c, 0x0c, 0x07, 0x07, 0x0c, 0x0c, 0x0d, 0xb0, 0x06, 0x0d, 0x06, 0x03,
  0x01, 0x00, 0x00, 0x03, 0x00, 0x00, 0x00, 0x00, 0x03, 0x18, 0x03, 0xc2,
  0x00, 0x4e, 0x00, 0x63, 0x00, 0x77, 0x00, 0x00, 0x01, 0x06, 0x07, 0x0e,
  0x01, 0x07, 0x0e, 0x02, 0x16, 0x17, 0x1e, 0x01, 0x17, 0x1e, 0x01, 0x17,
  0x1e, 0x01, 0x17, 0x1e, 0x01, 0x37, 0x3e, 0x01, 0x37, 0x36, 0x27, 0x2e,
  0x01, 0x27, 0x2e, 0x01, 0x27, 0x26, 0x37, 0x36, 0x37, 0x36, 0x32, 0x17,
  0x1e, 0x01, 0x17, 0x1e, 0x01, 0x07, 0x0e, 0x01, 0x07, 0x0e, 0x01, 0x07,
  0x06, 0x17, 0x1e, 0x01, 0x37, 0x3e, 0x01, 0x37, 0x3e, 0x01, 0x37, 0x3e,
  0x01, 0x37, 0x36, 0x37, 0x36, 0x34, 0x27, 0x2e, 0x01, 0x27, 0x26, 0x27,
  0x26, 0x07, 0x03, 0x0e, 0x02, 0x14, 0x1e, 0x01, 0x1f, 0x01, 0x21, 0x37,
  0x3e, 0x02, 0x34, 0x27, 0x26, 0x2f, 0x01, 0x23, 0x22, 0x17, 0x0e, 0x01,
  0x07, 0x06, 0x16, 0x17, 0x16, 0x17, 0x16, 0x32, 0x37, 0x36, 0x37, 0x36,
  0x26, 0x2f, 0x02, 0x22, 0x01, 0xe3, 0x26, 0x26, 0x37, 0x58, 0x19, 0x0f,
  0x0e, 0x02, 0x0b, 0x0d, 0x09, 0x17, 0x12, 0x17, 0x16, 0x06, 0x03, 0x06,
  0x05, 0x0a, 0x19, 0x0d, 0x05, 0x0b, 0x03, 0x06, 0x0d, 0x09, 0x1c, 0x17,
  0x1d, 0x17, 0x02, 0x06, 0x41, 0x30, 0x45, 0x0a, 0x2a, 0x0a, 0x2e, 0x4c,
  0x18, 0x18, 0x0b, 0x0e, 0x06, 0x13, 0x12, 0x1e, 0x1f, 0x08, 0x07, 0x10,
  0x0b, 0x22, 0x0d, 0x06, 0x05, 0x03, 0x06, 0x16, 0x18, 0x11, 0x13, 0x09,
  0x14, 0x05, 0x02, 0x03, 0x0b, 0x42, 0x34, 0x0c, 0x12, 0x44, 0x4f, 0x76,
  0x08, 0x0f, 0x07, 0x06, 0x0c, 0x05, 0x06, 0x01, 0x12, 0x06, 0x05, 0x0c,
  0x06, 0x03, 0x07, 0x0d, 0x06, 0x87, 0x87, 0x28, 0x06, 0x0e, 0x03, 0x0a,
  0x02, 0x0c, 0x09, 0x0c, 0x08, 0xa6, 0x08, 0x0c, 0x09, 0x10, 0x08, 0x15,
  0x06, 0x5a, 0x5b, 0x03, 0xbd, 0x02, 0x0c, 0x12, 0x4e, 0x33, 0x1f, 0x38,
  0x44, 0x34, 0x1b, 0x13, 0x20, 0x13, 0x17, 0x24, 0x14, 0x0c, 0x0a, 0x05,
  0x09, 0x03, 0x06, 0x03, 0x0d, 0x06, 0x12, 0x23, 0x17, 0x2a, 0x19, 0x1f,
  0x2e, 0x1e, 0x5d, 0x43, 0x32, 0x0b, 0x01, 0x01, 0x08, 0x32, 0x28, 0x25,
  0x5a, 0x26, 0x11, 0x1b, 0x13, 0x1f, 0x34, 0x1e, 0x1c, 0x11, 0x0d, 0x02,
  0x0c, 0x05, 0x0a, 0x0d, 0x16, 0x20, 0x1a, 0x11, 0x1a, 0x10, 0x26, 0x2a,
  0x0e, 0x34, 0x0e, 0x3e, 0x66, 0x22, 0x08, 0x09, 0x22, 0x05, 0xfd, 0x65,
  0x02, 0x0d, 0x0d, 0x18, 0x0b, 0x0c, 0x03, 0x03, 0x03, 0x03, 0x0c, 0x0b,
  0x18, 0x06, 0x0c, 0x07, 0x04, 0xa7, 0x02, 0x09, 0x05, 0x0c, 0x1f, 0x0b,
  0x09, 0x02, 0x02, 0x02, 0x02, 0x09, 0x10, 0x2a, 0x0a, 0x02, 0x01, 0x00,
  0x00, 0x06, 0x00, 0x00, 0x00, 0x00, 0x03, 0x98, 0x03, 0x44, 0x00, 0x0d,
  0x00, 0x1f, 0x00, 0x2d, 0x00, 0x41, 0x00, 0x4e, 0x00, 0x60, 0x00, 0x00,
  0x13, 0x06, 0x07, 0x06, 0x16, 0x17, 0x16, 0x33, 0x32, 0x37, 0x36, 0x37,
  0x36, 0x26, 0x17, 0x0e, 0x01, 0x17, 0x1e, 0x02, 0x1f, 0x01, 0x21, 0x37,
  0x3e, 0x01, 0x27, 0x26, 0x27, 0x26, 0x20, 0x03, 0x06, 0x07, 0x06, 0x14,
  0x16, 0x17, 0x1e, 0x01, 0x36, 0x34, 0x26, 0x27, 0x22, 0x17, 0x0e, 0x01,
  0x17, 0x1e, 0x01, 0x1f, 0x01, 0x21, 0x37, 0x3e, 0x02, 0x34, 0x27, 0x26,
  0x2f, 0x01, 0x21, 0x20, 0x03, 0x0e, 0x01, 0x07, 0x06, 0x1e, 0x01, 0x36,
  0x27, 0x26, 0x27, 0x2e, 0x01, 0x17, 0x06, 0x07, 0x0e, 0x01, 0x16, 0x17,
  0x16, 0x25, 0x21, 0x37, 0x3e, 0x01, 0x26, 0x2f, 0x01, 0x25, 0x20, 0x76,
  0x0d, 0x0a, 0x0f, 0x08, 0x13, 0x07, 0x0b, 0x12, 0x0c, 0x09, 0x02, 0x04,
  0x1e, 0xbb, 0x11, 0x15, 0x04, 0x01, 0x05, 0x0b, 0x06, 0x07, 0x02, 0x33,
  0x07, 0x13, 0x08, 0x0f, 0x0a, 0x0e, 0x07, 0xfd, 0xe4, 0xdc, 0x12, 0x09,
  0x03, 0x05, 0x07, 0x0b, 0x23, 0x19, 0x18, 0x10, 0x0a, 0xcb, 0x11, 0x0f,
  0x07, 0x04, 0x0c, 0x07, 0x07, 0x02, 0x32, 0x06, 0x05, 0x0c, 0x06, 0x03,
  0x07, 0x0d, 0x06, 0xfe, 0xe7, 0xfe, 0xe6, 0xd1, 0x09, 0x10, 0x04, 0x07,
  0x14, 0x28, 0x1f, 0x04, 0x02, 0x09, 0x08, 0x15, 0xc5, 0x0a, 0x09, 0x0c,
  0x01, 0x13, 0x10, 0x07, 0x01, 0x14, 0x01, 0x13, 0x08, 0x0f, 0x0c, 0x0b,
  0x0f, 0x07, 0xfe, 0xe9, 0xfe, 0xe9, 0x03, 0x40, 0x02, 0x0a, 0x0f, 0x2a,
  0x09, 0x03, 0x0c, 0x09, 0x0c, 0x16, 0x1e, 0x03, 0x03, 0x1d, 0x11, 0x07,
  0x0a, 0x0a, 0x03, 0x03, 0x03, 0x09, 0x2a, 0x0f, 0x0a, 0x02, 0x02, 0xfe,
  0xda, 0x06, 0x10, 0x06, 0x16, 0x0c, 0x07, 0x0b, 0x02, 0x19, 0x22, 0x17,
  0x01, 0x02, 0x06, 0x22, 0x10, 0x07, 0x0c, 0x03, 0x02, 0x03, 0x03, 0x0c,
  0x0b, 0x18, 0x06, 0x0c, 0x07, 0x04, 0xfe, 0xdc, 0x02, 0x0f, 0x09, 0x12,
  0x22, 0x07, 0x1e, 0x15, 0x0d, 0x09, 0x08, 0x06, 0x02, 0x03, 0x09, 0x0b,
  0x1f, 0x19, 0x03, 0x01, 0x01, 0x03, 0x08, 0x1e, 0x1e, 0x08, 0x03, 0x01,
  0x00, 0x02, 0x00, 0x00, 0x00, 0x00, 0x03, 0x94, 0x03, 0xc1, 0x00, 0x46,
  0x00, 0x67, 0x00, 0x00, 0x01, 0x06, 0x07, 0x0e, 0x01, 0x07, 0x0e, 0x01,
  0x1d, 0x01, 0x23, 0x22, 0x06, 0x07, 0x0e, 0x01, 0x0f, 0x01, 0x11, 0x17,
  0x1e, 0x01, 0x17, 0x16, 0x20, 0x37, 0x36, 0x37, 0x3e, 0x01, 0x3f, 0x01,
  0x11, 0x27, 0x2e, 0x01, 0x27, 0x26, 0x27, 0x26, 0x2b, 0x01, 0x35, 0x34,
  0x37, 0x3e, 0x01, 0x37, 0x3e, 0x01, 0x32, 0x16, 0x17, 0x1e, 0x01, 0x17,
  0x16, 0x17, 0x1e, 0x03, 0x17, 0x16, 0x3e, 0x01, 0x27, 0x2e, 0x01, 0x27,
  0x26, 0x01, 0x1e, 0x03, 0x07, 0x15, 0x14, 0x07, 0x06, 0x0f, 0x01, 0x06,
  0x0f, 0x01, 0x21, 0x27, 0x26, 0x2f, 0x01, 0x26, 0x27, 0x26, 0x3d, 0x01,
  0x26, 0x37, 0x3e, 0x01, 0x37, 0x36, 0x21, 0x05, 0x01, 0xe3, 0x14, 0x18,
  0x3e, 0x5f, 0x13, 0x09, 0x04, 0x13, 0x1d, 0x21, 0x10, 0x17, 0x22, 0x08,
  0x04, 0x04, 0x0b, 0x3a, 0x26, 0x0a, 0x02, 0x4e, 0x0a, 0x16, 0x14, 0x17,
  0x22, 0x08, 0x04, 0x04, 0x08, 0x22, 0x17, 0x15, 0x18, 0x0e, 0xe3, 0xe3,
  0x02, 0x07, 0x3d, 0x2c, 0x0e, 0x15, 0x22, 0x13, 0x0f, 0x1e, 0x31, 0x10,
  0x0a, 0x06, 0x03, 0x05, 0x0c, 0x0b, 0x09, 0x13, 0x18, 0x01, 0x0a, 0x16,
  0x63, 0x40, 0x22, 0x01, 0x24, 0x06, 0x0b, 0x05, 0x03, 0x01, 0x02, 0x01,
  0x04, 0x01, 0x08, 0x0b, 0x07, 0xfd, 0xaa, 0x07, 0x0b, 0x08, 0x01, 0x04,
  0x01, 0x02, 0x01, 0x02, 0x01, 0x11, 0x0c, 0x05, 0x01, 0x2b, 0x01, 0x2c,
  0x03, 0xbe, 0x01, 0x06, 0x10, 0x58, 0x3d, 0x1a, 0x2c, 0x40, 0x44, 0x06,
  0x08, 0x0c, 0x28, 0x1a, 0x0b, 0xfe, 0xaf, 0x0b, 0x25, 0x31, 0x04, 0x02,
  0x02, 0x02, 0x0a, 0x0b, 0x29, 0x1a, 0x0b, 0x01, 0x51, 0x0b, 0x1a, 0x28,
  0x0c, 0x0a, 0x02, 0x02, 0x45, 0x46, 0x0b, 0x2f, 0x47, 0x0f, 0x04, 0x03,
  0x02, 0x05, 0x0a, 0x28, 0x1c, 0x12, 0x18, 0x0c, 0x0a, 0x0b, 0x04, 0x01,
  0x01, 0x18, 0x1e, 0x1d, 0x3e, 0x57, 0x0d, 0x07, 0xfe, 0x30, 0x03, 0x0b,
  0x0b, 0x11, 0x94, 0x75, 0x1a, 0x09, 0x06, 0x04, 0x02, 0x09, 0x05, 0x03,
  0x03, 0x04, 0x0a, 0x02, 0x05, 0x05, 0x09, 0x1a, 0x76, 0x95, 0x08, 0x0d,
  0x13, 0x03, 0x01, 0x01, 0x00, 0x03, 0x00, 0x00, 0x00, 0x00, 0x03, 0x94,
  0x03, 0xc2, 0x00, 0x31, 0x00, 0x45, 0x00, 0x66, 0x00, 0x00, 0x01, 0x0e,
  0x02, 0x07, 0x15, 0x0e, 0x01, 0x07, 0x15, 0x23, 0x22, 0x06, 0x07, 0x0e,
  0x01, 0x0f, 0x01, 0x11, 0x17, 0x1e, 0x01, 0x17, 0x16, 0x20, 0x37, 0x36,
  0x37, 0x3e, 0x01, 0x3f, 0x01, 0x11, 0x27, 0x2e, 0x01, 0x27, 0x2e, 0x01,
  0x2b, 0x01, 0x35, 0x2e, 0x01, 0x27, 0x35, 0x2e, 0x01, 0x27, 0x26, 0x07,
  0x16, 0x17, 0x16, 0x17, 0x1e, 0x01, 0x1d, 0x01, 0x21, 0x35, 0x34, 0x36,
  0x37, 0x31, 0x3e, 0x01, 0x37, 0x36, 0x16, 0x01, 0x1e, 0x03, 0x07, 0x15,
  0x14, 0x07, 0x06, 0x0f, 0x01, 0x06, 0x0f, 0x01, 0x21, 0x27, 0x26, 0x2f,
  0x01, 0x26, 0x27, 0x26, 0x3d, 0x01, 0x26, 0x37, 0x3e, 0x01, 0x37, 0x36,
  0x21, 0x05, 0x01, 0xe4, 0x34, 0x5e, 0x43, 0x0d, 0x05, 0x02, 0x01, 0x13,
  0x1d, 0x21, 0x10, 0x17, 0x22, 0x08, 0x04, 0x04, 0x0b, 0x3a, 0x26, 0x0a,
  0x02, 0x4e, 0x0a, 0x16, 0x14, 0x17, 0x22, 0x08, 0x04, 0x04, 0x08, 0x22,
  0x17, 0x10, 0x21, 0x1d, 0x13, 0x01, 0x02, 0x05, 0x0d, 0x45, 0x30, 0x3b,
  0x13, 0x36, 0x25, 0x1a, 0x0a, 0x04, 0x01, 0xfe, 0xb4, 0x02, 0x06, 0x10,
  0x4b, 0x30, 0x0a, 0x20, 0x01, 0x1e, 0x06, 0x0b, 0x05, 0x03, 0x01, 0x02,
  0x01, 0x04, 0x01, 0x08, 0x0b, 0x07, 0xfd, 0xaa, 0x07, 0x0b, 0x08, 0x01,
  0x04, 0x01, 0x02, 0x01, 0x02, 0x01, 0x11, 0x0c, 0x05, 0x01, 0x2b, 0x01,
  0x2c, 0x03, 0xbd, 0x02, 0x32, 0x52, 0x33, 0x01, 0x15, 0x1b, 0x3c, 0x4f,
  0x06, 0x08, 0x0c, 0x28, 0x1a, 0x0b, 0xfe, 0xaf, 0x0b, 0x25, 0x31, 0x04,
  0x02, 0x02, 0x02, 0x0a, 0x0b, 0x29, 0x1a, 0x0b, 0x01, 0x51, 0x0b, 0x1a,
  0x28, 0x0c, 0x08, 0x06, 0x51, 0x3a, 0x1b, 0x14, 0x02, 0x33, 0x54, 0x19,
  0x1d, 0x5a, 0x0b, 0x2a, 0x1d, 0x25, 0x0e, 0x1f, 0x36, 0x45, 0x4c, 0x3b,
  0x1a, 0x10, 0x2e, 0x3d, 0x06, 0x01, 0x02, 0xfe, 0x87, 0x03, 0x0b, 0x0b,
  0x11, 0x94, 0x75, 0x1a, 0x09, 0x06, 0x04, 0x02, 0x09, 0x05, 0x03, 0x03,
  0x04, 0x0a, 0x02, 0x05, 0x05, 0x09, 0x1a, 0x76, 0x95, 0x08, 0x0d, 0x13,
  0x03, 0x01, 0x01, 0x00, 0x00, 0x03, 0x00, 0x00, 0x00, 0x00, 0x03, 0x42,
  0x03, 0xbe, 0x00, 0x22, 0x00, 0x3e, 0x00, 0x8e, 0x00, 0x00, 0x01, 0x0e,
  0x01, 0x07, 0x06, 0x07, 0x06, 0x15, 0x03, 0x17, 0x16, 0x17, 0x16, 0x17,
  0x1e, 0x01, 0x33, 0x32, 0x36, 0x37, 0x3e, 0x01, 0x37, 0x36, 0x3f, 0x01,
  0x11, 0x34, 0x27, 0x26, 0x2f, 0x01, 0x2e, 0x01, 0x27, 0x17, 0x1e, 0x01,
  0x17, 0x1e, 0x01, 0x07, 0x15, 0x06, 0x07, 0x0e, 0x01, 0x07, 0x06, 0x22,
  0x27, 0x2e, 0x01, 0x27, 0x26, 0x27, 0x35, 0x26, 0x37, 0x36, 0x37, 0x3e,
  0x01, 0x05, 0x06, 0x07, 0x0e, 0x01, 0x15, 0x06, 0x17, 0x14, 0x16, 0x17,
  0x1e, 0x01, 0x17, 0x1e, 0x01, 0x17, 0x16, 0x1f, 0x02, 0x14, 0x17, 0x14,
  0x16, 0x1f, 0x01, 0x16, 0x32, 0x3f, 0x01, 0x3e, 0x01, 0x35, 0x36, 0x35,
  0x3f, 0x01, 0x32, 0x37, 0x3e, 0x01, 0x37, 0x36, 0x37, 0x36, 0x35, 0x36,
  0x27, 0x34, 0x26, 0x27, 0x26, 0x06, 0x07, 0x0e, 0x01, 0x15, 0x14, 0x06,
  0x07, 0x0e, 0x01, 0x07, 0x06, 0x07, 0x06, 0x22, 0x27, 0x26, 0x27, 0x26,
  0x27, 0x26, 0x35, 0x34, 0x26, 0x27, 0x2e, 0x01, 0x01, 0xed, 0x2e, 0x4d,
  0x13, 0x0a, 0x04, 0x02, 0x01, 0x03, 0x0e, 0x28, 0x1f, 0x2a, 0x08, 0x0c,
  0x10, 0x14, 0x16, 0x10, 0x21, 0x34, 0x0d, 0x03, 0x03, 0x04, 0x02, 0x01,
  0x04, 0x01, 0x11, 0x51, 0x35, 0x0a, 0x15, 0x22, 0x06, 0x03, 0x03, 0x01,
  0x01, 0x01, 0x06, 0x21, 0x15, 0x08, 0x1a, 0x08, 0x16, 0x20, 0x06, 0x01,
  0x01, 0x01, 0x01, 0x03, 0x0b, 0x0e, 0x2f, 0xfe, 0xda, 0x0a, 0x09, 0x07,
  0x05, 0x01, 0x01, 0x02, 0x05, 0x07, 0x1f, 0x16, 0x21, 0x5a, 0x34, 0x1d,
  0x10, 0x04, 0x01, 0x01, 0x04, 0x06, 0x01, 0x0c, 0x22, 0x0c, 0x01, 0x06,
  0x04, 0x01, 0x01, 0x04, 0x03, 0x0d, 0x4c, 0x7b, 0x23, 0x1a, 0x09, 0x02,
  0x01, 0x01, 0x05, 0x07, 0x0d, 0x26, 0x0b, 0x07, 0x02, 0x02, 0x03, 0x06,
  0x1b, 0x14, 0x23, 0x31, 0x33, 0x72, 0x34, 0x23, 0x1c, 0x44, 0x09, 0x01,
  0x02, 0x05, 0x07, 0x1a, 0x03, 0xbe, 0x02, 0x33, 0x29, 0x14, 0x13, 0x07,
  0x1b, 0xfe, 0xc5, 0x0c, 0x38, 0x22, 0x1a, 0x0b, 0x02, 0x01, 0x04, 0x06,
  0x0c, 0x33, 0x22, 0x09, 0x0c, 0x0c, 0x01, 0x29, 0x23, 0x0e, 0x09, 0x0c,
  0x02, 0x32, 0x3e, 0x03, 0x55, 0x04, 0x1e, 0x13, 0x09, 0x19, 0x95, 0x7f,
  0x1a, 0x05, 0x15, 0x21, 0x06, 0x02, 0x02, 0x06, 0x21, 0x15, 0x05, 0x1a,
  0x7f, 0x95, 0x0d, 0x16, 0x11, 0x15, 0x13, 0xfe, 0x03, 0x09, 0x06, 0x0d,
  0x10, 0x0d, 0x25, 0x2c, 0x1e, 0x16, 0x22, 0x45, 0x1d, 0x2b, 0x3e, 0x0f,
  0x08, 0x01, 0x01, 0x32, 0x1e, 0x08, 0x0c, 0x08, 0x06, 0x01, 0x0c, 0x0c,
  0x01, 0x06, 0x08, 0x0c, 0x08, 0x1e, 0x32, 0x01, 0x03, 0x0e, 0x5c, 0x44,
  0x33, 0x3b, 0x0e, 0x37, 0x26, 0x0c, 0x11, 0x0d, 0x06, 0x0e, 0x03, 0x0f,
  0x08, 0x13, 0x29, 0x27, 0x22, 0x11, 0x1c, 0x3a, 0x17, 0x2b, 0x17, 0x19,
  0x19, 0x11, 0x1b, 0x41, 0x5d, 0x0e, 0x31, 0x29, 0x12, 0x08, 0x0a, 0x0a,
  0x00, 0x02, 0x00, 0x00, 0x00, 0x00, 0x03, 0x96, 0x03, 0x95, 0x00, 0x35,
  0x00, 0x5e, 0x00, 0x00, 0x01, 0x06, 0x07, 0x0e, 0x01, 0x07, 0x06, 0x16,
  0x17, 0x1e, 0x01, 0x17, 0x1e, 0x01, 0x17, 0x1e, 0x01, 0x33, 0x32, 0x36,
  0x37, 0x36, 0x37, 0x36, 0x37, 0x36, 0x37, 0x36, 0x26, 0x23, 0x22, 0x06,
  0x07, 0x06, 0x07, 0x06, 0x07, 0x06, 0x26, 0x27, 0x2e, 0x01, 0x35, 0x34,
  0x36, 0x37, 0x3e, 0x01, 0x34, 0x27, 0x2e, 0x01, 0x27, 0x26, 0x07, 0x06,
  0x07, 0x06, 0x17, 0x16, 0x17, 0x16, 0x17, 0x16, 0x32, 0x37, 0x3e, 0x01,
  0x3f, 0x01, 0x15, 0x16, 0x06, 0x07, 0x0e, 0x01, 0x07, 0x0e, 0x02, 0x27,
  0x2e, 0x01, 0x27, 0x26, 0x34, 0x37, 0x3e, 0x01, 0x37, 0x3e, 0x01, 0x33,
  0x32, 0x30, 0x01, 0xd5, 0x50, 0x48, 0x63, 0x7a, 0x0b, 0x02, 0x02, 0x02,
  0x0c, 0x48, 0x39, 0x28, 0x60, 0x33, 0x19, 0x1d, 0x20, 0x1a, 0x14, 0x0c,
  0x8c, 0x60, 0x44, 0x1e, 0x13, 0x04, 0x02, 0x26, 0x1b, 0x0a, 0x10, 0x0c,
  0x0f, 0x04, 0x28, 0x26, 0x3d, 0x6b, 0x1b, 0x0c, 0x0a, 0x0d, 0x10, 0x06,
  0x05, 0x02, 0x04, 0x1b, 0x11, 0x09, 0x29, 0x02, 0x05, 0x1e, 0x16, 0x13,
  0x3a, 0x44, 0x64, 0x0e, 0x2e, 0x0f, 0x12, 0x2c, 0x0e, 0x05, 0x01, 0x0b,
  0x03, 0x09, 0x1d, 0x0f, 0x2a, 0x76, 0x84, 0x41, 0x4a, 0x71, 0x1c, 0x16,
  0x17, 0x19, 0x61, 0x40, 0x0e, 0x2a, 0x07, 0x03, 0x03, 0x93, 0x06, 0x23,
  0x30, 0xb2, 0x6e, 0x10, 0x41, 0x10, 0x4d, 0x82, 0x32, 0x22, 0x30, 0x0a,
  0x05, 0x03, 0x01, 0x02, 0x16, 0x61, 0x44, 0x57, 0x39, 0x37, 0x1f, 0x25,
  0x05, 0x07, 0x08, 0x02, 0x11, 0x02, 0x02, 0x3e, 0x37, 0x17, 0x2c, 0x1b,
  0x1e, 0x31, 0x1c, 0x0b, 0x0f, 0x14, 0x08, 0x11, 0x19, 0x03, 0x01, 0x5c,
  0x04, 0x0c, 0x55, 0x55, 0x4e, 0x39, 0x45, 0x0f, 0x02, 0x02, 0x03, 0x0c,
  0x06, 0x02, 0x03, 0x03, 0x26, 0x0b, 0x17, 0x34, 0x13, 0x35, 0x40, 0x0f,
  0x14, 0x16, 0x68, 0x48, 0x3a, 0x80, 0x39, 0x40, 0x61, 0x1a, 0x06, 0x0c,
  0x00, 0x03, 0x00, 0x00, 0x00, 0x00, 0x03, 0x95, 0x03, 0x95, 0x00, 0x4f,
  0x00, 0x62, 0x00, 0x79, 0x00, 0x00, 0x01, 0x0e, 0x03, 0x1d, 0x01, 0x14,
  0x23, 0x27, 0x26, 0x27, 0x26, 0x23, 0x22, 0x06, 0x07, 0x0e, 0x01, 0x07,
  0x0e, 0x01, 0x14, 0x16, 0x17, 0x1e, 0x01, 0x17, 0x1e, 0x01, 0x33, 0x32,
  0x36, 0x37, 0x36, 0x37, 0x3e, 0x01, 0x3f, 0x01, 0x11, 0x3f, 0x01, 0x32,
  0x15, 0x16, 0x15, 0x11, 0x27, 0x2e, 0x01, 0x22, 0x07, 0x0e, 0x01, 0x07,
  0x06, 0x07, 0x06, 0x17, 0x1e, 0x02, 0x3e, 0x01, 0x3f, 0x01, 0x36, 0x37,
  0x36, 0x35, 0x11, 0x27, 0x26, 0x2f, 0x01, 0x26, 0x07, 0x22, 0x07, 0x03,
  0x16, 0x17, 0x1e, 0x01, 0x15, 0x14, 0x07, 0x06, 0x22, 0x27, 0x26, 0x37,
  0x3e, 0x03, 0x33, 0x32, 0x05, 0x1e, 0x01, 0x17, 0x16, 0x14, 0x07, 0x0e,
  0x01, 0x07, 0x06, 0x22, 0x27, 0x2e, 0x01, 0x27, 0x26, 0x34, 0x37, 0x3e,
  0x01, 0x37, 0x36, 0x02, 0x66, 0xfc, 0x0c, 0x0b, 0x05, 0x01, 0x09, 0x12,
  0x17, 0x0b, 0x16, 0x12, 0x15, 0x0f, 0x23, 0x36, 0x0d, 0x06, 0x04, 0x04,
  0x06, 0x0c, 0x34, 0x22, 0x10, 0x16, 0x14, 0x10, 0x0c, 0x08, 0x38, 0x22,
  0x0e, 0x10, 0x06, 0x04, 0xd4, 0xcb, 0x02, 0x01, 0x09, 0x13, 0x22, 0x2b,
  0x0c, 0x2c, 0x42, 0x0f, 0x07, 0x01, 0x01, 0x09, 0x0d, 0x3d, 0x51, 0x53,
  0x40, 0x0e, 0x01, 0x04, 0x01, 0x02, 0x03, 0x06, 0x0e, 0x01, 0x06, 0x0a,
  0x0f, 0x31, 0x2b, 0x15, 0x12, 0x0e, 0x0b, 0x1c, 0x17, 0x40, 0x17, 0x20,
  0x05, 0x01, 0x0c, 0x18, 0x1a, 0x12, 0x0c, 0xfe, 0x16, 0x14, 0x23, 0x05,
  0x02, 0x02, 0x05, 0x21, 0x16, 0x08, 0x1a, 0x08, 0x16, 0x21, 0x05, 0x02,
  0x02, 0x04, 0x18, 0x11, 0x19, 0x03, 0x6a, 0x2b, 0x05, 0x0d, 0x0b, 0x1b,
  0xb2, 0xca, 0x04, 0x09, 0x05, 0x03, 0x04, 0x05, 0x0b, 0x36, 0x22, 0x10,
  0x16, 0x28, 0x16, 0x10, 0x22, 0x34, 0x0c, 0x06, 0x04, 0x01, 0x02, 0x0e,
  0x28, 0x10, 0x21, 0x16, 0x0c, 0x02, 0x14, 0x24, 0x21, 0x07, 0x09, 0x24,
  0xfe, 0xd8, 0x05, 0x09, 0x08, 0x03, 0x09, 0x3a, 0x2b, 0x15, 0x1a, 0x1f,
  0x1a, 0x29, 0x39, 0x17, 0x14, 0x3b, 0x2a, 0x04, 0x0b, 0x0c, 0x11, 0x35,
  0x01, 0xfc, 0x06, 0x0c, 0x07, 0x01, 0x03, 0x01, 0x08, 0xfe, 0x13, 0x04,
  0x12, 0x0d, 0x1b, 0x12, 0x26, 0x19, 0x15, 0x15, 0x1d, 0x2b, 0x0f, 0x17,
  0x18, 0x0b, 0x55, 0x05, 0x23, 0x14, 0x09, 0x18, 0x08, 0x15, 0x22, 0x06,
  0x02, 0x02, 0x06, 0x22, 0x15, 0x08, 0x18, 0x09, 0x10, 0x1e, 0x08, 0x0d,
  0x00, 0x04, 0x00, 0x00, 0x00, 0x00, 0x03, 0x42, 0x03, 0x95, 0x00, 0x1f,
  0x00, 0x3f, 0x00, 0x44, 0x00, 0x49, 0x00, 0x00, 0x13, 0x06, 0x07, 0x0e,
  0x01, 0x0f, 0x01, 0x11, 0x17, 0x1e, 0x01, 0x17, 0x16, 0x17, 0x16, 0x32,
  0x37, 0x36, 0x37, 0x3e, 0x01, 0x3f, 0x01, 0x11, 0x27, 0x2e, 0x01, 0x27,
  0x26, 0x27, 0x26, 0x22, 0x05, 0x06, 0x07, 0x0e, 0x01, 0x0f, 0x01, 0x11,
  0x17, 0x1e, 0x01, 0x17, 0x16, 0x17, 0x16, 0x32, 0x37, 0x36, 0x37, 0x3e,
  0x01, 0x3f, 0x01, 0x11, 0x27, 0x2e, 0x01, 0x27, 0x26, 0x27, 0x26, 0x22,
  0x03, 0x11, 0x23, 0x11, 0x33, 0x01, 0x11, 0x23, 0x11, 0x33, 0xe6, 0x14,
  0x12, 0x09, 0x0a, 0x03, 0x03, 0x03, 0x03, 0x0a, 0x09, 0x11, 0x15, 0x09,
  0x93, 0x09, 0x15, 0x11, 0x09, 0x0a, 0x03, 0x03, 0x03, 0x03, 0x0a, 0x09,
  0x12, 0x15, 0x09, 0x92, 0x01, 0x6e, 0x14, 0x12, 0x09, 0x0a, 0x03, 0x03,
  0x03, 0x03, 0x0a, 0x09, 0x11, 0x15, 0x09, 0x93, 0x09, 0x15, 0x11, 0x09,
  0x0a, 0x03, 0x03, 0x03, 0x03, 0x0a, 0x09, 0x12, 0x15, 0x09, 0x92, 0xef,
  0x7d, 0x7d, 0x01, 0x77, 0x7d, 0x7d, 0x03, 0x92, 0x04, 0x12, 0x09, 0x0f,
  0x0c, 0x09, 0xfd, 0x4a, 0x09, 0x0c, 0x0f, 0x09, 0x11, 0x05, 0x02, 0x02,
  0x05, 0x11, 0x09, 0x0f, 0x0c, 0x09, 0x02, 0xb6, 0x09, 0x0c, 0x0f, 0x09,
  0x12, 0x04, 0x02, 0x02, 0x04, 0x12, 0x09, 0x0f, 0x0c, 0x09, 0xfd, 0x4a,
  0x09, 0x0c, 0x0f, 0x09, 0x11, 0x05, 0x02, 0x02, 0x05, 0x11, 0x09, 0x0f,
  0x0c, 0x09, 0x02, 0xb6, 0x09, 0x0c, 0x0f, 0x09, 0x12, 0x04, 0x02, 0xfe,
  0x60, 0xfe, 0xb2, 0x02, 0x9c, 0xfe, 0xb2, 0xfe, 0xb2, 0x02, 0x9c, 0x00,
  0x00, 0x04, 0x00, 0x00, 0x00, 0x00, 0x03, 0xc0, 0x03, 0xbf, 0x00, 0x45,
  0x00, 0x68, 0x00, 0xac, 0x00, 0xcd, 0x00, 0x00, 0x13, 0x0e, 0x01, 0x07,
  0x06, 0x07, 0x0e, 0x01, 0x15, 0x1e, 0x01, 0x17, 0x1e, 0x01, 0x17, 0x1e,
  0x01, 0x17, 0x32, 0x36, 0x37, 0x3e, 0x03, 0x3f, 0x01, 0x35, 0x36, 0x27,
  0x2e, 0x01, 0x27, 0x2e, 0x01, 0x27, 0x26, 0x27, 0x23, 0x22, 0x06, 0x07,
  0x0e, 0x01, 0x0f, 0x01, 0x27, 0x2e, 0x01, 0x27, 0x26, 0x27, 0x2e, 0x02,
  0x37, 0x36, 0x37, 0x3e, 0x01, 0x3d, 0x01, 0x27, 0x2e, 0x01, 0x27, 0x26,
  0x27, 0x26, 0x22, 0x05, 0x0e, 0x02, 0x17, 0x16, 0x33, 0x32, 0x16, 0x17,
  0x16, 0x17, 0x1e, 0x01, 0x17, 0x1e, 0x01, 0x14, 0x17, 0x1e, 0x01, 0x37,
  0x3e, 0x01, 0x27, 0x2e, 0x01, 0x27, 0x2e, 0x01, 0x27, 0x26, 0x27, 0x2e,
  0x01, 0x07, 0x1e, 0x03, 0x07, 0x15, 0x0e, 0x01, 0x07, 0x23, 0x0e, 0x04,
  0x15, 0x14, 0x16, 0x17, 0x16, 0x17, 0x1e, 0x01, 0x33, 0x36, 0x37, 0x3e,
  0x01, 0x37, 0x36, 0x37, 0x35, 0x3e, 0x01, 0x37, 0x33, 0x36, 0x16, 0x17,
  0x16, 0x1f, 0x01, 0x15, 0x1c, 0x01, 0x07, 0x06, 0x07, 0x06, 0x26, 0x27,
  0x2e, 0x01, 0x27, 0x2e, 0x02, 0x27, 0x3c, 0x01, 0x37, 0x36, 0x37, 0x3e,
  0x01, 0x37, 0x1f, 0x01, 0x0e, 0x03, 0x15, 0x14, 0x1e, 0x02, 0x17, 0x16,
  0x17, 0x1e, 0x01, 0x17, 0x1e, 0x04, 0x32, 0x37, 0x36, 0x37, 0x36, 0x26,
  0x27, 0x2e, 0x02, 0x23, 0x22, 0x9a, 0x15, 0x2a, 0x0f, 0x16, 0x09, 0x02,
  0x01, 0x01, 0x4b, 0x45, 0x26, 0x62, 0x35, 0x62, 0xe7, 0x75, 0x14, 0x0c,
  0x09, 0x12, 0x1b, 0x1a, 0x10, 0x05, 0x03, 0x01, 0x01, 0x01, 0x05, 0x06,
  0x0d, 0x2e, 0x1d, 0x08, 0x0d, 0x42, 0x3c, 0x1d, 0x0d, 0x14, 0x1e, 0x0f,
  0x0a, 0x08, 0x10, 0x2e, 0x0e, 0x4d, 0x34, 0x07, 0x18, 0x02, 0x0c, 0x26,
  0x0c, 0x05, 0x01, 0x04, 0x08, 0x22, 0x17, 0x15, 0x18, 0x0c, 0x7b, 0x01,
  0x6f, 0x0e, 0x13, 0x02, 0x09, 0x0d, 0x18, 0x12, 0x2f, 0x13, 0x1e, 0x1e,
  0x40, 0x5b, 0x13, 0x05, 0x07, 0x08, 0x0b, 0x26, 0x0e, 0x0a, 0x04, 0x04,
  0x06, 0x30, 0x28, 0x09, 0x22, 0x0b, 0x56, 0x6f, 0x12, 0x32, 0xea, 0x06,
  0x0b, 0x06, 0x02, 0x01, 0x01, 0x03, 0x04, 0x01, 0x04, 0x1d, 0x0d, 0x0a,
  0x04, 0x0a, 0x10, 0x56, 0x96, 0x1a, 0x1b, 0x0e, 0x14, 0x12, 0x09, 0x0f,
  0x0a, 0x0c, 0x06, 0x06, 0x09, 0x0f, 0x34, 0x34, 0x1e, 0x06, 0x0c, 0x06,
  0x03, 0x02, 0x09, 0x12, 0x0b, 0x55, 0x27, 0x45, 0x86, 0x3a, 0x62, 0x91,
  0x4f, 0x01, 0x03, 0x06, 0x0a, 0x06, 0x0b, 0x10, 0x7c, 0xe1, 0x07, 0x0d,
  0x05, 0x01, 0x06, 0x0d, 0x0e, 0x0c, 0x1b, 0x16, 0x29, 0x3c, 0x08, 0x02,
  0x03, 0x05, 0x0b, 0x0e, 0x16, 0x07, 0x0f, 0x06, 0x03, 0x02, 0x06, 0x0d,
  0x47, 0x66, 0x35, 0x0c, 0x03, 0xbd, 0x02, 0x14, 0x10, 0x17, 0x21, 0x09,
  0x0c, 0x14, 0x76, 0xe6, 0x62, 0x35, 0x62, 0x26, 0x45, 0x4b, 0x01, 0x01,
  0x02, 0x05, 0x10, 0x1a, 0x1b, 0x12, 0x0c, 0x48, 0x30, 0x12, 0x16, 0x17,
  0x0e, 0x1a, 0x24, 0x06, 0x01, 0x01, 0x02, 0x04, 0x06, 0x18, 0x14, 0x0c,
  0x03, 0x08, 0x1d, 0x0b, 0x3a, 0x4f, 0x0b, 0x2a, 0x05, 0x09, 0x1c, 0x27,
  0x0d, 0x1f, 0x3f, 0x4f, 0x0b, 0x1a, 0x28, 0x0c, 0x0a, 0x02, 0x02, 0x02,
  0x02, 0x16, 0x1d, 0x0c, 0x11, 0x07, 0x05, 0x08, 0x0f, 0x1f, 0x6f, 0x45,
  0x13, 0x2f, 0x22, 0x0b, 0x10, 0x03, 0x0e, 0x09, 0x1c, 0x22, 0x3d, 0x73,
  0x30, 0x0b, 0x22, 0x09, 0x48, 0x12, 0x04, 0x03, 0x58, 0x03, 0x0b, 0x0c,
  0x1f, 0x32, 0x33, 0x0f, 0x0a, 0x05, 0x06, 0x15, 0x0f, 0x15, 0x0f, 0x0c,
  0x0e, 0x1b, 0x1b, 0x97, 0x55, 0x0f, 0x0a, 0x01, 0x08, 0x05, 0x0d, 0x0d,
  0x10, 0x04, 0x01, 0x04, 0x03, 0x01, 0x01, 0x02, 0x04, 0x07, 0x0c, 0x07,
  0x49, 0x35, 0x15, 0x04, 0x13, 0x05, 0x04, 0x06, 0x07, 0x0c, 0x35, 0x25,
  0x40, 0xb6, 0xdc, 0x72, 0x13, 0x08, 0x05, 0x0d, 0x05, 0x04, 0x02, 0x01,
  0x01, 0x55, 0x03, 0x0c, 0x0b, 0x06, 0x07, 0x0b, 0x0e, 0x0b, 0x05, 0x01,
  0x02, 0x07, 0x0d, 0x43, 0x2a, 0x0a, 0x20, 0x0f, 0x0d, 0x06, 0x03, 0x08,
  0x0f, 0x0a, 0x2a, 0x16, 0x37, 0x57, 0x30, 0x00, 0x00, 0x02, 0x00, 0x00,
  0x00, 0x00, 0x03, 0xbf, 0x03, 0xbf, 0x00, 0x45, 0x00, 0x89, 0x00, 0x00,
  0x13, 0x0e, 0x01, 0x07, 0x06, 0x07, 0x0e, 0x01, 0x15, 0x1e, 0x01, 0x17,
  0x1e, 0x01, 0x17, 0x1e, 0x01, 0x17, 0x32, 0x36, 0x37, 0x3e, 0x03, 0x3f,
  0x01, 0x35, 0x36, 0x27, 0x2e, 0x01, 0x27, 0x2e, 0x01, 0x27, 0x26, 0x27,
  0x23, 0x22, 0x06, 0x07, 0x0e, 0x01, 0x0f, 0x01, 0x27, 0x2e, 0x01, 0x27,
  0x26, 0x27, 0x2e, 0x02, 0x37, 0x36, 0x37, 0x3e, 0x01, 0x3d, 0x01, 0x27,
  0x2e, 0x01, 0x27, 0x26, 0x27, 0x26, 0x22, 0x17, 0x1e, 0x03, 0x07, 0x15,
  0x0e, 0x01, 0x07, 0x23, 0x0e, 0x04, 0x15, 0x14, 0x16, 0x17, 0x16, 0x17,
  0x1e, 0x01, 0x33, 0x36, 0x37, 0x3e, 0x01, 0x37, 0x36, 0x37, 0x35, 0x3e,
  0x01, 0x37, 0x33, 0x36, 0x16, 0x17, 0x16, 0x1f, 0x01, 0x15, 0x1c, 0x01,
  0x07, 0x06, 0x07, 0x06, 0x26, 0x27, 0x2e, 0x01, 0x27, 0x2e, 0x02, 0x27,
  0x3c, 0x01, 0x37, 0x36, 0x37, 0x3e, 0x01, 0x37, 0x17, 0x9a, 0x15, 0x2a,
  0x0f, 0x16, 0x09, 0x02, 0x01, 0x01, 0x4b, 0x45, 0x26, 0x62, 0x35, 0x62,
  0xe7, 0x75, 0x14, 0x0c, 0x09, 0x12, 0x1b, 0x1a, 0x10, 0x05, 0x03, 0x01,
  0x01, 0x01, 0x05, 0x06, 0x0d, 0x2e, 0x1d, 0x08, 0x0d, 0x42, 0x3c, 0x1d,
  0x0d, 0x14, 0x1e, 0x0f, 0x0a, 0x08, 0x10, 0x2e, 0x0e, 0x4d, 0x34, 0x07,
  0x18, 0x02, 0x0c, 0x26, 0x0c, 0x05, 0x01, 0x04, 0x08, 0x22, 0x17, 0x15,
  0x18, 0x0c, 0x7b, 0x8e, 0x06, 0x0b, 0x06, 0x02, 0x01, 0x01, 0x03, 0x04,
  0x01, 0x04, 0x1d, 0x0d, 0x0a, 0x04, 0x0a, 0x10, 0x56, 0x96, 0x1a, 0x1b,
  0x0e, 0x14, 0x12, 0x09, 0x0f, 0x0a, 0x0c, 0x06, 0x06, 0x09, 0x0f, 0x34,
  0x34, 0x1e, 0x06, 0x0c, 0x06, 0x03, 0x02, 0x09, 0x12, 0x0b, 0x55, 0x27,
  0x45, 0x86, 0x3a, 0x62, 0x91, 0x4f, 0x01, 0x03, 0x06, 0x0a, 0x06, 0x0b,
  0x10, 0x7c, 0x03, 0xbd, 0x02, 0x14, 0x10, 0x17, 0x21, 0x09, 0x0c, 0x14,
  0x76, 0xe6, 0x62, 0x35, 0x62, 0x26, 0x45, 0x4b, 0x01, 0x01, 0x02, 0x05,
  0x10, 0x1a, 0x1b, 0x12, 0x0c, 0x48, 0x30, 0x12, 0x16, 0x17, 0x0e, 0x1a,
  0x24, 0x06, 0x01, 0x01, 0x02, 0x04, 0x06, 0x18, 0x14, 0x0c, 0x03, 0x08,
  0x1d, 0x0b, 0x3a, 0x4f, 0x0b, 0x2a, 0x05, 0x09, 0x1c, 0x27, 0x0d, 0x1f,
  0x3f, 0x4f, 0x0b, 0x1a, 0x28, 0x0c, 0x0a, 0x02, 0x02, 0x58, 0x03, 0x0b,
  0x0c, 0x1f, 0x32, 0x33, 0x0f, 0x0a, 0x05, 0x06, 0x15, 0x0f, 0x15, 0x0f,
  0x0c, 0x0e, 0x1b, 0x1b, 0x97, 0x55, 0x0f, 0x0a, 0x01, 0x08, 0x05, 0x0d,
  0x0d, 0x10, 0x04, 0x01, 0x04, 0x03, 0x01, 0x01, 0x02, 0x04, 0x07, 0x0c,
  0x07, 0x49, 0x35, 0x15, 0x04, 0x13, 0x05, 0x04, 0x06, 0x07, 0x0c, 0x35,
  0x25, 0x40, 0xb6, 0xdc, 0x72, 0x13, 0x08, 0x05, 0x0d, 0x05, 0x04, 0x02,
  0x01, 0x01, 0x00, 0x02, 0x00, 0x00, 0x00, 0x00, 0x03, 0x95, 0x03, 0x97,
  0x00, 0x1c, 0x00, 0x32, 0x00, 0x00, 0x01, 0x0e, 0x01, 0x07, 0x06, 0x10,
  0x17, 0x16, 0x17, 0x16, 0x37, 0x3e, 0x01, 0x37, 0x36, 0x00, 0x37, 0x3e,
  0x02, 0x34, 0x27, 0x26, 0x27, 0x26, 0x00, 0x27, 0x2e, 0x01, 0x17, 0x16,
  0x00, 0x16, 0x17, 0x1e, 0x01, 0x14, 0x06, 0x07, 0x0e, 0x01, 0x00, 0x06,
  0x27, 0x26, 0x2f, 0x01, 0x11, 0x37, 0x3e, 0x01, 0x01, 0x0c, 0x26, 0x37,
  0x06, 0x02, 0x02, 0x06, 0x1c, 0x26, 0x38, 0x0e, 0x15, 0x0c, 0x09, 0x01,
  0xef, 0x0c, 0x11, 0x1a, 0x0d, 0x06, 0x0e, 0x21, 0x08, 0xfe, 0x0e, 0x09,
  0x12, 0x2b, 0x15, 0x09, 0x01, 0xf5, 0x07, 0x04, 0x02, 0x02, 0x02, 0x02,
  0x04, 0x08, 0xfe, 0x03, 0x0f, 0x07, 0x17, 0x09, 0x03, 0x03, 0x07, 0x20,
  0x03, 0x92, 0x07, 0x38, 0x25, 0x0b, 0xfd, 0xa2, 0x0b, 0x25, 0x1c, 0x27,
  0x02, 0x01, 0x05, 0x05, 0x04, 0x01, 0x21, 0x08, 0x0b, 0x21, 0x27, 0x2a,
  0x14, 0x26, 0x17, 0x06, 0x01, 0x22, 0x05, 0x09, 0x06, 0x59, 0x03, 0xfe,
  0xdb, 0x07, 0x08, 0x05, 0x07, 0x0c, 0x07, 0x05, 0x08, 0x08, 0xfe, 0xd8,
  0x04, 0x01, 0x05, 0x13, 0x07, 0x02, 0x5c, 0x07, 0x0f, 0x0c, 0x00, 0x02,
  0x00, 0x00, 0x00, 0x00, 0x03, 0x18, 0x03, 0xc0, 0x00, 0x50, 0x00, 0x64,
  0x00, 0x00, 0x01, 0x0e, 0x03, 0x1d, 0x01, 0x07, 0x22, 0x0e, 0x02, 0x07,
  0x15, 0x06, 0x07, 0x06, 0x1d, 0x01, 0x14, 0x17, 0x16, 0x17, 0x16, 0x17,
  0x1e, 0x01, 0x3b, 0x01, 0x15, 0x14, 0x1e, 0x02, 0x32, 0x3e, 0x02, 0x3d,
  0x01, 0x33, 0x32, 0x36, 0x37, 0x36, 0x37, 0x36, 0x37, 0x36, 0x3d, 0x01,
  0x34, 0x27, 0x26, 0x27, 0x35, 0x2e, 0x03, 0x23, 0x27, 0x35, 0x34, 0x2e,
  0x01, 0x27, 0x26, 0x22, 0x07, 0x0e, 0x02, 0x1d, 0x01, 0x23, 0x35, 0x34,
  0x27, 0x2e, 0x01, 0x01, 0x14, 0x07, 0x06, 0x07, 0x0e, 0x01, 0x0f, 0x01,
  0x23, 0x27, 0x2e, 0x01, 0x27, 0x26, 0x27, 0x26, 0x3d, 0x01, 0x21, 0x01,
  0x70, 0x07, 0x0b, 0x0b, 0x05, 0x1c, 0x17, 0x12, 0x15, 0x16, 0x05, 0x05,
  0x01, 0x02, 0x02, 0x0b, 0x31, 0x1f, 0x26, 0x16, 0x27, 0x1f, 0x1b, 0x05,
  0x0c, 0x0f, 0x12, 0x0f, 0x0c, 0x05, 0x1b, 0x1f, 0x27, 0x16, 0x26, 0x1f,
  0x31, 0x0b, 0x02, 0x02, 0x01, 0x05, 0x05, 0x16, 0x15, 0x12, 0x17, 0x1c,
  0x05, 0x0b, 0x06, 0x08, 0x16, 0x08, 0x06, 0x0b, 0x05, 0xa8, 0x02, 0x05,
  0x1a, 0x01, 0x46, 0x02, 0x02, 0x0a, 0x0c, 0x28, 0x1a, 0x0b, 0xd4, 0x0b,
  0x1a, 0x28, 0x0c, 0x0a, 0x02, 0x02, 0x01, 0xa2, 0x03, 0xbd, 0x01, 0x05,
  0x0d, 0x0b, 0x0f, 0xcb, 0x01, 0x03, 0x0b, 0x16, 0x09, 0x02, 0x09, 0x06,
  0x08, 0x15, 0x4f, 0x62, 0x0c, 0x45, 0x31, 0x1f, 0x0e, 0x09, 0x06, 0xa4,
  0x0d, 0x0c, 0x0c, 0x07, 0x07, 0x0c, 0x0c, 0x0d, 0xa4, 0x06, 0x09, 0x0e,
  0x1f, 0x31, 0x45, 0x0c, 0x62, 0x4f, 0x15, 0x08, 0x06, 0x09, 0x01, 0x0a,
  0x16, 0x0b, 0x03, 0x01, 0xcb, 0x0f, 0x0b, 0x0d, 0x03, 0x04, 0x04, 0x03,
  0x0d, 0x0b, 0x0f, 0xcb, 0xc9, 0x11, 0x04, 0x0e, 0x0f, 0xfe, 0x60, 0x51,
  0x0e, 0x19, 0x15, 0x17, 0x22, 0x08, 0x04, 0x04, 0x08, 0x22, 0x17, 0x15,
  0x18, 0x0d, 0x52, 0x52, 0x00, 0x02, 0x00, 0x00, 0x00, 0x00, 0x03, 0x99,
  0x03, 0xc0, 0x00, 0x17, 0x00, 0x5f, 0x00, 0x00, 0x01, 0x0e, 0x02, 0x0f,
  0x01, 0x11, 0x17, 0x1e, 0x02, 0x32, 0x3e, 0x01, 0x3f, 0x01, 0x11, 0x34,
  0x27, 0x26, 0x2f, 0x01, 0x2e, 0x01, 0x17, 0x0e, 0x02, 0x14, 0x16, 0x17,
  0x16, 0x17, 0x16, 0x17, 0x16, 0x14, 0x07, 0x0e, 0x01, 0x07, 0x06, 0x07,
  0x06, 0x22, 0x27, 0x26, 0x27, 0x2e, 0x01, 0x27, 0x26, 0x34, 0x37, 0x36,
  0x37, 0x3e, 0x01, 0x37, 0x36, 0x26, 0x27, 0x26, 0x22, 0x06, 0x07, 0x0e,
  0x01, 0x07, 0x06, 0x16, 0x17, 0x16, 0x17, 0x1e, 0x01, 0x17, 0x16, 0x17,
  0x16, 0x32, 0x37, 0x3e, 0x01, 0x37, 0x3e, 0x01, 0x37, 0x3e, 0x01, 0x26,
  0x27, 0x26, 0x27, 0x26, 0x22, 0x01, 0xed, 0x07, 0x0b, 0x0b, 0x03, 0x02,
  0x03, 0x03, 0x0c, 0x0b, 0x18, 0x0b, 0x0c, 0x03, 0x03, 0x02, 0x01, 0x03,
  0x02, 0x07, 0x15, 0xf7, 0x07, 0x0d, 0x06, 0x06, 0x0d, 0x22, 0x14, 0x1a,
  0x08, 0x01, 0x02, 0x09, 0x44, 0x38, 0x41, 0x56, 0x11, 0x38, 0x11, 0x78,
  0x51, 0x24, 0x2c, 0x06, 0x02, 0x02, 0x0c, 0x4b, 0x09, 0x08, 0x01, 0x01,
  0x0e, 0x0d, 0x06, 0x14, 0x0e, 0x0a, 0x31, 0x3b, 0x06, 0x01, 0x01, 0x03,
  0x0d, 0x2a, 0x20, 0x5e, 0x37, 0x43, 0x46, 0x0e, 0x32, 0x0e, 0x2b, 0x57,
  0x25, 0x3b, 0x5c, 0x1a, 0x1f, 0x05, 0x31, 0x31, 0x1a, 0x0c, 0x06, 0x14,
  0x03, 0xbd, 0x01, 0x05, 0x0d, 0x06, 0x07, 0xfe, 0x4b, 0x06, 0x05, 0x0c,
  0x06, 0x06, 0x0c, 0x05, 0x06, 0x01, 0x86, 0x26, 0x0b, 0x08, 0x05, 0x02,
  0x09, 0x08, 0xc3, 0x03, 0x0c, 0x0d, 0x16, 0x0c, 0x0e, 0x26, 0x29, 0x34,
  0x3c, 0x0d, 0x34, 0x0e, 0x45, 0x74, 0x29, 0x31, 0x0d, 0x03, 0x02, 0x12,
  0x57, 0x26, 0x61, 0x34, 0x0f, 0x30, 0x0f, 0x6b, 0x52, 0x0a, 0x0e, 0x08,
  0x0e, 0x16, 0x06, 0x02, 0x07, 0x0a, 0x33, 0x82, 0x48, 0x13, 0x38, 0x11,
  0x56, 0x46, 0x35, 0x56, 0x19, 0x1e, 0x07, 0x01, 0x01, 0x04, 0x1b, 0x15,
  0x22, 0x66, 0x3f, 0x47, 0x9a, 0x92, 0x3b, 0x1f, 0x06, 0x03, 0x00, 0x02,
  0x00, 0x00, 0x00, 0x00, 0x03, 0x95, 0x03, 0xc0, 0x00, 0x39, 0x00, 0x70,
  0x00, 0x00, 0x01, 0x0e, 0x01, 0x17, 0x16, 0x1f, 0x01, 0x21, 0x22, 0x07,
  0x06, 0x07, 0x06, 0x07, 0x0e, 0x01, 0x15, 0x1c, 0x01, 0x17, 0x16, 0x17,
  0x16, 0x32, 0x37, 0x36, 0x37, 0x3e, 0x01, 0x35, 0x34, 0x36, 0x37, 0x3e,
  0x01, 0x37, 0x36, 0x3b, 0x01, 0x07, 0x06, 0x07, 0x06, 0x16, 0x17, 0x16,
  0x37, 0x3e, 0x01, 0x37, 0x3e, 0x01, 0x34, 0x2e, 0x02, 0x27, 0x26, 0x13,
  0x0e, 0x01, 0x07, 0x0e, 0x01, 0x15, 0x14, 0x06, 0x07, 0x06, 0x0f, 0x01,
  0x05, 0x37, 0x36, 0x37, 0x36, 0x2e, 0x01, 0x23, 0x22, 0x06, 0x07, 0x0e,
  0x03, 0x14, 0x16, 0x17, 0x1e, 0x01, 0x17, 0x16, 0x36, 0x37, 0x36, 0x27,
  0x26, 0x2f, 0x01, 0x21, 0x37, 0x3e, 0x01, 0x37, 0x3e, 0x01, 0x35, 0x3c,
  0x01, 0x27, 0x2e, 0x01, 0x02, 0xbe, 0x15, 0x13, 0x0a, 0x02, 0x32, 0x32,
  0xfe, 0x36, 0x2d, 0x08, 0x45, 0x30, 0x2d, 0x0e, 0x01, 0x02, 0x02, 0x06,
  0x0f, 0x07, 0x16, 0x07, 0x0f, 0x06, 0x01, 0x01, 0x06, 0x09, 0x0f, 0x35,
  0x21, 0x0e, 0xef, 0xef, 0x32, 0x32, 0x02, 0x0a, 0x12, 0x15, 0x0e, 0x0d,
  0x05, 0xb1, 0x03, 0x02, 0x01, 0x01, 0x05, 0xa8, 0x09, 0x0d, 0x91, 0x09,
  0x10, 0x04, 0x01, 0x01, 0x06, 0x09, 0x19, 0x38, 0x0c, 0xfe, 0x0c, 0x32,
  0x32, 0x02, 0x07, 0x06, 0x15, 0x0f, 0x09, 0x0b, 0x06, 0x09, 0xa8, 0x05,
  0x01, 0x01, 0x02, 0x03, 0xb1, 0x05, 0x13, 0x26, 0x04, 0x02, 0x06, 0x03,
  0x32, 0x32, 0x01, 0xff, 0x0c, 0x40, 0x56, 0x0e, 0x01, 0x02, 0x02, 0x06,
  0x1b, 0x03, 0xbd, 0x02, 0x27, 0x13, 0x05, 0x32, 0x33, 0x02, 0x0a, 0x30,
  0x2b, 0x40, 0x08, 0x11, 0x1a, 0x1c, 0x0d, 0x05, 0x0f, 0x08, 0x03, 0x03,
  0x08, 0x0f, 0x04, 0x0a, 0x10, 0x20, 0x23, 0x10, 0x1d, 0x24, 0x02, 0x02,
  0x33, 0x32, 0x05, 0x13, 0x26, 0x04, 0x02, 0x06, 0x03, 0xb1, 0x05, 0x04,
  0x07, 0x10, 0x07, 0x09, 0xa9, 0x06, 0x0b, 0xfe, 0x33, 0x02, 0x0f, 0x09,
  0x04, 0x0a, 0x10, 0x20, 0x23, 0x10, 0x31, 0x10, 0x03, 0x01, 0x33, 0x32,
  0x05, 0x0d, 0x1d, 0x13, 0x04, 0x04, 0x07, 0xa9, 0x09, 0x07, 0x10, 0x07,
  0x04, 0x05, 0xb1, 0x03, 0x09, 0x12, 0x15, 0x0e, 0x0d, 0x05, 0x32, 0x33,
  0x03, 0x0f, 0x56, 0x3f, 0x08, 0x11, 0x1a, 0x1c, 0x0d, 0x05, 0x0e, 0x0f,
  0x00, 0x04, 0x00, 0x00, 0x00, 0x00, 0x03, 0x99, 0x03, 0xbe, 0x00, 0x61,
  0x00, 0xd9, 0x00, 0xfa, 0x01, 0x11, 0x00, 0x00, 0x01, 0x06, 0x07, 0x0e,
  0x01, 0x07, 0x0e, 0x01, 0x07, 0x0e, 0x03, 0x07, 0x06, 0x27, 0x2e, 0x01,
  0x23, 0x26, 0x07, 0x0e, 0x02, 0x17, 0x16, 0x17, 0x1e, 0x01, 0x14, 0x06,
  0x07, 0x06, 0x07, 0x06, 0x14, 0x17, 0x1e, 0x01, 0x17, 0x16, 0x37, 0x36,
  0x1e, 0x01, 0x17, 0x16, 0x17, 0x1e, 0x01, 0x17, 0x16, 0x36, 0x37, 0x3e,
  0x02, 0x37, 0x36, 0x17, 0x1e, 0x01, 0x33, 0x32, 0x37, 0x36, 0x37, 0x3e,
  0x01, 0x27, 0x26, 0x27, 0x2e, 0x01, 0x34, 0x36, 0x37, 0x36, 0x37, 0x3e,
  0x01, 0x2e, 0x01, 0x27, 0x26, 0x06, 0x07, 0x06, 0x22, 0x2e, 0x02, 0x27,
  0x2e, 0x01, 0x27, 0x2e, 0x01, 0x17, 0x1e, 0x01, 0x17, 0x16, 0x17, 0x16,
  0x17, 0x16, 0x17, 0x1e, 0x01, 0x33, 0x32, 0x36, 0x37, 0x36, 0x32, 0x17,
  0x1e, 0x01, 0x17, 0x16, 0x14, 0x07, 0x0e, 0x01, 0x07, 0x06, 0x14, 0x17,
  0x1e, 0x01, 0x17, 0x16, 0x07, 0x0e, 0x01, 0x07, 0x06, 0x22, 0x2e, 0x01,
  0x07, 0x06, 0x07, 0x0e, 0x01, 0x07, 0x06, 0x07, 0x0e, 0x01, 0x07, 0x0e,
  0x01, 0x22, 0x26, 0x27, 0x26, 0x27, 0x26, 0x27, 0x26, 0x27, 0x2e, 0x01,
  0x27, 0x2e, 0x01, 0x23, 0x22, 0x06, 0x07, 0x06, 0x22, 0x27, 0x2e, 0x01,
  0x27, 0x26, 0x37, 0x3e, 0x01, 0x37, 0x36, 0x37, 0x36, 0x34, 0x27, 0x26,
  0x27, 0x2e, 0x01, 0x27, 0x26, 0x3e, 0x01, 0x37, 0x36, 0x16, 0x17, 0x1e,
  0x01, 0x3e, 0x01, 0x37, 0x36, 0x37, 0x36, 0x37, 0x36, 0x37, 0x3e, 0x03,
  0x1e, 0x01, 0x17, 0x07, 0x06, 0x07, 0x0e, 0x01, 0x07, 0x0e, 0x01, 0x15,
  0x14, 0x16, 0x17, 0x1e, 0x01, 0x17, 0x1e, 0x01, 0x32, 0x36, 0x37, 0x3e,
  0x01, 0x37, 0x3e, 0x01, 0x34, 0x26, 0x27, 0x2e, 0x01, 0x27, 0x2e, 0x01,
  0x17, 0x1e, 0x01, 0x17, 0x16, 0x14, 0x07, 0x0e, 0x01, 0x07, 0x06, 0x22,
  0x27, 0x2e, 0x01, 0x27, 0x26, 0x34, 0x37, 0x3e, 0x01, 0x37, 0x36, 0x01,
  0xe6, 0x02, 0x09, 0x17, 0x2d, 0x0e, 0x0e, 0x0d, 0x05, 0x02, 0x06, 0x0d,
  0x11, 0x09, 0x0e, 0x15, 0x0e, 0x14, 0x10, 0x14, 0x0c, 0x27, 0x38, 0x16,
  0x0a, 0x0c, 0x28, 0x0d, 0x0c, 0x0c, 0x0d, 0x1d, 0x0d, 0x0f, 0x0f, 0x0e,
  0x30, 0x1d, 0x2b, 0x2f, 0x12, 0x20, 0x1b, 0x03, 0x04, 0x0b, 0x10, 0x40,
  0x25, 0x2c, 0x4b, 0x11, 0x06, 0x06, 0x12, 0x0c, 0x16, 0x1b, 0x10, 0x18,
  0x0f, 0x17, 0x15, 0x1f, 0x17, 0x21, 0x0e, 0x14, 0x0d, 0x1c, 0x0e, 0x0c,
  0x0c, 0x0d, 0x16, 0x0c, 0x15, 0x04, 0x21, 0x3d, 0x23, 0x12, 0x20, 0x13,
  0x0f, 0x15, 0x18, 0x12, 0x06, 0x06, 0x0d, 0x35, 0x22, 0x06, 0x21, 0x20,
  0x0b, 0x10, 0x03, 0x02, 0x02, 0x08, 0x20, 0x1a, 0x25, 0x09, 0x0b, 0x0f,
  0x12, 0x15, 0x11, 0x0f, 0x17, 0x0d, 0x06, 0x0f, 0x03, 0x06, 0x06, 0x03,
  0x08, 0x09, 0x37, 0x37, 0x0b, 0x0b, 0x02, 0x05, 0x09, 0x03, 0x0f, 0x06,
  0x0e, 0x16, 0x21, 0x19, 0x11, 0x1e, 0x18, 0x21, 0x29, 0x06, 0x02, 0x02,
  0x03, 0x10, 0x0a, 0x06, 0x07, 0x14, 0x07, 0x05, 0x16, 0x08, 0x02, 0x02,
  0x04, 0x08, 0x0d, 0x30, 0x1e, 0x09, 0x0b, 0x0f, 0x12, 0x15, 0x11, 0x0f,
  0x17, 0x0d, 0x06, 0x0f, 0x03, 0x09, 0x05, 0x02, 0x0b, 0x0b, 0x2b, 0x0a,
  0x02, 0x02, 0x0a, 0x2a, 0x0a, 0x08, 0x03, 0x08, 0x06, 0x18, 0x12, 0x09,
  0x10, 0x0c, 0x10, 0x1a, 0x22, 0x18, 0x0f, 0x16, 0x11, 0x1e, 0x08, 0x02,
  0x02, 0x03, 0x0f, 0x0f, 0x0b, 0x12, 0x07, 0x06, 0x31, 0x40, 0x27, 0x0d,
  0x0f, 0x06, 0x02, 0x01, 0x04, 0x06, 0x0c, 0x34, 0x22, 0x10, 0x16, 0x28,
  0x16, 0x10, 0x22, 0x34, 0x0c, 0x06, 0x04, 0x04, 0x06, 0x0f, 0x41, 0x2a,
  0x0a, 0x29, 0x26, 0x14, 0x23, 0x05, 0x02, 0x02, 0x05, 0x21, 0x16, 0x08,
  0x1a, 0x08, 0x16, 0x21, 0x05, 0x02, 0x02, 0x04, 0x18, 0x11, 0x19, 0x03,
  0xbd, 0x01, 0x01, 0x04, 0x1a, 0x12, 0x11, 0x20, 0x19, 0x0d, 0x0f, 0x0d,
  0x09, 0x02, 0x02, 0x08, 0x06, 0x04, 0x01, 0x03, 0x08, 0x35, 0x49, 0x26,
  0x2c, 0x20, 0x0b, 0x15, 0x1e, 0x15, 0x0b, 0x17, 0x1b, 0x1e, 0x41, 0x1e,
  0x1b, 0x26, 0x07, 0x0b, 0x13, 0x07, 0x05, 0x19, 0x17, 0x1b, 0x16, 0x21,
  0x29, 0x02, 0x02, 0x2f, 0x29, 0x10, 0x29, 0x16, 0x06, 0x0a, 0x0a, 0x07,
  0x05, 0x07, 0x0a, 0x17, 0x20, 0x58, 0x29, 0x1b, 0x16, 0x0b, 0x16, 0x1e,
  0x15, 0x0b, 0x11, 0x14, 0x1f, 0x49, 0x42, 0x29, 0x02, 0x02, 0x05, 0x08,
  0x06, 0x0c, 0x16, 0x29, 0x10, 0x1f, 0x2d, 0x07, 0x02, 0x02, 0x59, 0x05,
  0x10, 0x0a, 0x05, 0x0e, 0x30, 0x20, 0x1b, 0x0a, 0x03, 0x01, 0x04, 0x07,
  0x06, 0x07, 0x03, 0x0e, 0x06, 0x0c, 0x1b, 0x0c, 0x07, 0x09, 0x07, 0x2c,
  0x86, 0x2c, 0x09, 0x0f, 0x0a, 0x16, 0x12, 0x06, 0x0f, 0x03, 0x06, 0x0d,
  0x05, 0x01, 0x01, 0x0b, 0x10, 0x37, 0x25, 0x0f, 0x05, 0x0a, 0x10, 0x05,
  0x03, 0x01, 0x01, 0x03, 0x0a, 0x14, 0x05, 0x0c, 0x1a, 0x11, 0x1d, 0x28,
  0x08, 0x03, 0x01, 0x04, 0x07, 0x06, 0x06, 0x03, 0x0f, 0x06, 0x12, 0x16,
  0x0a, 0x0f, 0x09, 0x22, 0x34, 0x09, 0x20, 0x09, 0x33, 0x23, 0x07, 0x09,
  0x07, 0x11, 0x22, 0x1a, 0x03, 0x01, 0x02, 0x05, 0x06, 0x05, 0x02, 0x05,
  0x08, 0x0b, 0x11, 0x1f, 0x2f, 0x0f, 0x06, 0x08, 0x11, 0x07, 0x03, 0x01,
  0x01, 0x03, 0xcd, 0x0b, 0x30, 0x10, 0x20, 0x15, 0x08, 0x0c, 0x10, 0x14,
  0x16, 0x10, 0x22, 0x34, 0x0c, 0x06, 0x04, 0x04, 0x06, 0x0c, 0x34, 0x22,
  0x10, 0x16, 0x28, 0x16, 0x10, 0x28, 0x38, 0x09, 0x02, 0x01, 0x55, 0x05,
  0x23, 0x14, 0x09, 0x18, 0x08, 0x15, 0x22, 0x06, 0x02, 0x02, 0x06, 0x22,
  0x15, 0x08, 0x18, 0x09, 0x10, 0x1e, 0x08, 0x0d, 0x00, 0x02, 0x00, 0x00,
  0x00, 0x00, 0x03, 0x6c, 0x03, 0xc2, 0x00, 0x37, 0x00, 0x52, 0x00, 0x00,
  0x01, 0x06, 0x07, 0x0e, 0x01, 0x07, 0x0e, 0x01, 0x07, 0x06, 0x07, 0x0e,
  0x01, 0x0f, 0x01, 0x06, 0x07, 0x06, 0x07, 0x15, 0x14, 0x17, 0x16, 0x17,
  0x1e, 0x01, 0x17, 0x16, 0x17, 0x16, 0x17, 0x16, 0x37, 0x36, 0x37, 0x36,
  0x37, 0x36, 0x37, 0x36, 0x37, 0x36, 0x10, 0x27, 0x2e, 0x01, 0x27, 0x26,
  0x27, 0x26, 0x27, 0x26, 0x27, 0x26, 0x27, 0x26, 0x07, 0x16, 0x17, 0x16,
  0x17, 0x33, 0x03, 0x14, 0x07, 0x0e, 0x01, 0x0f, 0x01, 0x27, 0x26, 0x27,
  0x26, 0x27, 0x26, 0x35, 0x03, 0x33, 0x3e, 0x01, 0x37, 0x36, 0x32, 0x01,
  0xe9, 0x19, 0x18, 0x25, 0x45, 0x26, 0x16, 0x28, 0x1c, 0x11, 0x09, 0x0e,
  0x1a, 0x06, 0x01, 0x05, 0x01, 0x01, 0x01, 0x01, 0x0a, 0x45, 0x0a, 0x2a,
  0x0e, 0x42, 0x61, 0x21, 0x0e, 0x11, 0x0e, 0x0c, 0x1a, 0x61, 0x42, 0x1b,
  0x18, 0x62, 0x0c, 0x01, 0x02, 0x05, 0x23, 0x16, 0x07, 0x14, 0x23, 0x22,
  0x3a, 0x35, 0x13, 0x1b, 0x1e, 0x08, 0x2e, 0x31, 0x57, 0x4a, 0x0f, 0x01,
  0x02, 0x10, 0x83, 0x7d, 0x0f, 0x0d, 0xa6, 0x41, 0x22, 0x0b, 0x02, 0x01,
  0x0e, 0x3e, 0x8c, 0x3d, 0x0c, 0x04, 0x03, 0xbd, 0x02, 0x14, 0x1e, 0x28,
  0x0e, 0x08, 0x08, 0x02, 0x01, 0x04, 0x05, 0x16, 0x0e, 0x02, 0x09, 0x07,
  0x0b, 0x20, 0x7f, 0xa1, 0x0f, 0x76, 0x58, 0x0c, 0x2a, 0x0b, 0x35, 0x26,
  0x0d, 0x04, 0x04, 0x03, 0x02, 0x09, 0x25, 0x31, 0x13, 0x18, 0x62, 0x8f,
  0x11, 0x01, 0x3e, 0x09, 0x17, 0x23, 0x05, 0x02, 0x01, 0x02, 0x0b, 0x13,
  0x24, 0x0d, 0x16, 0x18, 0x64, 0x25, 0x19, 0x2c, 0x05, 0xfe, 0xcc, 0x18,
  0x0c, 0x60, 0x85, 0x2e, 0x06, 0x04, 0x3d, 0x62, 0x33, 0x42, 0x0d, 0x17,
  0x01, 0x35, 0x04, 0x3d, 0x32, 0x0a, 0x00, 0x03, 0x00, 0x00, 0x00, 0x00,
  0x03, 0xbf, 0x03, 0xbf, 0x00, 0x4c, 0x00, 0x6c, 0x00, 0xb0, 0x00, 0x00,
  0x01, 0x06, 0x07, 0x0e, 0x01, 0x17, 0x1e, 0x01, 0x17, 0x16, 0x14, 0x23,
  0x22, 0x06, 0x07, 0x0e, 0x01, 0x07, 0x06, 0x02, 0x07, 0x06, 0x07, 0x06,
  0x07, 0x23, 0x07, 0x0e, 0x01, 0x17, 0x1e, 0x02, 0x32, 0x33, 0x32, 0x36,
  0x37, 0x36, 0x37, 0x3e, 0x01, 0x3f, 0x01, 0x3e, 0x01, 0x37, 0x3e, 0x01,
  0x14, 0x07, 0x0e, 0x01, 0x07, 0x06, 0x16, 0x17, 0x16, 0x3b, 0x01, 0x32,
  0x37, 0x36, 0x37, 0x36, 0x3f, 0x01, 0x36, 0x37, 0x36, 0x34, 0x27, 0x2e,
  0x02, 0x27, 0x22, 0x05, 0x0e, 0x01, 0x15, 0x14, 0x17, 0x1e, 0x01, 0x17,
  0x32, 0x17, 0x32, 0x16, 0x17, 0x16, 0x17, 0x1e, 0x01, 0x17, 0x16, 0x36,
  0x37, 0x36, 0x26, 0x27, 0x2e, 0x01, 0x27, 0x2e, 0x01, 0x23, 0x22, 0x01,
  0x06, 0x07, 0x0e, 0x01, 0x17, 0x1e, 0x01, 0x17, 0x16, 0x14, 0x27, 0x23,
  0x22, 0x26, 0x2f, 0x01, 0x2e, 0x03, 0x23, 0x22, 0x06, 0x07, 0x06, 0x07,
  0x06, 0x16, 0x1f, 0x01, 0x1e, 0x01, 0x17, 0x16, 0x17, 0x16, 0x33, 0x17,
  0x32, 0x14, 0x07, 0x0e, 0x01, 0x07, 0x06, 0x16, 0x17, 0x16, 0x3b, 0x01,
  0x32, 0x37, 0x36, 0x37, 0x36, 0x3f, 0x01, 0x36, 0x37, 0x36, 0x34, 0x27,
  0x2e, 0x02, 0x27, 0x22, 0x02, 0xe7, 0x0d, 0x0a, 0x08, 0x05, 0x04, 0x02,
  0x10, 0x24, 0x32, 0x58, 0x3f, 0x1d, 0x09, 0x27, 0x43, 0x16, 0x05, 0xdb,
  0x06, 0x1b, 0x32, 0x08, 0x37, 0x38, 0x06, 0x10, 0x0b, 0x06, 0x04, 0x0c,
  0x0c, 0x12, 0x28, 0x25, 0x17, 0x0a, 0x44, 0x2f, 0x0a, 0x0e, 0x6f, 0x72,
  0x0d, 0x28, 0x18, 0x09, 0xa4, 0x32, 0x24, 0x10, 0x02, 0x04, 0x05, 0x08,
  0x0d, 0x11, 0x02, 0x09, 0x05, 0x07, 0x12, 0x0d, 0x2e, 0x0c, 0x58, 0x03,
  0x05, 0x05, 0x03, 0xb0, 0x0a, 0x0c, 0x03, 0xfd, 0x59, 0x0d, 0x0f, 0x0d,
  0x06, 0x0a, 0x0d, 0x0a, 0x23, 0x2c, 0x18, 0x0e, 0x29, 0x18, 0x08, 0x0d,
  0x0c, 0x0e, 0x1b, 0x05, 0x03, 0x04, 0x0a, 0x16, 0x46, 0x2c, 0x09, 0x15,
  0x2b, 0x3d, 0x02, 0x9d, 0x0d, 0x0a, 0x08, 0x05, 0x04, 0x02, 0x10, 0x24,
  0x32, 0x53, 0x01, 0x41, 0x1a, 0x0d, 0x01, 0x14, 0x1d, 0x23, 0x0f, 0x0e,
  0x08, 0x06, 0x05, 0x15, 0x01, 0x01, 0x04, 0x06, 0x0f, 0x0e, 0x19, 0x10,
  0x20, 0x2b, 0x08, 0x0e, 0x4e, 0x59, 0x32, 0x24, 0x10, 0x02, 0x04, 0x05,
  0x08, 0x0d, 0x11, 0x02, 0x09, 0x05, 0x07, 0x12, 0x0d, 0x2e, 0x0c, 0x58,
  0x03, 0x05, 0x05, 0x03, 0xb0, 0x0a, 0x0c, 0x03, 0x03, 0xbd, 0x02, 0x0a,
  0x08, 0x18, 0x0b, 0x05, 0x12, 0x23, 0x33, 0x02, 0x01, 0x02, 0x09, 0x2b,
  0x1e, 0x07, 0xfe, 0xa5, 0x08, 0x26, 0x0c, 0x02, 0x01, 0x03, 0x08, 0x20,
  0x0f, 0x07, 0x0c, 0x05, 0x01, 0x01, 0x0c, 0x30, 0x0b, 0x12, 0xb0, 0xb4,
  0x12, 0x1b, 0x05, 0x02, 0x01, 0x02, 0x33, 0x23, 0x12, 0x05, 0x0b, 0x18,
  0x08, 0x0d, 0x03, 0x04, 0x11, 0x0d, 0x2d, 0x0d, 0x58, 0x05, 0x09, 0x16,
  0x09, 0x06, 0xaf, 0x05, 0x02, 0xa9, 0x04, 0x16, 0x0d, 0x11, 0x0d, 0x06,
  0x04, 0x01, 0x01, 0x03, 0x05, 0x10, 0x28, 0x0d, 0x0b, 0x03, 0x03, 0x11,
  0x0f, 0x0b, 0x13, 0x10, 0x24, 0x32, 0x0a, 0x02, 0x01, 0xfe, 0xb2, 0x02,
  0x0a, 0x08, 0x18, 0x0b, 0x05, 0x12, 0x23, 0x33, 0x02, 0x01, 0x02, 0x04,
  0x01, 0x06, 0x18, 0x2c, 0x0b, 0x01, 0x02, 0x0b, 0x18, 0x09, 0x0d, 0x08,
  0x13, 0x13, 0x18, 0x0a, 0x16, 0x0a, 0x02, 0x01, 0x02, 0x33, 0x23, 0x12,
  0x05, 0x0b, 0x18, 0x08, 0x0d, 0x03, 0x04, 0x11, 0x0d, 0x2d, 0x0d, 0x58,
  0x05, 0x09, 0x16, 0x09, 0x06, 0xaf, 0x05, 0x02, 0x00, 0x03, 0x00, 0x00,
  0x00, 0x00, 0x03, 0x95, 0x03, 0x6e, 0x00, 0x12, 0x00, 0x33, 0x00, 0x4a,
  0x00, 0x00, 0x13, 0x0e, 0x01, 0x0f, 0x01, 0x11, 0x17, 0x16, 0x17, 0x16,
  0x32, 0x37, 0x36, 0x3f, 0x01, 0x11, 0x27, 0x2e, 0x01, 0x05, 0x06, 0x07,
  0x06, 0x00, 0x07, 0x06, 0x07, 0x06, 0x16, 0x17, 0x16, 0x04, 0x17, 0x16,
  0x36, 0x37, 0x3e, 0x01, 0x37, 0x36, 0x37, 0x36, 0x3d, 0x02, 0x34, 0x27,
  0x2e, 0x01, 0x27, 0x2e, 0x01, 0x17, 0x16, 0x1f, 0x01, 0x11, 0x07, 0x06,
  0x23, 0x22, 0x26, 0x24, 0x26, 0x27, 0x2e, 0x01, 0x34, 0x36, 0x37, 0x3e,
  0x01, 0x24, 0x36, 0x16, 0x73, 0x09, 0x10, 0x04, 0x02, 0x02, 0x06, 0x0f,
  0x07, 0x16, 0x07, 0x0f, 0x06, 0x02, 0x02, 0x06, 0x1c, 0x02, 0x86, 0x11,
  0x11, 0x0a, 0xfe, 0x54, 0x08, 0x24, 0x08, 0x06, 0x1d, 0x1d, 0x08, 0x01,
  0xa1, 0x07, 0x1c, 0x41, 0x1b, 0x09, 0x18, 0x06, 0x0e, 0x05, 0x02, 0x02,
  0x04, 0x10, 0x0e, 0x15, 0x35, 0x05, 0x0c, 0x07, 0x03, 0x04, 0x0c, 0x19,
  0x08, 0x0d, 0xfe, 0x5a, 0x08, 0x03, 0x02, 0x02, 0x02, 0x02, 0x03, 0x08,
  0x01, 0xa5, 0x0e, 0x14, 0x03, 0x6a, 0x02, 0x0f, 0x09, 0x07, 0xfd, 0x56,
  0x07, 0x0f, 0x08, 0x03, 0x03, 0x08, 0x0f, 0x07, 0x02, 0xaa, 0x07, 0x0e,
  0x0f, 0x03, 0x02, 0x07, 0x05, 0xfe, 0xff, 0x07, 0x1c, 0x30, 0x22, 0x45,
  0x13, 0x06, 0xfa, 0x04, 0x0e, 0x03, 0x10, 0x06, 0x16, 0x08, 0x16, 0x1a,
  0x06, 0x2f, 0xdc, 0xdc, 0x2f, 0x06, 0x14, 0x1f, 0x0e, 0x15, 0x12, 0x5a,
  0x07, 0x0e, 0x07, 0xfd, 0xfa, 0x09, 0x17, 0x05, 0xfd, 0x08, 0x07, 0x04,
  0x06, 0x10, 0x06, 0x04, 0x07, 0x08, 0xfd, 0x06, 0x02, 0x00, 0x00, 0x03,
  0x00, 0x00, 0x00, 0x00, 0x03, 0x95, 0x03, 0x6d, 0x00, 0x1e, 0x00, 0x31,
  0x00, 0x49, 0x00, 0x00, 0x13, 0x0e, 0x01, 0x07, 0x06, 0x07, 0x06, 0x10,
  0x17, 0x16, 0x17, 0x1e, 0x01, 0x17, 0x1e, 0x01, 0x37, 0x36, 0x24, 0x37,
  0x3e, 0x01, 0x27, 0x2e, 0x01, 0x27, 0x26, 0x00, 0x2e, 0x02, 0x05, 0x0e,
  0x01, 0x0f, 0x01, 0x11, 0x17, 0x16, 0x17, 0x16, 0x32, 0x37, 0x36, 0x3f,
  0x01, 0x11, 0x27, 0x2e, 0x01, 0x05, 0x16, 0x04, 0x16, 0x17, 0x1e, 0x01,
  0x14, 0x06, 0x07, 0x0e, 0x01, 0x04, 0x06, 0x23, 0x22, 0x2f, 0x01, 0x11,
  0x37, 0x36, 0x37, 0x36, 0x32, 0xc0, 0x1e, 0x34, 0x0d, 0x09, 0x03, 0x01,
  0x01, 0x05, 0x0f, 0x06, 0x18, 0x09, 0x1a, 0x3b, 0x1c, 0x07, 0x01, 0xa2,
  0x0e, 0x1d, 0x1d, 0x06, 0x04, 0x19, 0x13, 0x07, 0xfe, 0x53, 0x14, 0x11,
  0x1b, 0x02, 0x99, 0x09, 0x10, 0x04, 0x02, 0x02, 0x06, 0x0f, 0x07, 0x16,
  0x07, 0x0f, 0x06, 0x02, 0x02, 0x06, 0x1c, 0xfd, 0x6e, 0x07, 0x01, 0xa6,
  0x08, 0x03, 0x02, 0x02, 0x02, 0x02, 0x03, 0x08, 0xfe, 0x5a, 0x0d, 0x08,
  0x19, 0x0c, 0x04, 0x03, 0x09, 0x11, 0x05, 0x10, 0x03, 0x6a, 0x04, 0x25,
  0x1b, 0x11, 0x12, 0x08, 0xfd, 0xf2, 0x08, 0x1a, 0x18, 0x08, 0x16, 0x06,
  0x0f, 0x05, 0x0c, 0x03, 0xfa, 0x09, 0x14, 0x45, 0x22, 0x18, 0x2a, 0x0e,
  0x05, 0x01, 0x01, 0x08, 0x04, 0x01, 0x01, 0x02, 0x0f, 0x09, 0x07, 0xfd,
  0x56, 0x07, 0x0f, 0x08, 0x03, 0x03, 0x08, 0x0f, 0x07, 0x02, 0xaa, 0x07,
  0x0e, 0x0f, 0x58, 0x03, 0xfd, 0x08, 0x07, 0x04, 0x06, 0x10, 0x06, 0x04,
  0x07, 0x08, 0xfd, 0x05, 0x17, 0x09, 0x02, 0x06, 0x07, 0x12, 0x05, 0x02,
  0x00, 0x02, 0x00, 0x00, 0x00, 0x00, 0x03, 0xbf, 0x03, 0x95, 0x01, 0x01,
  0x01, 0x08, 0x00, 0x00, 0x01, 0x06, 0x07, 0x06, 0x1d, 0x01, 0x17, 0x1e,
  0x01, 0x23, 0x2e, 0x01, 0x23, 0x0e, 0x01, 0x07, 0x06, 0x14, 0x1e, 0x02,
  0x1f, 0x02, 0x07, 0x23, 0x27, 0x2e, 0x02, 0x23, 0x22, 0x06, 0x07, 0x06,
  0x07, 0x06, 0x16, 0x17, 0x16, 0x14, 0x23, 0x22, 0x06, 0x07, 0x0e, 0x01,
  0x17, 0x1e, 0x03, 0x33, 0x32, 0x14, 0x07, 0x0e, 0x01, 0x17, 0x1e, 0x02,
  0x32, 0x3e, 0x01, 0x3f, 0x01, 0x33, 0x17, 0x0f, 0x01, 0x0e, 0x03, 0x14,
  0x1e, 0x01, 0x17, 0x16, 0x37, 0x36, 0x06, 0x0f, 0x01, 0x15, 0x14, 0x1e,
  0x01, 0x17, 0x16, 0x36, 0x37, 0x36, 0x3f, 0x01, 0x17, 0x1e, 0x01, 0x17,
  0x16, 0x36, 0x37, 0x36, 0x26, 0x2f, 0x01, 0x37, 0x33, 0x17, 0x07, 0x0e,
  0x01, 0x17, 0x1e, 0x01, 0x17, 0x32, 0x3e, 0x01, 0x3f, 0x01, 0x17, 0x1e,
  0x01, 0x17, 0x16, 0x36, 0x37, 0x36, 0x3d, 0x01, 0x27, 0x2e, 0x01, 0x17,
  0x16, 0x37, 0x3e, 0x02, 0x34, 0x2e, 0x02, 0x2f, 0x02, 0x37, 0x33, 0x17,
  0x1e, 0x02, 0x32, 0x3e, 0x01, 0x37, 0x36, 0x26, 0x27, 0x26, 0x34, 0x33,
  0x32, 0x36, 0x37, 0x36, 0x34, 0x27, 0x2e, 0x02, 0x23, 0x22, 0x34, 0x36,
  0x37, 0x36, 0x26, 0x27, 0x2e, 0x01, 0x23, 0x22, 0x0e, 0x01, 0x0f, 0x01,
  0x23, 0x27, 0x3f, 0x01, 0x3e, 0x03, 0x34, 0x27, 0x2e, 0x01, 0x27, 0x22,
  0x06, 0x07, 0x22, 0x36, 0x3f, 0x01, 0x35, 0x34, 0x27, 0x26, 0x27, 0x26,
  0x22, 0x07, 0x0e, 0x01, 0x0f, 0x01, 0x27, 0x2e, 0x01, 0x27, 0x26, 0x07,
  0x06, 0x07, 0x06, 0x16, 0x17, 0x16, 0x1f, 0x01, 0x07, 0x23, 0x27, 0x37,
  0x36, 0x37, 0x3e, 0x01, 0x27, 0x26, 0x27, 0x26, 0x07, 0x0e, 0x01, 0x0f,
  0x01, 0x27, 0x2e, 0x01, 0x27, 0x2e, 0x01, 0x01, 0x17, 0x07, 0x23, 0x27,
  0x37, 0x33, 0x01, 0x17, 0x12, 0x08, 0x02, 0x13, 0x0d, 0x06, 0x02, 0x0a,
  0x19, 0x06, 0x0a, 0x12, 0x06, 0x03, 0x05, 0x0d, 0x13, 0x29, 0x32, 0x21,
  0x2a, 0x4e, 0x19, 0x1a, 0x08, 0x0e, 0x0b, 0x07, 0x06, 0x04, 0x11, 0x05,
  0x03, 0x04, 0x0a, 0x07, 0x25, 0x1b, 0x0b, 0x04, 0x10, 0x0b, 0x06, 0x04,
  0x0c, 0x0c, 0x0d, 0x18, 0x23, 0x07, 0x0a, 0x04, 0x03, 0x03, 0x0e, 0x0c,
  0x15, 0x0e, 0x09, 0x19, 0x19, 0x4e, 0x2a, 0x21, 0x32, 0x28, 0x14, 0x0d,
  0x05, 0x06, 0x0c, 0x05, 0x0f, 0x28, 0x02, 0x06, 0x0d, 0x13, 0x06, 0x0d,
  0x07, 0x0b, 0x19, 0x08, 0x05, 0x13, 0x13, 0x09, 0x08, 0x0c, 0x0a, 0x12,
  0x21, 0x04, 0x01, 0x07, 0x12, 0x17, 0x20, 0x73, 0x1f, 0x17, 0x12, 0x07,
  0x01, 0x03, 0x15, 0x0f, 0x08, 0x12, 0x0c, 0x08, 0x09, 0x13, 0x0d, 0x09,
  0x04, 0x0f, 0x29, 0x09, 0x03, 0x13, 0x0d, 0x06, 0x02, 0x28, 0x0f, 0x05,
  0x0c, 0x06, 0x05, 0x0d, 0x14, 0x28, 0x32, 0x21, 0x2a, 0x4e, 0x19, 0x19,
  0x09, 0x0e, 0x15, 0x0c, 0x0e, 0x02, 0x04, 0x04, 0x0a, 0x07, 0x23, 0x1f,
  0x10, 0x08, 0x0d, 0x0c, 0x05, 0x0b, 0x0b, 0x1b, 0x25, 0x0e, 0x03, 0x06,
  0x0c, 0x0f, 0x04, 0x06, 0x07, 0x0b, 0x0e, 0x09, 0x19, 0x19, 0x4e, 0x2a,
  0x21, 0x32, 0x29, 0x13, 0x0d, 0x05, 0x03, 0x06, 0x12, 0x0a, 0x06, 0x19,
  0x0a, 0x02, 0x06, 0x0d, 0x13, 0x03, 0x06, 0x0e, 0x06, 0x16, 0x07, 0x09,
  0x0b, 0x10, 0x13, 0x09, 0x07, 0x0a, 0x08, 0x16, 0x14, 0x0d, 0x04, 0x02,
  0x02, 0x05, 0x04, 0x0e, 0x17, 0x1f, 0x73, 0x20, 0x17, 0x0e, 0x04, 0x05,
  0x02, 0x02, 0x04, 0x0d, 0x14, 0x16, 0x08, 0x0a, 0x07, 0x09, 0x13, 0x10,
  0x0b, 0x09, 0x06, 0x14, 0x01, 0x27, 0x15, 0x29, 0x73, 0x2a, 0x2a, 0x73,
  0x03, 0x93, 0x07, 0x11, 0x05, 0x0b, 0x0b, 0x28, 0x19, 0x0e, 0x03, 0x03,
  0x01, 0x0c, 0x0a, 0x06, 0x16, 0x0c, 0x0e, 0x06, 0x07, 0x09, 0x43, 0x54,
  0x22, 0x22, 0x09, 0x06, 0x01, 0x02, 0x09, 0x10, 0x0c, 0x13, 0x0d, 0x09,
  0x02, 0x01, 0x02, 0x08, 0x20, 0x0f, 0x07, 0x0c, 0x04, 0x01, 0x02, 0x09,
  0x0d, 0x13, 0x0c, 0x09, 0x0e, 0x05, 0x06, 0x09, 0x22, 0x22, 0x54, 0x43,
  0x09, 0x07, 0x06, 0x0e, 0x0c, 0x16, 0x0c, 0x0b, 0x03, 0x07, 0x09, 0x01,
  0x0e, 0x1a, 0x27, 0x0b, 0x0b, 0x0e, 0x0b, 0x03, 0x04, 0x06, 0x08, 0x04,
  0x27, 0x26, 0x11, 0x10, 0x0d, 0x03, 0x07, 0x13, 0x14, 0x09, 0x15, 0x24,
  0x2d, 0x3f, 0x3f, 0x2d, 0x24, 0x15, 0x09, 0x0f, 0x13, 0x01, 0x06, 0x0d,
  0x10, 0x11, 0x27, 0x19, 0x0f, 0x04, 0x0e, 0x09, 0x12, 0x07, 0x0b, 0x0b,
  0x27, 0x1a, 0x0e, 0x01, 0x09, 0x07, 0x03, 0x0b, 0x0c, 0x16, 0x0c, 0x0e,
  0x06, 0x07, 0x09, 0x43, 0x54, 0x22, 0x22, 0x09, 0x06, 0x05, 0x0e, 0x09,
  0x0c, 0x13, 0x0d, 0x09, 0x02, 0x03, 0x08, 0x0d, 0x22, 0x0c, 0x05, 0x06,
  0x01, 0x02, 0x12, 0x06, 0x0f, 0x1f, 0x08, 0x02, 0x01, 0x06, 0x09, 0x22,
  0x22, 0x54, 0x43, 0x09, 0x07, 0x06, 0x0e, 0x0c, 0x16, 0x06, 0x0a, 0x0c,
  0x01, 0x03, 0x03, 0x0e, 0x19, 0x28, 0x0b, 0x0b, 0x07, 0x0c, 0x08, 0x03,
  0x03, 0x04, 0x10, 0x1f, 0x27, 0x10, 0x0f, 0x0c, 0x04, 0x0b, 0x0e, 0x08,
  0x10, 0x07, 0x0c, 0x0c, 0x0a, 0x1c, 0x2d, 0x3f, 0x3f, 0x2d, 0x1c, 0x0a,
  0x0c, 0x0c, 0x07, 0x10, 0x08, 0x0e, 0x0b, 0x04, 0x0c, 0x0f, 0x10, 0x27,
  0x1f, 0x10, 0x04, 0x02, 0x01, 0xfe, 0x8a, 0x2a, 0x54, 0x54, 0x54, 0x00,
  0x00, 0x05, 0x00, 0x00, 0x00, 0x00, 0x03, 0xc8, 0x03, 0xc0, 0x00, 0x4e,
  0x00, 0x82, 0x00, 0xb2, 0x00, 0xca, 0x00, 0xd8, 0x00, 0x00, 0x01, 0x06,
  0x07, 0x06, 0x07, 0x0e, 0x02, 0x07, 0x31, 0x06, 0x07, 0x06, 0x0f, 0x01,
  0x06, 0x07, 0x0e, 0x02, 0x16, 0x17, 0x1e, 0x01, 0x17, 0x16, 0x1f, 0x01,
  0x16, 0x17, 0x16, 0x17, 0x31, 0x16, 0x17, 0x16, 0x1f, 0x01, 0x16, 0x17,
  0x16, 0x17, 0x16, 0x32, 0x37, 0x36, 0x37, 0x3e, 0x01, 0x37, 0x3e, 0x01,
  0x37, 0x3e, 0x01, 0x37, 0x36, 0x37, 0x36, 0x27, 0x2e, 0x01, 0x27, 0x26,
  0x2f, 0x01, 0x26, 0x27, 0x26, 0x27, 0x26, 0x27, 0x2e, 0x01, 0x27, 0x26,
  0x27, 0x2e, 0x01, 0x05, 0x0e, 0x01, 0x07, 0x0e, 0x01, 0x1d, 0x01, 0x23,
  0x0e, 0x01, 0x07, 0x0e, 0x01, 0x17, 0x16, 0x17, 0x1e, 0x01, 0x17, 0x33,
  0x15, 0x1e, 0x01, 0x17, 0x16, 0x17, 0x16, 0x36, 0x37, 0x3e, 0x01, 0x37,
  0x35, 0x33, 0x32, 0x3e, 0x02, 0x27, 0x2e, 0x03, 0x27, 0x23, 0x35, 0x34,
  0x26, 0x27, 0x2e, 0x01, 0x05, 0x1e, 0x01, 0x17, 0x1e, 0x01, 0x17, 0x1e,
  0x01, 0x17, 0x1e, 0x01, 0x06, 0x07, 0x0e, 0x01, 0x07, 0x06, 0x0f, 0x01,
  0x06, 0x22, 0x27, 0x2e, 0x01, 0x27, 0x2e, 0x01, 0x27, 0x26, 0x27, 0x26,
  0x2f, 0x01, 0x26, 0x36, 0x3f, 0x01, 0x36, 0x37, 0x3e, 0x01, 0x37, 0x3e,
  0x01, 0x37, 0x36, 0x32, 0x01, 0x0e, 0x01, 0x07, 0x06, 0x14, 0x16, 0x17,
  0x16, 0x37, 0x3e, 0x01, 0x37, 0x3e, 0x01, 0x37, 0x34, 0x26, 0x27, 0x2e,
  0x01, 0x27, 0x2e, 0x01, 0x17, 0x1e, 0x01, 0x07, 0x0e, 0x01, 0x27, 0x26,
  0x27, 0x26, 0x36, 0x37, 0x3e, 0x01, 0x01, 0xe9, 0x14, 0x13, 0x15, 0x08,
  0x02, 0x2d, 0x06, 0x05, 0x05, 0x06, 0x08, 0x1a, 0x5c, 0x78, 0x07, 0x11,
  0x1d, 0x0d, 0x04, 0x0a, 0x07, 0x19, 0x0d, 0x07, 0x77, 0x5c, 0x1b, 0x09,
  0x06, 0x05, 0x04, 0x03, 0x03, 0x05, 0x11, 0x17, 0x02, 0x0b, 0x1f, 0x13,
  0x24, 0x13, 0x1f, 0x0b, 0x02, 0x2d, 0x02, 0x02, 0x0e, 0x08, 0x05, 0xee,
  0x06, 0x21, 0x0f, 0x13, 0x13, 0x07, 0x1a, 0x0f, 0x07, 0x78, 0x58, 0x1b,
  0x09, 0x07, 0x04, 0x08, 0x03, 0x02, 0x2d, 0x02, 0x0a, 0x21, 0x0a, 0x19,
  0x01, 0x46, 0x09, 0x11, 0x05, 0x03, 0x02, 0x1a, 0x13, 0x09, 0x05, 0x13,
  0x07, 0x0e, 0x06, 0x07, 0x06, 0x09, 0x12, 0x19, 0x01, 0x01, 0x02, 0x04,
  0x06, 0x0f, 0x2a, 0x09, 0x02, 0x01, 0x01, 0x15, 0x17, 0x13, 0x11, 0x05,
  0x06, 0x03, 0x0b, 0x0b, 0x09, 0x13, 0x1a, 0x01, 0x02, 0x06, 0x18, 0xfe,
  0xc0, 0x11, 0x08, 0x04, 0x09, 0x25, 0x16, 0x09, 0x29, 0x5a, 0x70, 0x01,
  0xe6, 0x08, 0x1c, 0x2f, 0x0a, 0x03, 0x04, 0x17, 0x12, 0x02, 0x15, 0x11,
  0x08, 0x04, 0x07, 0x1d, 0x0f, 0x0a, 0x09, 0x0c, 0x1d, 0x5c, 0x76, 0x02,
  0x72, 0x6c, 0x12, 0x0a, 0x15, 0x27, 0x09, 0x04, 0x08, 0x11, 0x15, 0x02,
  0xfe, 0x98, 0x16, 0x26, 0x0e, 0x19, 0x31, 0x29, 0x2e, 0x2c, 0x17, 0x22,
  0x08, 0x02, 0x01, 0x01, 0x03, 0x06, 0x0b, 0x2d, 0x1c, 0x0b, 0x23, 0x20,
  0x12, 0x0a, 0x0c, 0x09, 0x18, 0x0c, 0x12, 0x09, 0x03, 0x01, 0x03, 0x07,
  0x20, 0x03, 0xbe, 0x03, 0x0d, 0x0f, 0x1a, 0x06, 0xef, 0x0d, 0x05, 0x06,
  0x02, 0x03, 0x06, 0x11, 0x17, 0x02, 0x05, 0x1c, 0x23, 0x25, 0x11, 0x0c,
  0x14, 0x04, 0x02, 0x17, 0x12, 0x05, 0x03, 0x03, 0x05, 0x06, 0x06, 0x09,
  0x1b, 0x59, 0x78, 0x06, 0x21, 0x0f, 0x0a, 0x0a, 0x0f, 0x21, 0x06, 0xee,
  0x04, 0x08, 0x0e, 0x03, 0x02, 0x2d, 0x02, 0x0b, 0x1f, 0x25, 0x25, 0x0f,
  0x16, 0x05, 0x02, 0x17, 0x11, 0x05, 0x03, 0x02, 0x04, 0x08, 0x09, 0x05,
  0xee, 0x06, 0x21, 0x10, 0x05, 0x04, 0x02, 0x01, 0x0c, 0x08, 0x06, 0x11,
  0x11, 0x15, 0x01, 0x01, 0x02, 0x09, 0x2a, 0x0f, 0x06, 0x04, 0x02, 0x01,
  0x01, 0x19, 0x12, 0x09, 0x06, 0x07, 0x06, 0x0e, 0x07, 0x13, 0x06, 0x08,
  0x13, 0x1a, 0x05, 0x11, 0x1c, 0x0b, 0x06, 0x0a, 0x05, 0x01, 0x01, 0x19,
  0x11, 0x0a, 0x04, 0x0f, 0x0e, 0xc8, 0x5a, 0x2a, 0x09, 0x16, 0x25, 0x09,
  0x04, 0x08, 0x11, 0x15, 0x02, 0x2b, 0x02, 0x07, 0x2c, 0x1c, 0x07, 0x18,
  0x75, 0x62, 0x6f, 0x5b, 0x29, 0x09, 0x11, 0x21, 0x09, 0x07, 0x03, 0x03,
  0x06, 0x12, 0x16, 0x02, 0x15, 0x15, 0x04, 0x04, 0x08, 0x26, 0x16, 0x09,
  0x29, 0x5b, 0x6f, 0xfd, 0xba, 0x05, 0x18, 0x12, 0x22, 0x53, 0x42, 0x0c,
  0x0d, 0x15, 0x0b, 0x29, 0x1a, 0x08, 0x0a, 0x0f, 0x12, 0x10, 0x0f, 0x1a,
  0x27, 0x08, 0x02, 0x01, 0x57, 0x08, 0x27, 0x0f, 0x0b, 0x08, 0x04, 0x05,
  0x13, 0x07, 0x13, 0x07, 0x10, 0x0b, 0x00, 0x06, 0x00, 0x00, 0x00, 0x00,
  0x03, 0x6c, 0x03, 0xbf, 0x00, 0x1c, 0x00, 0x38, 0x00, 0x46, 0x00, 0x64,
  0x00, 0x75, 0x00, 0x83, 0x00, 0x00, 0x13, 0x0e, 0x01, 0x07, 0x06, 0x10,
  0x17, 0x1e, 0x01, 0x17, 0x16, 0x17, 0x3b, 0x01, 0x36, 0x37, 0x3e, 0x01,
  0x37, 0x36, 0x10, 0x27, 0x2e, 0x01, 0x27, 0x26, 0x27, 0x26, 0x20, 0x05,
  0x16, 0x17, 0x16, 0x15, 0x19, 0x01, 0x14, 0x0e, 0x01, 0x0f, 0x01, 0x21,
  0x27, 0x2e, 0x02, 0x35, 0x19, 0x01, 0x34, 0x37, 0x3e, 0x01, 0x37, 0x36,
  0x21, 0x0d, 0x01, 0x06, 0x07, 0x06, 0x14, 0x16, 0x17, 0x1e, 0x01, 0x36,
  0x34, 0x26, 0x27, 0x22, 0x07, 0x06, 0x07, 0x0e, 0x01, 0x07, 0x06, 0x07,
  0x06, 0x14, 0x17, 0x1e, 0x01, 0x17, 0x1e, 0x01, 0x3e, 0x01, 0x37, 0x36,
  0x35, 0x34, 0x26, 0x27, 0x26, 0x27, 0x26, 0x27, 0x2e, 0x01, 0x17, 0x16,
  0x17, 0x16, 0x06, 0x07, 0x06, 0x22, 0x27, 0x2e, 0x01, 0x37, 0x3e, 0x01,
  0x37, 0x36, 0x16, 0x07, 0x06, 0x07, 0x06, 0x16, 0x17, 0x16, 0x33, 0x32,
  0x37, 0x36, 0x37, 0x36, 0x26, 0xee, 0x2a, 0x3e, 0x07, 0x02, 0x02, 0x07,
  0x35, 0x26, 0x08, 0x28, 0xe3, 0xe3, 0x28, 0x08, 0x26, 0x35, 0x07, 0x02,
  0x02, 0x04, 0x1c, 0x16, 0x1a, 0x21, 0x0d, 0xfe, 0x10, 0x02, 0x05, 0x0f,
  0x06, 0x02, 0x05, 0x0c, 0x06, 0x07, 0xfd, 0xf6, 0x07, 0x06, 0x0c, 0x05,
  0x02, 0x04, 0x10, 0x09, 0x06, 0x01, 0x01, 0x01, 0x02, 0xfe, 0xf0, 0x12,
  0x09, 0x03, 0x05, 0x07, 0x0b, 0x23, 0x19, 0x18, 0x10, 0x0a, 0x07, 0x34,
  0x2b, 0x13, 0x25, 0x0b, 0x17, 0x06, 0x02, 0x02, 0x07, 0x33, 0x28, 0x23,
  0x56, 0x53, 0x44, 0x14, 0x18, 0x06, 0x07, 0x0e, 0x20, 0x31, 0x44, 0x08,
  0x21, 0x28, 0x2b, 0x1a, 0x1c, 0x07, 0x20, 0x24, 0x6a, 0x24, 0x17, 0x11,
  0x08, 0x09, 0x38, 0x26, 0x07, 0x23, 0x1f, 0x0d, 0x0a, 0x0f, 0x08, 0x13,
  0x07, 0x0b, 0x12, 0x0c, 0x09, 0x02, 0x04, 0x1e, 0x03, 0xbd, 0x03, 0x3a,
  0x2a, 0x0c, 0xfd, 0x54, 0x0c, 0x26, 0x38, 0x08, 0x01, 0x01, 0x01, 0x01,
  0x08, 0x38, 0x26, 0x0c, 0x02, 0xac, 0x0c, 0x1a, 0x2b, 0x0e, 0x12, 0x02,
  0x02, 0x58, 0x08, 0x0f, 0x05, 0x2c, 0xfe, 0xd5, 0xfe, 0xd5, 0x2c, 0x0c,
  0x0d, 0x03, 0x03, 0x03, 0x03, 0x0d, 0x0c, 0x2c, 0x01, 0x2b, 0x01, 0x2b,
  0x2c, 0x05, 0x09, 0x0f, 0x02, 0x01, 0x01, 0x54, 0x06, 0x10, 0x06, 0x16,
  0x0c, 0x07, 0x0b, 0x02, 0x19, 0x22, 0x17, 0x01, 0xa7, 0x04, 0x1a, 0x0c,
  0x25, 0x13, 0x25, 0x2b, 0x0a, 0x26, 0x0a, 0x2f, 0x4e, 0x18, 0x16, 0x0c,
  0x16, 0x37, 0x26, 0x2d, 0x34, 0x14, 0x20, 0x13, 0x29, 0x20, 0x33, 0x0a,
  0x01, 0x02, 0x57, 0x0d, 0x22, 0x25, 0x5b, 0x21, 0x26, 0x26, 0x17, 0x3f,
  0x20, 0x24, 0x32, 0x06, 0x02, 0x02, 0x53, 0x02, 0x0a, 0x0f, 0x2a, 0x09,
  0x03, 0x0c, 0x09, 0x0d, 0x15, 0x1e, 0x00, 0x02, 0x00, 0x00, 0x00, 0x00,
  0x03, 0x94, 0x03, 0x95, 0x00, 0x21, 0x00, 0x37, 0x00, 0x00, 0x13, 0x0e,
  0x01, 0x07, 0x06, 0x15, 0x03, 0x13, 0x14, 0x17, 0x1e, 0x01, 0x17, 0x16,
  0x33, 0x05, 0x25, 0x32, 0x37, 0x3e, 0x01, 0x37, 0x36, 0x35, 0x13, 0x03,
  0x34, 0x27, 0x2e, 0x01, 0x2f, 0x01, 0x21, 0x20, 0x05, 0x16, 0x1f, 0x01,
  0x11, 0x07, 0x06, 0x07, 0x06, 0x20, 0x27, 0x26, 0x2f, 0x01, 0x11, 0x37,
  0x3e, 0x01, 0x37, 0x32, 0x29, 0x01, 0xba, 0x24, 0x35, 0x0a, 0x02, 0x01,
  0x01, 0x02, 0x0a, 0x2f, 0x23, 0x06, 0x2d, 0x01, 0x0e, 0x01, 0x0e, 0x2d,
  0x06, 0x23, 0x2f, 0x0a, 0x02, 0x01, 0x01, 0x02, 0x09, 0x2f, 0x22, 0x0a,
  0xfe, 0xcb, 0xfe, 0xca, 0x02, 0x66, 0x0f, 0x07, 0x03, 0x03, 0x0a, 0x15,
  0x07, 0xfd, 0xb8, 0x07, 0x15, 0x0a, 0x03, 0x03, 0x05, 0x11, 0x0a, 0x06,
  0x01, 0x28, 0x01, 0x29, 0x03, 0x92, 0x06, 0x32, 0x25, 0x06, 0x2d, 0xfe,
  0xf2, 0xfe, 0xf2, 0x2d, 0x06, 0x23, 0x2f, 0x0a, 0x02, 0x01, 0x01, 0x02,
  0x0a, 0x2f, 0x23, 0x06, 0x2d, 0x01, 0x0e, 0x01, 0x0e, 0x2d, 0x06, 0x23,
  0x2f, 0x0a, 0x03, 0x56, 0x07, 0x0f, 0x07, 0xfd, 0xa6, 0x07, 0x14, 0x04,
  0x02, 0x02, 0x04, 0x14, 0x07, 0x02, 0x5a, 0x07, 0x0a, 0x0d, 0x02, 0x00,
  0x00, 0x02, 0x00, 0x00, 0x00, 0x00, 0x03, 0xbf, 0x03, 0xbf, 0x00, 0x5e,
  0x00, 0x9d, 0x00, 0x00, 0x01, 0x06, 0x07, 0x0e, 0x01, 0x07, 0x0e, 0x04,
  0x07, 0x06, 0x07, 0x0e, 0x02, 0x16, 0x17, 0x16, 0x1f, 0x01, 0x16, 0x17,
  0x16, 0x17, 0x16, 0x17, 0x15, 0x14, 0x06, 0x07, 0x06, 0x15, 0x14, 0x17,
  0x16, 0x17, 0x16, 0x37, 0x31, 0x36, 0x3f, 0x01, 0x3e, 0x01, 0x33, 0x37,
  0x32, 0x16, 0x1f, 0x01, 0x16, 0x17, 0x31, 0x16, 0x37, 0x36, 0x37, 0x36,
  0x35, 0x34, 0x27, 0x2e, 0x01, 0x3d, 0x01, 0x36, 0x37, 0x36, 0x37, 0x36,
  0x3f, 0x01, 0x36, 0x37, 0x36, 0x34, 0x27, 0x2e, 0x01, 0x27, 0x2e, 0x04,
  0x27, 0x2e, 0x01, 0x27, 0x26, 0x2f, 0x01, 0x22, 0x17, 0x1e, 0x02, 0x17,
  0x16, 0x17, 0x1e, 0x01, 0x17, 0x31, 0x32, 0x0f, 0x02, 0x06, 0x07, 0x06,
  0x07, 0x06, 0x1d, 0x01, 0x17, 0x16, 0x06, 0x2f, 0x01, 0x26, 0x27, 0x26,
  0x27, 0x26, 0x2b, 0x01, 0x22, 0x07, 0x06, 0x07, 0x06, 0x0f, 0x01, 0x06,
  0x26, 0x3f, 0x01, 0x35, 0x34, 0x27, 0x26, 0x27, 0x26, 0x2f, 0x01, 0x26,
  0x3e, 0x01, 0x37, 0x3e, 0x01, 0x37, 0x3e, 0x01, 0x32, 0x01, 0xeb, 0x14,
  0x10, 0x06, 0x07, 0x0c, 0x3e, 0x1b, 0x0c, 0x0d, 0xda, 0x08, 0x10, 0x0d,
  0x08, 0x08, 0x05, 0x06, 0x07, 0x03, 0x53, 0x08, 0x2d, 0x0d, 0x11, 0x04,
  0x03, 0x01, 0x06, 0x0d, 0x12, 0x13, 0x0e, 0x12, 0x0d, 0x0d, 0x07, 0x0d,
  0x77, 0x3a, 0x16, 0x06, 0x03, 0x0a, 0x10, 0x5a, 0x60, 0x0d, 0x07, 0x0d,
  0x0d, 0x13, 0x0d, 0x13, 0x12, 0x0d, 0x06, 0x01, 0x03, 0x04, 0x11, 0x0c,
  0x2d, 0x09, 0x52, 0x05, 0x0a, 0x0a, 0x06, 0x16, 0x0c, 0x06, 0xda, 0x0d,
  0x0c, 0x1a, 0x3e, 0x0d, 0x07, 0x06, 0x10, 0x12, 0x09, 0x03, 0x2a, 0x29,
  0x0a, 0x1a, 0x08, 0x12, 0x14, 0x0a, 0xae, 0x02, 0x01, 0x03, 0x15, 0x3c,
  0x32, 0x05, 0x0f, 0x08, 0x02, 0x0f, 0x10, 0x01, 0x38, 0x04, 0x45, 0x13,
  0x1b, 0x0d, 0x0a, 0x12, 0x02, 0x12, 0x0a, 0x0d, 0x1b, 0x13, 0x45, 0x04,
  0x38, 0x01, 0x10, 0x0f, 0x02, 0x08, 0x0f, 0x05, 0x31, 0x49, 0x0c, 0x02,
  0xb0, 0x09, 0x1a, 0x2a, 0x0e, 0x04, 0x4d, 0x02, 0x03, 0xbd, 0x02, 0x10,
  0x06, 0x0c, 0x19, 0x7d, 0x34, 0x0b, 0x05, 0x20, 0x02, 0x04, 0x0d, 0x08,
  0x0e, 0x16, 0x19, 0x0b, 0x06, 0x50, 0x07, 0x2d, 0x0c, 0x12, 0x07, 0x06,
  0x09, 0x01, 0x07, 0x2a, 0x47, 0x6f, 0x06, 0x19, 0x14, 0x0d, 0x04, 0x03,
  0x03, 0x02, 0x06, 0x3e, 0x1f, 0x0a, 0x01, 0x06, 0x30, 0x32, 0x06, 0x02,
  0x03, 0x03, 0x04, 0x0d, 0x14, 0x19, 0x07, 0x6d, 0x47, 0x2a, 0x07, 0x02,
  0x09, 0x05, 0x08, 0x11, 0x0c, 0x2c, 0x09, 0x50, 0x07, 0x10, 0x25, 0x10,
  0x0a, 0x0f, 0x03, 0x01, 0x20, 0x05, 0x0b, 0x32, 0x7e, 0x19, 0x0d, 0x06,
  0x10, 0x02, 0x01, 0xbf, 0x52, 0x10, 0x19, 0x06, 0x0a, 0x05, 0x03, 0x19,
  0x01, 0x03, 0x16, 0x3a, 0x31, 0x07, 0x15, 0x1c, 0x08, 0x15, 0x14, 0x58,
  0x58, 0x01, 0x1e, 0x02, 0x24, 0x0a, 0x0d, 0x03, 0x03, 0x03, 0x03, 0x0d,
  0x0a, 0x24, 0x02, 0x1e, 0x01, 0x58, 0x58, 0x15, 0x14, 0x08, 0x1c, 0x15,
  0x07, 0x30, 0x47, 0x0c, 0x02, 0x19, 0x03, 0x06, 0x20, 0x17, 0x08, 0x9d,
  0x00, 0x0a, 0x00, 0x00, 0x00, 0x00, 0x03, 0xbf, 0x03, 0xc0, 0x00, 0x18,
  0x00, 0x2c, 0x00, 0x40, 0x00, 0x5a, 0x00, 0x6e, 0x00, 0x85, 0x00, 0x9c,
  0x00, 0xb0, 0x00, 0xc3, 0x00, 0xdc, 0x00, 0x00, 0x01, 0x06, 0x07, 0x0e,
  0x01, 0x07, 0x1c, 0x01, 0x15, 0x1e, 0x01, 0x17, 0x16, 0x32, 0x37, 0x3e,
  0x01, 0x37, 0x34, 0x3d, 0x01, 0x34, 0x27, 0x2e, 0x01, 0x05, 0x0e, 0x01,
  0x17, 0x1e, 0x01, 0x17, 0x16, 0x17, 0x16, 0x36, 0x37, 0x36, 0x27, 0x26,
  0x27, 0x2e, 0x03, 0x05, 0x0e, 0x02, 0x07, 0x06, 0x16, 0x17, 0x16, 0x37,
  0x36, 0x37, 0x3e, 0x01, 0x37, 0x36, 0x26, 0x27, 0x2e, 0x01, 0x05, 0x06,
  0x07, 0x0e, 0x01, 0x07, 0x06, 0x14, 0x17, 0x1e, 0x01, 0x17, 0x1e, 0x01,
  0x32, 0x36, 0x37, 0x3e, 0x01, 0x37, 0x36, 0x34, 0x27, 0x2e, 0x02, 0x07,
  0x1e, 0x01, 0x17, 0x1e, 0x01, 0x07, 0x0e, 0x01, 0x07, 0x06, 0x2e, 0x01,
  0x27, 0x26, 0x37, 0x3e, 0x01, 0x37, 0x36, 0x05, 0x0e, 0x01, 0x15, 0x14,
  0x17, 0x1e, 0x01, 0x17, 0x3a, 0x01, 0x33, 0x3e, 0x01, 0x37, 0x36, 0x34,
  0x27, 0x26, 0x2f, 0x01, 0x23, 0x22, 0x05, 0x0e, 0x01, 0x15, 0x14, 0x17,
  0x1e, 0x01, 0x17, 0x3a, 0x01, 0x33, 0x3e, 0x01, 0x37, 0x36, 0x34, 0x27,
  0x26, 0x2f, 0x01, 0x23, 0x22, 0x05, 0x0e, 0x01, 0x07, 0x0e, 0x01, 0x07,
  0x06, 0x1e, 0x01, 0x37, 0x3e, 0x01, 0x37, 0x36, 0x37, 0x36, 0x27, 0x2e,
  0x01, 0x05, 0x0e, 0x01, 0x17, 0x16, 0x17, 0x1e, 0x01, 0x17, 0x16, 0x3e,
  0x01, 0x27, 0x2e, 0x01, 0x27, 0x26, 0x27, 0x26, 0x07, 0x06, 0x07, 0x0e,
  0x01, 0x07, 0x1c, 0x01, 0x15, 0x1e, 0x01, 0x17, 0x16, 0x32, 0x37, 0x3e,
  0x01, 0x37, 0x34, 0x3d, 0x01, 0x34, 0x27, 0x2e, 0x01, 0x01, 0xed, 0x0d,
  0x0a, 0x06, 0x04, 0x01, 0x01, 0x04, 0x06, 0x0d, 0x22, 0x0d, 0x06, 0x04,
  0x01, 0x02, 0x05, 0x1a, 0xfe, 0xc8, 0x0f, 0x12, 0x01, 0x01, 0x0c, 0x1c,
  0x22, 0x05, 0x13, 0x26, 0x04, 0x03, 0x07, 0x02, 0x22, 0x16, 0x0f, 0x0a,
  0x11, 0x02, 0x48, 0x05, 0x0b, 0x43, 0x03, 0x0a, 0x13, 0x15, 0x0d, 0x0e,
  0x05, 0x22, 0x15, 0x0e, 0x02, 0x08, 0x0d, 0x10, 0x05, 0x10, 0xfe, 0xd0,
  0x29, 0x24, 0x2f, 0x3b, 0x09, 0x02, 0x02, 0x0a, 0x49, 0x36, 0x12, 0x1e,
  0x2a, 0x1e, 0x12, 0x37, 0x4a, 0x08, 0x02, 0x02, 0x09, 0x3b, 0x5e, 0x19,
  0x1d, 0x31, 0x0d, 0x0a, 0x06, 0x03, 0x06, 0x36, 0x27, 0x22, 0x40, 0x2c,
  0x05, 0x03, 0x03, 0x06, 0x39, 0x28, 0x13, 0xfe, 0x53, 0x0d, 0x0f, 0x0d,
  0x06, 0x0a, 0x0d, 0x09, 0x40, 0x09, 0x0d, 0x0a, 0x06, 0x0d, 0x0c, 0x05,
  0x07, 0x06, 0x34, 0x34, 0x02, 0xea, 0x0d, 0x0f, 0x0d, 0x06, 0x0a, 0x0d,
  0x09, 0x40, 0x09, 0x0d, 0x0a, 0x06, 0x0d, 0x0c, 0x05, 0x07, 0x06, 0x34,
  0x34, 0xfd, 0xc8, 0x07, 0x0b, 0x21, 0x16, 0x0d, 0x02, 0x08, 0x0e, 0x20,
  0x11, 0x05, 0x0f, 0x16, 0x22, 0x02, 0x07, 0x03, 0x03, 0x1c, 0x01, 0xc7,
  0x14, 0x14, 0x0a, 0x02, 0x22, 0x16, 0x0f, 0x05, 0x11, 0x20, 0x0e, 0x08,
  0x02, 0x0d, 0x13, 0x1e, 0x07, 0x0e, 0xfe, 0x0d, 0x0a, 0x06, 0x04, 0x01,
  0x01, 0x04, 0x06, 0x0d, 0x22, 0x0d, 0x06, 0x04, 0x01, 0x02, 0x05, 0x1a,
  0x03, 0xbd, 0x02, 0x0a, 0x06, 0x0a, 0x0d, 0x09, 0x40, 0x09, 0x0d, 0x0a,
  0x06, 0x0d, 0x0d, 0x06, 0x0a, 0x0d, 0x09, 0x20, 0x2b, 0x09, 0x04, 0x0e,
  0x0f, 0x7d, 0x03, 0x19, 0x0f, 0x0b, 0x11, 0x1d, 0x22, 0x02, 0x0a, 0x13,
  0x15, 0x0e, 0x0d, 0x05, 0x22, 0x15, 0x0e, 0x05, 0x01, 0x01, 0x01, 0x06,
  0x43, 0x05, 0x14, 0x25, 0x04, 0x03, 0x07, 0x02, 0x22, 0x16, 0x0f, 0x05,
  0x10, 0x20, 0x08, 0x02, 0x01, 0x81, 0x02, 0x12, 0x17, 0x50, 0x34, 0x0b,
  0x2a, 0x0b, 0x3a, 0x57, 0x13, 0x07, 0x05, 0x05, 0x07, 0x13, 0x5b, 0x3a,
  0x0b, 0x26, 0x0b, 0x33, 0x51, 0x2f, 0x58, 0x04, 0x23, 0x1a, 0x14, 0x26,
  0x13, 0x27, 0x38, 0x08, 0x07, 0x17, 0x35, 0x22, 0x13, 0x13, 0x28, 0x3a,
  0x06, 0x03, 0x57, 0x04, 0x16, 0x0d, 0x11, 0x0d, 0x06, 0x04, 0x01, 0x01,
  0x04, 0x06, 0x0d, 0x22, 0x0c, 0x05, 0x04, 0x03, 0x02, 0x04, 0x16, 0x0d,
  0x11, 0x0d, 0x06, 0x04, 0x01, 0x01, 0x04, 0x06, 0x0d, 0x22, 0x0c, 0x05,
  0x04, 0x03, 0xec, 0x01, 0x07, 0x21, 0x15, 0x0f, 0x05, 0x11, 0x20, 0x0e,
  0x08, 0x02, 0x0e, 0x15, 0x22, 0x05, 0x0d, 0x0e, 0x12, 0x12, 0x02, 0x03,
  0x26, 0x14, 0x05, 0x22, 0x15, 0x0e, 0x02, 0x08, 0x0e, 0x20, 0x11, 0x05,
  0x0e, 0x13, 0x1e, 0x06, 0x0a, 0x64, 0x02, 0x0a, 0x06, 0x0a, 0x0d, 0x09,
  0x40, 0x09, 0x0d, 0x0a, 0x06, 0x0d, 0x0d, 0x06, 0x0a, 0x0d, 0x09, 0x20,
  0x2b, 0x09, 0x04, 0x0e, 0x0f, 0x00, 0x00, 0x02, 0x00, 0x00, 0x00, 0x00,
  0x02, 0xc8, 0x03, 0xbf, 0x00, 0x29, 0x00, 0x52, 0x00, 0x00, 0x01, 0x0e,
  0x01, 0x0f, 0x01, 0x06, 0x07, 0x06, 0x07, 0x11, 0x07, 0x06, 0x07, 0x06,
  0x17, 0x16, 0x17, 0x16, 0x17, 0x16, 0x36, 0x37, 0x36, 0x37, 0x36, 0x26,
  0x27, 0x2e, 0x01, 0x2f, 0x01, 0x11, 0x26, 0x27, 0x26, 0x2f, 0x01, 0x2e,
  0x01, 0x2f, 0x01, 0x22, 0x17, 0x1e, 0x02, 0x15, 0x11, 0x16, 0x17, 0x16,
  0x1f, 0x01, 0x16, 0x17, 0x16, 0x17, 0x16, 0x0e, 0x02, 0x27, 0x2e, 0x01,
  0x27, 0x2e, 0x01, 0x37, 0x36, 0x3f, 0x01, 0x36, 0x37, 0x36, 0x35, 0x13,
  0x34, 0x37, 0x3e, 0x01, 0x37, 0x36, 0x16, 0x01, 0xe8, 0x24, 0x3a, 0x0c,
  0x01, 0x03, 0x01, 0x01, 0x01, 0x08, 0x2d, 0x14, 0x15, 0x16, 0x0e, 0x23,
  0x37, 0x4c, 0x2c, 0x54, 0x21, 0x37, 0x09, 0x03, 0x16, 0x16, 0x06, 0x15,
  0x07, 0x08, 0x01, 0x01, 0x01, 0x03, 0x01, 0x0b, 0x3a, 0x22, 0x0c, 0x03,
  0x13, 0x06, 0x0b, 0x05, 0x01, 0x01, 0x01, 0x04, 0x02, 0x04, 0x0d, 0x17,
  0x0c, 0x19, 0x05, 0x31, 0x4b, 0x27, 0x18, 0x27, 0x0a, 0x07, 0x05, 0x03,
  0x09, 0x2d, 0x0d, 0x09, 0x03, 0x02, 0x01, 0x02, 0x04, 0x10, 0x09, 0x07,
  0x10, 0x03, 0xbd, 0x03, 0x2e, 0x23, 0x02, 0x09, 0x0b, 0x0e, 0x2b, 0xfe,
  0x86, 0x06, 0x24, 0x3c, 0x40, 0x42, 0x2d, 0x23, 0x37, 0x07, 0x04, 0x1e,
  0x20, 0x35, 0x4f, 0x23, 0x4e, 0x1e, 0x08, 0x15, 0x06, 0x06, 0x01, 0x7a,
  0x2b, 0x0e, 0x0b, 0x09, 0x02, 0x22, 0x2f, 0x03, 0x01, 0x58, 0x03, 0x0c,
  0x0c, 0x1e, 0xfe, 0x88, 0x27, 0x0c, 0x08, 0x05, 0x03, 0x06, 0x09, 0x0f,
  0x12, 0x25, 0x53, 0x3d, 0x16, 0x0d, 0x08, 0x24, 0x16, 0x10, 0x27, 0x11,
  0x36, 0x1e, 0x09, 0x07, 0x0d, 0x05, 0x20, 0x01, 0x89, 0x1e, 0x05, 0x09,
  0x0f, 0x02, 0x01, 0x02, 0x00, 0x03, 0x00, 0x00, 0x00, 0x00, 0x03, 0xbf,
  0x03, 0xbf, 0x00, 0x3e, 0x00, 0x67, 0x00, 0x75, 0x00, 0x00, 0x01, 0x06,
  0x07, 0x0e, 0x01, 0x07, 0x06, 0x02, 0x07, 0x06, 0x17, 0x1e, 0x01, 0x17,
  0x16, 0x3b, 0x01, 0x16, 0x07, 0x0e, 0x01, 0x07, 0x06, 0x16, 0x17, 0x1e,
  0x01, 0x17, 0x16, 0x33, 0x32, 0x36, 0x37, 0x3e, 0x01, 0x3f, 0x01, 0x36,
  0x37, 0x36, 0x3f, 0x02, 0x3e, 0x01, 0x37, 0x33, 0x3e, 0x01, 0x3f, 0x01,
  0x36, 0x37, 0x36, 0x35, 0x11, 0x27, 0x26, 0x27, 0x26, 0x27, 0x22, 0x24,
  0x01, 0x15, 0x07, 0x06, 0x07, 0x0e, 0x01, 0x07, 0x0e, 0x01, 0x23, 0x2e,
  0x01, 0x27, 0x2e, 0x01, 0x37, 0x36, 0x3f, 0x01, 0x36, 0x34, 0x27, 0x26,
  0x2f, 0x01, 0x25, 0x27, 0x2e, 0x02, 0x35, 0x34, 0x36, 0x3f, 0x01, 0x36,
  0x37, 0x36, 0x37, 0x21, 0x17, 0x16, 0x1f, 0x01, 0x11, 0x07, 0x06, 0x07,
  0x0e, 0x01, 0x2b, 0x01, 0x11, 0x17, 0x01, 0x08, 0x30, 0x22, 0x0b, 0x0f,
  0x06, 0x0c, 0x56, 0x02, 0x02, 0x01, 0x03, 0x39, 0x2c, 0x0a, 0x65, 0x55,
  0x0f, 0x01, 0x02, 0x1c, 0x01, 0x02, 0x01, 0x02, 0x0c, 0x49, 0x33, 0x0d,
  0x0e, 0x0a, 0x06, 0x06, 0x08, 0x09, 0x4a, 0x3a, 0x0f, 0x06, 0x05, 0x07,
  0x08, 0x49, 0x38, 0x17, 0x0c, 0x01, 0x1a, 0x2a, 0x0a, 0x01, 0x03, 0x01,
  0x02, 0x03, 0x09, 0x16, 0x20, 0x31, 0x09, 0xfd, 0xd1, 0x01, 0x87, 0x09,
  0x15, 0x0f, 0x06, 0x1a, 0x2d, 0x30, 0x15, 0x02, 0x0a, 0x17, 0x08, 0x0b,
  0x09, 0x02, 0x01, 0x15, 0x11, 0x05, 0x03, 0x07, 0x0f, 0x07, 0xfe, 0xf8,
  0x06, 0x05, 0x0c, 0x06, 0x0c, 0x23, 0x33, 0x07, 0x14, 0x04, 0x1f, 0x01,
  0x75, 0xb8, 0x0e, 0x07, 0x03, 0x03, 0x08, 0x0f, 0x05, 0x0f, 0x20, 0x2e,
  0x5d, 0x03, 0xbe, 0x03, 0x22, 0x0b, 0x1a, 0x12, 0x28, 0xfe, 0xd4, 0x07,
  0x0b, 0x0e, 0x2c, 0x41, 0x08, 0x02, 0x01, 0x01, 0x06, 0x77, 0x07, 0x0b,
  0x28, 0x0b, 0x34, 0x48, 0x0a, 0x03, 0x01, 0x03, 0x04, 0x0b, 0x94, 0x72,
  0x1e, 0x08, 0x06, 0x03, 0x04, 0x01, 0x01, 0x01, 0x04, 0x09, 0x28, 0x1b,
  0x02, 0x0a, 0x09, 0x0c, 0x23, 0x01, 0x46, 0x0c, 0x21, 0x17, 0x22, 0x05,
  0x01, 0xfe, 0xd6, 0xd6, 0x05, 0x0c, 0x13, 0x07, 0x31, 0x5a, 0x60, 0x28,
  0x04, 0x10, 0x0a, 0x0d, 0x23, 0x11, 0x09, 0x58, 0x45, 0x16, 0x0e, 0x07,
  0x0f, 0x06, 0x04, 0x01, 0x03, 0x03, 0x0b, 0x0c, 0x0b, 0x09, 0x2c, 0x78,
  0xac, 0x16, 0x07, 0x01, 0x01, 0x04, 0x07, 0x0e, 0x07, 0xfe, 0x9e, 0x07,
  0x0f, 0x06, 0x01, 0x01, 0x01, 0xa0, 0x01, 0x00, 0x00, 0x03, 0x00, 0x00,
  0x00, 0x00, 0x03, 0xb7, 0x03, 0xbf, 0x00, 0x41, 0x00, 0x6c, 0x00, 0x7c,
  0x00, 0x00, 0x01, 0x22, 0x0e, 0x01, 0x0f, 0x01, 0x06, 0x07, 0x06, 0x0f,
  0x02, 0x06, 0x07, 0x0e, 0x01, 0x0f, 0x01, 0x06, 0x07, 0x06, 0x15, 0x11,
  0x17, 0x1e, 0x03, 0x1f, 0x01, 0x21, 0x20, 0x37, 0x3e, 0x01, 0x37, 0x36,
  0x12, 0x37, 0x36, 0x34, 0x27, 0x26, 0x27, 0x2e, 0x01, 0x27, 0x2e, 0x01,
  0x2b, 0x01, 0x26, 0x37, 0x3e, 0x01, 0x37, 0x36, 0x26, 0x27, 0x2e, 0x01,
  0x27, 0x26, 0x27, 0x2e, 0x01, 0x17, 0x1e, 0x03, 0x07, 0x06, 0x0f, 0x01,
  0x06, 0x14, 0x17, 0x16, 0x17, 0x16, 0x17, 0x33, 0x17, 0x16, 0x17, 0x16,
  0x15, 0x14, 0x06, 0x07, 0x06, 0x07, 0x06, 0x0f, 0x01, 0x05, 0x11, 0x37,
  0x3e, 0x01, 0x37, 0x36, 0x37, 0x36, 0x3f, 0x01, 0x17, 0x16, 0x01, 0x15,
  0x23, 0x22, 0x2e, 0x01, 0x2f, 0x01, 0x11, 0x37, 0x3e, 0x01, 0x37, 0x36,
  0x37, 0x33, 0x01, 0xed, 0x06, 0x0d, 0x09, 0x4a, 0x3a, 0x0f, 0x06, 0x05,
  0x07, 0x08, 0x48, 0x48, 0x06, 0x21, 0x30, 0x0c, 0x01, 0x03, 0x01, 0x02,
  0x03, 0x05, 0x10, 0x1a, 0x1b, 0x12, 0x0c, 0x01, 0x29, 0x01, 0x29, 0x08,
  0x21, 0x32, 0x0b, 0x02, 0x62, 0x03, 0x03, 0x03, 0x0c, 0x22, 0x08, 0x1a,
  0x09, 0x0b, 0x29, 0x4a, 0x53, 0x0e, 0x01, 0x02, 0x1c, 0x01, 0x02, 0x01,
  0x02, 0x09, 0x2f, 0x23, 0x0e, 0x0b, 0x0f, 0x20, 0x25, 0x0a, 0x15, 0x0b,
  0x05, 0x02, 0x01, 0x15, 0x11, 0x05, 0x03, 0x08, 0x11, 0x04, 0x84, 0x84,
  0x06, 0x0d, 0x07, 0x03, 0x0d, 0x24, 0x32, 0x02, 0x06, 0x0e, 0x07, 0xfe,
  0x6b, 0x04, 0x05, 0x12, 0x06, 0x09, 0x05, 0x08, 0x10, 0x77, 0x05, 0x05,
  0xfe, 0xe4, 0x2d, 0x24, 0x12, 0x11, 0x06, 0x02, 0x03, 0x03, 0x0d, 0x07,
  0x04, 0x08, 0x56, 0x03, 0xbd, 0x08, 0x09, 0x94, 0x73, 0x1e, 0x08, 0x06,
  0x03, 0x04, 0x01, 0x01, 0x01, 0x08, 0x29, 0x1f, 0x02, 0x0a, 0x09, 0x0c,
  0x23, 0xfe, 0xba, 0x0c, 0x12, 0x1b, 0x1a, 0x10, 0x05, 0x03, 0x02, 0x06,
  0x29, 0x1d, 0x06, 0x01, 0x4e, 0x0e, 0x08, 0x25, 0x09, 0x2d, 0x1a, 0x06,
  0x0d, 0x02, 0x04, 0x01, 0x01, 0x01, 0x06, 0x77, 0x07, 0x0b, 0x28, 0x0b,
  0x27, 0x3d, 0x12, 0x07, 0x04, 0x04, 0x05, 0x5f, 0x06, 0x14, 0x16, 0x1c,
  0x0c, 0x09, 0x58, 0x45, 0x16, 0x0e, 0x07, 0x10, 0x07, 0x02, 0x01, 0x03,
  0x07, 0x0d, 0x06, 0x0b, 0x09, 0x2e, 0x7d, 0xa8, 0x05, 0x0d, 0x06, 0x03,
  0x01, 0x01, 0xac, 0x02, 0x02, 0x0d, 0x05, 0x08, 0x09, 0x0b, 0x1f, 0xed,
  0x02, 0x02, 0xfd, 0xea, 0xd0, 0x02, 0x0c, 0x0c, 0x06, 0x01, 0x62, 0x07,
  0x06, 0x0c, 0x03, 0x01, 0x01, 0x00, 0x00, 0x02, 0x00, 0x00, 0x00, 0x00,
  0x03, 0xbf, 0x03, 0xc0, 0x00, 0x3c, 0x00, 0x53, 0x00, 0x00, 0x01, 0x0e,
  0x02, 0x17, 0x16, 0x1f, 0x01, 0x23, 0x22, 0x07, 0x0e, 0x01, 0x07, 0x06,
  0x07, 0x11, 0x17, 0x1e, 0x03, 0x1f, 0x01, 0x21, 0x37, 0x3e, 0x03, 0x3f,
  0x01, 0x11, 0x26, 0x27, 0x2e, 0x01, 0x27, 0x26, 0x2b, 0x01, 0x37, 0x36,
  0x37, 0x3e, 0x01, 0x27, 0x2e, 0x01, 0x2b, 0x01, 0x22, 0x07, 0x06, 0x0f,
  0x01, 0x27, 0x2e, 0x01, 0x27, 0x26, 0x01, 0x16, 0x1f, 0x01, 0x11, 0x07,
  0x06, 0x07, 0x06, 0x20, 0x27, 0x26, 0x2f, 0x01, 0x11, 0x37, 0x3e, 0x02,
  0x37, 0x29, 0x01, 0x32, 0x01, 0x1c, 0x0d, 0x12, 0x04, 0x06, 0x03, 0x47,
  0x46, 0x77, 0x78, 0x0a, 0x27, 0x3a, 0x09, 0x01, 0x01, 0x03, 0x05, 0x10,
  0x1a, 0x1b, 0x12, 0x0c, 0x02, 0xbe, 0x0c, 0x12, 0x1b, 0x1a, 0x10, 0x05,
  0x03, 0x01, 0x01, 0x09, 0x3a, 0x27, 0x0a, 0x78, 0x77, 0x46, 0x46, 0x03,
  0x05, 0x02, 0x04, 0x04, 0x14, 0x0f, 0x02, 0x08, 0x06, 0x07, 0x12, 0xa7,
  0x5d, 0x3c, 0x23, 0x04, 0x0b, 0x02, 0x27, 0x0f, 0x08, 0x03, 0x02, 0x09,
  0x12, 0x06, 0xfd, 0x5a, 0x06, 0x12, 0x09, 0x02, 0x03, 0x03, 0x0d, 0x0b,
  0x2d, 0x01, 0x2b, 0x01, 0x2b, 0x2c, 0x03, 0xbd, 0x02, 0x14, 0x1b, 0x0c,
  0x04, 0x47, 0x47, 0x01, 0x06, 0x36, 0x27, 0x08, 0x26, 0xfe, 0x39, 0x0c,
  0x12, 0x1b, 0x1a, 0x10, 0x05, 0x03, 0x03, 0x05, 0x10, 0x1a, 0x1b, 0x12,
  0x0c, 0x01, 0xc7, 0x26, 0x08, 0x27, 0x36, 0x06, 0x01, 0x46, 0x47, 0x04,
  0x07, 0x15, 0x08, 0x0b, 0x10, 0x03, 0x05, 0x11, 0xa6, 0x5d, 0x3b, 0x22,
  0x02, 0x04, 0xfe, 0xd9, 0x06, 0x0f, 0x07, 0xfe, 0x21, 0x06, 0x13, 0x05,
  0x02, 0x02, 0x05, 0x13, 0x06, 0x01, 0xdf, 0x07, 0x06, 0x0c, 0x04, 0x01,
  0x00, 0x05, 0x00, 0x00, 0x00, 0x00, 0x03, 0xbf, 0x03, 0x95, 0x00, 0x20,
  0x00, 0x44, 0x00, 0x5c, 0x00, 0x96, 0x00, 0xb7, 0x00, 0x00, 0x01, 0x0e,
  0x01, 0x07, 0x06, 0x15, 0x14, 0x16, 0x17, 0x1e, 0x01, 0x17, 0x1e, 0x01,
  0x33, 0x32, 0x36, 0x37, 0x3e, 0x01, 0x37, 0x36, 0x37, 0x36, 0x34, 0x27,
  0x2e, 0x01, 0x27, 0x26, 0x27, 0x2e, 0x01, 0x05, 0x0e, 0x02, 0x1e, 0x01,
  0x17, 0x1e, 0x01, 0x17, 0x1e, 0x01, 0x0e, 0x01, 0x07, 0x0e, 0x01, 0x07,
  0x06, 0x14, 0x17, 0x16, 0x17, 0x16, 0x36, 0x37, 0x3e, 0x01, 0x37, 0x36,
  0x37, 0x36, 0x27, 0x26, 0x27, 0x26, 0x05, 0x1e, 0x02, 0x06, 0x07, 0x0e,
  0x01, 0x07, 0x0e, 0x01, 0x22, 0x26, 0x27, 0x2e, 0x01, 0x27, 0x26, 0x3e,
  0x01, 0x37, 0x3e, 0x01, 0x17, 0x03, 0x06, 0x07, 0x06, 0x07, 0x0e, 0x01,
  0x1d, 0x01, 0x17, 0x16, 0x17, 0x16, 0x36, 0x3f, 0x02, 0x3e, 0x01, 0x37,
  0x3e, 0x01, 0x37, 0x3e, 0x01, 0x32, 0x16, 0x17, 0x1e, 0x01, 0x17, 0x1e,
  0x01, 0x1f, 0x02, 0x1e, 0x01, 0x37, 0x36, 0x3f, 0x01, 0x35, 0x34, 0x26,
  0x27, 0x26, 0x27, 0x2e, 0x01, 0x2f, 0x01, 0x26, 0x27, 0x26, 0x23, 0x27,
  0x22, 0x05, 0x0e, 0x01, 0x17, 0x16, 0x17, 0x16, 0x17, 0x1e, 0x01, 0x17,
  0x16, 0x17, 0x1e, 0x01, 0x1f, 0x02, 0x1e, 0x01, 0x37, 0x36, 0x3f, 0x02,
  0x34, 0x26, 0x27, 0x2e, 0x01, 0x27, 0x2e, 0x01, 0x01, 0x5a, 0x3a, 0x58,
  0x14, 0x0d, 0x06, 0x07, 0x0b, 0x2d, 0x1d, 0x1a, 0x35, 0x1f, 0x10, 0x14,
  0x0f, 0x2b, 0x48, 0x15, 0x0e, 0x05, 0x02, 0x02, 0x07, 0x34, 0x29, 0x1f,
  0x27, 0x0b, 0x2b, 0x01, 0x2b, 0x0a, 0x10, 0x06, 0x06, 0x10, 0x10, 0x12,
  0x16, 0x0b, 0x18, 0x11, 0x0f, 0x2d, 0x21, 0x0e, 0x0d, 0x05, 0x04, 0x04,
  0x06, 0x0e, 0x09, 0x12, 0x0f, 0x19, 0x25, 0x12, 0x38, 0x05, 0x07, 0x39,
  0x23, 0x38, 0x18, 0xfe, 0xea, 0x1d, 0x36, 0x1d, 0x03, 0x13, 0x0b, 0x20,
  0x11, 0x0e, 0x0d, 0x22, 0x0d, 0x0e, 0x1c, 0x29, 0x08, 0x08, 0x12, 0x2f,
  0x21, 0x06, 0x17, 0x04, 0x9c, 0x45, 0x31, 0x27, 0x0f, 0x05, 0x02, 0x03,
  0x04, 0x06, 0x0f, 0x2a, 0x09, 0x03, 0x01, 0x01, 0x02, 0x04, 0x0a, 0x2f,
  0x1d, 0x0b, 0x37, 0xb6, 0x37, 0x0b, 0x1e, 0x30, 0x09, 0x04, 0x01, 0x01,
  0x01, 0x03, 0x09, 0x2a, 0x0f, 0x06, 0x04, 0x03, 0x02, 0x05, 0x06, 0x0b,
  0x13, 0x43, 0x28, 0x03, 0x0c, 0x09, 0x0b, 0x1d, 0x73, 0x93, 0x02, 0x26,
  0x11, 0x12, 0x05, 0x04, 0x0b, 0x05, 0x0f, 0x12, 0x16, 0x0c, 0x18, 0x08,
  0x02, 0x01, 0x01, 0x01, 0x03, 0x09, 0x2a, 0x0f, 0x06, 0x04, 0x03, 0x01,
  0x04, 0x07, 0x0a, 0x29, 0x1a, 0x16, 0x37, 0x03, 0x92, 0x08, 0x48, 0x35,
  0x23, 0x26, 0x14, 0x20, 0x13, 0x21, 0x37, 0x12, 0x10, 0x0e, 0x02, 0x03,
  0x0b, 0x3a, 0x29, 0x1c, 0x23, 0x0a, 0x26, 0x0a, 0x2f, 0x4e, 0x19, 0x13,
  0x07, 0x02, 0x01, 0x06, 0x03, 0x0e, 0x18, 0x16, 0x0e, 0x06, 0x06, 0x0d,
  0x0c, 0x18, 0x3e, 0x3e, 0x30, 0x0b, 0x05, 0x0a, 0x0a, 0x07, 0x14, 0x07,
  0x0e, 0x07, 0x04, 0x01, 0x05, 0x08, 0x17, 0x13, 0x38, 0x4c, 0x55, 0x43,
  0x2a, 0x13, 0x08, 0x52, 0x02, 0x25, 0x39, 0x45, 0x1b, 0x11, 0x19, 0x07,
  0x04, 0x03, 0x03, 0x04, 0x0a, 0x2f, 0x1d, 0x21, 0x40, 0x2e, 0x09, 0x02,
  0x03, 0x01, 0xfe, 0x5d, 0x0a, 0x31, 0x27, 0x37, 0x11, 0x1d, 0x2c, 0x37,
  0x08, 0x07, 0x06, 0x0e, 0x07, 0x13, 0x07, 0x39, 0x2c, 0x16, 0x0e, 0x1b,
  0x2b, 0x08, 0x03, 0x02, 0x02, 0x03, 0x08, 0x2d, 0x1d, 0x0c, 0x16, 0x2a,
  0x39, 0x07, 0x13, 0x07, 0x0e, 0x06, 0x07, 0x08, 0x37, 0x2c, 0x1d, 0x11,
  0x17, 0x15, 0x25, 0x37, 0x0b, 0x01, 0x04, 0x01, 0x01, 0x01, 0x06, 0x04,
  0x1f, 0x11, 0x0e, 0x08, 0x03, 0x06, 0x06, 0x0d, 0x0d, 0x19, 0x1f, 0x08,
  0x13, 0x29, 0x39, 0x07, 0x13, 0x07, 0x0e, 0x06, 0x07, 0x08, 0x2e, 0x2e,
  0x2d, 0x14, 0x1e, 0x38, 0x13, 0x10, 0x13, 0x00, 0x00, 0x03, 0x00, 0x00,
  0x00, 0x00, 0x03, 0xbf, 0x03, 0x18, 0x00, 0x35, 0x00, 0x4b, 0x00, 0x52,
  0x00, 0x00, 0x13, 0x0e, 0x01, 0x07, 0x06, 0x10, 0x17, 0x16, 0x17, 0x1e,
  0x01, 0x1f, 0x01, 0x21, 0x37, 0x3e, 0x01, 0x37, 0x3e, 0x01, 0x3d, 0x01,
  0x17, 0x16, 0x17, 0x16, 0x37, 0x3e, 0x01, 0x37, 0x36, 0x37, 0x3d, 0x01,
  0x26, 0x27, 0x2e, 0x01, 0x07, 0x0e, 0x01, 0x0f, 0x01, 0x35, 0x34, 0x27,
  0x2e, 0x01, 0x27, 0x26, 0x2b, 0x02, 0x06, 0x05, 0x16, 0x1f, 0x01, 0x11,
  0x07, 0x0e, 0x03, 0x20, 0x2e, 0x02, 0x2f, 0x01, 0x11, 0x37, 0x3e, 0x02,
  0x20, 0x05, 0x15, 0x27, 0x35, 0x37, 0x36, 0x32, 0x8d, 0x28, 0x35, 0x05,
  0x02, 0x02, 0x02, 0x0a, 0x0b, 0x29, 0x1a, 0x0b, 0x01, 0xce, 0x0b, 0x1a,
  0x29, 0x0b, 0x08, 0x06, 0x4e, 0x4f, 0x07, 0x18, 0x16, 0x0d, 0x14, 0x04,
  0x01, 0x01, 0x01, 0x01, 0x06, 0x28, 0x17, 0x09, 0x0f, 0x4d, 0x4d, 0x02,
  0x05, 0x36, 0x28, 0x08, 0x21, 0xc1, 0xbf, 0x22, 0x01, 0xb9, 0x16, 0x09,
  0x03, 0x03, 0x03, 0x0a, 0x0a, 0x0f, 0xfe, 0x60, 0x0f, 0x0a, 0x0a, 0x03,
  0x03, 0x03, 0x04, 0x10, 0x11, 0x01, 0xa0, 0x01, 0x25, 0xa6, 0x52, 0x52,
  0x02, 0x03, 0x15, 0x09, 0x3b, 0x29, 0x0b, 0xfe, 0xae, 0x0b, 0x16, 0x14,
  0x17, 0x22, 0x08, 0x04, 0x04, 0x08, 0x22, 0x17, 0x11, 0x1f, 0x1d, 0x19,
  0x34, 0x35, 0x02, 0x09, 0x09, 0x05, 0x16, 0x0d, 0x05, 0x1b, 0x9c, 0x9b,
  0x1b, 0x06, 0x16, 0x1a, 0x04, 0x01, 0x07, 0x2d, 0x2d, 0x11, 0x11, 0x0b,
  0x29, 0x3c, 0x08, 0x02, 0x01, 0x53, 0x03, 0x14, 0x07, 0xfe, 0x9e, 0x07,
  0x06, 0x0b, 0x05, 0x03, 0x03, 0x05, 0x0b, 0x06, 0x07, 0x01, 0x62, 0x07,
  0x09, 0x0d, 0x03, 0xcf, 0x84, 0x6e, 0x3b, 0x30, 0x30, 0x00, 0x00, 0x04,
  0x00, 0x00, 0x00, 0x00, 0x03, 0xc9, 0x03, 0x6c, 0x00, 0x30, 0x00, 0x52,
  0x00, 0x68, 0x00, 0x88, 0x00, 0x00, 0x01, 0x06, 0x07, 0x0e, 0x01, 0x07,
  0x0e, 0x01, 0x07, 0x22, 0x06, 0x07, 0x0e, 0x01, 0x07, 0x06, 0x07, 0x1d,
  0x01, 0x16, 0x17, 0x1e, 0x01, 0x17, 0x16, 0x17, 0x33, 0x1e, 0x02, 0x17,
  0x1e, 0x01, 0x37, 0x3e, 0x01, 0x3f, 0x01, 0x36, 0x37, 0x36, 0x37, 0x11,
  0x26, 0x27, 0x2e, 0x01, 0x23, 0x22, 0x05, 0x0e, 0x03, 0x15, 0x16, 0x17,
  0x16, 0x17, 0x16, 0x14, 0x07, 0x06, 0x07, 0x0e, 0x01, 0x1e, 0x02, 0x37,
  0x3e, 0x01, 0x37, 0x3e, 0x01, 0x27, 0x2e, 0x01, 0x27, 0x26, 0x27, 0x2e,
  0x01, 0x01, 0x11, 0x27, 0x26, 0x27, 0x26, 0x27, 0x2e, 0x01, 0x27, 0x23,
  0x35, 0x33, 0x3e, 0x01, 0x37, 0x36, 0x37, 0x36, 0x3f, 0x01, 0x30, 0x17,
  0x0e, 0x01, 0x07, 0x14, 0x16, 0x17, 0x16, 0x17, 0x1e, 0x01, 0x14, 0x06,
  0x07, 0x06, 0x07, 0x06, 0x07, 0x06, 0x1e, 0x01, 0x37, 0x3e, 0x01, 0x37,
  0x36, 0x26, 0x27, 0x26, 0x27, 0x26, 0x22, 0x01, 0xa2, 0x0c, 0x0a, 0x06,
  0x1b, 0x34, 0x4d, 0x06, 0x3a, 0x30, 0x16, 0x0b, 0x11, 0x17, 0x05, 0x01,
  0x01, 0x01, 0x01, 0x06, 0x20, 0x15, 0x05, 0x0b, 0x32, 0x3b, 0x06, 0x97,
  0x05, 0x10, 0x25, 0x12, 0x08, 0x13, 0x04, 0x02, 0x03, 0x01, 0x01, 0x01,
  0x01, 0x01, 0x06, 0x27, 0x18, 0x08, 0x01, 0x76, 0x08, 0x0e, 0x06, 0x02,
  0x02, 0x10, 0x4c, 0x0e, 0x01, 0x01, 0x0e, 0x4c, 0x0c, 0x07, 0x05, 0x11,
  0x1c, 0x0b, 0x08, 0x21, 0x0e, 0x3a, 0x1f, 0x1f, 0x0e, 0x25, 0x1b, 0x17,
  0x0c, 0x06, 0x15, 0xfe, 0x82, 0x40, 0x40, 0x05, 0x0f, 0x10, 0x06, 0x13,
  0x2b, 0x3b, 0x3b, 0x2b, 0x13, 0x06, 0x13, 0x0e, 0x05, 0x3f, 0x3f, 0xee,
  0x0c, 0x10, 0x01, 0x04, 0x07, 0x10, 0x07, 0x04, 0x03, 0x03, 0x04, 0x07,
  0x10, 0x08, 0x02, 0x04, 0x16, 0x24, 0x0c, 0x08, 0x1a, 0x07, 0x16, 0x0d,
  0x23, 0x0e, 0x0d, 0x06, 0x10, 0x03, 0x6a, 0x02, 0x06, 0x03, 0x19, 0x34,
  0x4c, 0x01, 0x01, 0x02, 0x06, 0x08, 0x1c, 0x12, 0x06, 0x15, 0x77, 0x77,
  0x15, 0x06, 0x16, 0x1f, 0x07, 0x01, 0x01, 0x01, 0x01, 0x96, 0x03, 0x0b,
  0x02, 0x09, 0x04, 0x12, 0x09, 0x03, 0x06, 0x0c, 0x0f, 0x37, 0x01, 0xf9,
  0x37, 0x05, 0x18, 0x1f, 0x46, 0x02, 0x0c, 0x0b, 0x0e, 0x05, 0x0e, 0x11,
  0x52, 0x6d, 0x0e, 0x32, 0x0e, 0x6d, 0x52, 0x0d, 0x14, 0x16, 0x12, 0x05,
  0x06, 0x04, 0x23, 0x13, 0x51, 0xc6, 0x5e, 0x29, 0x42, 0x21, 0x1c, 0x06,
  0x02, 0x01, 0xfe, 0xce, 0xfe, 0xee, 0x40, 0x3f, 0x04, 0x0a, 0x04, 0x02,
  0x01, 0x01, 0xfa, 0x01, 0x01, 0x02, 0x05, 0x0a, 0x04, 0x3f, 0x3f, 0x6d,
  0x05, 0x13, 0x0c, 0x09, 0x0d, 0x0b, 0x18, 0x14, 0x0e, 0x14, 0x24, 0x14,
  0x0e, 0x14, 0x18, 0x0d, 0x06, 0x13, 0x1f, 0x02, 0x09, 0x07, 0x2a, 0x13,
  0x3a, 0x78, 0x34, 0x14, 0x04, 0x02, 0x00, 0x03, 0x00, 0x00, 0x00, 0x00,
  0x03, 0xc0, 0x03, 0x6c, 0x00, 0x30, 0x00, 0x46, 0x00, 0x88, 0x00, 0x00,
  0x01, 0x06, 0x07, 0x0e, 0x01, 0x07, 0x0e, 0x01, 0x07, 0x22, 0x06, 0x07,
  0x0e, 0x01, 0x07, 0x06, 0x07, 0x1d, 0x01, 0x16, 0x17, 0x1e, 0x01, 0x17,
  0x16, 0x17, 0x33, 0x1e, 0x02, 0x17, 0x1e, 0x01, 0x37, 0x3e, 0x01, 0x3f,
  0x01, 0x36, 0x37, 0x36, 0x37, 0x11, 0x26, 0x27, 0x2e, 0x01, 0x23, 0x22,
  0x03, 0x11, 0x27, 0x26, 0x27, 0x26, 0x27, 0x2e, 0x01, 0x27, 0x23, 0x35,
  0x33, 0x3e, 0x01, 0x37, 0x36, 0x37, 0x36, 0x3f, 0x01, 0x30, 0x17, 0x0e,
  0x02, 0x1d, 0x01, 0x14, 0x16, 0x17, 0x16, 0x1f, 0x01, 0x07, 0x06, 0x07,
  0x0e, 0x01, 0x1d, 0x01, 0x14, 0x17, 0x1e, 0x01, 0x37, 0x3e, 0x01, 0x3f,
  0x01, 0x17, 0x16, 0x17, 0x1e, 0x01, 0x33, 0x31, 0x16, 0x36, 0x35, 0x31,
  0x34, 0x26, 0x27, 0x26, 0x2f, 0x01, 0x37, 0x3e, 0x01, 0x37, 0x36, 0x26,
  0x27, 0x2e, 0x01, 0x2b, 0x01, 0x22, 0x06, 0x07, 0x06, 0x0f, 0x01, 0x27,
  0x2e, 0x01, 0x22, 0x01, 0xa2, 0x0c, 0x0a, 0x06, 0x1b, 0x34, 0x4d, 0x06,
  0x3a, 0x30, 0x16, 0x0b, 0x11, 0x17, 0x05, 0x01, 0x01, 0x01, 0x01, 0x06,
  0x20, 0x15, 0x05, 0x0b, 0x32, 0x3b, 0x06, 0x97, 0x05, 0x10, 0x25, 0x12,
  0x08, 0x13, 0x04, 0x02, 0x03, 0x01, 0x01, 0x01, 0x01, 0x01, 0x06, 0x27,
  0x18, 0x08, 0x05, 0x40, 0x40, 0x05, 0x0f, 0x10, 0x06, 0x13, 0x2b, 0x3b,
  0x3b, 0x2b, 0x13, 0x06, 0x13, 0x0e, 0x05, 0x3f, 0x3f, 0xec, 0x07, 0x0d,
  0x06, 0x04, 0x0b, 0x07, 0x1d, 0x38, 0x38, 0x1d, 0x07, 0x0b, 0x04, 0x03,
  0x07, 0x1f, 0x0f, 0x05, 0x12, 0x24, 0x33, 0x34, 0x1e, 0x09, 0x0c, 0x0a,
  0x0a, 0x12, 0x19, 0x05, 0x0c, 0x08, 0x20, 0x32, 0x32, 0x21, 0x12, 0x03,
  0x05, 0x05, 0x09, 0x07, 0x0c, 0x0a, 0x01, 0x0a, 0x0b, 0x0c, 0x08, 0x1e,
  0x35, 0x33, 0x32, 0x0d, 0x14, 0x03, 0x6a, 0x02, 0x06, 0x03, 0x19, 0x34,
  0x4c, 0x01, 0x01, 0x02, 0x06, 0x08, 0x1c, 0x12, 0x06, 0x15, 0x77, 0x77,
  0x15, 0x06, 0x16, 0x1f, 0x07, 0x01, 0x01, 0x01, 0x01, 0x96, 0x03, 0x0b,
  0x02, 0x09, 0x04, 0x12, 0x09, 0x03, 0x06, 0x0c, 0x0f, 0x37, 0x01, 0xf9,
  0x37, 0x05, 0x18, 0x1f, 0xfe, 0x89, 0xfe, 0xee, 0x40, 0x3f, 0x04, 0x0a,
  0x04, 0x02, 0x01, 0x01, 0xfa, 0x01, 0x01, 0x02, 0x05, 0x0a, 0x04, 0x3f,
  0x3f, 0x6e, 0x03, 0x0c, 0x0d, 0x0a, 0x02, 0x09, 0x0a, 0x0c, 0x08, 0x1c,
  0x39, 0x39, 0x1c, 0x08, 0x0c, 0x0a, 0x09, 0x02, 0x0a, 0x07, 0x0e, 0x0c,
  0x05, 0x02, 0x10, 0x24, 0x33, 0x34, 0x1e, 0x08, 0x0b, 0x06, 0x01, 0x19,
  0x11, 0x0a, 0x0b, 0x0d, 0x09, 0x20, 0x32, 0x32, 0x21, 0x14, 0x05, 0x0c,
  0x19, 0x09, 0x07, 0x05, 0x05, 0x0b, 0x08, 0x1f, 0x34, 0x32, 0x33, 0x06,
  0x00, 0x05, 0x00, 0x00, 0x00, 0x00, 0x03, 0xbf, 0x03, 0xbf, 0x00, 0x2f,
  0x00, 0x6a, 0x00, 0x6f, 0x00, 0x74, 0x00, 0x79, 0x00, 0x00, 0x01, 0x06,
  0x07, 0x06, 0x0f, 0x01, 0x06, 0x07, 0x06, 0x07, 0x06, 0x0f, 0x01, 0x06,
  0x07, 0x06, 0x07, 0x15, 0x14, 0x17, 0x16, 0x17, 0x1e, 0x01, 0x1f, 0x01,
  0x21, 0x37, 0x3e, 0x01, 0x37, 0x36, 0x37, 0x36, 0x27, 0x35, 0x34, 0x27,
  0x34, 0x2f, 0x01, 0x2e, 0x01, 0x27, 0x26, 0x24, 0x27, 0x26, 0x17, 0x16,
  0x1f, 0x01, 0x16, 0x17, 0x16, 0x1f, 0x01, 0x11, 0x07, 0x0e, 0x01, 0x07,
  0x06, 0x2b, 0x01, 0x11, 0x34, 0x27, 0x26, 0x2f, 0x01, 0x2e, 0x01, 0x27,
  0x26, 0x2b, 0x02, 0x22, 0x07, 0x0e, 0x01, 0x0f, 0x01, 0x06, 0x07, 0x06,
  0x15, 0x11, 0x23, 0x22, 0x27, 0x2e, 0x01, 0x2f, 0x01, 0x11, 0x37, 0x36,
  0x37, 0x36, 0x3f, 0x01, 0x3e, 0x01, 0x33, 0x17, 0x13, 0x15, 0x21, 0x35,
  0x21, 0x1d, 0x01, 0x21, 0x35, 0x21, 0x1d, 0x01, 0x21, 0x35, 0x21, 0x01,
  0xed, 0x0f, 0x10, 0x09, 0xb0, 0x84, 0x27, 0x0d, 0x0a, 0x08, 0x12, 0x09,
  0x01, 0x03, 0x01, 0x01, 0x01, 0x02, 0x02, 0x0a, 0x0b, 0x29, 0x1a, 0x0b,
  0x02, 0xc8, 0x0b, 0x1a, 0x29, 0x0b, 0x0a, 0x03, 0x01, 0x01, 0x02, 0x03,
  0x01, 0x07, 0x1a, 0x10, 0x0a, 0xfe, 0xa5, 0x08, 0x16, 0xa8, 0x08, 0x0d,
  0x71, 0x21, 0x0a, 0x06, 0x03, 0x04, 0x03, 0x03, 0x0a, 0x05, 0x0a, 0x1f,
  0x15, 0x02, 0x01, 0x04, 0x02, 0x07, 0x1d, 0x11, 0x07, 0x1e, 0xc0, 0xc0,
  0x1e, 0x07, 0x11, 0x1d, 0x07, 0x02, 0x04, 0x01, 0x02, 0x15, 0x1f, 0x0a,
  0x05, 0x0a, 0x03, 0x03, 0x04, 0x03, 0x06, 0x0a, 0x20, 0x83, 0xa9, 0x0c,
  0x09, 0x0a, 0xc5, 0xfe, 0x5e, 0x01, 0xa2, 0xfe, 0x5e, 0x01, 0xa2, 0xfe,
  0x5e, 0x01, 0xa2, 0x03, 0xbe, 0x01, 0x05, 0x02, 0x58, 0x42, 0x15, 0x08,
  0x06, 0x09, 0x14, 0x1a, 0x02, 0x0a, 0x0b, 0x10, 0x31, 0xb3, 0xe9, 0x0b,
  0x16, 0x14, 0x17, 0x22, 0x08, 0x04, 0x04, 0x08, 0x22, 0x17, 0x14, 0x17,
  0x0c, 0xee, 0xb9, 0x2a, 0x0e, 0x09, 0x08, 0x03, 0x13, 0x22, 0x0a, 0x07,
  0xad, 0x02, 0x07, 0xab, 0x04, 0x07, 0x38, 0x11, 0x07, 0x05, 0x06, 0x09,
  0xfe, 0x21, 0x07, 0x06, 0x0b, 0x03, 0x05, 0x01, 0x82, 0x25, 0x0c, 0x09,
  0x08, 0x03, 0x10, 0x16, 0x05, 0x02, 0x02, 0x05, 0x16, 0x10, 0x03, 0x08,
  0x09, 0x0c, 0x25, 0xfe, 0x7e, 0x05, 0x03, 0x0b, 0x06, 0x07, 0x01, 0xdf,
  0x09, 0x06, 0x05, 0x06, 0x11, 0x42, 0x54, 0x05, 0x01, 0xfe, 0xb4, 0x2a,
  0x54, 0xd1, 0x29, 0x52, 0xd0, 0x2a, 0x54, 0x00, 0x00, 0x04, 0x00, 0x00,
  0x00, 0x00, 0x03, 0xbf, 0x03, 0x42, 0x00, 0x22, 0x00, 0x3f, 0x00, 0x57,
  0x00, 0x65, 0x00, 0x00, 0x01, 0x0e, 0x01, 0x07, 0x0e, 0x01, 0x15, 0x14,
  0x16, 0x37, 0x32, 0x36, 0x37, 0x36, 0x37, 0x36, 0x24, 0x17, 0x16, 0x17,
  0x1e, 0x01, 0x33, 0x16, 0x36, 0x35, 0x34, 0x26, 0x27, 0x26, 0x27, 0x26,
  0x2f, 0x01, 0x22, 0x07, 0x0e, 0x01, 0x07, 0x0e, 0x01, 0x07, 0x06, 0x14,
  0x1e, 0x02, 0x36, 0x37, 0x3e, 0x01, 0x16, 0x17, 0x1e, 0x01, 0x3e, 0x02,
  0x34, 0x2e, 0x01, 0x27, 0x2e, 0x01, 0x07, 0x06, 0x07, 0x0e, 0x01, 0x07,
  0x06, 0x16, 0x17, 0x16, 0x37, 0x36, 0x32, 0x17, 0x16, 0x37, 0x3e, 0x01,
  0x27, 0x2e, 0x01, 0x27, 0x2e, 0x01, 0x07, 0x06, 0x07, 0x06, 0x16, 0x17,
  0x16, 0x33, 0x32, 0x37, 0x36, 0x37, 0x36, 0x26, 0x01, 0xd9, 0x71, 0xd3,
  0x56, 0x0d, 0x08, 0x19, 0x13, 0x09, 0x0c, 0x10, 0x1d, 0x19, 0x77, 0x01,
  0x1f, 0x85, 0x56, 0x4b, 0x10, 0x0c, 0x09, 0x13, 0x19, 0x08, 0x0d, 0x64,
  0x80, 0x59, 0x57, 0x1c, 0x07, 0x20, 0x44, 0x82, 0x37, 0x0f, 0x18, 0x02,
  0x05, 0x09, 0x13, 0x14, 0x10, 0x0a, 0x4a, 0xb8, 0xb4, 0x45, 0x13, 0x11,
  0x16, 0x12, 0x09, 0x09, 0x2f, 0x17, 0x41, 0x92, 0x4b, 0x27, 0x23, 0x18,
  0x30, 0x05, 0x08, 0x10, 0x13, 0x15, 0x15, 0x31, 0x82, 0x31, 0x15, 0x16,
  0x12, 0x10, 0x08, 0x05, 0x30, 0x18, 0x1f, 0x4a, 0x08, 0x0d, 0x0a, 0x0f,
  0x08, 0x13, 0x07, 0x0b, 0x12, 0x0c, 0x09, 0x02, 0x04, 0x1e, 0x03, 0x40,
  0x04, 0x53, 0x4b, 0x0b, 0x11, 0x09, 0x12, 0x18, 0x01, 0x06, 0x0d, 0x18,
  0x11, 0x50, 0x1d, 0x34, 0x23, 0x3f, 0x0d, 0x06, 0x01, 0x18, 0x12, 0x09,
  0x11, 0x0b, 0x57, 0x2a, 0x1e, 0x03, 0x01, 0xd1, 0x05, 0x33, 0x2c, 0x0c,
  0x18, 0x05, 0x09, 0x14, 0x12, 0x0c, 0x02, 0x07, 0x09, 0x45, 0x2e, 0x2c,
  0x3e, 0x10, 0x09, 0x02, 0x0c, 0x11, 0x16, 0x11, 0x29, 0x0f, 0x2b, 0x26,
  0xd7, 0x05, 0x10, 0x0b, 0x25, 0x0c, 0x12, 0x22, 0x06, 0x06, 0x13, 0x2d,
  0x2d, 0x13, 0x06, 0x06, 0x22, 0x12, 0x0c, 0x25, 0x0b, 0x0f, 0x0b, 0xd4,
  0x02, 0x0a, 0x0f, 0x2a, 0x09, 0x03, 0x0c, 0x09, 0x0c, 0x16, 0x1e, 0x00,
  0x00, 0x01, 0x00, 0x00, 0x00, 0x00, 0x03, 0x17, 0x03, 0x18, 0x00, 0x33,
  0x00, 0x00, 0x13, 0x06, 0x07, 0x06, 0x14, 0x16, 0x1f, 0x01, 0x07, 0x0e,
  0x01, 0x14, 0x1e, 0x02, 0x32, 0x36, 0x3f, 0x01, 0x17, 0x1e, 0x01, 0x32,
  0x3e, 0x02, 0x34, 0x26, 0x2f, 0x01, 0x37, 0x3e, 0x01, 0x34, 0x27, 0x26,
  0x27, 0x2e, 0x01, 0x22, 0x06, 0x07, 0x06, 0x0f, 0x01, 0x27, 0x26, 0x27,
  0x26, 0x2b, 0x01, 0x22, 0xef, 0x12, 0x09, 0x03, 0x06, 0x71, 0x71, 0x71,
  0x71, 0x06, 0x05, 0x0e, 0x0c, 0x16, 0x0c, 0x71, 0x71, 0x71, 0x71, 0x0c,
  0x16, 0x0c, 0x0e, 0x05, 0x06, 0x71, 0x71, 0x71, 0x71, 0x06, 0x03, 0x07,
  0x0d, 0x04, 0x06, 0x10, 0x06, 0x05, 0x07, 0x70, 0x70, 0xca, 0x16, 0x08,
  0x06, 0x08, 0x02, 0x0a, 0x03, 0x16, 0x06, 0x10, 0x06, 0x18, 0x0c, 0x71,
  0x71, 0x71, 0x71, 0x0c, 0x16, 0x0c, 0x0e, 0x05, 0x06, 0x71, 0x71, 0x71,
  0x71, 0x06, 0x05, 0x0e, 0x0c, 0x16, 0x0c, 0x71, 0x71, 0x71, 0x71, 0x0c,
  0x18, 0x06, 0x0c, 0x07, 0x02, 0x02, 0x02, 0x02, 0x04, 0x70, 0x70, 0xc9,
  0x15, 0x06, 0x04, 0x00, 0x00, 0x01, 0x00, 0x00, 0x00, 0x32, 0x01, 0x76,
  0x00, 0x0f, 0x00, 0x00, 0x00, 0x00, 0x00, 0x01, 0x00, 0x00, 0x00, 0x00,
  0x00, 0x00, 0x00, 0x00, 0x00, 0x00, 0x00, 0x00, 0x00, 0x00, 0x00, 0x00,
  0x00, 0x00, 0x00, 0x00, 0x00, 0xc6, 0x01, 0x80, 0x02, 0x61, 0x03, 0x3d,
  0x03, 0x72, 0x03, 0xa7, 0x04, 0x42, 0x04, 0xa6, 0x05, 0xbd, 0x06, 0x5c,
  0x06, 0xf3, 0x07, 0x93, 0x08, 0x2b, 0x08, 0xe4, 0x09, 0x80, 0x0a, 0x1e,
  0x0a, 0xba, 0x0b, 0x90, 0x0c, 0x20, 0x0c, 0xd4, 0x0d, 0x4c, 0x0e, 0x76,
  0x0f, 0x3f, 0x0f, 0x97, 0x10, 0x24, 0x10, 0xb7, 0x11, 0x60, 0x12, 0xf6,
  0x13, 0x79, 0x14, 0x7c, 0x14, 0xf5, 0x15, 0x6e, 0x16, 0xe8, 0x18, 0x2f,
  0x18, 0xfb, 0x19, 0x58, 0x1a, 0x3c, 0x1b, 0x89, 0x1c, 0x0c, 0x1c, 0xc2,
  0x1d, 0x81, 0x1e, 0x02, 0x1f, 0x1a, 0x1f, 0x99, 0x20, 0x69, 0x21, 0x32,
  0x21, 0xea, 0x22, 0x88, 0x22, 0xd8, 0x00, 0x00, 0x00, 0x01, 0x00, 0x00,
  0x00, 0x01, 0x00, 0x00, 0xc0, 0x65, 0x54, 0xf7, 0x5f, 0x0f, 0x3c, 0xf5,
  0x00, 0x0b, 0x03, 0xe8, 0x00, 0x00, 0x00, 0x00, 0xe6, 0x66, 0xfe, 0xd0,
  0x00, 0x00, 0x00, 0x00, 0xe6, 0x66, 0xfe, 0xd0, 0x00, 0x00, 0x00, 0x00,
  0x03, 0xd2, 0x03, 0xda, 0x00, 0x00, 0x00, 0x08, 0x00, 0x02, 0x00, 0x00,
  0x00, 0x00, 0x00, 0x00, 0x00, 0x00, 0x00, 0x00, 0x03, 0xe8, 0x00, 0x00,
  0x00, 0x00, 0x00, 0x00, 0x00, 0x00, 0x00, 0x00, 0x00, 0x00, 0x00, 0x00,
  0x00, 0x00, 0x00, 0x00, 0x00, 0x00, 0x00, 0x00, 0x00, 0x00, 0x00, 0x00,
  0x00, 0x00, 0x00, 0x00, 0x00, 0x00, 0x00, 0x00, 0x00, 0x00, 0x00, 0x00,
  0x00, 0x00, 0x00, 0x00, 0x00, 0x00, 0x00, 0x00, 0x00, 0x00, 0x00, 0x00,
  0x00, 0x00, 0x00, 0x00, 0x00, 0x00, 0x00, 0x00, 0x00, 0x00, 0x00, 0x00,
  0x00, 0x00, 0x00, 0x00, 0x00, 0x00, 0x00, 0x00, 0x00, 0x00, 0x00, 0x00,
  0x00, 0x00, 0x00, 0x00, 0x00, 0x00, 0x00, 0x00, 0x00, 0x00, 0x00, 0x00,
  0x00, 0x00, 0x00, 0x00, 0x00, 0x00, 0x00, 0x00, 0x00, 0x00, 0x00, 0x00,
  0x00, 0x01, 0x00, 0x00, 0x03, 0xe8, 0x00, 0x00, 0x00, 0x00, 0x03, 0xe8,
  0x00, 0x00, 0x00, 0x00, 0x03, 0xd2, 0x00, 0x01, 0x00, 0x00, 0x00, 0x00,
  0x00, 0x00, 0x00, 0x00, 0x00, 0x00, 0x00, 0x00, 0x00, 0x00, 0x00, 0x02,
  0x00, 0x04, 0x03, 0xd3, 0x01, 0x90, 0x00, 0x05, 0x00, 0x00, 0x02, 0x7a,
  0x02, 0xbc, 0x00, 0x00, 0x00, 0x8c, 0x02, 0x7a, 0x02, 0xbc, 0x00, 0x00,
  0x01, 0xe0, 0x00, 0x31, 0x01, 0x02, 0x00, 0x00, 0x02, 0x00, 0x05, 0x03,
  0x00, 0x00, 0x00, 0x00, 0x00, 0x00, 0x00, 0x00, 0x00, 0x00, 0x00, 0x00,
  0x00, 0x00, 0x00, 0x00, 0x00, 0x00, 0x00, 0x00, 0x00, 0x00, 0x50, 0x66,
  0x45, 0x64, 0x00, 0xc0, 0xe0, 0x59, 0xe5, 0x5a, 0x03, 0xe8, 0x00, 0x00,
  0x00, 0x5a, 0x04, 0x42, 0x00, 0x00, 0x00, 0x00, 0x00, 0x01, 0x00, 0x00,
  0x00, 0x00, 0x00, 0x00, 0x00, 0x00, 0x00, 0x00, 0x00, 0x00, 0x00, 0x23,
  0x00, 0x00, 0x00, 0x02, 0x00, 0x00, 0x00, 0x03, 0x00, 0x00, 0x00, 0x14,
  0x00, 0x03, 0x00, 0x01, 0x00, 0x00, 0x00, 0x14, 0x00, 0x04, 0x01, 0x66,
  0x00, 0x00, 0x00, 0x52, 0x00, 0x40, 0x00, 0x05, 0x00, 0x12, 0xe0, 0x59,
  0xe0, 0x64, 0xe0, 0x6d, 0xe0, 0x70, 0xe0, 0xb7, 0xe0, 0xd2, 0xe0, 0xf2,
  0xe0, 0xf5, 0xe0, 0xf9, 0xe1, 0x06, 0xe1, 0x0c, 0xe1, 0x18, 0xe1, 0x1e,
  0xe1, 0x22, 0xe1, 0x2e, 0xe1, 0x34, 0xe1, 0x3c, 0xe1, 0x40, 0xe1, 0x46,
  0xe1, 0x54, 0xe1, 0x58, 0xe1, 0x60, 0xe1, 0x67, 0xe1, 0x76, 0xe1, 0x78,
  0xe1, 0x86, 0xe1, 0x8a, 0xe1, 0x95, 0xe1, 0xa5, 0xe1, 0xac, 0xe1, 0xae,
  0xe1, 0xb2, 0xe1, 0xc2, 0xe3, 0x79, 0xe3, 0x7f, 0xe3, 0xc0, 0xe3, 0xd6,
  0xe3, 0xe6, 0xe4, 0x12, 0xe5, 0x5a, 0xff, 0xff, 0x00, 0x00, 0xe0, 0x59,
  0xe0, 0x64, 0xe0, 0x6d, 0xe0, 0x70, 0xe0, 0xb7, 0xe0, 0xd2, 0xe0, 0xf2,
  0xe0, 0xf5, 0xe0, 0xf9, 0xe1, 0x06, 0xe1, 0x0b, 0xe1, 0x18, 0xe1, 0x1e,
  0xe1, 0x22, 0xe1, 0x2e, 0xe1, 0x33, 0xe1, 0x3c, 0xe1, 0x40, 0xe1, 0x46,
  0xe1, 0x54, 0xe1, 0x58, 0xe1, 0x5e, 0xe1, 0x65, 0xe1, 0x76, 0xe1, 0x78,
  0xe1, 0x86, 0xe1, 0x89, 0xe1, 0x95, 0xe1, 0xa4, 0xe1, 0xab, 0xe1, 0xae,
  0xe1, 0xb2, 0xe1, 0xc2, 0xe3, 0x79, 0xe3, 0x7f, 0xe3, 0xc0, 0xe3, 0xd6,
  0xe3, 0xe6, 0xe4, 0x12, 0xe5, 0x5a, 0xff, 0xff, 0x1f, 0xa9, 0x1f, 0xa0,
  0x1f, 0x98, 0x1f, 0x96, 0x1f, 0x51, 0x1f, 0x38, 0x1f, 0x19, 0x1f, 0x17,
  0x1f, 0x14, 0x1f, 0x09, 0x00, 0x00, 0x1e, 0xfa, 0x1e, 0xf5, 0x1e, 0xf2,
  0x1e, 0xe7, 0x00, 0x00, 0x1e, 0xdc, 0x1e, 0xda, 0x1e, 0xd5, 0x1e, 0xc8,
  0x1e, 0xc5, 0x1e, 0xc0, 0x00, 0x00, 0x1e, 0xaf, 0x1e, 0xae, 0x1e, 0xa1,
  0x1e, 0x9f, 0x1e, 0x95, 0x1e, 0x87, 0x1e, 0x82, 0x1e, 0x82, 0x1e, 0x7f,
  0x1e, 0x4c, 0x1c, 0x90, 0x1c, 0x9a, 0x1c, 0x43, 0x1c, 0x31, 0x1c, 0x49,
  0x1c, 0x10, 0x1a, 0xa7, 0x00, 0x01, 0x00, 0x00, 0x00, 0x00, 0x00, 0x00,
  0x00, 0x00, 0x00, 0x00, 0x00, 0x00, 0x00, 0x00, 0x00, 0x00, 0x00, 0x00,
  0x00, 0x00, 0x00, 0x3e, 0x00, 0x00, 0x00, 0x00, 0x00, 0x00, 0x00, 0x00,
  0x00, 0x38, 0x00, 0x00, 0x00, 0x00, 0x00, 0x00, 0x00, 0x00, 0x00, 0x00,
  0x00, 0x00, 0x00, 0x2e, 0x00, 0x00, 0x00, 0x00, 0x00, 0x00, 0x00, 0x00,
  0x00, 0x00, 0x00, 0x00, 0x00, 0x00, 0x00, 0x00, 0x00, 0x00, 0x00, 0x00,
  0x00, 0x00, 0x00, 0x00, 0x00, 0x00, 0x00, 0x00, 0x00, 0x00, 0x00, 0x00,
  0x00, 0x00, 0x00, 0x00, 0x00, 0x11, 0x00, 0x10, 0x00, 0x17, 0x00, 0x16,
  0x00, 0x21, 0x00, 0x23, 0x00, 0x24, 0x00, 0x00, 0x00, 0x00, 0x00, 0x06,
  0x00, 0x4e, 0x00, 0x03, 0x00, 0x01, 0x04, 0x09, 0x00, 0x01, 0x00, 0x0c,
  0x00, 0x00, 0x00, 0x03, 0x00, 0x01, 0x04, 0x09, 0x00, 0x02, 0x00, 0x0e,
  0x00, 0x0c, 0x00, 0x03, 0x00, 0x01, 0x04, 0x09, 0x00, 0x03, 0x00, 0x0c,
  0x00, 0x00, 0x00, 0x03, 0x00, 0x01, 0x04, 0x09, 0x00, 0x04, 0x00, 0x0c,
  0x00, 0x00, 0x00, 0x03, 0x00, 0x01, 0x04, 0x09, 0x00, 0x05, 0x00, 0x16,
  0x00, 0x1a, 0x00, 0x03, 0x00, 0x01, 0x04, 0x09, 0x00, 0x06, 0x00, 0x0c,
  0x00, 0x00, 0x00, 0x6c, 0x00, 0x75, 0x00, 0x63, 0x00, 0x69, 0x00, 0x64,
  0x00, 0x65, 0x00, 0x52, 0x00, 0x65, 0x00, 0x67, 0x00, 0x75, 0x00, 0x6c,
  0x00, 0x61, 0x00, 0x72, 0x00, 0x56, 0x00, 0x65, 0x00, 0x72, 0x00, 0x73,
  0x00, 0x69, 0x00, 0x6f, 0x00, 0x6e, 0x00, 0x20, 0x00, 0x31, 0x00, 0x2e,
  0x00, 0x30, 0x00, 0x00, 0x00, 0x03, 0x00, 0x00, 0x00, 0x00, 0x00, 0x00,
  0x00, 0x0a, 0x00, 0x00, 0x00, 0x00, 0x00, 0x00, 0x00, 0x00, 0x00, 0x00,
  0x00, 0x00, 0x00, 0x00, 0x00, 0x00, 0x00, 0x00, 0x00, 0x00, 0x00, 0x00,
  0x00, 0x01, 0x00, 0x00, 0x00, 0x0a, 0x00, 0x26, 0x00, 0x28, 0x00, 0x02,
  0x44, 0x46, 0x4c, 0x54, 0x00, 0x0e, 0x6c, 0x61, 0x74, 0x6e, 0x00, 0x18,
  0x00, 0x04, 0x00, 0x00, 0x00, 0x00, 0xff, 0xff, 0x00, 0x00, 0x00, 0x00,
  0x00, 0x00, 0x00, 0x00, 0x00, 0x00, 0x00, 0x00
};
const unsigned int mmk_lucide_len = 19040;
